year,event,match,winner,loser,winnerId,loserId,round,score,outcome,status,start,end,timestamp,estimatedStartTime,sourceLastUpdated,historicalPublicationTimeKnown,sourceFile,sourceSHA256,duplicateRecords,observedIndex,observedHasStats,observedDate,observedSource,cachedPositiveDenominators,cachedValidStats
2024,1003,LS001,Iga Swiatek,Elena Rybakina,326408,324166,F,7-6(8) 6-2,completed,present,2024-02-11,2024-02-17,2024-02-17T14:46:13.463+00:00,False,2024-02-17T17:31:02.06+00:00,False,data/raw/wta/stats/_httpcache/2024/5e9192cb152581dbfcce0f0cb26970c58f2068d00a1be90db8e1f2e401d631ff.json,f76ee4d0637c5f0d24c506606d3ca9c6a1ccfb1e2c3ee266d49f4e541ba4d94e,1,132698.0,True,2024-02-12,historical,False,False
2024,1003,LS003,Elena Rybakina,Anastasia Pavlyuchenkova,324166,313796,SF,6-2 6-4,completed,present,2024-02-11,2024-02-17,2024-02-16T13:50:41.033+00:00,False,2024-02-16T15:38:22.69+00:00,False,data/raw/wta/stats/_httpcache/2024/5e9192cb152581dbfcce0f0cb26970c58f2068d00a1be90db8e1f2e401d631ff.json,f76ee4d0637c5f0d24c506606d3ca9c6a1ccfb1e2c3ee266d49f4e541ba4d94e,1,132696.0,True,2024-02-12,historical,False,False
2024,1003,LS004,Iga Swiatek,Victoria Azarenka,326408,312001,QF,6-4 6-0,completed,present,2024-02-11,2024-02-17,2024-02-15T16:12:31.493+00:00,False,2024-02-15T17:45:15.163+00:00,False,data/raw/wta/stats/_httpcache/2024/5e9192cb152581dbfcce0f0cb26970c58f2068d00a1be90db8e1f2e401d631ff.json,f76ee4d0637c5f0d24c506606d3ca9c6a1ccfb1e2c3ee266d49f4e541ba4d94e,1,132695.0,True,2024-02-12,historical,False,False
2024,1003,LS005,Karolina Pliskova,Naomi Osaka,313974,319998,QF,7-6(6) 7-6(5),completed,present,2024-02-11,2024-02-17,2024-02-15T17:49:27.123+00:00,False,2024-02-15T19:47:57.943+00:00,False,data/raw/wta/stats/_httpcache/2024/5e9192cb152581dbfcce0f0cb26970c58f2068d00a1be90db8e1f2e401d631ff.json,f76ee4d0637c5f0d24c506606d3ca9c6a1ccfb1e2c3ee266d49f4e541ba4d94e,1,132694.0,True,2024-02-12,historical,False,False
2024,1003,LS006,Elena Rybakina,Leylah Fernandez,324166,326735,QF,6-4 6-2,completed,present,2024-02-11,2024-02-17,2024-02-15T14:19:36.383+00:00,False,2024-02-15T16:09:26.353+00:00,False,data/raw/wta/stats/_httpcache/2024/5e9192cb152581dbfcce0f0cb26970c58f2068d00a1be90db8e1f2e401d631ff.json,f76ee4d0637c5f0d24c506606d3ca9c6a1ccfb1e2c3ee266d49f4e541ba4d94e,1,132693.0,True,2024-02-12,historical,False,False
2024,1003,LS007,Anastasia Pavlyuchenkova,Danielle Collins,313796,316925,QF,7-5 6-4,completed,present,2024-02-11,2024-02-17,2024-02-15T12:16:18.087+00:00,False,2024-02-15T14:13:23.093+00:00,False,data/raw/wta/stats/_httpcache/2024/5e9192cb152581dbfcce0f0cb26970c58f2068d00a1be90db8e1f2e401d631ff.json,f76ee4d0637c5f0d24c506606d3ca9c6a1ccfb1e2c3ee266d49f4e541ba4d94e,1,132692.0,True,2024-02-12,historical,False,False
2024,1003,LS008,Iga Swiatek,Ekaterina Alexandrova,326408,319007,R16,6-1 6-4,completed,present,2024-02-11,2024-02-17,2024-02-14T16:44:05.773+00:00,False,2024-02-14T18:31:52.333+00:00,False,data/raw/wta/stats/_httpcache/2024/5e9192cb152581dbfcce0f0cb26970c58f2068d00a1be90db8e1f2e401d631ff.json,f76ee4d0637c5f0d24c506606d3ca9c6a1ccfb1e2c3ee266d49f4e541ba4d94e,1,132691.0,True,2024-02-12,historical,False,False
2024,1003,LS009,Victoria Azarenka,Jelena Ostapenko,312001,319939,R16,6-0 6-3,completed,present,2024-02-11,2024-02-17,2024-02-14T18:34:21.447+00:00,False,2024-02-14T20:19:32.66+00:00,False,data/raw/wta/stats/_httpcache/2024/5e9192cb152581dbfcce0f0cb26970c58f2068d00a1be90db8e1f2e401d631ff.json,f76ee4d0637c5f0d24c506606d3ca9c6a1ccfb1e2c3ee266d49f4e541ba4d94e,1,132690.0,True,2024-02-12,historical,False,False
2024,1003,LS011,Karolina Pliskova,Linda Noskova,313974,329668,R16,3-6 7-5 6-1,completed,present,2024-02-11,2024-02-17,2024-02-14T13:01:53.667+00:00,False,2024-02-14T14:59:46.533+00:00,False,data/raw/wta/stats/_httpcache/2024/5e9192cb152581dbfcce0f0cb26970c58f2068d00a1be90db8e1f2e401d631ff.json,f76ee4d0637c5f0d24c506606d3ca9c6a1ccfb1e2c3ee266d49f4e541ba4d94e,1,132688.0,True,2024-02-12,historical,False,False
2024,1003,LS012,Leylah Fernandez,Qinwen Zheng,326735,328120,R16,7-5 6-3,completed,present,2024-02-11,2024-02-17,2024-02-14T12:16:38.043+00:00,False,2024-02-14T14:12:20.61+00:00,False,data/raw/wta/stats/_httpcache/2024/5e9192cb152581dbfcce0f0cb26970c58f2068d00a1be90db8e1f2e401d631ff.json,f76ee4d0637c5f0d24c506606d3ca9c6a1ccfb1e2c3ee266d49f4e541ba4d94e,1,132687.0,True,2024-02-12,historical,False,False
2024,1003,LS013,Elena Rybakina,Emma Navarro,324166,325410,R16,6-1 6-7(6) 6-4,completed,present,2024-02-11,2024-02-17,2024-02-14T14:14:53.093+00:00,False,2024-02-14T16:41:24.73+00:00,False,data/raw/wta/stats/_httpcache/2024/5e9192cb152581dbfcce0f0cb26970c58f2068d00a1be90db8e1f2e401d631ff.json,f76ee4d0637c5f0d24c506606d3ca9c6a1ccfb1e2c3ee266d49f4e541ba4d94e,1,132686.0,True,2024-02-12,historical,False,False
2024,1003,LS014,Anastasia Pavlyuchenkova,Marketa Vondrousova,313796,323027,R16,7-5 6-3,completed,present,2024-02-11,2024-02-17,2024-02-14T10:49:44.32+00:00,False,2024-02-14T12:59:20.597+00:00,False,data/raw/wta/stats/_httpcache/2024/5e9192cb152581dbfcce0f0cb26970c58f2068d00a1be90db8e1f2e401d631ff.json,f76ee4d0637c5f0d24c506606d3ca9c6a1ccfb1e2c3ee266d49f4e541ba4d94e,1,132685.0,True,2024-02-12,historical,False,False
2024,1003,LS015,Danielle Collins,Katerina Siniakova,316925,320301,R16,6-4 6-3,completed,present,2024-02-11,2024-02-17,2024-02-14T11:47:29.223+00:00,False,2024-02-14T13:54:32.497+00:00,False,data/raw/wta/stats/_httpcache/2024/5e9192cb152581dbfcce0f0cb26970c58f2068d00a1be90db8e1f2e401d631ff.json,f76ee4d0637c5f0d24c506606d3ca9c6a1ccfb1e2c3ee266d49f4e541ba4d94e,1,132684.0,True,2024-02-12,historical,False,False
2024,1003,LS016,Iga Swiatek,Sorana Cirstea,326408,312469,R32,6-1 6-1,completed,present,2024-02-11,2024-02-17,2024-02-12T17:08:05.81+00:00,False,2024-02-12T18:26:08.647+00:00,False,data/raw/wta/stats/_httpcache/2024/5e9192cb152581dbfcce0f0cb26970c58f2068d00a1be90db8e1f2e401d631ff.json,f76ee4d0637c5f0d24c506606d3ca9c6a1ccfb1e2c3ee266d49f4e541ba4d94e,1,132683.0,True,2024-02-12,historical,False,False
2024,1003,LS017,Ekaterina Alexandrova,Erika Andreeva,319007,330151,R32,6-0 3-6 6-1,completed,present,2024-02-11,2024-02-17,2024-02-13T13:32:48.323+00:00,False,2024-02-13T15:19:08.62+00:00,False,data/raw/wta/stats/_httpcache/2024/5e9192cb152581dbfcce0f0cb26970c58f2068d00a1be90db8e1f2e401d631ff.json,f76ee4d0637c5f0d24c506606d3ca9c6a1ccfb1e2c3ee266d49f4e541ba4d94e,1,132682.0,True,2024-02-12,historical,False,False
2024,1003,LS018,Victoria Azarenka,Xinyu Wang,312001,326376,R32,7-6(2) 6-2,completed,present,2024-02-11,2024-02-17,2024-02-13T12:23:55.313+00:00,False,2024-02-13T14:21:29.98+00:00,False,data/raw/wta/stats/_httpcache/2024/5e9192cb152581dbfcce0f0cb26970c58f2068d00a1be90db8e1f2e401d631ff.json,f76ee4d0637c5f0d24c506606d3ca9c6a1ccfb1e2c3ee266d49f4e541ba4d94e,1,132700.0,True,2024-02-13,stats,False,False
2024,1003,LS019,Jelena Ostapenko,Anhelina Kalinina,319939,320567,R32,6-0 6-3,completed,present,2024-02-11,2024-02-17,2024-02-13T15:42:15.47+00:00,False,2024-02-13T16:50:08.39+00:00,False,data/raw/wta/stats/_httpcache/2024/5e9192cb152581dbfcce0f0cb26970c58f2068d00a1be90db8e1f2e401d631ff.json,f76ee4d0637c5f0d24c506606d3ca9c6a1ccfb1e2c3ee266d49f4e541ba4d94e,1,132680.0,True,2024-02-12,historical,False,False
2024,1003,LS020,Lesia Tsurenko,Ons Jabeur,315295,316847,R32,6-3 6-2,completed,present,2024-02-11,2024-02-17,2024-02-13T16:04:54.697+00:00,False,2024-02-13T17:41:20.253+00:00,False,data/raw/wta/stats/_httpcache/2024/5e9192cb152581dbfcce0f0cb26970c58f2068d00a1be90db8e1f2e401d631ff.json,f76ee4d0637c5f0d24c506606d3ca9c6a1ccfb1e2c3ee266d49f4e541ba4d94e,1,132679.0,True,2024-02-12,historical,False,False
2024,1003,LS021,Naomi Osaka,Petra Martic,319998,313711,R32,6-3 7-6(9),completed,present,2024-02-11,2024-02-17,2024-02-13T16:52:08.943+00:00,False,2024-02-13T18:54:51.393+00:00,False,data/raw/wta/stats/_httpcache/2024/5e9192cb152581dbfcce0f0cb26970c58f2068d00a1be90db8e1f2e401d631ff.json,f76ee4d0637c5f0d24c506606d3ca9c6a1ccfb1e2c3ee266d49f4e541ba4d94e,1,132678.0,True,2024-02-12,historical,False,False
2024,1003,LS022,Karolina Pliskova,Anastasia Potapova,313974,325601,R32,6-1 5-7 6-4,completed,present,2024-02-11,2024-02-17,2024-02-13T14:07:19.597+00:00,False,2024-02-13T16:28:20.577+00:00,False,data/raw/wta/stats/_httpcache/2024/5e9192cb152581dbfcce0f0cb26970c58f2068d00a1be90db8e1f2e401d631ff.json,f76ee4d0637c5f0d24c506606d3ca9c6a1ccfb1e2c3ee266d49f4e541ba4d94e,1,132677.0,True,2024-02-12,historical,False,False
2024,1003,LS023,Linda Noskova,Maria Sakkari,329668,318312,R32,3-6 7-6(2) 7-5,completed,present,2024-02-11,2024-02-17,2024-02-13T13:10:46.243+00:00,False,2024-02-13T15:40:38.63+00:00,False,data/raw/wta/stats/_httpcache/2024/5e9192cb152581dbfcce0f0cb26970c58f2068d00a1be90db8e1f2e401d631ff.json,f76ee4d0637c5f0d24c506606d3ca9c6a1ccfb1e2c3ee266d49f4e541ba4d94e,1,132676.0,True,2024-02-12,historical,False,False
2024,1003,LS024,Qinwen Zheng,Magda Linette,328120,315130,R32,6-2 2-6 6-3,completed,present,2024-02-11,2024-02-17,2024-02-13T10:50:45.72+00:00,False,2024-02-13T13:07:55.08+00:00,False,data/raw/wta/stats/_httpcache/2024/5e9192cb152581dbfcce0f0cb26970c58f2068d00a1be90db8e1f2e401d631ff.json,f76ee4d0637c5f0d24c506606d3ca9c6a1ccfb1e2c3ee266d49f4e541ba4d94e,1,132675.0,True,2024-02-12,historical,False,False
2024,1003,LS025,Leylah Fernandez,Paula Badosa,326735,320124,R32,0-6 6-2 6-3,completed,present,2024-02-11,2024-02-17,2024-02-13T11:51:01.23+00:00,False,2024-02-13T14:04:22.743+00:00,False,data/raw/wta/stats/_httpcache/2024/5e9192cb152581dbfcce0f0cb26970c58f2068d00a1be90db8e1f2e401d631ff.json,f76ee4d0637c5f0d24c506606d3ca9c6a1ccfb1e2c3ee266d49f4e541ba4d94e,1,132674.0,True,2024-02-12,historical,False,False
2024,1003,LS026,Emma Navarro,Elise Mertens,325410,317964,R32,6-1 6-3,completed,present,2024-02-11,2024-02-17,2024-02-13T12:00:17.303+00:00,False,2024-02-13T13:22:19.133+00:00,False,data/raw/wta/stats/_httpcache/2024/5e9192cb152581dbfcce0f0cb26970c58f2068d00a1be90db8e1f2e401d631ff.json,f76ee4d0637c5f0d24c506606d3ca9c6a1ccfb1e2c3ee266d49f4e541ba4d94e,1,132673.0,True,2024-02-12,historical,False,False
2024,1003,LS027,Elena Rybakina,Lin Zhu,324166,317306,R32,6-2 6-1,completed,present,2024-02-11,2024-02-17,2024-02-13T17:44:14.907+00:00,False,2024-02-13T18:58:58.433+00:00,False,data/raw/wta/stats/_httpcache/2024/5e9192cb152581dbfcce0f0cb26970c58f2068d00a1be90db8e1f2e401d631ff.json,f76ee4d0637c5f0d24c506606d3ca9c6a1ccfb1e2c3ee266d49f4e541ba4d94e,1,132672.0,True,2024-02-12,historical,False,False
2024,1003,LS028,Marketa Vondrousova,Greet Minnen,323027,321454,R32,6-2 0-6 6-4,completed,present,2024-02-11,2024-02-17,2024-02-12T18:29:58.427+00:00,False,2024-02-12T20:22:19.23+00:00,False,data/raw/wta/stats/_httpcache/2024/5e9192cb152581dbfcce0f0cb26970c58f2068d00a1be90db8e1f2e401d631ff.json,f76ee4d0637c5f0d24c506606d3ca9c6a1ccfb1e2c3ee266d49f4e541ba4d94e,1,132671.0,True,2024-02-12,historical,False,False
2024,1003,LS030,Danielle Collins,Marie Bouzkova,316925,320983,R32,6-4 7-5,completed,present,2024-02-11,2024-02-17,2024-02-13T13:25:13.677+00:00,False,2024-02-13T15:32:58.03+00:00,False,data/raw/wta/stats/_httpcache/2024/5e9192cb152581dbfcce0f0cb26970c58f2068d00a1be90db8e1f2e401d631ff.json,f76ee4d0637c5f0d24c506606d3ca9c6a1ccfb1e2c3ee266d49f4e541ba4d94e,1,132669.0,True,2024-02-12,historical,False,False
2024,1003,LS031,Katerina Siniakova,Coco Gauff,320301,328560,R32,6-2 6-4,completed,present,2024-02-11,2024-02-17,2024-02-13T14:25:03.987+00:00,False,2024-02-13T16:01:10.333+00:00,False,data/raw/wta/stats/_httpcache/2024/5e9192cb152581dbfcce0f0cb26970c58f2068d00a1be90db8e1f2e401d631ff.json,f76ee4d0637c5f0d24c506606d3ca9c6a1ccfb1e2c3ee266d49f4e541ba4d94e,1,132668.0,True,2024-02-12,historical,False,False
2024,1003,LS033,Sorana Cirstea,Sloane Stephens,312469,315683,R64,6-3 6-2,completed,present,2024-02-11,2024-02-17,2024-02-11T14:01:55.317+00:00,False,2024-02-11T17:13:06.443+00:00,False,data/raw/wta/stats/_httpcache/2024/5e9192cb152581dbfcce0f0cb26970c58f2068d00a1be90db8e1f2e401d631ff.json,f76ee4d0637c5f0d24c506606d3ca9c6a1ccfb1e2c3ee266d49f4e541ba4d94e,1,132667.0,True,2024-02-12,historical,False,False
2024,1003,LS034,Erika Andreeva,Diana Shnaider,330151,330482,R64,7-6(2) 6-4,completed,present,2024-02-11,2024-02-17,2024-02-11T14:00:44.6+00:00,False,2024-02-11T17:58:28.08+00:00,False,data/raw/wta/stats/_httpcache/2024/5e9192cb152581dbfcce0f0cb26970c58f2068d00a1be90db8e1f2e401d631ff.json,f76ee4d0637c5f0d24c506606d3ca9c6a1ccfb1e2c3ee266d49f4e541ba4d94e,1,132666.0,True,2024-02-12,historical,False,False
2024,1003,LS035,Ekaterina Alexandrova,Viktoriya Tomova,319007,317584,R64,7-6(5) 6-3,completed,present,2024-02-11,2024-02-17,2024-02-11T11:49:56.147+00:00,False,2024-02-11T13:37:50.237+00:00,False,data/raw/wta/stats/_httpcache/2024/5e9192cb152581dbfcce0f0cb26970c58f2068d00a1be90db8e1f2e401d631ff.json,f76ee4d0637c5f0d24c506606d3ca9c6a1ccfb1e2c3ee266d49f4e541ba4d94e,1,132665.0,True,2024-02-12,historical,False,False
2024,1003,LS036,Xinyu Wang,Beatriz Haddad Maia,326376,318176,R64,6-1 6-3,completed,present,2024-02-11,2024-02-17,2024-02-12T15:42:58.587+00:00,False,2024-02-12T17:04:37.457+00:00,False,data/raw/wta/stats/_httpcache/2024/5e9192cb152581dbfcce0f0cb26970c58f2068d00a1be90db8e1f2e401d631ff.json,f76ee4d0637c5f0d24c506606d3ca9c6a1ccfb1e2c3ee266d49f4e541ba4d94e,1,132699.0,True,2024-02-12,stats,False,False
2024,1003,LS037,Victoria Azarenka,Magdalena Frech,312001,320277,R64,6-3 3-6 6-3,completed,present,2024-02-11,2024-02-17,2024-02-12T12:16:58.297+00:00,False,2024-02-12T15:15:33.72+00:00,False,data/raw/wta/stats/_httpcache/2024/5e9192cb152581dbfcce0f0cb26970c58f2068d00a1be90db8e1f2e401d631ff.json,f76ee4d0637c5f0d24c506606d3ca9c6a1ccfb1e2c3ee266d49f4e541ba4d94e,1,132663.0,True,2024-02-12,historical,False,False
2024,1003,LS038,Anhelina Kalinina,Emma Raducanu,320567,328366,R64,6-0 7-6(6),completed,present,2024-02-11,2024-02-17,2024-02-12T10:47:45.177+00:00,False,2024-02-12T12:47:56.967+00:00,False,data/raw/wta/stats/_httpcache/2024/5e9192cb152581dbfcce0f0cb26970c58f2068d00a1be90db8e1f2e401d631ff.json,f76ee4d0637c5f0d24c506606d3ca9c6a1ccfb1e2c3ee266d49f4e541ba4d94e,1,132662.0,True,2024-02-12,historical,False,False
2024,1003,LS041,Lesia Tsurenko,Zeynep Sonmez,315295,326907,R64,7-5 5-3,incomplete-or-invalid-score,ambiguous,2024-02-11,2024-02-17,2024-02-11T10:54:40.453+00:00,False,2025-01-28T20:21:05.257+00:00,False,data/raw/wta/stats/_httpcache/2024/5e9192cb152581dbfcce0f0cb26970c58f2068d00a1be90db8e1f2e401d631ff.json,f76ee4d0637c5f0d24c506606d3ca9c6a1ccfb1e2c3ee266d49f4e541ba4d94e,1,,,,,False,False
2024,1003,LS042,Petra Martic,Arantxa Rus,313711,313349,R64,7-5 3-6 7-6(5),completed,present,2024-02-11,2024-02-17,2024-02-12T12:31:47.013+00:00,False,2024-02-12T15:40:29.14+00:00,False,data/raw/wta/stats/_httpcache/2024/5e9192cb152581dbfcce0f0cb26970c58f2068d00a1be90db8e1f2e401d631ff.json,f76ee4d0637c5f0d24c506606d3ca9c6a1ccfb1e2c3ee266d49f4e541ba4d94e,1,132660.0,True,2024-02-12,historical,False,False
2024,1003,LS043,Naomi Osaka,Caroline Garcia,319998,315391,R64,7-5 6-4,completed,present,2024-02-11,2024-02-17,2024-02-12T15:18:42.437+00:00,False,2024-02-12T17:04:46.003+00:00,False,data/raw/wta/stats/_httpcache/2024/5e9192cb152581dbfcce0f0cb26970c58f2068d00a1be90db8e1f2e401d631ff.json,f76ee4d0637c5f0d24c506606d3ca9c6a1ccfb1e2c3ee266d49f4e541ba4d94e,1,132659.0,True,2024-02-12,historical,False,False
2024,1003,LS044,Anastasia Potapova,Martina Trevisan,325601,316266,R64,6-4 6-4,completed,present,2024-02-11,2024-02-17,2024-02-12T12:38:51.89+00:00,False,2024-02-12T14:32:29.797+00:00,False,data/raw/wta/stats/_httpcache/2024/5e9192cb152581dbfcce0f0cb26970c58f2068d00a1be90db8e1f2e401d631ff.json,f76ee4d0637c5f0d24c506606d3ca9c6a1ccfb1e2c3ee266d49f4e541ba4d94e,1,132658.0,True,2024-02-12,historical,False,False
2024,1003,LS045,Karolina Pliskova,Anna Kalinskaya,313974,323942,R64,2-6 7-6(3) 6-4,completed,present,2024-02-11,2024-02-17,2024-02-12T16:35:01.443+00:00,False,2024-02-12T19:04:55.19+00:00,False,data/raw/wta/stats/_httpcache/2024/5e9192cb152581dbfcce0f0cb26970c58f2068d00a1be90db8e1f2e401d631ff.json,f76ee4d0637c5f0d24c506606d3ca9c6a1ccfb1e2c3ee266d49f4e541ba4d94e,1,132657.0,True,2024-02-12,historical,False,False
2024,1003,LS046,Linda Noskova,Bernarda Pera,329668,317708,R64,6-3 7-6(8),completed,present,2024-02-11,2024-02-17,2024-02-12T15:01:53.29+00:00,False,2024-02-12T16:32:43.37+00:00,False,data/raw/wta/stats/_httpcache/2024/5e9192cb152581dbfcce0f0cb26970c58f2068d00a1be90db8e1f2e401d631ff.json,f76ee4d0637c5f0d24c506606d3ca9c6a1ccfb1e2c3ee266d49f4e541ba4d94e,1,132656.0,True,2024-02-12,historical,False,False
2024,1003,LS049,Magda Linette,Nao Hibino,315130,320238,R64,6-1 6-4,completed,present,2024-02-11,2024-02-17,2024-02-12T12:51:38.64+00:00,False,2024-02-12T14:57:44.147+00:00,False,data/raw/wta/stats/_httpcache/2024/5e9192cb152581dbfcce0f0cb26970c58f2068d00a1be90db8e1f2e401d631ff.json,f76ee4d0637c5f0d24c506606d3ca9c6a1ccfb1e2c3ee266d49f4e541ba4d94e,1,132655.0,True,2024-02-12,historical,False,False
2024,1003,LS050,Paula Badosa,Ashlyn Krueger,320124,329409,R64,6-3 4-6 6-4,completed,present,2024-02-11,2024-02-17,2024-02-11T17:16:01.987+00:00,False,2024-02-12T11:50:40.557+00:00,False,data/raw/wta/stats/_httpcache/2024/5e9192cb152581dbfcce0f0cb26970c58f2068d00a1be90db8e1f2e401d631ff.json,f76ee4d0637c5f0d24c506606d3ca9c6a1ccfb1e2c3ee266d49f4e541ba4d94e,1,132654.0,True,2024-02-12,historical,False,False
2024,1003,LS051,Leylah Fernandez,Liudmila Samsonova,326735,322222,R64,7-5 7-6(4),completed,present,2024-02-11,2024-02-17,2024-02-12T11:49:05.217+00:00,False,2024-02-12T14:19:35.957+00:00,False,data/raw/wta/stats/_httpcache/2024/5e9192cb152581dbfcce0f0cb26970c58f2068d00a1be90db8e1f2e401d631ff.json,f76ee4d0637c5f0d24c506606d3ca9c6a1ccfb1e2c3ee266d49f4e541ba4d94e,1,132653.0,True,2024-02-12,historical,False,False
2024,1003,LS052,Emma Navarro,Jasmine Paolini,325410,319280,R64,6-3 7-5,completed,present,2024-02-11,2024-02-17,2024-02-11T19:28:55.113+00:00,False,2024-02-12T12:34:54.52+00:00,False,data/raw/wta/stats/_httpcache/2024/5e9192cb152581dbfcce0f0cb26970c58f2068d00a1be90db8e1f2e401d631ff.json,f76ee4d0637c5f0d24c506606d3ca9c6a1ccfb1e2c3ee266d49f4e541ba4d94e,1,132652.0,True,2024-02-12,historical,False,False
2024,1003,LS053,Elise Mertens,Peyton Stearns,317964,327573,R64,6-2 6-3,completed,present,2024-02-11,2024-02-17,2024-02-12T10:48:03.627+00:00,False,2024-02-12T12:28:38.623+00:00,False,data/raw/wta/stats/_httpcache/2024/5e9192cb152581dbfcce0f0cb26970c58f2068d00a1be90db8e1f2e401d631ff.json,f76ee4d0637c5f0d24c506606d3ca9c6a1ccfb1e2c3ee266d49f4e541ba4d94e,1,132651.0,True,2024-02-12,historical,False,False
2024,1003,LS054,Lin Zhu,Varvara Gracheva,317306,325836,R64,6-1 6-1,completed,present,2024-02-11,2024-02-17,2024-02-11T17:02:13.47+00:00,False,2024-02-11T18:08:23.26+00:00,False,data/raw/wta/stats/_httpcache/2024/5e9192cb152581dbfcce0f0cb26970c58f2068d00a1be90db8e1f2e401d631ff.json,f76ee4d0637c5f0d24c506606d3ca9c6a1ccfb1e2c3ee266d49f4e541ba4d94e,1,132650.0,True,2024-02-12,historical,False,False
2024,1003,LS057,Greet Minnen,Tatjana Maria,321454,310440,R64,6-1 6-1,completed,present,2024-02-11,2024-02-17,2024-02-11T12:53:11.89+00:00,False,2024-02-11T13:57:33.997+00:00,False,data/raw/wta/stats/_httpcache/2024/5e9192cb152581dbfcce0f0cb26970c58f2068d00a1be90db8e1f2e401d631ff.json,f76ee4d0637c5f0d24c506606d3ca9c6a1ccfb1e2c3ee266d49f4e541ba4d94e,1,132649.0,True,2024-02-12,historical,False,False
2024,1003,LS058,Marta Kostyuk,Caroline Dolehide,326482,322052,R64,6-3 7-5,completed,present,2024-02-11,2024-02-17,2024-02-11T10:49:56.907+00:00,False,2024-02-11T12:39:56.85+00:00,False,data/raw/wta/stats/_httpcache/2024/5e9192cb152581dbfcce0f0cb26970c58f2068d00a1be90db8e1f2e401d631ff.json,f76ee4d0637c5f0d24c506606d3ca9c6a1ccfb1e2c3ee266d49f4e541ba4d94e,1,132648.0,True,2024-02-12,historical,False,False
2024,1003,LS059,Anastasia Pavlyuchenkova,Daria Kasatkina,313796,322082,R64,6-2 7-6(2),completed,present,2024-02-11,2024-02-17,2024-02-12T14:26:59.57+00:00,False,2024-02-12T16:14:53.74+00:00,False,data/raw/wta/stats/_httpcache/2024/5e9192cb152581dbfcce0f0cb26970c58f2068d00a1be90db8e1f2e401d631ff.json,f76ee4d0637c5f0d24c506606d3ca9c6a1ccfb1e2c3ee266d49f4e541ba4d94e,1,132647.0,True,2024-02-12,historical,False,False
2024,1003,LS060,Danielle Collins,Veronika Kudermetova,316925,319526,R64,7-5 6-3,completed,present,2024-02-11,2024-02-17,2024-02-11T12:43:08.733+00:00,False,2024-02-11T16:56:58.53+00:00,False,data/raw/wta/stats/_httpcache/2024/5e9192cb152581dbfcce0f0cb26970c58f2068d00a1be90db8e1f2e401d631ff.json,f76ee4d0637c5f0d24c506606d3ca9c6a1ccfb1e2c3ee266d49f4e541ba4d94e,1,132646.0,True,2024-02-12,historical,False,False
2024,1003,LS061,Marie Bouzkova,Sofia Kenin,320983,320942,R64,7-5 2-6 7-5,completed,present,2024-02-11,2024-02-17,2024-02-12T14:34:54.16+00:00,False,2024-02-12T17:41:49.353+00:00,False,data/raw/wta/stats/_httpcache/2024/5e9192cb152581dbfcce0f0cb26970c58f2068d00a1be90db8e1f2e401d631ff.json,f76ee4d0637c5f0d24c506606d3ca9c6a1ccfb1e2c3ee266d49f4e541ba4d94e,1,132645.0,True,2024-02-12,historical,False,False
2024,1003,LS062,Katerina Siniakova,Donna Vekic,320301,318516,R64,7-5 6-1,completed,present,2024-02-11,2024-02-17,2024-02-11T12:19:00.297+00:00,False,2024-02-11T13:58:19.47+00:00,False,data/raw/wta/stats/_httpcache/2024/5e9192cb152581dbfcce0f0cb26970c58f2068d00a1be90db8e1f2e401d631ff.json,f76ee4d0637c5f0d24c506606d3ca9c6a1ccfb1e2c3ee266d49f4e541ba4d94e,1,132644.0,True,2024-02-12,historical,False,False
2024,1005,LS001,Peyton Stearns,Mayar Sherif,327573,318711,F,6-2 6-1,completed,present,2024-05-19,2024-05-25,2024-05-25T10:42:18.16+00:00,False,2024-05-25T12:20:20.047+00:00,False,data/raw/wta/stats/_httpcache/2024/09b37471b2701300962af72de92359bb0909b1a7272e324ca0cc72c4c1c4c17d.json,ef534943b075bbaef4df8ee67b1788cb64f61d0d9837b17f507fc5d1509e166d,0,134046.0,True,2024-05-20,historical,False,False
2024,1005,LS002,Mayar Sherif,Kamilla Rakhimova,318711,325936,SF,6-0 6-1,completed,present,2024-05-19,2024-05-25,2024-05-24T14:27:11.047+00:00,False,2024-05-24T15:42:27.633+00:00,False,data/raw/wta/stats/_httpcache/2024/09b37471b2701300962af72de92359bb0909b1a7272e324ca0cc72c4c1c4c17d.json,ef534943b075bbaef4df8ee67b1788cb64f61d0d9837b17f507fc5d1509e166d,0,134045.0,True,2024-05-20,historical,False,False
2024,1005,LS003,Peyton Stearns,Viktoriya Tomova,327573,317584,SF,6-7(6) 7-5 7-6(4),completed,present,2024-05-19,2024-05-25,2024-05-24T10:50:10.697+00:00,False,2024-05-24T14:23:31.363+00:00,False,data/raw/wta/stats/_httpcache/2024/09b37471b2701300962af72de92359bb0909b1a7272e324ca0cc72c4c1c4c17d.json,ef534943b075bbaef4df8ee67b1788cb64f61d0d9837b17f507fc5d1509e166d,0,134044.0,True,2024-05-20,historical,False,False
2024,1005,LS004,Kamilla Rakhimova,Elisabetta Cocciaretto,325936,327909,QF,7-5 7-5,completed,present,2024-05-19,2024-05-25,2024-05-23T17:06:48.38+00:00,False,2024-05-23T19:09:28.583+00:00,False,data/raw/wta/stats/_httpcache/2024/09b37471b2701300962af72de92359bb0909b1a7272e324ca0cc72c4c1c4c17d.json,ef534943b075bbaef4df8ee67b1788cb64f61d0d9837b17f507fc5d1509e166d,0,134043.0,True,2024-05-20,historical,False,False
2024,1005,LS005,Mayar Sherif,Sara Sorribes Tormo,318711,318872,QF,6-3 6-3,completed,present,2024-05-19,2024-05-25,2024-05-23T15:09:01.337+00:00,False,2024-05-23T17:01:43.167+00:00,False,data/raw/wta/stats/_httpcache/2024/09b37471b2701300962af72de92359bb0909b1a7272e324ca0cc72c4c1c4c17d.json,ef534943b075bbaef4df8ee67b1788cb64f61d0d9837b17f507fc5d1509e166d,0,134042.0,True,2024-05-20,historical,False,False
2024,1005,LS006,Peyton Stearns,Lucia Bronzetti,327573,322280,QF,6-4 4-6 7-5,completed,present,2024-05-19,2024-05-25,2024-05-23T12:07:45.16+00:00,False,2024-05-23T15:06:47.06+00:00,False,data/raw/wta/stats/_httpcache/2024/09b37471b2701300962af72de92359bb0909b1a7272e324ca0cc72c4c1c4c17d.json,ef534943b075bbaef4df8ee67b1788cb64f61d0d9837b17f507fc5d1509e166d,0,134041.0,True,2024-05-20,historical,False,False
2024,1005,LS007,Viktoriya Tomova,Laura Siegemund,317584,310926,QF,6-4 6-3,completed,present,2024-05-19,2024-05-25,2024-05-23T09:51:04.97+00:00,False,2024-05-23T12:04:41.18+00:00,False,data/raw/wta/stats/_httpcache/2024/09b37471b2701300962af72de92359bb0909b1a7272e324ca0cc72c4c1c4c17d.json,ef534943b075bbaef4df8ee67b1788cb64f61d0d9837b17f507fc5d1509e166d,0,134040.0,True,2024-05-20,historical,False,False
2024,1005,LS009,Elisabetta Cocciaretto,Zhuoxuan Bai,327909,327196,R16,6-4 6-2,completed,present,2024-05-19,2024-05-25,2024-05-21T15:46:51.533+00:00,False,2024-05-21T17:29:47.043+00:00,False,data/raw/wta/stats/_httpcache/2024/09b37471b2701300962af72de92359bb0909b1a7272e324ca0cc72c4c1c4c17d.json,ef534943b075bbaef4df8ee67b1788cb64f61d0d9837b17f507fc5d1509e166d,0,134038.0,True,2024-05-20,historical,False,False
2024,1005,LS010,Sara Sorribes Tormo,Nadia Podoroska,318872,319112,R16,7-5 3-6 6-3,completed,present,2024-05-19,2024-05-25,2024-05-21T12:32:58.667+00:00,False,2024-05-21T15:45:02.483+00:00,False,data/raw/wta/stats/_httpcache/2024/09b37471b2701300962af72de92359bb0909b1a7272e324ca0cc72c4c1c4c17d.json,ef534943b075bbaef4df8ee67b1788cb64f61d0d9837b17f507fc5d1509e166d,0,134037.0,True,2024-05-20,historical,False,False
2024,1005,LS011,Mayar Sherif,Maria Lourdes Carle,318711,322638,R16,6-3 6-2,completed,present,2024-05-19,2024-05-25,2024-05-22T13:50:10.877+00:00,False,2024-05-22T15:25:45.303+00:00,False,data/raw/wta/stats/_httpcache/2024/09b37471b2701300962af72de92359bb0909b1a7272e324ca0cc72c4c1c4c17d.json,ef534943b075bbaef4df8ee67b1788cb64f61d0d9837b17f507fc5d1509e166d,0,134036.0,True,2024-05-20,historical,False,False
2024,1005,LS012,Peyton Stearns,Xiyu Wang,327573,326160,R16,6-3 6-1,completed,present,2024-05-19,2024-05-25,2024-05-22T11:50:23.75+00:00,False,2024-05-22T13:47:45.79+00:00,False,data/raw/wta/stats/_httpcache/2024/09b37471b2701300962af72de92359bb0909b1a7272e324ca0cc72c4c1c4c17d.json,ef534943b075bbaef4df8ee67b1788cb64f61d0d9837b17f507fc5d1509e166d,0,134035.0,True,2024-05-20,historical,False,False
2024,1005,LS013,Lucia Bronzetti,Martina Trevisan,322280,316266,R16,6-2 6-3,completed,present,2024-05-19,2024-05-25,2024-05-22T09:48:15.883+00:00,False,2024-05-22T11:47:18.587+00:00,False,data/raw/wta/stats/_httpcache/2024/09b37471b2701300962af72de92359bb0909b1a7272e324ca0cc72c4c1c4c17d.json,ef534943b075bbaef4df8ee67b1788cb64f61d0d9837b17f507fc5d1509e166d,0,134034.0,True,2024-05-20,historical,False,False
2024,1005,LS014,Viktoriya Tomova,Yafan Wang,317584,317510,R16,7-6(4) 6-0,completed,present,2024-05-19,2024-05-25,2024-05-22T09:48:49.16+00:00,False,2024-05-22T11:49:03.673+00:00,False,data/raw/wta/stats/_httpcache/2024/09b37471b2701300962af72de92359bb0909b1a7272e324ca0cc72c4c1c4c17d.json,ef534943b075bbaef4df8ee67b1788cb64f61d0d9837b17f507fc5d1509e166d,0,134033.0,True,2024-05-20,historical,False,False
2024,1005,LS015,Laura Siegemund,Camila Osorio,310926,325898,R16,6-4 6-4,completed,present,2024-05-19,2024-05-25,2024-05-22T11:52:23.157+00:00,False,2024-05-22T14:34:17.24+00:00,False,data/raw/wta/stats/_httpcache/2024/09b37471b2701300962af72de92359bb0909b1a7272e324ca0cc72c4c1c4c17d.json,ef534943b075bbaef4df8ee67b1788cb64f61d0d9837b17f507fc5d1509e166d,0,134032.0,True,2024-05-20,historical,False,False
2024,1005,LS016,Camilla Rosatello,Yue Yuan,318201,324325,R32,7-6(7) 1-6 6-4,completed,present,2024-05-19,2024-05-25,2024-05-20T13:37:07.413+00:00,False,2024-05-20T16:26:24.697+00:00,False,data/raw/wta/stats/_httpcache/2024/09b37471b2701300962af72de92359bb0909b1a7272e324ca0cc72c4c1c4c17d.json,ef534943b075bbaef4df8ee67b1788cb64f61d0d9837b17f507fc5d1509e166d,0,134031.0,True,2024-05-20,historical,False,False
2024,1005,LS018,Zhuoxuan Bai,Kayla Day,327196,322534,R32,6-3 7-6(4),completed,present,2024-05-19,2024-05-25,2024-05-20T09:51:34.887+00:00,False,2024-05-20T12:28:56.967+00:00,False,data/raw/wta/stats/_httpcache/2024/09b37471b2701300962af72de92359bb0909b1a7272e324ca0cc72c4c1c4c17d.json,ef534943b075bbaef4df8ee67b1788cb64f61d0d9837b17f507fc5d1509e166d,0,134029.0,True,2024-05-20,historical,False,False
2024,1005,LS019,Elisabetta Cocciaretto,Yasmine Kabbaj,327909,330733,R32,6-3 6-4,completed,present,2024-05-19,2024-05-25,2024-05-20T11:36:05.94+00:00,False,2024-05-20T13:34:38.58+00:00,False,data/raw/wta/stats/_httpcache/2024/09b37471b2701300962af72de92359bb0909b1a7272e324ca0cc72c4c1c4c17d.json,ef534943b075bbaef4df8ee67b1788cb64f61d0d9837b17f507fc5d1509e166d,0,134028.0,True,2024-05-20,historical,False,False
2024,1005,LS020,Sara Sorribes Tormo,Harriet Dart,318872,319489,R32,6-2 6-0,completed,present,2024-05-19,2024-05-25,2024-05-19T12:53:13.3+00:00,False,2024-05-19T14:24:43.637+00:00,False,data/raw/wta/stats/_httpcache/2024/09b37471b2701300962af72de92359bb0909b1a7272e324ca0cc72c4c1c4c17d.json,ef534943b075bbaef4df8ee67b1788cb64f61d0d9837b17f507fc5d1509e166d,0,134027.0,True,2024-05-20,historical,False,False
2024,1005,LS021,Nadia Podoroska,Tatjana Maria,319112,310440,R32,6-2 6-4,completed,present,2024-05-19,2024-05-25,2024-05-20T09:51:17.037+00:00,False,2024-05-20T11:33:24.883+00:00,False,data/raw/wta/stats/_httpcache/2024/09b37471b2701300962af72de92359bb0909b1a7272e324ca0cc72c4c1c4c17d.json,ef534943b075bbaef4df8ee67b1788cb64f61d0d9837b17f507fc5d1509e166d,0,134026.0,True,2024-05-20,historical,False,False
2024,1005,LS022,Mayar Sherif,Aya El Aouni,318711,330483,R32,6-2 6-1,completed,present,2024-05-19,2024-05-25,2024-05-21T11:01:55.267+00:00,False,2024-05-21T12:29:12.61+00:00,False,data/raw/wta/stats/_httpcache/2024/09b37471b2701300962af72de92359bb0909b1a7272e324ca0cc72c4c1c4c17d.json,ef534943b075bbaef4df8ee67b1788cb64f61d0d9837b17f507fc5d1509e166d,0,134025.0,True,2024-05-20,historical,False,False
2024,1005,LS023,Maria Lourdes Carle,Arantxa Rus,322638,313349,R32,6-3 6-3,completed,present,2024-05-19,2024-05-25,2024-05-21T09:51:28.56+00:00,False,2024-05-21T11:45:20.85+00:00,False,data/raw/wta/stats/_httpcache/2024/09b37471b2701300962af72de92359bb0909b1a7272e324ca0cc72c4c1c4c17d.json,ef534943b075bbaef4df8ee67b1788cb64f61d0d9837b17f507fc5d1509e166d,0,134024.0,True,2024-05-20,historical,False,False
2024,1005,LS024,Xiyu Wang,Nuria Brancaccio,326160,325433,R32,7-6(5) 7-5,completed,present,2024-05-19,2024-05-25,2024-05-20T09:43:55.53+00:00,False,2024-05-20T12:24:51.81+00:00,False,data/raw/wta/stats/_httpcache/2024/09b37471b2701300962af72de92359bb0909b1a7272e324ca0cc72c4c1c4c17d.json,ef534943b075bbaef4df8ee67b1788cb64f61d0d9837b17f507fc5d1509e166d,0,134023.0,True,2024-05-20,historical,False,False
2024,1005,LS025,Peyton Stearns,Aleksandra Krunic,327573,316344,R32,5-7 6-2 6-1,completed,present,2024-05-19,2024-05-25,2024-05-20T12:27:43.187+00:00,False,2024-05-20T14:49:00.597+00:00,False,data/raw/wta/stats/_httpcache/2024/09b37471b2701300962af72de92359bb0909b1a7272e324ca0cc72c4c1c4c17d.json,ef534943b075bbaef4df8ee67b1788cb64f61d0d9837b17f507fc5d1509e166d,0,134022.0,True,2024-05-20,historical,False,False
2024,1005,LS026,Martina Trevisan,Nao Hibino,316266,320238,R32,7-5 4-6 6-3,completed,present,2024-05-19,2024-05-25,2024-05-21T11:48:57.013+00:00,False,2024-05-21T14:40:40.62+00:00,False,data/raw/wta/stats/_httpcache/2024/09b37471b2701300962af72de92359bb0909b1a7272e324ca0cc72c4c1c4c17d.json,ef534943b075bbaef4df8ee67b1788cb64f61d0d9837b17f507fc5d1509e166d,0,134021.0,True,2024-05-20,historical,False,False
2024,1005,LS027,Lucia Bronzetti,Malak El Allami,322280,331737,R32,6-1 6-0,completed,present,2024-05-19,2024-05-25,2024-05-21T09:42:43.437+00:00,False,2024-05-21T10:59:24.407+00:00,False,data/raw/wta/stats/_httpcache/2024/09b37471b2701300962af72de92359bb0909b1a7272e324ca0cc72c4c1c4c17d.json,ef534943b075bbaef4df8ee67b1788cb64f61d0d9837b17f507fc5d1509e166d,0,134020.0,True,2024-05-20,historical,False,False
2024,1005,LS028,Yafan Wang,Lin Zhu,317510,317306,R32,4-6 6-0 6-2,completed,present,2024-05-19,2024-05-25,2024-05-21T09:48:17.417+00:00,False,2024-05-21T12:19:49.783+00:00,False,data/raw/wta/stats/_httpcache/2024/09b37471b2701300962af72de92359bb0909b1a7272e324ca0cc72c4c1c4c17d.json,ef534943b075bbaef4df8ee67b1788cb64f61d0d9837b17f507fc5d1509e166d,0,134019.0,True,2024-05-20,historical,False,False
2024,1005,LS029,Viktoriya Tomova,Berfu Cengiz,317584,322450,R32,6-2 6-1,completed,present,2024-05-19,2024-05-25,2024-05-21T12:22:22.967+00:00,False,2024-05-21T13:33:17.967+00:00,False,data/raw/wta/stats/_httpcache/2024/09b37471b2701300962af72de92359bb0909b1a7272e324ca0cc72c4c1c4c17d.json,ef534943b075bbaef4df8ee67b1788cb64f61d0d9837b17f507fc5d1509e166d,0,134018.0,True,2024-05-20,historical,False,False
2024,1005,LS031,Laura Siegemund,Anna Blinkova,310926,324267,R32,6-1 7-6(4),completed,present,2024-05-19,2024-05-25,2024-05-20T16:28:42.207+00:00,False,2024-05-20T18:30:49.853+00:00,False,data/raw/wta/stats/_httpcache/2024/09b37471b2701300962af72de92359bb0909b1a7272e324ca0cc72c4c1c4c17d.json,ef534943b075bbaef4df8ee67b1788cb64f61d0d9837b17f507fc5d1509e166d,0,134016.0,True,2024-05-20,historical,False,False
2024,1017,LS001,Aryna Sabalenka,Jessica Pegula,320760,316956,F,6-3 7-5,completed,present,2024-08-13,2024-08-19,2024-08-19T18:48:18.33+00:00,False,2024-08-19T20:23:24.16+00:00,False,data/raw/wta/stats/_httpcache/2024/a1c9827577f8b12d863f8e89b6f02fbd536b8e5ed62f1c2edea9c176aed767bb.json,a701945ab6114cd5532d9b275707d15ca46a05a86d91ed2b96984f3cf02122ca,1,134873.0,True,2024-08-19,stats,False,False
2024,1017,LS002,Aryna Sabalenka,Iga Swiatek,320760,326408,SF,6-3 6-3,completed,present,2024-08-13,2024-08-19,2024-08-18T14:50:17.527+00:00,False,2024-08-18T17:06:12.267+00:00,False,data/raw/wta/stats/_httpcache/2024/a1c9827577f8b12d863f8e89b6f02fbd536b8e5ed62f1c2edea9c176aed767bb.json,a701945ab6114cd5532d9b275707d15ca46a05a86d91ed2b96984f3cf02122ca,1,134863.0,True,2024-08-18,stats,False,False
2024,1017,LS003,Jessica Pegula,Paula Badosa,316956,320124,SF,6-2 3-6 6-3,completed,present,2024-08-13,2024-08-19,2024-08-18T17:09:12.183+00:00,False,2024-08-18T20:51:58.187+00:00,False,data/raw/wta/stats/_httpcache/2024/a1c9827577f8b12d863f8e89b6f02fbd536b8e5ed62f1c2edea9c176aed767bb.json,a701945ab6114cd5532d9b275707d15ca46a05a86d91ed2b96984f3cf02122ca,1,134864.0,True,2024-08-18,stats,False,False
2024,1017,LS004,Iga Swiatek,Mirra Andreeva,326408,331809,QF,4-6 6-3 7-5,completed,present,2024-08-13,2024-08-19,2024-08-17T14:50:45.17+00:00,False,2024-08-17T17:48:48.733+00:00,False,data/raw/wta/stats/_httpcache/2024/a1c9827577f8b12d863f8e89b6f02fbd536b8e5ed62f1c2edea9c176aed767bb.json,a701945ab6114cd5532d9b275707d15ca46a05a86d91ed2b96984f3cf02122ca,1,134843.0,True,2024-08-17,stats,False,False
2024,1017,LS005,Aryna Sabalenka,Liudmila Samsonova,320760,322222,QF,6-3 6-2,completed,present,2024-08-13,2024-08-19,2024-08-17T16:48:32.753+00:00,False,2024-08-17T18:27:22.717+00:00,False,data/raw/wta/stats/_httpcache/2024/a1c9827577f8b12d863f8e89b6f02fbd536b8e5ed62f1c2edea9c176aed767bb.json,a701945ab6114cd5532d9b275707d15ca46a05a86d91ed2b96984f3cf02122ca,1,134844.0,True,2024-08-17,stats,False,False
2024,1017,LS006,Jessica Pegula,Leylah Fernandez,316956,326735,QF,7-5 6-7(1) 7-6(3),completed,present,2024-08-13,2024-08-19,2024-08-17T18:30:05.107+00:00,False,2024-08-17T21:52:00.463+00:00,False,data/raw/wta/stats/_httpcache/2024/a1c9827577f8b12d863f8e89b6f02fbd536b8e5ed62f1c2edea9c176aed767bb.json,a701945ab6114cd5532d9b275707d15ca46a05a86d91ed2b96984f3cf02122ca,1,134845.0,True,2024-08-17,stats,False,False
2024,1017,LS007,Paula Badosa,Anastasia Pavlyuchenkova,320124,313796,QF,6-3 6-2,completed,present,2024-08-13,2024-08-19,2024-08-18T00:19:07.83+00:00,False,2024-08-18T01:34:27.503+00:00,False,data/raw/wta/stats/_httpcache/2024/a1c9827577f8b12d863f8e89b6f02fbd536b8e5ed62f1c2edea9c176aed767bb.json,a701945ab6114cd5532d9b275707d15ca46a05a86d91ed2b96984f3cf02122ca,1,134862.0,True,2024-08-18,stats,False,False
2024,1017,LS008,Iga Swiatek,Marta Kostyuk,326408,326482,R16,6-2 6-2,completed,present,2024-08-13,2024-08-19,2024-08-16T15:57:48.867+00:00,False,2024-08-16T17:40:12.537+00:00,False,data/raw/wta/stats/_httpcache/2024/a1c9827577f8b12d863f8e89b6f02fbd536b8e5ed62f1c2edea9c176aed767bb.json,a701945ab6114cd5532d9b275707d15ca46a05a86d91ed2b96984f3cf02122ca,1,134834.0,True,2024-08-16,stats,False,False
2024,1017,LS009,Mirra Andreeva,Jasmine Paolini,331809,319280,R16,3-6 6-3 6-2,completed,present,2024-08-13,2024-08-19,2024-08-16T18:53:58.883+00:00,False,2024-08-16T21:05:44.817+00:00,False,data/raw/wta/stats/_httpcache/2024/a1c9827577f8b12d863f8e89b6f02fbd536b8e5ed62f1c2edea9c176aed767bb.json,a701945ab6114cd5532d9b275707d15ca46a05a86d91ed2b96984f3cf02122ca,1,134835.0,True,2024-08-16,stats,False,False
2024,1017,LS010,Aryna Sabalenka,Elina Svitolina,320760,316738,R16,7-5 6-2,completed,present,2024-08-13,2024-08-19,2024-08-16T19:13:28.887+00:00,False,2024-08-16T20:42:06.383+00:00,False,data/raw/wta/stats/_httpcache/2024/a1c9827577f8b12d863f8e89b6f02fbd536b8e5ed62f1c2edea9c176aed767bb.json,a701945ab6114cd5532d9b275707d15ca46a05a86d91ed2b96984f3cf02122ca,1,134836.0,True,2024-08-16,stats,False,False
2024,1017,LS011,Liudmila Samsonova,Elina Avanesyan,322222,327620,R16,4-6 6-0 6-3,completed,present,2024-08-13,2024-08-19,2024-08-16T15:56:33.333+00:00,False,2024-08-16T18:21:36.34+00:00,False,data/raw/wta/stats/_httpcache/2024/a1c9827577f8b12d863f8e89b6f02fbd536b8e5ed62f1c2edea9c176aed767bb.json,a701945ab6114cd5532d9b275707d15ca46a05a86d91ed2b96984f3cf02122ca,1,134833.0,True,2024-08-16,stats,False,False
2024,1017,LS012,Jessica Pegula,Taylor Townsend,316956,318609,R16,6-2 6-3,completed,present,2024-08-13,2024-08-19,2024-08-16T23:06:39.91+00:00,False,2024-08-17T00:22:07.077+00:00,False,data/raw/wta/stats/_httpcache/2024/a1c9827577f8b12d863f8e89b6f02fbd536b8e5ed62f1c2edea9c176aed767bb.json,a701945ab6114cd5532d9b275707d15ca46a05a86d91ed2b96984f3cf02122ca,1,134839.0,True,2024-08-16,stats,False,False
2024,1017,LS013,Leylah Fernandez,Diana Shnaider,326735,330482,R16,6-1 6-4,completed,present,2024-08-13,2024-08-19,2024-08-16T20:46:00.293+00:00,False,2024-08-16T22:47:02.863+00:00,False,data/raw/wta/stats/_httpcache/2024/a1c9827577f8b12d863f8e89b6f02fbd536b8e5ed62f1c2edea9c176aed767bb.json,a701945ab6114cd5532d9b275707d15ca46a05a86d91ed2b96984f3cf02122ca,1,134837.0,True,2024-08-16,stats,False,False
2024,1017,LS014,Anastasia Pavlyuchenkova,Qinwen Zheng,313796,328120,R16,7-5 6-1,completed,present,2024-08-13,2024-08-19,2024-08-17T00:11:26.37+00:00,False,2024-08-17T02:14:33.467+00:00,False,data/raw/wta/stats/_httpcache/2024/a1c9827577f8b12d863f8e89b6f02fbd536b8e5ed62f1c2edea9c176aed767bb.json,a701945ab6114cd5532d9b275707d15ca46a05a86d91ed2b96984f3cf02122ca,1,134842.0,True,2024-08-17,stats,False,False
2024,1017,LS015,Paula Badosa,Yulia Putintseva,320124,317683,R16,6-4 6-4,completed,present,2024-08-13,2024-08-19,2024-08-16T21:07:42.763+00:00,False,2024-08-16T23:16:04.11+00:00,False,data/raw/wta/stats/_httpcache/2024/a1c9827577f8b12d863f8e89b6f02fbd536b8e5ed62f1c2edea9c176aed767bb.json,a701945ab6114cd5532d9b275707d15ca46a05a86d91ed2b96984f3cf02122ca,1,134838.0,True,2024-08-16,stats,False,False
2024,1017,LS016,Iga Swiatek,Varvara Gracheva,326408,325836,R32,6-0 6-7(8) 6-2,completed,present,2024-08-13,2024-08-19,2024-08-14T22:49:30.197+00:00,False,2024-08-15T01:20:10.56+00:00,False,data/raw/wta/stats/_httpcache/2024/a1c9827577f8b12d863f8e89b6f02fbd536b8e5ed62f1c2edea9c176aed767bb.json,a701945ab6114cd5532d9b275707d15ca46a05a86d91ed2b96984f3cf02122ca,1,134805.0,True,2024-08-14,stats,False,False
2024,1017,LS017,Marta Kostyuk,Lulu Sun,326482,324576,R32,6-3 7-5,completed,present,2024-08-13,2024-08-19,2024-08-14T21:44:48.743+00:00,False,2024-08-14T23:24:07.633+00:00,False,data/raw/wta/stats/_httpcache/2024/a1c9827577f8b12d863f8e89b6f02fbd536b8e5ed62f1c2edea9c176aed767bb.json,a701945ab6114cd5532d9b275707d15ca46a05a86d91ed2b96984f3cf02122ca,1,134804.0,True,2024-08-14,stats,False,False
2024,1017,LS018,Mirra Andreeva,Karolina Pliskova,331809,313974,R32,6-2 6-3,completed,present,2024-08-13,2024-08-19,2024-08-15T20:23:05.847+00:00,False,2024-08-15T21:58:55.417+00:00,False,data/raw/wta/stats/_httpcache/2024/a1c9827577f8b12d863f8e89b6f02fbd536b8e5ed62f1c2edea9c176aed767bb.json,a701945ab6114cd5532d9b275707d15ca46a05a86d91ed2b96984f3cf02122ca,1,134822.0,True,2024-08-15,stats,False,False
2024,1017,LS019,Jasmine Paolini,Anastasia Potapova,319280,325601,R32,7-6(2) 6-3,completed,present,2024-08-13,2024-08-19,2024-08-15T22:36:33.73+00:00,False,2024-08-16T00:30:53.39+00:00,False,data/raw/wta/stats/_httpcache/2024/a1c9827577f8b12d863f8e89b6f02fbd536b8e5ed62f1c2edea9c176aed767bb.json,a701945ab6114cd5532d9b275707d15ca46a05a86d91ed2b96984f3cf02122ca,1,134823.0,True,2024-08-15,stats,False,False
2024,1017,LS020,Aryna Sabalenka,Elisabetta Cocciaretto,320760,327909,R32,6-3 6-4,completed,present,2024-08-13,2024-08-19,2024-08-15T16:54:09.947+00:00,False,2024-08-15T18:46:32.327+00:00,False,data/raw/wta/stats/_httpcache/2024/a1c9827577f8b12d863f8e89b6f02fbd536b8e5ed62f1c2edea9c176aed767bb.json,a701945ab6114cd5532d9b275707d15ca46a05a86d91ed2b96984f3cf02122ca,1,134818.0,True,2024-08-15,stats,False,False
2024,1017,LS021,Elina Svitolina,Jessica Bouzas Maneiro,316738,328139,R32,6-4 6-1,completed,present,2024-08-13,2024-08-19,2024-08-15T14:47:07.653+00:00,False,2024-08-15T16:17:05.183+00:00,False,data/raw/wta/stats/_httpcache/2024/a1c9827577f8b12d863f8e89b6f02fbd536b8e5ed62f1c2edea9c176aed767bb.json,a701945ab6114cd5532d9b275707d15ca46a05a86d91ed2b96984f3cf02122ca,1,134815.0,True,2024-08-15,stats,False,False
2024,1017,LS022,Liudmila Samsonova,Magda Linette,322222,315130,R32,7-6(10) 6-1,completed,present,2024-08-13,2024-08-19,2024-08-15T16:48:22.153+00:00,False,2024-08-15T19:01:36.01+00:00,False,data/raw/wta/stats/_httpcache/2024/a1c9827577f8b12d863f8e89b6f02fbd536b8e5ed62f1c2edea9c176aed767bb.json,a701945ab6114cd5532d9b275707d15ca46a05a86d91ed2b96984f3cf02122ca,1,134817.0,True,2024-08-15,stats,False,False
2024,1017,LS023,Elina Avanesyan,Jelena Ostapenko,327620,319939,R32,2-6 6-2 6-2,completed,present,2024-08-13,2024-08-19,2024-08-15T14:46:17.507+00:00,False,2024-08-15T16:46:37.727+00:00,False,data/raw/wta/stats/_httpcache/2024/a1c9827577f8b12d863f8e89b6f02fbd536b8e5ed62f1c2edea9c176aed767bb.json,a701945ab6114cd5532d9b275707d15ca46a05a86d91ed2b96984f3cf02122ca,1,134814.0,True,2024-08-15,stats,False,False
2024,1017,LS024,Jessica Pegula,Karolina Muchova,316956,322191,R32,5-7 6-4 6-2,completed,present,2024-08-13,2024-08-19,2024-08-16T16:48:58.8+00:00,False,2024-08-16T19:28:29.41+00:00,False,data/raw/wta/stats/_httpcache/2024/a1c9827577f8b12d863f8e89b6f02fbd536b8e5ed62f1c2edea9c176aed767bb.json,a701945ab6114cd5532d9b275707d15ca46a05a86d91ed2b96984f3cf02122ca,1,134832.0,True,2024-08-16,stats,False,False
2024,1017,LS025,Taylor Townsend,Daria Kasatkina,318609,322082,R32,6-1 2-6 6-1,completed,present,2024-08-13,2024-08-19,2024-08-15T17:52:32.193+00:00,False,2024-08-15T20:03:31.863+00:00,False,data/raw/wta/stats/_httpcache/2024/a1c9827577f8b12d863f8e89b6f02fbd536b8e5ed62f1c2edea9c176aed767bb.json,a701945ab6114cd5532d9b275707d15ca46a05a86d91ed2b96984f3cf02122ca,1,134819.0,True,2024-08-15,stats,False,False
2024,1017,LS026,Diana Shnaider,Ashlyn Krueger,330482,329409,R32,7-5 6-0,completed,present,2024-08-13,2024-08-19,2024-08-15T16:18:41.123+00:00,False,2024-08-15T17:50:11.313+00:00,False,data/raw/wta/stats/_httpcache/2024/a1c9827577f8b12d863f8e89b6f02fbd536b8e5ed62f1c2edea9c176aed767bb.json,a701945ab6114cd5532d9b275707d15ca46a05a86d91ed2b96984f3cf02122ca,1,134816.0,True,2024-08-15,stats,False,False
2024,1017,LS027,Leylah Fernandez,Elena Rybakina,326735,324166,R32,3-6 7-6(3) 6-4,completed,present,2024-08-13,2024-08-19,2024-08-15T14:45:28.927+00:00,False,2024-08-15T17:43:07.157+00:00,False,data/raw/wta/stats/_httpcache/2024/a1c9827577f8b12d863f8e89b6f02fbd536b8e5ed62f1c2edea9c176aed767bb.json,a701945ab6114cd5532d9b275707d15ca46a05a86d91ed2b96984f3cf02122ca,1,134813.0,True,2024-08-15,stats,False,False
2024,1017,LS028,Qinwen Zheng,Magdalena Frech,328120,320277,R32,6-1 7-5,completed,present,2024-08-13,2024-08-19,2024-08-15T22:44:03.357+00:00,False,2024-08-16T19:07:02.523+00:00,False,data/raw/wta/stats/_httpcache/2024/a1c9827577f8b12d863f8e89b6f02fbd536b8e5ed62f1c2edea9c176aed767bb.json,a701945ab6114cd5532d9b275707d15ca46a05a86d91ed2b96984f3cf02122ca,1,134824.0,True,2024-08-15,stats,False,False
2024,1017,LS029,Anastasia Pavlyuchenkova,Caroline Wozniacki,313796,313402,R32,7-5 6-4,completed,present,2024-08-13,2024-08-19,2024-08-15T23:04:07.867+00:00,False,2024-08-16T18:52:09.51+00:00,False,data/raw/wta/stats/_httpcache/2024/a1c9827577f8b12d863f8e89b6f02fbd536b8e5ed62f1c2edea9c176aed767bb.json,a701945ab6114cd5532d9b275707d15ca46a05a86d91ed2b96984f3cf02122ca,1,134825.0,True,2024-08-15,stats,False,False
2024,1017,LS030,Paula Badosa,Anna Kalinskaya,320124,323942,R32,6-3 6-2,completed,present,2024-08-13,2024-08-19,2024-08-15T19:03:23.747+00:00,False,2024-08-15T20:18:57.803+00:00,False,data/raw/wta/stats/_httpcache/2024/a1c9827577f8b12d863f8e89b6f02fbd536b8e5ed62f1c2edea9c176aed767bb.json,a701945ab6114cd5532d9b275707d15ca46a05a86d91ed2b96984f3cf02122ca,1,134821.0,True,2024-08-15,stats,False,False
2024,1017,LS031,Yulia Putintseva,Coco Gauff,317683,328560,R32,6-4 2-6 6-4,completed,present,2024-08-13,2024-08-19,2024-08-15T18:47:17.253+00:00,False,2024-08-15T20:58:52.917+00:00,False,data/raw/wta/stats/_httpcache/2024/a1c9827577f8b12d863f8e89b6f02fbd536b8e5ed62f1c2edea9c176aed767bb.json,a701945ab6114cd5532d9b275707d15ca46a05a86d91ed2b96984f3cf02122ca,1,134820.0,True,2024-08-15,stats,False,False
2024,1017,LS033,Varvara Gracheva,Ajla Tomljanovic,325836,315232,R64,6-3 2-6 7-6(5),completed,present,2024-08-13,2024-08-19,2024-08-13T14:50:50.207+00:00,False,2024-08-13T17:30:41.22+00:00,False,data/raw/wta/stats/_httpcache/2024/a1c9827577f8b12d863f8e89b6f02fbd536b8e5ed62f1c2edea9c176aed767bb.json,a701945ab6114cd5532d9b275707d15ca46a05a86d91ed2b96984f3cf02122ca,1,134776.0,True,2024-08-13,stats,False,False
2024,1017,LS034,Lulu Sun,Linda Noskova,324576,329668,R64,6-4 7-6(4),completed,present,2024-08-13,2024-08-19,2024-08-13T17:33:03.7+00:00,False,2024-08-13T19:15:11.217+00:00,False,data/raw/wta/stats/_httpcache/2024/a1c9827577f8b12d863f8e89b6f02fbd536b8e5ed62f1c2edea9c176aed767bb.json,a701945ab6114cd5532d9b275707d15ca46a05a86d91ed2b96984f3cf02122ca,1,134778.0,True,2024-08-13,stats,False,False
2024,1017,LS035,Marta Kostyuk,Elise Mertens,326482,317964,R64,6-4 2-6 6-4,completed,present,2024-08-13,2024-08-19,2024-08-13T16:54:45.88+00:00,False,2024-08-13T19:26:30.32+00:00,False,data/raw/wta/stats/_httpcache/2024/a1c9827577f8b12d863f8e89b6f02fbd536b8e5ed62f1c2edea9c176aed767bb.json,a701945ab6114cd5532d9b275707d15ca46a05a86d91ed2b96984f3cf02122ca,1,134777.0,True,2024-08-13,stats,False,False
2024,1017,LS036,Mirra Andreeva,Emma Navarro,331809,325410,R64,6-2 6-2,completed,present,2024-08-13,2024-08-19,2024-08-14T19:25:37.123+00:00,False,2024-08-14T20:45:07.907+00:00,False,data/raw/wta/stats/_httpcache/2024/a1c9827577f8b12d863f8e89b6f02fbd536b8e5ed62f1c2edea9c176aed767bb.json,a701945ab6114cd5532d9b275707d15ca46a05a86d91ed2b96984f3cf02122ca,1,134801.0,True,2024-08-14,stats,False,False
2024,1017,LS037,Karolina Pliskova,Viktoriya Tomova,313974,317584,R64,7-6(3) 7-6(3),completed,present,2024-08-13,2024-08-19,2024-08-13T14:47:19.627+00:00,False,2024-08-13T16:50:09.397+00:00,False,data/raw/wta/stats/_httpcache/2024/a1c9827577f8b12d863f8e89b6f02fbd536b8e5ed62f1c2edea9c176aed767bb.json,a701945ab6114cd5532d9b275707d15ca46a05a86d91ed2b96984f3cf02122ca,1,134775.0,True,2024-08-13,stats,False,False
2024,1017,LS038,Anastasia Potapova,Clara Burel,325601,325320,R64,6-4 2-6 6-1,completed,present,2024-08-13,2024-08-19,2024-08-13T23:26:18.363+00:00,False,2024-08-14T01:22:42.703+00:00,False,data/raw/wta/stats/_httpcache/2024/a1c9827577f8b12d863f8e89b6f02fbd536b8e5ed62f1c2edea9c176aed767bb.json,a701945ab6114cd5532d9b275707d15ca46a05a86d91ed2b96984f3cf02122ca,1,134784.0,True,2024-08-13,stats,False,False
2024,1017,LS041,Elisabetta Cocciaretto,Robin Montgomery,327909,329408,R64,7-5 4-6 6-3,completed,present,2024-08-13,2024-08-19,2024-08-13T20:46:22.52+00:00,False,2024-08-13T23:22:27.647+00:00,False,data/raw/wta/stats/_httpcache/2024/a1c9827577f8b12d863f8e89b6f02fbd536b8e5ed62f1c2edea9c176aed767bb.json,a701945ab6114cd5532d9b275707d15ca46a05a86d91ed2b96984f3cf02122ca,1,134781.0,True,2024-08-13,stats,False,False
2024,1017,LS042,Elina Svitolina,Yafan Wang,316738,317510,R64,5-7 6-3 6-2,completed,present,2024-08-13,2024-08-19,2024-08-13T22:42:25.17+00:00,False,2024-08-14T01:20:19.903+00:00,False,data/raw/wta/stats/_httpcache/2024/a1c9827577f8b12d863f8e89b6f02fbd536b8e5ed62f1c2edea9c176aed767bb.json,a701945ab6114cd5532d9b275707d15ca46a05a86d91ed2b96984f3cf02122ca,1,134782.0,True,2024-08-13,stats,False,False
2024,1017,LS043,Jessica Bouzas Maneiro,Lucia Bronzetti,328139,322280,R64,6-4 3-6 7-6(1),completed,present,2024-08-13,2024-08-19,2024-08-14T17:04:06.267+00:00,False,2024-08-14T20:09:19.353+00:00,False,data/raw/wta/stats/_httpcache/2024/a1c9827577f8b12d863f8e89b6f02fbd536b8e5ed62f1c2edea9c176aed767bb.json,a701945ab6114cd5532d9b275707d15ca46a05a86d91ed2b96984f3cf02122ca,1,134799.0,True,2024-08-14,stats,False,False
2024,1017,LS044,Liudmila Samsonova,Xinyu Wang,322222,326376,R64,6-4 6-4,completed,present,2024-08-13,2024-08-19,2024-08-14T18:19:52.34+00:00,False,2024-08-14T20:03:47.447+00:00,False,data/raw/wta/stats/_httpcache/2024/a1c9827577f8b12d863f8e89b6f02fbd536b8e5ed62f1c2edea9c176aed767bb.json,a701945ab6114cd5532d9b275707d15ca46a05a86d91ed2b96984f3cf02122ca,1,134800.0,True,2024-08-14,stats,False,False
2024,1017,LS045,Magda Linette,Katie Boulter,315130,319125,R64,2-6 6-0 7-5,completed,present,2024-08-13,2024-08-19,2024-08-13T23:11:21.61+00:00,False,2024-08-14T01:19:01.717+00:00,False,data/raw/wta/stats/_httpcache/2024/a1c9827577f8b12d863f8e89b6f02fbd536b8e5ed62f1c2edea9c176aed767bb.json,a701945ab6114cd5532d9b275707d15ca46a05a86d91ed2b96984f3cf02122ca,1,134783.0,True,2024-08-13,stats,False,False
2024,1017,LS046,Elina Avanesyan,Bianca Andreescu,327620,325088,R64,6-4 7-5,completed,present,2024-08-13,2024-08-19,2024-08-14T01:31:38.3+00:00,False,2024-08-14T03:36:06.257+00:00,False,data/raw/wta/stats/_httpcache/2024/a1c9827577f8b12d863f8e89b6f02fbd536b8e5ed62f1c2edea9c176aed767bb.json,a701945ab6114cd5532d9b275707d15ca46a05a86d91ed2b96984f3cf02122ca,1,134793.0,True,2024-08-14,stats,False,False
2024,1017,LS049,Karolina Muchova,Dayana Yastremska,322191,324261,R64,7-6(6) 6-2,completed,present,2024-08-13,2024-08-19,2024-08-14T20:12:46.11+00:00,False,2024-08-14T22:25:21.417+00:00,False,data/raw/wta/stats/_httpcache/2024/a1c9827577f8b12d863f8e89b6f02fbd536b8e5ed62f1c2edea9c176aed767bb.json,a701945ab6114cd5532d9b275707d15ca46a05a86d91ed2b96984f3cf02122ca,1,134802.0,True,2024-08-14,stats,False,False
2024,1017,LS050,Taylor Townsend,Caroline Dolehide,318609,322052,R64,3-6 6-4 7-6(7),completed,present,2024-08-13,2024-08-19,2024-08-14T16:41:24.01+00:00,False,2024-08-14T19:20:43.797+00:00,False,data/raw/wta/stats/_httpcache/2024/a1c9827577f8b12d863f8e89b6f02fbd536b8e5ed62f1c2edea9c176aed767bb.json,a701945ab6114cd5532d9b275707d15ca46a05a86d91ed2b96984f3cf02122ca,1,134798.0,True,2024-08-14,stats,False,False
2024,1017,LS051,Daria Kasatkina,Ekaterina Alexandrova,322082,319007,R64,6-4 6-2,completed,present,2024-08-13,2024-08-19,2024-08-13T19:22:32.63+00:00,False,2024-08-13T20:40:01.007+00:00,False,data/raw/wta/stats/_httpcache/2024/a1c9827577f8b12d863f8e89b6f02fbd536b8e5ed62f1c2edea9c176aed767bb.json,a701945ab6114cd5532d9b275707d15ca46a05a86d91ed2b96984f3cf02122ca,1,134780.0,True,2024-08-13,stats,False,False
2024,1017,LS052,Ashlyn Krueger,Donna Vekic,329409,318516,R64,5-7 7-6(4) 6-2,completed,present,2024-08-13,2024-08-19,2024-08-13T18:43:25.813+00:00,False,2024-08-13T22:12:46.707+00:00,False,data/raw/wta/stats/_httpcache/2024/a1c9827577f8b12d863f8e89b6f02fbd536b8e5ed62f1c2edea9c176aed767bb.json,a701945ab6114cd5532d9b275707d15ca46a05a86d91ed2b96984f3cf02122ca,1,134779.0,True,2024-08-13,stats,False,False
2024,1017,LS053,Diana Shnaider,Shuai Zhang,330482,311779,R64,6-1 6-4,completed,present,2024-08-13,2024-08-19,2024-08-14T14:55:47.573+00:00,False,2024-08-14T16:02:31.653+00:00,False,data/raw/wta/stats/_httpcache/2024/a1c9827577f8b12d863f8e89b6f02fbd536b8e5ed62f1c2edea9c176aed767bb.json,a701945ab6114cd5532d9b275707d15ca46a05a86d91ed2b96984f3cf02122ca,1,134796.0,True,2024-08-14,stats,False,False
2024,1017,LS054,Leylah Fernandez,Yue Yuan,326735,324325,R64,3-6 6-4 6-3,completed,present,2024-08-13,2024-08-19,2024-08-14T16:04:21.84+00:00,False,2024-08-14T18:17:36.47+00:00,False,data/raw/wta/stats/_httpcache/2024/a1c9827577f8b12d863f8e89b6f02fbd536b8e5ed62f1c2edea9c176aed767bb.json,a701945ab6114cd5532d9b275707d15ca46a05a86d91ed2b96984f3cf02122ca,1,134797.0,True,2024-08-14,stats,False,False
2024,1017,LS057,Magdalena Frech,Marie Bouzkova,320277,320983,R64,3-6 6-4 6-3,completed,present,2024-08-13,2024-08-19,2024-08-15T00:14:46.72+00:00,False,2024-08-15T02:42:31.99+00:00,False,data/raw/wta/stats/_httpcache/2024/a1c9827577f8b12d863f8e89b6f02fbd536b8e5ed62f1c2edea9c176aed767bb.json,a701945ab6114cd5532d9b275707d15ca46a05a86d91ed2b96984f3cf02122ca,1,134811.0,True,2024-08-15,stats,False,False
2024,1017,LS058,Caroline Wozniacki,Anhelina Kalinina,313402,320567,R64,6-2 6-4,completed,present,2024-08-13,2024-08-19,2024-08-15T00:26:39.783+00:00,False,2024-08-15T02:04:54.023+00:00,False,data/raw/wta/stats/_httpcache/2024/a1c9827577f8b12d863f8e89b6f02fbd536b8e5ed62f1c2edea9c176aed767bb.json,a701945ab6114cd5532d9b275707d15ca46a05a86d91ed2b96984f3cf02122ca,1,134812.0,True,2024-08-15,stats,False,False
2024,1017,LS059,Anastasia Pavlyuchenkova,Beatriz Haddad Maia,313796,318176,R64,4-6 7-6(4) 6-3,completed,present,2024-08-13,2024-08-19,2024-08-14T20:45:49.23+00:00,False,2024-08-15T00:09:51.047+00:00,False,data/raw/wta/stats/_httpcache/2024/a1c9827577f8b12d863f8e89b6f02fbd536b8e5ed62f1c2edea9c176aed767bb.json,a701945ab6114cd5532d9b275707d15ca46a05a86d91ed2b96984f3cf02122ca,1,134803.0,True,2024-08-14,stats,False,False
2024,1017,LS060,Anna Kalinskaya,Katerina Siniakova,323942,320301,R64,1-6 6-2 6-3,completed,present,2024-08-13,2024-08-19,2024-08-14T14:51:22.557+00:00,False,2024-08-14T17:01:43.53+00:00,False,data/raw/wta/stats/_httpcache/2024/a1c9827577f8b12d863f8e89b6f02fbd536b8e5ed62f1c2edea9c176aed767bb.json,a701945ab6114cd5532d9b275707d15ca46a05a86d91ed2b96984f3cf02122ca,1,134795.0,True,2024-08-14,stats,False,False
2024,1017,LS061,Paula Badosa,Peyton Stearns,320124,327573,R64,6-2 7-5,completed,present,2024-08-13,2024-08-19,2024-08-14T14:46:11.163+00:00,False,2024-08-14T16:37:43.887+00:00,False,data/raw/wta/stats/_httpcache/2024/a1c9827577f8b12d863f8e89b6f02fbd536b8e5ed62f1c2edea9c176aed767bb.json,a701945ab6114cd5532d9b275707d15ca46a05a86d91ed2b96984f3cf02122ca,1,134794.0,True,2024-08-14,stats,False,False
2024,1017,LS062,Yulia Putintseva,Harriet Dart,317683,319489,R64,4-6 6-0 6-1,completed,present,2024-08-13,2024-08-19,2024-08-14T01:21:39.92+00:00,False,2024-08-14T03:23:07.43+00:00,False,data/raw/wta/stats/_httpcache/2024/a1c9827577f8b12d863f8e89b6f02fbd536b8e5ed62f1c2edea9c176aed767bb.json,a701945ab6114cd5532d9b275707d15ca46a05a86d91ed2b96984f3cf02122ca,1,134792.0,True,2024-08-14,stats,False,False
2024,1020,LS001,Coco Gauff,Karolina Muchova,328560,322191,F,6-1 6-3,completed,present,2024-09-25,2024-10-06,2024-10-06T10:45:55.737+00:00,False,2024-10-06T12:25:32.283+00:00,False,data/raw/wta/stats/_httpcache/2024/ac4d1802c1c8566a7f490b65992fc4697c0897396d6208a1f4be34f528133482.json,32f1fb3788b473d36ab6f90284e8ce98059a52bdcc29caa409bc6bd90bb19254,1,135424.0,True,2024-10-06,stats,False,False
2024,1020,LS002,Karolina Muchova,Qinwen Zheng,322191,328120,SF,6-3 6-4,completed,present,2024-09-25,2024-10-06,2024-10-05T09:46:13.893+00:00,False,2024-10-05T11:57:55.443+00:00,False,data/raw/wta/stats/_httpcache/2024/ac4d1802c1c8566a7f490b65992fc4697c0897396d6208a1f4be34f528133482.json,32f1fb3788b473d36ab6f90284e8ce98059a52bdcc29caa409bc6bd90bb19254,1,135407.0,True,2024-10-05,stats,False,False
2024,1020,LS003,Coco Gauff,Paula Badosa,328560,320124,SF,4-6 6-4 6-2,completed,present,2024-09-25,2024-10-06,2024-10-05T06:49:02.37+00:00,False,2024-10-05T09:28:38.227+00:00,False,data/raw/wta/stats/_httpcache/2024/ac4d1802c1c8566a7f490b65992fc4697c0897396d6208a1f4be34f528133482.json,32f1fb3788b473d36ab6f90284e8ce98059a52bdcc29caa409bc6bd90bb19254,1,135406.0,True,2024-10-05,stats,False,False
2024,1020,LS004,Karolina Muchova,Aryna Sabalenka,322191,320760,QF,7-6(5) 2-6 6-4,completed,present,2024-09-25,2024-10-06,2024-10-04T07:00:30.453+00:00,False,2024-10-04T10:04:37.64+00:00,False,data/raw/wta/stats/_httpcache/2024/ac4d1802c1c8566a7f490b65992fc4697c0897396d6208a1f4be34f528133482.json,32f1fb3788b473d36ab6f90284e8ce98059a52bdcc29caa409bc6bd90bb19254,1,135401.0,True,2024-10-04,stats,False,False
2024,1020,LS005,Qinwen Zheng,Mirra Andreeva,328120,331809,QF,5-7 6-0 6-4,completed,present,2024-09-25,2024-10-06,2024-10-04T10:11:57.013+00:00,False,2024-10-04T13:00:59.89+00:00,False,data/raw/wta/stats/_httpcache/2024/ac4d1802c1c8566a7f490b65992fc4697c0897396d6208a1f4be34f528133482.json,32f1fb3788b473d36ab6f90284e8ce98059a52bdcc29caa409bc6bd90bb19254,1,135402.0,True,2024-10-04,stats,False,False
2024,1020,LS006,Coco Gauff,Yuliia Starodubtseva,328560,325338,QF,2-6 6-2 6-2,completed,present,2024-09-25,2024-10-06,2024-10-03T09:44:54.693+00:00,False,2024-10-03T11:59:48.577+00:00,False,data/raw/wta/stats/_httpcache/2024/ac4d1802c1c8566a7f490b65992fc4697c0897396d6208a1f4be34f528133482.json,32f1fb3788b473d36ab6f90284e8ce98059a52bdcc29caa409bc6bd90bb19254,1,135393.0,True,2024-10-03,stats,False,False
2024,1020,LS007,Paula Badosa,Shuai Zhang,320124,311779,QF,6-1 7-6(4),completed,present,2024-09-25,2024-10-06,2024-10-03T06:57:47.647+00:00,False,2024-10-03T08:31:38.603+00:00,False,data/raw/wta/stats/_httpcache/2024/ac4d1802c1c8566a7f490b65992fc4697c0897396d6208a1f4be34f528133482.json,32f1fb3788b473d36ab6f90284e8ce98059a52bdcc29caa409bc6bd90bb19254,1,135392.0,True,2024-10-03,stats,False,False
2024,1020,LS008,Aryna Sabalenka,Madison Keys,320760,316959,R16,6-4 6-3,completed,present,2024-09-25,2024-10-06,2024-10-02T03:48:14.633+00:00,False,2024-10-02T05:13:00.037+00:00,False,data/raw/wta/stats/_httpcache/2024/ac4d1802c1c8566a7f490b65992fc4697c0897396d6208a1f4be34f528133482.json,32f1fb3788b473d36ab6f90284e8ce98059a52bdcc29caa409bc6bd90bb19254,1,135383.0,True,2024-10-02,stats,False,False
2024,1020,LS009,Karolina Muchova,Cristina Bucsa,322191,321158,R16,6-2 6-0,completed,present,2024-09-25,2024-10-06,2024-10-02T06:27:35.563+00:00,False,2024-10-02T07:47:04.7+00:00,False,data/raw/wta/stats/_httpcache/2024/ac4d1802c1c8566a7f490b65992fc4697c0897396d6208a1f4be34f528133482.json,32f1fb3788b473d36ab6f90284e8ce98059a52bdcc29caa409bc6bd90bb19254,1,135384.0,True,2024-10-02,stats,False,False
2024,1020,LS010,Mirra Andreeva,Magda Linette,331809,315130,R16,6-1 6-3,completed,present,2024-09-25,2024-10-06,2024-10-02T07:49:35.627+00:00,False,2024-10-02T09:18:22.173+00:00,False,data/raw/wta/stats/_httpcache/2024/ac4d1802c1c8566a7f490b65992fc4697c0897396d6208a1f4be34f528133482.json,32f1fb3788b473d36ab6f90284e8ce98059a52bdcc29caa409bc6bd90bb19254,1,135385.0,True,2024-10-02,stats,False,False
2024,1020,LS011,Qinwen Zheng,Amanda Anisimova,328120,326384,R16,3-6 6-1 6-2,completed,present,2024-09-25,2024-10-06,2024-10-02T13:06:08.547+00:00,False,2024-10-02T15:51:16.207+00:00,False,data/raw/wta/stats/_httpcache/2024/ac4d1802c1c8566a7f490b65992fc4697c0897396d6208a1f4be34f528133482.json,32f1fb3788b473d36ab6f90284e8ce98059a52bdcc29caa409bc6bd90bb19254,1,135386.0,True,2024-10-02,stats,False,False
2024,1020,LS012,Yuliia Starodubtseva,Anna Kalinskaya,325338,323942,R16,7-5 6-0,completed,present,2024-09-25,2024-10-06,2024-10-01T07:41:53.61+00:00,False,2024-10-01T09:43:52.257+00:00,False,data/raw/wta/stats/_httpcache/2024/ac4d1802c1c8566a7f490b65992fc4697c0897396d6208a1f4be34f528133482.json,32f1fb3788b473d36ab6f90284e8ce98059a52bdcc29caa409bc6bd90bb19254,1,135372.0,True,2024-10-01,stats,False,False
2024,1020,LS014,Shuai Zhang,Magdalena Frech,311779,320277,R16,6-4 6-2,completed,present,2024-09-25,2024-10-06,2024-10-01T04:17:51.587+00:00,False,2024-10-01T06:01:49.66+00:00,False,data/raw/wta/stats/_httpcache/2024/ac4d1802c1c8566a7f490b65992fc4697c0897396d6208a1f4be34f528133482.json,32f1fb3788b473d36ab6f90284e8ce98059a52bdcc29caa409bc6bd90bb19254,1,135371.0,True,2024-10-01,stats,False,False
2024,1020,LS015,Paula Badosa,Jessica Pegula,320124,316956,R16,6-4 6-0,completed,present,2024-09-25,2024-10-06,2024-10-01T02:45:18.003+00:00,False,2024-10-01T04:12:45.04+00:00,False,data/raw/wta/stats/_httpcache/2024/ac4d1802c1c8566a7f490b65992fc4697c0897396d6208a1f4be34f528133482.json,32f1fb3788b473d36ab6f90284e8ce98059a52bdcc29caa409bc6bd90bb19254,1,135370.0,True,2024-10-01,stats,False,False
2024,1020,LS016,Aryna Sabalenka,Ashlyn Krueger,320760,329409,R32,6-2 6-2,completed,present,2024-09-25,2024-10-06,2024-09-30T04:49:02.36+00:00,False,2024-09-30T06:22:39.687+00:00,False,data/raw/wta/stats/_httpcache/2024/ac4d1802c1c8566a7f490b65992fc4697c0897396d6208a1f4be34f528133482.json,32f1fb3788b473d36ab6f90284e8ce98059a52bdcc29caa409bc6bd90bb19254,1,135358.0,True,2024-09-30,stats,False,False
2024,1020,LS017,Madison Keys,Beatriz Haddad Maia,316959,318176,R32,6-3 6-3,completed,present,2024-09-25,2024-10-06,2024-09-30T02:46:03.177+00:00,False,2024-09-30T04:34:27.617+00:00,False,data/raw/wta/stats/_httpcache/2024/ac4d1802c1c8566a7f490b65992fc4697c0897396d6208a1f4be34f528133482.json,32f1fb3788b473d36ab6f90284e8ce98059a52bdcc29caa409bc6bd90bb19254,1,135356.0,True,2024-09-30,stats,False,False
2024,1020,LS018,Cristina Bucsa,Elise Mertens,321158,317964,R32,4-6 6-2 6-2,completed,present,2024-09-25,2024-10-06,2024-09-30T05:06:08.893+00:00,False,2024-09-30T07:41:40.243+00:00,False,data/raw/wta/stats/_httpcache/2024/ac4d1802c1c8566a7f490b65992fc4697c0897396d6208a1f4be34f528133482.json,32f1fb3788b473d36ab6f90284e8ce98059a52bdcc29caa409bc6bd90bb19254,1,135359.0,True,2024-09-30,stats,False,False
2024,1020,LS019,Karolina Muchova,Jaqueline Cristian,322191,320319,R32,6-1 6-3,completed,present,2024-09-25,2024-10-06,2024-09-30T05:32:56.44+00:00,False,2024-09-30T07:01:55.693+00:00,False,data/raw/wta/stats/_httpcache/2024/ac4d1802c1c8566a7f490b65992fc4697c0897396d6208a1f4be34f528133482.json,32f1fb3788b473d36ab6f90284e8ce98059a52bdcc29caa409bc6bd90bb19254,1,135360.0,True,2024-09-30,stats,False,False
2024,1020,LS020,Magda Linette,Jasmine Paolini,315130,319280,R32,6-4 6-0,completed,present,2024-09-25,2024-10-06,2024-09-30T06:24:37.347+00:00,False,2024-09-30T08:06:48.373+00:00,False,data/raw/wta/stats/_httpcache/2024/ac4d1802c1c8566a7f490b65992fc4697c0897396d6208a1f4be34f528133482.json,32f1fb3788b473d36ab6f90284e8ce98059a52bdcc29caa409bc6bd90bb19254,1,135361.0,True,2024-09-30,stats,False,False
2024,1020,LS021,Mirra Andreeva,Donna Vekic,331809,318516,R32,3-6 6-4 6-4,completed,present,2024-09-25,2024-10-06,2024-09-30T08:08:57.84+00:00,False,2024-09-30T10:57:56.337+00:00,False,data/raw/wta/stats/_httpcache/2024/ac4d1802c1c8566a7f490b65992fc4697c0897396d6208a1f4be34f528133482.json,32f1fb3788b473d36ab6f90284e8ce98059a52bdcc29caa409bc6bd90bb19254,1,135362.0,True,2024-09-30,stats,False,False
2024,1020,LS022,Amanda Anisimova,Daria Kasatkina,326384,322082,R32,7-6(1) 6-4,completed,present,2024-09-25,2024-10-06,2024-09-30T09:46:26.36+00:00,False,2024-09-30T11:42:15.913+00:00,False,data/raw/wta/stats/_httpcache/2024/ac4d1802c1c8566a7f490b65992fc4697c0897396d6208a1f4be34f528133482.json,32f1fb3788b473d36ab6f90284e8ce98059a52bdcc29caa409bc6bd90bb19254,1,135363.0,True,2024-09-30,stats,False,False
2024,1020,LS023,Qinwen Zheng,Nadia Podoroska,328120,319112,R32,6-3 6-2,completed,present,2024-09-25,2024-10-06,2024-09-30T10:47:19.57+00:00,False,2024-09-30T12:28:48.08+00:00,False,data/raw/wta/stats/_httpcache/2024/ac4d1802c1c8566a7f490b65992fc4697c0897396d6208a1f4be34f528133482.json,32f1fb3788b473d36ab6f90284e8ce98059a52bdcc29caa409bc6bd90bb19254,1,135364.0,True,2024-09-30,stats,False,False
2024,1020,LS024,Yuliia Starodubtseva,Elina Avanesyan,325338,327620,R32,6-3 6-1,completed,present,2024-09-25,2024-10-06,2024-09-29T04:53:32.937+00:00,False,2024-09-29T06:41:49.69+00:00,False,data/raw/wta/stats/_httpcache/2024/ac4d1802c1c8566a7f490b65992fc4697c0897396d6208a1f4be34f528133482.json,32f1fb3788b473d36ab6f90284e8ce98059a52bdcc29caa409bc6bd90bb19254,1,135353.0,True,2024-09-29,stats,False,False
2024,1020,LS026,Naomi Osaka,Katie Volynets,319998,327391,R32,6-3 6-2,completed,present,2024-09-25,2024-10-06,2024-09-30T03:59:27.96+00:00,False,2024-09-30T05:28:40.387+00:00,False,data/raw/wta/stats/_httpcache/2024/ac4d1802c1c8566a7f490b65992fc4697c0897396d6208a1f4be34f528133482.json,32f1fb3788b473d36ab6f90284e8ce98059a52bdcc29caa409bc6bd90bb19254,1,135357.0,True,2024-09-30,stats,False,False
2024,1020,LS027,Coco Gauff,Katie Boulter,328560,319125,R32,7-5 6-2,completed,present,2024-09-25,2024-10-06,2024-09-29T12:19:59.317+00:00,False,2024-09-29T14:02:33.207+00:00,False,data/raw/wta/stats/_httpcache/2024/ac4d1802c1c8566a7f490b65992fc4697c0897396d6208a1f4be34f528133482.json,32f1fb3788b473d36ab6f90284e8ce98059a52bdcc29caa409bc6bd90bb19254,1,135355.0,True,2024-09-29,stats,False,False
2024,1020,LS028,Shuai Zhang,Greet Minnen,311779,321454,R32,6-2 6-3,completed,present,2024-09-25,2024-10-06,2024-09-29T07:49:31.85+00:00,False,2024-09-29T09:26:10.28+00:00,False,data/raw/wta/stats/_httpcache/2024/ac4d1802c1c8566a7f490b65992fc4697c0897396d6208a1f4be34f528133482.json,32f1fb3788b473d36ab6f90284e8ce98059a52bdcc29caa409bc6bd90bb19254,1,135354.0,True,2024-09-29,stats,False,False
2024,1020,LS029,Magdalena Frech,Diana Shnaider,320277,330482,R32,0-6 6-3 6-4,completed,present,2024-09-25,2024-10-06,2024-09-29T02:48:47.277+00:00,False,2024-09-29T04:51:19.83+00:00,False,data/raw/wta/stats/_httpcache/2024/ac4d1802c1c8566a7f490b65992fc4697c0897396d6208a1f4be34f528133482.json,32f1fb3788b473d36ab6f90284e8ce98059a52bdcc29caa409bc6bd90bb19254,1,135351.0,True,2024-09-29,stats,False,False
2024,1020,LS030,Paula Badosa,Rebecca Sramkova,320124,320228,R32,7-5 7-5,completed,present,2024-09-25,2024-10-06,2024-09-29T02:47:21.673+00:00,False,2024-09-29T04:57:40.883+00:00,False,data/raw/wta/stats/_httpcache/2024/ac4d1802c1c8566a7f490b65992fc4697c0897396d6208a1f4be34f528133482.json,32f1fb3788b473d36ab6f90284e8ce98059a52bdcc29caa409bc6bd90bb19254,1,135350.0,True,2024-09-29,stats,False,False
2024,1020,LS031,Jessica Pegula,Veronika Kudermetova,316956,319526,R32,6-7(9) 6-1 6-2,completed,present,2024-09-25,2024-10-06,2024-09-29T04:47:52.017+00:00,False,2024-09-29T07:48:41.25+00:00,False,data/raw/wta/stats/_httpcache/2024/ac4d1802c1c8566a7f490b65992fc4697c0897396d6208a1f4be34f528133482.json,32f1fb3788b473d36ab6f90284e8ce98059a52bdcc29caa409bc6bd90bb19254,1,135352.0,True,2024-09-29,stats,False,False
2024,1020,LS032,Aryna Sabalenka,Mananchaya Sawangkaew,320760,326929,R64,6-4 6-1,completed,present,2024-09-25,2024-10-06,2024-09-28T05:21:36.417+00:00,False,2024-09-28T06:54:51.23+00:00,False,data/raw/wta/stats/_httpcache/2024/ac4d1802c1c8566a7f490b65992fc4697c0897396d6208a1f4be34f528133482.json,32f1fb3788b473d36ab6f90284e8ce98059a52bdcc29caa409bc6bd90bb19254,1,135340.0,True,2024-09-28,stats,False,False
2024,1020,LS033,Ashlyn Krueger,Lulu Sun,329409,324576,R64,6-1 7-6(4),completed,present,2024-09-25,2024-10-06,2024-09-28T07:53:12.947+00:00,False,2024-09-28T09:26:27.887+00:00,False,data/raw/wta/stats/_httpcache/2024/ac4d1802c1c8566a7f490b65992fc4697c0897396d6208a1f4be34f528133482.json,32f1fb3788b473d36ab6f90284e8ce98059a52bdcc29caa409bc6bd90bb19254,1,135344.0,True,2024-09-28,stats,False,False
2024,1020,LS034,Madison Keys,Sara Sorribes Tormo,316959,318872,R64,6-2 6-1,completed,present,2024-09-25,2024-10-06,2024-09-28T08:13:31.25+00:00,False,2024-09-28T09:52:56.83+00:00,False,data/raw/wta/stats/_httpcache/2024/ac4d1802c1c8566a7f490b65992fc4697c0897396d6208a1f4be34f528133482.json,32f1fb3788b473d36ab6f90284e8ce98059a52bdcc29caa409bc6bd90bb19254,1,135345.0,True,2024-09-28,stats,False,False
2024,1020,LS035,Beatriz Haddad Maia,Sijia Wei,318176,328426,R64,7-5 6-4,completed,present,2024-09-25,2024-10-06,2024-09-28T05:37:24.83+00:00,False,2024-09-28T07:51:13.56+00:00,False,data/raw/wta/stats/_httpcache/2024/ac4d1802c1c8566a7f490b65992fc4697c0897396d6208a1f4be34f528133482.json,32f1fb3788b473d36ab6f90284e8ce98059a52bdcc29caa409bc6bd90bb19254,1,135341.0,True,2024-09-28,stats,False,False
2024,1020,LS036,Cristina Bucsa,Liudmila Samsonova,321158,322222,R64,6-1 4-6 6-4,completed,present,2024-09-25,2024-10-06,2024-09-28T02:46:24.81+00:00,False,2024-09-28T05:33:44.23+00:00,False,data/raw/wta/stats/_httpcache/2024/ac4d1802c1c8566a7f490b65992fc4697c0897396d6208a1f4be34f528133482.json,32f1fb3788b473d36ab6f90284e8ce98059a52bdcc29caa409bc6bd90bb19254,1,135336.0,True,2024-09-28,stats,False,False
2024,1020,LS037,Elise Mertens,Elisabetta Cocciaretto,317964,327909,R64,6-4 6-7(6) 6-3,completed,present,2024-09-25,2024-10-06,2024-09-28T02:47:51.39+00:00,False,2024-09-28T05:50:32.67+00:00,False,data/raw/wta/stats/_httpcache/2024/ac4d1802c1c8566a7f490b65992fc4697c0897396d6208a1f4be34f528133482.json,32f1fb3788b473d36ab6f90284e8ce98059a52bdcc29caa409bc6bd90bb19254,1,135337.0,True,2024-09-28,stats,False,False
2024,1020,LS038,Karolina Muchova,Yue Yuan,322191,324325,R64,6-3 6-1,completed,present,2024-09-25,2024-10-06,2024-09-28T06:36:28.497+00:00,False,2024-09-28T08:12:25.237+00:00,False,data/raw/wta/stats/_httpcache/2024/ac4d1802c1c8566a7f490b65992fc4697c0897396d6208a1f4be34f528133482.json,32f1fb3788b473d36ab6f90284e8ce98059a52bdcc29caa409bc6bd90bb19254,1,135343.0,True,2024-09-28,stats,False,False
2024,1020,LS039,Jaqueline Cristian,Barbora Krejcikova,320319,318314,R64,1-6 6-4 7-5,completed,present,2024-09-25,2024-10-06,2024-09-28T05:52:28.237+00:00,False,2024-09-28T09:00:30.47+00:00,False,data/raw/wta/stats/_httpcache/2024/ac4d1802c1c8566a7f490b65992fc4697c0897396d6208a1f4be34f528133482.json,32f1fb3788b473d36ab6f90284e8ce98059a52bdcc29caa409bc6bd90bb19254,1,135342.0,True,2024-09-28,stats,False,False
2024,1020,LS040,Jasmine Paolini,Clara Tauson,319280,327793,R64,1-6 7-5 6-4,completed,present,2024-09-25,2024-10-06,2024-09-28T02:43:45.607+00:00,False,2024-09-28T05:17:19.56+00:00,False,data/raw/wta/stats/_httpcache/2024/ac4d1802c1c8566a7f490b65992fc4697c0897396d6208a1f4be34f528133482.json,32f1fb3788b473d36ab6f90284e8ce98059a52bdcc29caa409bc6bd90bb19254,1,135335.0,True,2024-09-28,stats,False,False
2024,1020,LS041,Magda Linette,Moyuka Uchijima,315130,327241,R64,6-4 4-6 6-3,completed,present,2024-09-25,2024-10-06,2024-09-28T02:56:50.963+00:00,False,2024-09-28T05:47:24.267+00:00,False,data/raw/wta/stats/_httpcache/2024/ac4d1802c1c8566a7f490b65992fc4697c0897396d6208a1f4be34f528133482.json,32f1fb3788b473d36ab6f90284e8ce98059a52bdcc29caa409bc6bd90bb19254,1,135338.0,True,2024-09-28,stats,False,False
2024,1020,LS042,Mirra Andreeva,Irina-Camelia Begu,331809,313169,R64,6-7(5) 6-1 6-1,completed,present,2024-09-25,2024-10-06,2024-09-28T09:29:08.57+00:00,False,2024-09-28T15:21:27.833+00:00,False,data/raw/wta/stats/_httpcache/2024/ac4d1802c1c8566a7f490b65992fc4697c0897396d6208a1f4be34f528133482.json,32f1fb3788b473d36ab6f90284e8ce98059a52bdcc29caa409bc6bd90bb19254,1,135347.0,True,2024-09-28,stats,False,False
2024,1020,LS043,Donna Vekic,Viktorija Golubic,318516,316296,R64,4-6 7-6(3) 6-4,completed,present,2024-09-25,2024-10-06,2024-09-28T09:56:59.193+00:00,False,2024-09-28T15:50:59.767+00:00,False,data/raw/wta/stats/_httpcache/2024/ac4d1802c1c8566a7f490b65992fc4697c0897396d6208a1f4be34f528133482.json,32f1fb3788b473d36ab6f90284e8ce98059a52bdcc29caa409bc6bd90bb19254,1,135348.0,True,2024-09-28,stats,False,False
2024,1020,LS044,Daria Kasatkina,Jana Fett,322082,320945,R64,6-1 6-2,completed,present,2024-09-25,2024-10-06,2024-09-28T02:41:53.267+00:00,False,2024-09-28T04:22:33.523+00:00,False,data/raw/wta/stats/_httpcache/2024/ac4d1802c1c8566a7f490b65992fc4697c0897396d6208a1f4be34f528133482.json,32f1fb3788b473d36ab6f90284e8ce98059a52bdcc29caa409bc6bd90bb19254,1,135334.0,True,2024-09-28,stats,False,False
2024,1020,LS045,Amanda Anisimova,Camila Osorio,326384,325898,R64,1-6 6-3 6-4,completed,present,2024-09-25,2024-10-06,2024-09-28T04:24:43.11+00:00,False,2024-09-28T06:34:04.877+00:00,False,data/raw/wta/stats/_httpcache/2024/ac4d1802c1c8566a7f490b65992fc4697c0897396d6208a1f4be34f528133482.json,32f1fb3788b473d36ab6f90284e8ce98059a52bdcc29caa409bc6bd90bb19254,1,135339.0,True,2024-09-28,stats,False,False
2024,1020,LS046,Nadia Podoroska,Dayana Yastremska,319112,324261,R64,7-5 6-7(4) 6-2,completed,present,2024-09-25,2024-10-06,2024-09-28T09:02:25.633+00:00,False,2024-09-28T14:36:02.327+00:00,False,data/raw/wta/stats/_httpcache/2024/ac4d1802c1c8566a7f490b65992fc4697c0897396d6208a1f4be34f528133482.json,32f1fb3788b473d36ab6f90284e8ce98059a52bdcc29caa409bc6bd90bb19254,1,135346.0,True,2024-09-28,stats,False,False
2024,1020,LS047,Qinwen Zheng,Kamilla Rakhimova,328120,325936,R64,6-1 6-1,completed,present,2024-09-25,2024-10-06,2024-09-28T10:48:59.187+00:00,False,2024-09-28T12:33:24.51+00:00,False,data/raw/wta/stats/_httpcache/2024/ac4d1802c1c8566a7f490b65992fc4697c0897396d6208a1f4be34f528133482.json,32f1fb3788b473d36ab6f90284e8ce98059a52bdcc29caa409bc6bd90bb19254,1,135349.0,True,2024-09-28,stats,False,False
2024,1020,LS048,Elina Avanesyan,Caroline Dolehide,327620,322052,R64,6-3 5-7 6-2,completed,present,2024-09-25,2024-10-06,2024-09-27T07:33:14.453+00:00,False,2024-09-27T09:50:17.983+00:00,False,data/raw/wta/stats/_httpcache/2024/ac4d1802c1c8566a7f490b65992fc4697c0897396d6208a1f4be34f528133482.json,32f1fb3788b473d36ab6f90284e8ce98059a52bdcc29caa409bc6bd90bb19254,1,135326.0,True,2024-09-27,stats,False,False
2024,1020,LS049,Yuliia Starodubtseva,Katerina Siniakova,325338,320301,R64,6-2 6-2,completed,present,2024-09-25,2024-10-06,2024-09-27T02:44:50.173+00:00,False,2024-09-27T04:47:28.483+00:00,False,data/raw/wta/stats/_httpcache/2024/ac4d1802c1c8566a7f490b65992fc4697c0897396d6208a1f4be34f528133482.json,32f1fb3788b473d36ab6f90284e8ce98059a52bdcc29caa409bc6bd90bb19254,1,135318.0,True,2024-09-27,stats,False,False
2024,1020,LS050,Peyton Stearns,Leylah Fernandez,327573,326735,R64,7-5 6-2,completed,present,2024-09-25,2024-10-06,2024-09-27T08:38:35.337+00:00,False,2024-09-27T10:36:16.27+00:00,False,data/raw/wta/stats/_httpcache/2024/ac4d1802c1c8566a7f490b65992fc4697c0897396d6208a1f4be34f528133482.json,32f1fb3788b473d36ab6f90284e8ce98059a52bdcc29caa409bc6bd90bb19254,1,135327.0,True,2024-09-27,stats,False,False
2024,1020,LS051,Anna Kalinskaya,Hailey Baptiste,323942,327101,R64,3-6 7-6(2) 7-6(5),completed,present,2024-09-25,2024-10-06,2024-09-27T06:13:44.667+00:00,False,2024-09-27T09:23:56.423+00:00,False,data/raw/wta/stats/_httpcache/2024/ac4d1802c1c8566a7f490b65992fc4697c0897396d6208a1f4be34f528133482.json,32f1fb3788b473d36ab6f90284e8ce98059a52bdcc29caa409bc6bd90bb19254,1,135324.0,True,2024-09-27,stats,False,False
2024,1020,LS052,Katie Volynets,Marta Kostyuk,327391,326482,R64,7-5 6-3,completed,present,2024-09-25,2024-10-06,2024-09-27T08:46:00.433+00:00,False,2024-09-27T10:48:31.217+00:00,False,data/raw/wta/stats/_httpcache/2024/ac4d1802c1c8566a7f490b65992fc4697c0897396d6208a1f4be34f528133482.json,32f1fb3788b473d36ab6f90284e8ce98059a52bdcc29caa409bc6bd90bb19254,1,135329.0,True,2024-09-27,stats,False,False
2024,1020,LS053,Naomi Osaka,Yulia Putintseva,319998,317683,R64,3-6 6-4 6-2,completed,present,2024-09-25,2024-10-06,2024-09-27T08:51:58.927+00:00,False,2024-09-27T10:55:45.967+00:00,False,data/raw/wta/stats/_httpcache/2024/ac4d1802c1c8566a7f490b65992fc4697c0897396d6208a1f4be34f528133482.json,32f1fb3788b473d36ab6f90284e8ce98059a52bdcc29caa409bc6bd90bb19254,1,135330.0,True,2024-09-27,stats,False,False
2024,1020,LS054,Katie Boulter,Taylor Townsend,319125,318609,R64,6-4 6-4,completed,present,2024-09-25,2024-10-06,2024-09-27T05:43:25.34+00:00,False,2024-09-27T07:30:50.13+00:00,False,data/raw/wta/stats/_httpcache/2024/ac4d1802c1c8566a7f490b65992fc4697c0897396d6208a1f4be34f528133482.json,32f1fb3788b473d36ab6f90284e8ce98059a52bdcc29caa409bc6bd90bb19254,1,135322.0,True,2024-09-27,stats,False,False
2024,1020,LS055,Coco Gauff,Clara Burel,328560,325320,R64,7-5 6-3,completed,present,2024-09-25,2024-10-06,2024-09-27T13:14:29.39+00:00,False,2024-09-27T15:09:08.907+00:00,False,data/raw/wta/stats/_httpcache/2024/ac4d1802c1c8566a7f490b65992fc4697c0897396d6208a1f4be34f528133482.json,32f1fb3788b473d36ab6f90284e8ce98059a52bdcc29caa409bc6bd90bb19254,1,135333.0,True,2024-09-27,stats,False,False
2024,1020,LS056,Shuai Zhang,Emma Navarro,311779,325410,R64,6-4 6-2,completed,present,2024-09-25,2024-10-06,2024-09-27T02:48:01.157+00:00,False,2024-09-27T04:25:38.65+00:00,False,data/raw/wta/stats/_httpcache/2024/ac4d1802c1c8566a7f490b65992fc4697c0897396d6208a1f4be34f528133482.json,32f1fb3788b473d36ab6f90284e8ce98059a52bdcc29caa409bc6bd90bb19254,1,135319.0,True,2024-09-27,stats,False,False
2024,1020,LS057,Greet Minnen,Anastasia Potapova,321454,325601,R64,7-5 2-6 6-4,completed,present,2024-09-25,2024-10-06,2024-09-27T02:53:16.78+00:00,False,2024-09-27T05:39:51.787+00:00,False,data/raw/wta/stats/_httpcache/2024/ac4d1802c1c8566a7f490b65992fc4697c0897396d6208a1f4be34f528133482.json,32f1fb3788b473d36ab6f90284e8ce98059a52bdcc29caa409bc6bd90bb19254,1,135320.0,True,2024-09-27,stats,False,False
2024,1020,LS058,Magdalena Frech,Alycia Parks,320277,326007,R64,6-4 5-7 6-4,completed,present,2024-09-25,2024-10-06,2024-09-27T10:50:45.327+00:00,False,2024-09-27T13:55:41.78+00:00,False,data/raw/wta/stats/_httpcache/2024/ac4d1802c1c8566a7f490b65992fc4697c0897396d6208a1f4be34f528133482.json,32f1fb3788b473d36ab6f90284e8ce98059a52bdcc29caa409bc6bd90bb19254,1,135332.0,True,2024-09-27,stats,False,False
2024,1020,LS059,Diana Shnaider,Sofia Kenin,330482,320942,R64,6-2 6-3,completed,present,2024-09-25,2024-10-06,2024-09-27T04:49:26.583+00:00,False,2024-09-27T06:10:07.237+00:00,False,data/raw/wta/stats/_httpcache/2024/ac4d1802c1c8566a7f490b65992fc4697c0897396d6208a1f4be34f528133482.json,32f1fb3788b473d36ab6f90284e8ce98059a52bdcc29caa409bc6bd90bb19254,1,135321.0,True,2024-09-27,stats,False,False
2024,1020,LS060,Paula Badosa,Viktoriya Tomova,320124,317584,R64,6-3 6-2,completed,present,2024-09-25,2024-10-06,2024-09-27T07:07:54.757+00:00,False,2024-09-27T08:43:04.143+00:00,False,data/raw/wta/stats/_httpcache/2024/ac4d1802c1c8566a7f490b65992fc4697c0897396d6208a1f4be34f528133482.json,32f1fb3788b473d36ab6f90284e8ce98059a52bdcc29caa409bc6bd90bb19254,1,135325.0,True,2024-09-27,stats,False,False
2024,1020,LS061,Rebecca Sramkova,Ekaterina Alexandrova,320228,319007,R64,5-7 6-4 6-3,completed,present,2024-09-25,2024-10-06,2024-09-27T09:57:25.537+00:00,False,2024-09-27T12:25:57.917+00:00,False,data/raw/wta/stats/_httpcache/2024/ac4d1802c1c8566a7f490b65992fc4697c0897396d6208a1f4be34f528133482.json,32f1fb3788b473d36ab6f90284e8ce98059a52bdcc29caa409bc6bd90bb19254,1,135331.0,True,2024-09-27,stats,False,False
2024,1020,LS062,Veronika Kudermetova,Xinyu Wang,319526,326376,R64,3-4 6-4 7-5,incomplete-or-invalid-score,present,2024-09-25,2024-10-06,2024-09-27T05:44:51.703+00:00,False,2025-01-28T16:22:28.617+00:00,False,data/raw/wta/stats/_httpcache/2024/ac4d1802c1c8566a7f490b65992fc4697c0897396d6208a1f4be34f528133482.json,32f1fb3788b473d36ab6f90284e8ce98059a52bdcc29caa409bc6bd90bb19254,1,135323.0,True,2024-09-27,stats,False,False
2024,1020,LS063,Jessica Pegula,Diane Parry,316956,327077,R64,6-1 7-6(4),completed,present,2024-09-25,2024-10-06,2024-09-27T08:43:42.53+00:00,False,2024-09-27T10:33:31.413+00:00,False,data/raw/wta/stats/_httpcache/2024/ac4d1802c1c8566a7f490b65992fc4697c0897396d6208a1f4be34f528133482.json,32f1fb3788b473d36ab6f90284e8ce98059a52bdcc29caa409bc6bd90bb19254,1,135328.0,True,2024-09-27,stats,False,False
2024,1020,LS065,Mananchaya Sawangkaew,Zarina Diyas,326929,315696,R128,6-2 6-3,completed,present,2024-09-25,2024-10-06,2024-09-26T09:27:39.043+00:00,False,2024-09-26T10:42:15.697+00:00,False,data/raw/wta/stats/_httpcache/2024/ac4d1802c1c8566a7f490b65992fc4697c0897396d6208a1f4be34f528133482.json,32f1fb3788b473d36ab6f90284e8ce98059a52bdcc29caa409bc6bd90bb19254,1,135315.0,True,2024-09-26,stats,False,False
2024,1020,LS066,Ashlyn Krueger,Yafan Wang,329409,317510,R128,3-6 6-4 6-2,completed,present,2024-09-25,2024-10-06,2024-09-26T10:56:25.823+00:00,False,2024-09-26T13:13:03.987+00:00,False,data/raw/wta/stats/_httpcache/2024/ac4d1802c1c8566a7f490b65992fc4697c0897396d6208a1f4be34f528133482.json,32f1fb3788b473d36ab6f90284e8ce98059a52bdcc29caa409bc6bd90bb19254,1,135317.0,True,2024-09-26,stats,False,False
2024,1020,LS069,Sara Sorribes Tormo,Xinyu Gao,318872,322925,R128,6-7(4) 7-5 7-5,completed,present,2024-09-25,2024-10-06,2024-09-26T04:35:27.483+00:00,False,2024-09-26T09:03:37.39+00:00,False,data/raw/wta/stats/_httpcache/2024/ac4d1802c1c8566a7f490b65992fc4697c0897396d6208a1f4be34f528133482.json,32f1fb3788b473d36ab6f90284e8ce98059a52bdcc29caa409bc6bd90bb19254,1,135308.0,True,2024-09-26,stats,False,False
2024,1020,LS070,Sijia Wei,Elena-Gabriela Ruse,328426,320408,R128,6-4 7-6(6),completed,present,2024-09-25,2024-10-06,2024-09-26T08:07:51.633+00:00,False,2024-09-26T10:18:10.967+00:00,False,data/raw/wta/stats/_httpcache/2024/ac4d1802c1c8566a7f490b65992fc4697c0897396d6208a1f4be34f528133482.json,32f1fb3788b473d36ab6f90284e8ce98059a52bdcc29caa409bc6bd90bb19254,1,135313.0,True,2024-09-26,stats,False,False
2024,1020,LS073,Cristina Bucsa,Xinxin Yao,321158,331361,R128,6-3 6-2,completed,present,2024-09-25,2024-10-06,2024-09-26T02:50:38.93+00:00,False,2024-09-26T04:40:23.943+00:00,False,data/raw/wta/stats/_httpcache/2024/ac4d1802c1c8566a7f490b65992fc4697c0897396d6208a1f4be34f528133482.json,32f1fb3788b473d36ab6f90284e8ce98059a52bdcc29caa409bc6bd90bb19254,1,135305.0,True,2024-09-26,stats,False,False
2024,1020,LS074,Elisabetta Cocciaretto,Arina Rodionova,327909,312413,R128,4-6 6-4 6-3,completed,present,2024-09-25,2024-10-06,2024-09-26T04:41:40.327+00:00,False,2024-09-26T07:13:11.313+00:00,False,data/raw/wta/stats/_httpcache/2024/ac4d1802c1c8566a7f490b65992fc4697c0897396d6208a1f4be34f528133482.json,32f1fb3788b473d36ab6f90284e8ce98059a52bdcc29caa409bc6bd90bb19254,1,135309.0,True,2024-09-26,stats,False,False
2024,1020,LS077,Karolina Muchova,Anna Blinkova,322191,324267,R128,6-1 6-1,completed,present,2024-09-25,2024-10-06,2024-09-26T10:25:46.037+00:00,False,2024-09-26T11:40:11.257+00:00,False,data/raw/wta/stats/_httpcache/2024/ac4d1802c1c8566a7f490b65992fc4697c0897396d6208a1f4be34f528133482.json,32f1fb3788b473d36ab6f90284e8ce98059a52bdcc29caa409bc6bd90bb19254,1,135316.0,True,2024-09-26,stats,False,False
2024,1020,LS078,Jaqueline Cristian,Anna Bondar,320319,322942,R128,6-1 7-6(5),completed,present,2024-09-25,2024-10-06,2024-09-26T09:06:24.39+00:00,False,2024-09-26T11:07:13.393+00:00,False,data/raw/wta/stats/_httpcache/2024/ac4d1802c1c8566a7f490b65992fc4697c0897396d6208a1f4be34f528133482.json,32f1fb3788b473d36ab6f90284e8ce98059a52bdcc29caa409bc6bd90bb19254,1,135314.0,True,2024-09-26,stats,False,False
2024,1020,LS081,Clara Tauson,Harriet Dart,327793,319489,R128,5-7 6-4 6-1,completed,present,2024-09-25,2024-10-06,2024-09-26T04:30:51.963+00:00,False,2024-09-26T07:36:17.71+00:00,False,data/raw/wta/stats/_httpcache/2024/ac4d1802c1c8566a7f490b65992fc4697c0897396d6208a1f4be34f528133482.json,32f1fb3788b473d36ab6f90284e8ce98059a52bdcc29caa409bc6bd90bb19254,1,135307.0,True,2024-09-26,stats,False,False
2024,1020,LS082,Moyuka Uchijima,Han Shi,327241,329824,R128,6-3 6-4,completed,present,2024-09-25,2024-10-06,2024-09-26T02:42:51.973+00:00,False,2024-09-26T04:32:15.627+00:00,False,data/raw/wta/stats/_httpcache/2024/ac4d1802c1c8566a7f490b65992fc4697c0897396d6208a1f4be34f528133482.json,32f1fb3788b473d36ab6f90284e8ce98059a52bdcc29caa409bc6bd90bb19254,1,135302.0,True,2024-09-26,stats,False,False
2024,1020,LS085,Irina-Camelia Begu,Ye-Xin Ma,313169,322417,R128,1-6 6-4 6-1,completed,present,2024-09-25,2024-10-06,2024-09-26T07:16:36.17+00:00,False,2024-09-26T09:24:22.727+00:00,False,data/raw/wta/stats/_httpcache/2024/ac4d1802c1c8566a7f490b65992fc4697c0897396d6208a1f4be34f528133482.json,32f1fb3788b473d36ab6f90284e8ce98059a52bdcc29caa409bc6bd90bb19254,1,135312.0,True,2024-09-26,stats,False,False
2024,1020,LS086,Viktorija Golubic,Xiyu Wang,316296,326160,R128,7-6(5) 0-6 6-3,completed,present,2024-09-25,2024-10-06,2024-09-26T05:16:35.87+00:00,False,2024-09-26T08:05:18.827+00:00,False,data/raw/wta/stats/_httpcache/2024/ac4d1802c1c8566a7f490b65992fc4697c0897396d6208a1f4be34f528133482.json,32f1fb3788b473d36ab6f90284e8ce98059a52bdcc29caa409bc6bd90bb19254,1,135311.0,True,2024-09-26,stats,False,False
2024,1020,LS089,Jana Fett,Meiling Wang,320945,326162,R128,6-3 6-4,completed,present,2024-09-25,2024-10-06,2024-09-26T02:49:07.163+00:00,False,2024-09-26T04:27:35.25+00:00,False,data/raw/wta/stats/_httpcache/2024/ac4d1802c1c8566a7f490b65992fc4697c0897396d6208a1f4be34f528133482.json,32f1fb3788b473d36ab6f90284e8ce98059a52bdcc29caa409bc6bd90bb19254,1,135304.0,True,2024-09-26,stats,False,False
2024,1020,LS090,Camila Osorio,Ajla Tomljanovic,325898,315232,R128,1-6 6-3 6-3,completed,present,2024-09-25,2024-10-06,2024-09-26T02:52:01.227+00:00,False,2024-09-26T05:05:53.84+00:00,False,data/raw/wta/stats/_httpcache/2024/ac4d1802c1c8566a7f490b65992fc4697c0897396d6208a1f4be34f528133482.json,32f1fb3788b473d36ab6f90284e8ce98059a52bdcc29caa409bc6bd90bb19254,1,135306.0,True,2024-09-26,stats,False,False
2024,1020,LS093,Nadia Podoroska,Yufei Ren,319112,332913,R128,6-4 6-2,completed,present,2024-09-25,2024-10-06,2024-09-26T04:47:53.667+00:00,False,2024-09-26T06:30:17.953+00:00,False,data/raw/wta/stats/_httpcache/2024/ac4d1802c1c8566a7f490b65992fc4697c0897396d6208a1f4be34f528133482.json,32f1fb3788b473d36ab6f90284e8ce98059a52bdcc29caa409bc6bd90bb19254,1,135310.0,True,2024-09-26,stats,False,False
2024,1020,LS094,Kamilla Rakhimova,Kimberly Birrell,325936,320728,R128,6-2 6-4,completed,present,2024-09-25,2024-10-06,2024-09-26T02:44:40.727+00:00,False,2024-09-26T04:45:50.667+00:00,False,data/raw/wta/stats/_httpcache/2024/ac4d1802c1c8566a7f490b65992fc4697c0897396d6208a1f4be34f528133482.json,32f1fb3788b473d36ab6f90284e8ce98059a52bdcc29caa409bc6bd90bb19254,1,135303.0,True,2024-09-26,stats,False,False
2024,1020,LS097,Elina Avanesyan,Emina Bektas,327620,316464,R128,6-2 7-5,completed,present,2024-09-25,2024-10-06,2024-09-25T09:37:38.79+00:00,False,2024-09-25T11:21:22.347+00:00,False,data/raw/wta/stats/_httpcache/2024/ac4d1802c1c8566a7f490b65992fc4697c0897396d6208a1f4be34f528133482.json,32f1fb3788b473d36ab6f90284e8ce98059a52bdcc29caa409bc6bd90bb19254,1,135297.0,True,2024-09-25,stats,False,False
2024,1020,LS098,Yuliia Starodubtseva,Laura Siegemund,325338,310926,R128,6-4 7-6(3),completed,ambiguous,2024-09-25,2024-10-06,2024-09-25T04:37:17.837+00:00,False,2024-09-25T07:24:45.15+00:00,False,data/raw/wta/stats/_httpcache/2024/ac4d1802c1c8566a7f490b65992fc4697c0897396d6208a1f4be34f528133482.json,32f1fb3788b473d36ab6f90284e8ce98059a52bdcc29caa409bc6bd90bb19254,1,,,,,False,False
2024,1020,LS101,Peyton Stearns,Jessica Bouzas Maneiro,327573,328139,R128,6-2 6-4,completed,present,2024-09-25,2024-10-06,2024-09-25T09:50:26.303+00:00,False,2024-09-25T11:30:27.713+00:00,False,data/raw/wta/stats/_httpcache/2024/ac4d1802c1c8566a7f490b65992fc4697c0897396d6208a1f4be34f528133482.json,32f1fb3788b473d36ab6f90284e8ce98059a52bdcc29caa409bc6bd90bb19254,1,135298.0,True,2024-09-25,stats,False,False
2024,1020,LS102,Hailey Baptiste,Varvara Gracheva,327101,325836,R128,6-0 6-3,completed,ambiguous,2024-09-25,2024-10-06,2024-09-25T11:18:58.183+00:00,False,2024-09-25T12:31:54.187+00:00,False,data/raw/wta/stats/_httpcache/2024/ac4d1802c1c8566a7f490b65992fc4697c0897396d6208a1f4be34f528133482.json,32f1fb3788b473d36ab6f90284e8ce98059a52bdcc29caa409bc6bd90bb19254,1,,,,,False,False
2024,1020,LS105,Katie Volynets,Dalma Galfi,327391,321106,R128,7-5 6-1,completed,present,2024-09-25,2024-10-06,2024-09-25T07:26:46.46+00:00,False,2024-09-25T09:34:45.46+00:00,False,data/raw/wta/stats/_httpcache/2024/ac4d1802c1c8566a7f490b65992fc4697c0897396d6208a1f4be34f528133482.json,32f1fb3788b473d36ab6f90284e8ce98059a52bdcc29caa409bc6bd90bb19254,1,135294.0,True,2024-09-25,stats,False,False
2024,1020,LS106,Naomi Osaka,Lucia Bronzetti,319998,322280,R128,6-3 6-2,completed,present,2024-09-25,2024-10-06,2024-09-25T06:08:05.827+00:00,False,2024-09-25T07:47:30.377+00:00,False,data/raw/wta/stats/_httpcache/2024/ac4d1802c1c8566a7f490b65992fc4697c0897396d6208a1f4be34f528133482.json,32f1fb3788b473d36ab6f90284e8ce98059a52bdcc29caa409bc6bd90bb19254,1,135292.0,True,2024-09-25,stats,False,False
2024,1020,LS109,Taylor Townsend,Martina Trevisan,318609,316266,R128,6-2 4-6 6-3,completed,present,2024-09-25,2024-10-06,2024-09-25T04:55:37.533+00:00,False,2024-09-25T07:16:06.76+00:00,False,data/raw/wta/stats/_httpcache/2024/ac4d1802c1c8566a7f490b65992fc4697c0897396d6208a1f4be34f528133482.json,32f1fb3788b473d36ab6f90284e8ce98059a52bdcc29caa409bc6bd90bb19254,1,135291.0,True,2024-09-25,stats,False,False
2024,1020,LS110,Clara Burel,Tamara Korpatsch,325320,319571,R128,6-3 5-7 6-3,completed,present,2024-09-25,2024-10-06,2024-09-25T07:21:56.917+00:00,False,2024-09-25T09:47:47.6+00:00,False,data/raw/wta/stats/_httpcache/2024/ac4d1802c1c8566a7f490b65992fc4697c0897396d6208a1f4be34f528133482.json,32f1fb3788b473d36ab6f90284e8ce98059a52bdcc29caa409bc6bd90bb19254,1,135293.0,True,2024-09-25,stats,False,False
2024,1020,LS113,Shuai Zhang,McCartney Kessler,311779,326678,R128,7-6(5) 7-6(1),completed,present,2024-09-25,2024-10-06,2024-09-25T07:50:58.21+00:00,False,2024-09-25T10:05:33.077+00:00,False,data/raw/wta/stats/_httpcache/2024/ac4d1802c1c8566a7f490b65992fc4697c0897396d6208a1f4be34f528133482.json,32f1fb3788b473d36ab6f90284e8ce98059a52bdcc29caa409bc6bd90bb19254,1,135295.0,True,2024-09-25,stats,False,False
2024,1020,LS114,Greet Minnen,Erika Andreeva,321454,330151,R128,7-5 6-2,completed,present,2024-09-25,2024-10-06,2024-09-25T02:45:59.927+00:00,False,2024-09-25T04:52:22.117+00:00,False,data/raw/wta/stats/_httpcache/2024/ac4d1802c1c8566a7f490b65992fc4697c0897396d6208a1f4be34f528133482.json,32f1fb3788b473d36ab6f90284e8ce98059a52bdcc29caa409bc6bd90bb19254,1,135288.0,True,2024-09-25,stats,False,False
2024,1020,LS117,Alycia Parks,Qiang Wang,326007,314429,R128,1-6 6-4 6-2,completed,present,2024-09-25,2024-10-06,2024-09-25T10:09:20.95+00:00,False,2024-09-25T12:19:23.473+00:00,False,data/raw/wta/stats/_httpcache/2024/ac4d1802c1c8566a7f490b65992fc4697c0897396d6208a1f4be34f528133482.json,32f1fb3788b473d36ab6f90284e8ce98059a52bdcc29caa409bc6bd90bb19254,1,135299.0,True,2024-09-25,stats,False,False
2024,1020,LS118,Sofia Kenin,Ana Bogdan,320942,315427,R128,7-5 6-2,completed,present,2024-09-25,2024-10-06,2024-09-25T02:45:50.507+00:00,False,2024-09-25T04:34:39.14+00:00,False,data/raw/wta/stats/_httpcache/2024/ac4d1802c1c8566a7f490b65992fc4697c0897396d6208a1f4be34f528133482.json,32f1fb3788b473d36ab6f90284e8ce98059a52bdcc29caa409bc6bd90bb19254,1,135287.0,True,2024-09-25,stats,False,False
2024,1020,LS121,Viktoriya Tomova,Lesia Tsurenko,317584,315295,R128,6-3 6-3,completed,present,2024-09-25,2024-10-06,2024-09-25T02:45:00.707+00:00,False,2024-09-25T04:35:13.583+00:00,False,data/raw/wta/stats/_httpcache/2024/ac4d1802c1c8566a7f490b65992fc4697c0897396d6208a1f4be34f528133482.json,32f1fb3788b473d36ab6f90284e8ce98059a52bdcc29caa409bc6bd90bb19254,1,135286.0,True,2024-09-25,stats,False,False
2024,1020,LS122,Rebecca Sramkova,Anhelina Kalinina,320228,320567,R128,6-4 6-0,completed,present,2024-09-25,2024-10-06,2024-09-25T11:31:39.42+00:00,False,2024-09-25T12:54:11.293+00:00,False,data/raw/wta/stats/_httpcache/2024/ac4d1802c1c8566a7f490b65992fc4697c0897396d6208a1f4be34f528133482.json,32f1fb3788b473d36ab6f90284e8ce98059a52bdcc29caa409bc6bd90bb19254,1,135301.0,True,2024-09-25,stats,False,False
2024,1020,LS125,Xinyu Wang,Mai Hontama,326376,324750,R128,6-1 6-3,completed,present,2024-09-25,2024-10-06,2024-09-25T04:36:43.643+00:00,False,2024-09-25T06:03:51.223+00:00,False,data/raw/wta/stats/_httpcache/2024/ac4d1802c1c8566a7f490b65992fc4697c0897396d6208a1f4be34f528133482.json,32f1fb3788b473d36ab6f90284e8ce98059a52bdcc29caa409bc6bd90bb19254,1,135289.0,True,2024-09-25,stats,False,False
2024,1020,LS126,Diane Parry,En-Shuo Liang,327077,324830,R128,4-6 6-0 6-0,completed,present,2024-09-25,2024-10-06,2024-09-25T09:29:25.013+00:00,False,2024-09-25T11:13:56.73+00:00,False,data/raw/wta/stats/_httpcache/2024/ac4d1802c1c8566a7f490b65992fc4697c0897396d6208a1f4be34f528133482.json,32f1fb3788b473d36ab6f90284e8ce98059a52bdcc29caa409bc6bd90bb19254,1,135296.0,True,2024-09-25,stats,False,False
2024,1023,LS001,Olga Danilovic,Caroline Dolehide,324934,322052,F,6-3 6-1,completed,present,2024-10-21,2024-10-27,2024-10-27T07:51:50.437+00:00,False,2024-10-27T09:24:58.723+00:00,False,data/raw/wta/stats/_httpcache/2024/6124dc04f07bc6b106eedc81e76d6cfb3ffc1aaa5c6f3ac59100d701aacf1bee.json,4d57c77efa379d1f31c3e999ddd463bc5b9c57b6789c8f4102033c8637dfbef4,0,135727.0,True,2024-10-27,stats,False,False
2024,1023,LS003,Caroline Dolehide,Lucia Bronzetti,322052,322280,SF,6-3 3-6 7-6(9),completed,present,2024-10-21,2024-10-27,2024-10-26T11:11:01.267+00:00,False,2024-10-26T14:02:10.487+00:00,False,data/raw/wta/stats/_httpcache/2024/6124dc04f07bc6b106eedc81e76d6cfb3ffc1aaa5c6f3ac59100d701aacf1bee.json,4d57c77efa379d1f31c3e999ddd463bc5b9c57b6789c8f4102033c8637dfbef4,0,135699.0,True,2024-10-26,stats,False,False
2024,1023,LS004,Katerina Siniakova,Bernarda Pera,320301,317708,QF,6-4 7-5,completed,present,2024-10-21,2024-10-27,2024-10-25T04:49:23.38+00:00,False,2024-10-25T06:34:20.143+00:00,False,data/raw/wta/stats/_httpcache/2024/6124dc04f07bc6b106eedc81e76d6cfb3ffc1aaa5c6f3ac59100d701aacf1bee.json,4d57c77efa379d1f31c3e999ddd463bc5b9c57b6789c8f4102033c8637dfbef4,0,135690.0,True,2024-10-25,stats,False,False
2024,1023,LS005,Olga Danilovic,Mananchaya Sawangkaew,324934,326929,QF,6-4 6-4,completed,present,2024-10-21,2024-10-27,2024-10-25T06:37:39.387+00:00,False,2024-10-25T08:35:38.643+00:00,False,data/raw/wta/stats/_httpcache/2024/6124dc04f07bc6b106eedc81e76d6cfb3ffc1aaa5c6f3ac59100d701aacf1bee.json,4d57c77efa379d1f31c3e999ddd463bc5b9c57b6789c8f4102033c8637dfbef4,0,135691.0,True,2024-10-25,stats,False,False
2024,1023,LS006,Lucia Bronzetti,Xiyu Wang,322280,326160,QF,6-4 6-1,completed,present,2024-10-21,2024-10-27,2024-10-25T10:46:30.56+00:00,False,2024-10-25T12:37:12.197+00:00,False,data/raw/wta/stats/_httpcache/2024/6124dc04f07bc6b106eedc81e76d6cfb3ffc1aaa5c6f3ac59100d701aacf1bee.json,4d57c77efa379d1f31c3e999ddd463bc5b9c57b6789c8f4102033c8637dfbef4,0,135693.0,True,2024-10-25,stats,False,False
2024,1023,LS007,Caroline Dolehide,Jessica Bouzas Maneiro,322052,328139,QF,6-4 4-6 6-0,completed,present,2024-10-21,2024-10-27,2024-10-25T08:39:15.173+00:00,False,2024-10-25T10:41:17.213+00:00,False,data/raw/wta/stats/_httpcache/2024/6124dc04f07bc6b106eedc81e76d6cfb3ffc1aaa5c6f3ac59100d701aacf1bee.json,4d57c77efa379d1f31c3e999ddd463bc5b9c57b6789c8f4102033c8637dfbef4,0,135692.0,True,2024-10-25,stats,False,False
2024,1023,LS008,Katerina Siniakova,Alycia Parks,320301,326007,R16,6-1 6-4,completed,present,2024-10-21,2024-10-27,2024-10-24T04:52:46.717+00:00,False,2024-10-24T06:27:19.277+00:00,False,data/raw/wta/stats/_httpcache/2024/6124dc04f07bc6b106eedc81e76d6cfb3ffc1aaa5c6f3ac59100d701aacf1bee.json,4d57c77efa379d1f31c3e999ddd463bc5b9c57b6789c8f4102033c8637dfbef4,0,135676.0,True,2024-10-24,stats,False,False
2024,1023,LS009,Bernarda Pera,Shuai Zhang,317708,311779,R16,6-2 6-2,completed,present,2024-10-21,2024-10-27,2024-10-24T06:42:33.553+00:00,False,2024-10-24T08:13:09.95+00:00,False,data/raw/wta/stats/_httpcache/2024/6124dc04f07bc6b106eedc81e76d6cfb3ffc1aaa5c6f3ac59100d701aacf1bee.json,4d57c77efa379d1f31c3e999ddd463bc5b9c57b6789c8f4102033c8637dfbef4,0,135678.0,True,2024-10-24,stats,False,False
2024,1023,LS010,Mananchaya Sawangkaew,Yue Yuan,326929,324325,R16,6-2 6-3,completed,present,2024-10-21,2024-10-27,2024-10-24T10:20:44.537+00:00,False,2024-10-24T11:45:20.19+00:00,False,data/raw/wta/stats/_httpcache/2024/6124dc04f07bc6b106eedc81e76d6cfb3ffc1aaa5c6f3ac59100d701aacf1bee.json,4d57c77efa379d1f31c3e999ddd463bc5b9c57b6789c8f4102033c8637dfbef4,0,135679.0,True,2024-10-24,stats,False,False
2024,1023,LS011,Olga Danilovic,Diane Parry,324934,327077,R16,6-1 6-0,completed,present,2024-10-21,2024-10-27,2024-10-23T06:49:12.623+00:00,False,2024-10-23T08:20:38.823+00:00,False,data/raw/wta/stats/_httpcache/2024/6124dc04f07bc6b106eedc81e76d6cfb3ffc1aaa5c6f3ac59100d701aacf1bee.json,4d57c77efa379d1f31c3e999ddd463bc5b9c57b6789c8f4102033c8637dfbef4,0,135661.0,True,2024-10-23,stats,False,False
2024,1023,LS012,Xiyu Wang,Sijia Wei,326160,328426,R16,3-6 6-0 7-5,completed,present,2024-10-21,2024-10-27,2024-10-23T10:15:07+00:00,False,2024-10-23T12:57:46.057+00:00,False,data/raw/wta/stats/_httpcache/2024/6124dc04f07bc6b106eedc81e76d6cfb3ffc1aaa5c6f3ac59100d701aacf1bee.json,4d57c77efa379d1f31c3e999ddd463bc5b9c57b6789c8f4102033c8637dfbef4,0,135663.0,True,2024-10-23,stats,False,False
2024,1023,LS013,Lucia Bronzetti,Jaqueline Cristian,322280,320319,R16,7-6(5) 6-4,completed,present,2024-10-21,2024-10-27,2024-10-23T04:43:14.393+00:00,False,2024-10-23T07:18:12.387+00:00,False,data/raw/wta/stats/_httpcache/2024/6124dc04f07bc6b106eedc81e76d6cfb3ffc1aaa5c6f3ac59100d701aacf1bee.json,4d57c77efa379d1f31c3e999ddd463bc5b9c57b6789c8f4102033c8637dfbef4,0,135660.0,True,2024-10-23,stats,False,False
2024,1023,LS014,Jessica Bouzas Maneiro,Han Shi,328139,329824,R16,6-3 6-4,completed,present,2024-10-21,2024-10-27,2024-10-23T07:22:23.693+00:00,False,2024-10-23T09:04:23.9+00:00,False,data/raw/wta/stats/_httpcache/2024/6124dc04f07bc6b106eedc81e76d6cfb3ffc1aaa5c6f3ac59100d701aacf1bee.json,4d57c77efa379d1f31c3e999ddd463bc5b9c57b6789c8f4102033c8637dfbef4,0,135662.0,True,2024-10-23,stats,False,False
2024,1023,LS015,Caroline Dolehide,Marie Bouzkova,322052,320983,R16,6-7(3) 6-4 7-6(6),completed,present,2024-10-21,2024-10-27,2024-10-24T06:28:46.107+00:00,False,2024-10-24T09:59:18.203+00:00,False,data/raw/wta/stats/_httpcache/2024/6124dc04f07bc6b106eedc81e76d6cfb3ffc1aaa5c6f3ac59100d701aacf1bee.json,4d57c77efa379d1f31c3e999ddd463bc5b9c57b6789c8f4102033c8637dfbef4,0,135677.0,True,2024-10-24,stats,False,False
2024,1023,LS016,Katerina Siniakova,Petra Martic,320301,313711,R32,6-2 6-1,completed,present,2024-10-21,2024-10-27,2024-10-22T07:47:19.39+00:00,False,2024-10-22T09:04:03.093+00:00,False,data/raw/wta/stats/_httpcache/2024/6124dc04f07bc6b106eedc81e76d6cfb3ffc1aaa5c6f3ac59100d701aacf1bee.json,4d57c77efa379d1f31c3e999ddd463bc5b9c57b6789c8f4102033c8637dfbef4,0,135638.0,True,2024-10-22,stats,False,False
2024,1023,LS017,Alycia Parks,Anna Bondar,326007,322942,R32,6-3 5-2,incomplete-or-invalid-score,present,2024-10-21,2024-10-27,2024-10-22T06:57:26.263+00:00,False,2025-01-28T20:22:57.743+00:00,False,data/raw/wta/stats/_httpcache/2024/6124dc04f07bc6b106eedc81e76d6cfb3ffc1aaa5c6f3ac59100d701aacf1bee.json,4d57c77efa379d1f31c3e999ddd463bc5b9c57b6789c8f4102033c8637dfbef4,0,135636.0,True,2024-10-22,stats,False,False
2024,1023,LS018,Bernarda Pera,Alexandra Eala,317708,330332,R32,6-0 6-3,completed,present,2024-10-21,2024-10-27,2024-10-22T06:07:10.99+00:00,False,2024-10-22T07:19:04.623+00:00,False,data/raw/wta/stats/_httpcache/2024/6124dc04f07bc6b106eedc81e76d6cfb3ffc1aaa5c6f3ac59100d701aacf1bee.json,4d57c77efa379d1f31c3e999ddd463bc5b9c57b6789c8f4102033c8637dfbef4,0,135635.0,True,2024-10-22,stats,False,False
2024,1023,LS019,Shuai Zhang,Kamilla Rakhimova,311779,325936,R32,6-2 6-1,completed,present,2024-10-21,2024-10-27,2024-10-22T10:50:51.59+00:00,False,2024-10-22T12:02:57.157+00:00,False,data/raw/wta/stats/_httpcache/2024/6124dc04f07bc6b106eedc81e76d6cfb3ffc1aaa5c6f3ac59100d701aacf1bee.json,4d57c77efa379d1f31c3e999ddd463bc5b9c57b6789c8f4102033c8637dfbef4,0,135641.0,True,2024-10-22,stats,False,False
2024,1023,LS020,Yue Yuan,Greet Minnen,324325,321454,R32,7-6(2) 6-1,completed,present,2024-10-21,2024-10-27,2024-10-22T09:09:44.637+00:00,False,2024-10-22T10:48:46.513+00:00,False,data/raw/wta/stats/_httpcache/2024/6124dc04f07bc6b106eedc81e76d6cfb3ffc1aaa5c6f3ac59100d701aacf1bee.json,4d57c77efa379d1f31c3e999ddd463bc5b9c57b6789c8f4102033c8637dfbef4,0,135640.0,True,2024-10-22,stats,False,False
2024,1023,LS021,Mananchaya Sawangkaew,Ella Seidel,326929,330548,R32,6-1 2-6 6-2,completed,ambiguous,2024-10-21,2024-10-27,2024-10-22T04:27:08.71+00:00,False,2024-10-22T06:54:47.08+00:00,False,data/raw/wta/stats/_httpcache/2024/6124dc04f07bc6b106eedc81e76d6cfb3ffc1aaa5c6f3ac59100d701aacf1bee.json,4d57c77efa379d1f31c3e999ddd463bc5b9c57b6789c8f4102033c8637dfbef4,0,,,,,False,False
2024,1023,LS022,Olga Danilovic,Erika Andreeva,324934,330151,R32,6-4 6-4,completed,present,2024-10-21,2024-10-27,2024-10-21T07:13:41.743+00:00,False,2024-10-21T09:21:55.82+00:00,False,data/raw/wta/stats/_httpcache/2024/6124dc04f07bc6b106eedc81e76d6cfb3ffc1aaa5c6f3ac59100d701aacf1bee.json,4d57c77efa379d1f31c3e999ddd463bc5b9c57b6789c8f4102033c8637dfbef4,0,135621.0,True,2024-10-21,stats,False,False
2024,1023,LS023,Diane Parry,Emina Bektas,327077,316464,R32,6-3 6-2,completed,present,2024-10-21,2024-10-27,2024-10-22T02:49:14.747+00:00,False,2024-10-22T04:22:37.047+00:00,False,data/raw/wta/stats/_httpcache/2024/6124dc04f07bc6b106eedc81e76d6cfb3ffc1aaa5c6f3ac59100d701aacf1bee.json,4d57c77efa379d1f31c3e999ddd463bc5b9c57b6789c8f4102033c8637dfbef4,0,135631.0,True,2024-10-22,stats,False,False
2024,1023,LS024,Sijia Wei,Rebecca Sramkova,328426,320228,R32,6-1 6-4,completed,present,2024-10-21,2024-10-27,2024-10-21T06:15:07.56+00:00,False,2024-10-21T07:53:36.33+00:00,False,data/raw/wta/stats/_httpcache/2024/6124dc04f07bc6b106eedc81e76d6cfb3ffc1aaa5c6f3ac59100d701aacf1bee.json,4d57c77efa379d1f31c3e999ddd463bc5b9c57b6789c8f4102033c8637dfbef4,0,135620.0,True,2024-10-21,stats,False,False
2024,1023,LS025,Xiyu Wang,Arantxa Rus,326160,313349,R32,6-2 6-4,completed,present,2024-10-21,2024-10-27,2024-10-22T05:54:50.277+00:00,False,2024-10-22T07:44:19.03+00:00,False,data/raw/wta/stats/_httpcache/2024/6124dc04f07bc6b106eedc81e76d6cfb3ffc1aaa5c6f3ac59100d701aacf1bee.json,4d57c77efa379d1f31c3e999ddd463bc5b9c57b6789c8f4102033c8637dfbef4,0,135634.0,True,2024-10-22,stats,False,False
2024,1023,LS026,Jaqueline Cristian,Viktorija Golubic,320319,316296,R32,6-4 2-6 6-1,completed,present,2024-10-21,2024-10-27,2024-10-21T10:18:48.11+00:00,False,2024-10-21T12:39:16.83+00:00,False,data/raw/wta/stats/_httpcache/2024/6124dc04f07bc6b106eedc81e76d6cfb3ffc1aaa5c6f3ac59100d701aacf1bee.json,4d57c77efa379d1f31c3e999ddd463bc5b9c57b6789c8f4102033c8637dfbef4,0,135622.0,True,2024-10-21,stats,False,False
2024,1023,LS027,Lucia Bronzetti,Elina Avanesyan,322280,327620,R32,6-1 6-4,completed,present,2024-10-21,2024-10-27,2024-10-22T02:45:43.443+00:00,False,2024-10-22T04:25:54.657+00:00,False,data/raw/wta/stats/_httpcache/2024/6124dc04f07bc6b106eedc81e76d6cfb3ffc1aaa5c6f3ac59100d701aacf1bee.json,4d57c77efa379d1f31c3e999ddd463bc5b9c57b6789c8f4102033c8637dfbef4,0,135629.0,True,2024-10-22,stats,False,False
2024,1023,LS028,Jessica Bouzas Maneiro,Jana Fett,328139,320945,R32,6-4 6-3,completed,present,2024-10-21,2024-10-27,2024-10-22T04:26:39.633+00:00,False,2024-10-22T06:04:20.797+00:00,False,data/raw/wta/stats/_httpcache/2024/6124dc04f07bc6b106eedc81e76d6cfb3ffc1aaa5c6f3ac59100d701aacf1bee.json,4d57c77efa379d1f31c3e999ddd463bc5b9c57b6789c8f4102033c8637dfbef4,0,135632.0,True,2024-10-22,stats,False,False
2024,1023,LS029,Han Shi,Jessika Ponchet,329824,319421,R32,6-1 6-7(4) 6-3,completed,present,2024-10-21,2024-10-27,2024-10-22T02:48:43.27+00:00,False,2024-10-22T05:51:12.623+00:00,False,data/raw/wta/stats/_httpcache/2024/6124dc04f07bc6b106eedc81e76d6cfb3ffc1aaa5c6f3ac59100d701aacf1bee.json,4d57c77efa379d1f31c3e999ddd463bc5b9c57b6789c8f4102033c8637dfbef4,0,135630.0,True,2024-10-22,stats,False,False
2024,1023,LS030,Caroline Dolehide,Elena Pridankina,322052,330905,R32,6-2 6-1,completed,present,2024-10-21,2024-10-27,2024-10-22T07:22:22.563+00:00,False,2024-10-22T08:41:44.123+00:00,False,data/raw/wta/stats/_httpcache/2024/6124dc04f07bc6b106eedc81e76d6cfb3ffc1aaa5c6f3ac59100d701aacf1bee.json,4d57c77efa379d1f31c3e999ddd463bc5b9c57b6789c8f4102033c8637dfbef4,0,135637.0,True,2024-10-22,stats,False,False
2024,1023,LS031,Marie Bouzkova,Suzan Lamens,320983,324898,R32,6-3 6-1,completed,present,2024-10-21,2024-10-27,2024-10-22T08:46:20.597+00:00,False,2024-10-22T10:18:36.313+00:00,False,data/raw/wta/stats/_httpcache/2024/6124dc04f07bc6b106eedc81e76d6cfb3ffc1aaa5c6f3ac59100d701aacf1bee.json,4d57c77efa379d1f31c3e999ddd463bc5b9c57b6789c8f4102033c8637dfbef4,0,135639.0,True,2024-10-22,stats,False,False
2024,1024,LS001,Beatriz Haddad Maia,Daria Kasatkina,318176,322082,F,1-6 6-4 6-1,completed,present,2024-09-16,2024-09-22,2024-09-22T06:55:28.69+00:00,False,2024-09-22T08:58:25.637+00:00,False,data/raw/wta/stats/_httpcache/2024/e4aa34f69c317bfabc01cb6b7ae29de224234ee5dfe96efc4398ead358125b1d.json,51d68f2727ced466e8b285e54ba40bcd4f432a4bf55180ef0645166e1ef29f00,0,135251.0,True,2024-09-22,stats,False,False
2024,1024,LS002,Daria Kasatkina,Diana Shnaider,322082,330482,SF,6-3 6-4,completed,present,2024-09-16,2024-09-22,2024-09-21T09:38:28.23+00:00,False,2024-09-21T11:12:00.61+00:00,False,data/raw/wta/stats/_httpcache/2024/e4aa34f69c317bfabc01cb6b7ae29de224234ee5dfe96efc4398ead358125b1d.json,51d68f2727ced466e8b285e54ba40bcd4f432a4bf55180ef0645166e1ef29f00,0,135248.0,True,2024-09-21,stats,False,False
2024,1024,LS003,Beatriz Haddad Maia,Veronika Kudermetova,318176,319526,SF,6-4 6-4,completed,present,2024-09-16,2024-09-22,2024-09-21T07:37:55.567+00:00,False,2024-09-21T09:37:49.93+00:00,False,data/raw/wta/stats/_httpcache/2024/e4aa34f69c317bfabc01cb6b7ae29de224234ee5dfe96efc4398ead358125b1d.json,51d68f2727ced466e8b285e54ba40bcd4f432a4bf55180ef0645166e1ef29f00,0,135247.0,True,2024-09-21,stats,False,False
2024,1024,LS005,Diana Shnaider,Marta Kostyuk,330482,326482,QF,7-6(7) 6-3,completed,present,2024-09-16,2024-09-22,2024-09-21T05:31:40.807+00:00,False,2024-09-21T07:34:50.1+00:00,False,data/raw/wta/stats/_httpcache/2024/e4aa34f69c317bfabc01cb6b7ae29de224234ee5dfe96efc4398ead358125b1d.json,51d68f2727ced466e8b285e54ba40bcd4f432a4bf55180ef0645166e1ef29f00,0,135246.0,True,2024-09-21,stats,False,False
2024,1024,LS006,Beatriz Haddad Maia,Polina Kudermetova,318176,328897,QF,6-2 6-1,completed,present,2024-09-16,2024-09-22,2024-09-21T03:12:09.947+00:00,False,2024-09-21T04:56:34.753+00:00,False,data/raw/wta/stats/_httpcache/2024/e4aa34f69c317bfabc01cb6b7ae29de224234ee5dfe96efc4398ead358125b1d.json,51d68f2727ced466e8b285e54ba40bcd4f432a4bf55180ef0645166e1ef29f00,0,135244.0,True,2024-09-21,stats,False,False
2024,1024,LS007,Veronika Kudermetova,Viktoriya Tomova,319526,317584,QF,7-5 6-3,completed,present,2024-09-16,2024-09-22,2024-09-21T03:17:07.183+00:00,False,2024-09-21T05:29:09.89+00:00,False,data/raw/wta/stats/_httpcache/2024/e4aa34f69c317bfabc01cb6b7ae29de224234ee5dfe96efc4398ead358125b1d.json,51d68f2727ced466e8b285e54ba40bcd4f432a4bf55180ef0645166e1ef29f00,0,135245.0,True,2024-09-21,stats,False,False
2024,1024,LS008,Daria Kasatkina,Hailey Baptiste,322082,327101,R16,6-4 6-2,completed,present,2024-09-16,2024-09-22,2024-09-19T11:12:31.12+00:00,False,2024-09-19T12:45:41.747+00:00,False,data/raw/wta/stats/_httpcache/2024/e4aa34f69c317bfabc01cb6b7ae29de224234ee5dfe96efc4398ead358125b1d.json,51d68f2727ced466e8b285e54ba40bcd4f432a4bf55180ef0645166e1ef29f00,0,135234.0,True,2024-09-19,stats,False,False
2024,1024,LS009,Emma Raducanu,Yue Yuan,328366,324325,R16,6-4 6-3,completed,present,2024-09-16,2024-09-22,2024-09-19T08:51:15.113+00:00,False,2024-09-19T11:11:47.327+00:00,False,data/raw/wta/stats/_httpcache/2024/e4aa34f69c317bfabc01cb6b7ae29de224234ee5dfe96efc4398ead358125b1d.json,51d68f2727ced466e8b285e54ba40bcd4f432a4bf55180ef0645166e1ef29f00,0,135233.0,True,2024-09-19,stats,False,False
2024,1024,LS010,Diana Shnaider,Carol Zhao,330482,317805,R16,6-3 6-3,completed,present,2024-09-16,2024-09-22,2024-09-18T04:48:02.537+00:00,False,2024-09-18T06:14:14.92+00:00,False,data/raw/wta/stats/_httpcache/2024/e4aa34f69c317bfabc01cb6b7ae29de224234ee5dfe96efc4398ead358125b1d.json,51d68f2727ced466e8b285e54ba40bcd4f432a4bf55180ef0645166e1ef29f00,0,135227.0,True,2024-09-18,stats,False,False
2024,1024,LS011,Marta Kostyuk,Heather Watson,326482,316981,R16,6-2 6-2,completed,present,2024-09-16,2024-09-22,2024-09-18T06:15:05.777+00:00,False,2024-09-18T07:47:36.833+00:00,False,data/raw/wta/stats/_httpcache/2024/e4aa34f69c317bfabc01cb6b7ae29de224234ee5dfe96efc4398ead358125b1d.json,51d68f2727ced466e8b285e54ba40bcd4f432a4bf55180ef0645166e1ef29f00,0,135228.0,True,2024-09-18,stats,False,False
2024,1024,LS012,Polina Kudermetova,Ekaterina Alexandrova,328897,319007,R16,6-2 7-5,completed,present,2024-09-16,2024-09-22,2024-09-18T02:46:31.9+00:00,False,2024-09-18T04:45:30.887+00:00,False,data/raw/wta/stats/_httpcache/2024/e4aa34f69c317bfabc01cb6b7ae29de224234ee5dfe96efc4398ead358125b1d.json,51d68f2727ced466e8b285e54ba40bcd4f432a4bf55180ef0645166e1ef29f00,0,135226.0,True,2024-09-18,stats,False,False
2024,1024,LS013,Beatriz Haddad Maia,Ajla Tomljanovic,318176,315232,R16,6-3 6-4,completed,present,2024-09-16,2024-09-22,2024-09-19T06:54:47.073+00:00,False,2024-09-19T08:50:22.88+00:00,False,data/raw/wta/stats/_httpcache/2024/e4aa34f69c317bfabc01cb6b7ae29de224234ee5dfe96efc4398ead358125b1d.json,51d68f2727ced466e8b285e54ba40bcd4f432a4bf55180ef0645166e1ef29f00,0,135232.0,True,2024-09-19,stats,False,False
2024,1024,LS015,Veronika Kudermetova,Liudmila Samsonova,319526,322222,R16,6-4 6-2,completed,present,2024-09-16,2024-09-22,2024-09-18T07:48:32.373+00:00,False,2024-09-18T09:44:31.177+00:00,False,data/raw/wta/stats/_httpcache/2024/e4aa34f69c317bfabc01cb6b7ae29de224234ee5dfe96efc4398ead358125b1d.json,51d68f2727ced466e8b285e54ba40bcd4f432a4bf55180ef0645166e1ef29f00,0,135229.0,True,2024-09-18,stats,False,False
2024,1024,LS017,Hailey Baptiste,Sloane Stephens,327101,315683,R32,7-6(4) 6-2,completed,present,2024-09-16,2024-09-22,2024-09-17T05:35:55.737+00:00,False,2024-09-17T07:27:47.607+00:00,False,data/raw/wta/stats/_httpcache/2024/e4aa34f69c317bfabc01cb6b7ae29de224234ee5dfe96efc4398ead358125b1d.json,51d68f2727ced466e8b285e54ba40bcd4f432a4bf55180ef0645166e1ef29f00,0,135213.0,True,2024-09-17,stats,False,False
2024,1024,LS018,Emma Raducanu,Peyton Stearns,328366,327573,R32,7-6(4) 7-6(5),completed,present,2024-09-16,2024-09-22,2024-09-17T07:31:02.73+00:00,False,2024-09-17T10:27:19.927+00:00,False,data/raw/wta/stats/_httpcache/2024/e4aa34f69c317bfabc01cb6b7ae29de224234ee5dfe96efc4398ead358125b1d.json,51d68f2727ced466e8b285e54ba40bcd4f432a4bf55180ef0645166e1ef29f00,0,135215.0,True,2024-09-17,stats,False,False
2024,1024,LS019,Yue Yuan,Elena-Gabriela Ruse,324325,320408,R32,4-6 6-2 6-2,completed,present,2024-09-16,2024-09-22,2024-09-16T02:48:51.92+00:00,False,2024-09-16T05:16:04.167+00:00,False,data/raw/wta/stats/_httpcache/2024/e4aa34f69c317bfabc01cb6b7ae29de224234ee5dfe96efc4398ead358125b1d.json,51d68f2727ced466e8b285e54ba40bcd4f432a4bf55180ef0645166e1ef29f00,0,135198.0,True,2024-09-16,stats,False,False
2024,1024,LS021,Carol Zhao,Dayeon Back,317805,327351,R32,6-4 6-1,completed,present,2024-09-16,2024-09-22,2024-09-16T05:19:44.81+00:00,False,2024-09-16T07:03:44.753+00:00,False,data/raw/wta/stats/_httpcache/2024/e4aa34f69c317bfabc01cb6b7ae29de224234ee5dfe96efc4398ead358125b1d.json,51d68f2727ced466e8b285e54ba40bcd4f432a4bf55180ef0645166e1ef29f00,0,135201.0,True,2024-09-16,stats,False,False
2024,1024,LS022,Heather Watson,Jia-Jing Lu,316981,313225,R32,6-4 6-4,completed,present,2024-09-16,2024-09-22,2024-09-16T04:35:49.973+00:00,False,2024-09-16T06:27:12.747+00:00,False,data/raw/wta/stats/_httpcache/2024/e4aa34f69c317bfabc01cb6b7ae29de224234ee5dfe96efc4398ead358125b1d.json,51d68f2727ced466e8b285e54ba40bcd4f432a4bf55180ef0645166e1ef29f00,0,135200.0,True,2024-09-16,stats,False,False
2024,1024,LS023,Marta Kostyuk,Arantxa Rus,326482,313349,R32,6-3 6-1,completed,present,2024-09-16,2024-09-22,2024-09-16T09:34:38.433+00:00,False,2024-09-16T11:08:14.783+00:00,False,data/raw/wta/stats/_httpcache/2024/e4aa34f69c317bfabc01cb6b7ae29de224234ee5dfe96efc4398ead358125b1d.json,51d68f2727ced466e8b285e54ba40bcd4f432a4bf55180ef0645166e1ef29f00,0,135203.0,True,2024-09-16,stats,False,False
2024,1024,LS024,Ekaterina Alexandrova,Varvara Lepchenko,319007,120420,R32,7-5 3-6 6-0,completed,present,2024-09-16,2024-09-22,2024-09-16T07:06:51.107+00:00,False,2024-09-16T09:33:06.737+00:00,False,data/raw/wta/stats/_httpcache/2024/e4aa34f69c317bfabc01cb6b7ae29de224234ee5dfe96efc4398ead358125b1d.json,51d68f2727ced466e8b285e54ba40bcd4f432a4bf55180ef0645166e1ef29f00,0,135202.0,True,2024-09-16,stats,False,False
2024,1024,LS025,Polina Kudermetova,Priscilla Hon,328897,320543,R32,7-5 6-4,completed,present,2024-09-16,2024-09-22,2024-09-17T02:48:09.713+00:00,False,2024-09-17T05:48:21.927+00:00,False,data/raw/wta/stats/_httpcache/2024/e4aa34f69c317bfabc01cb6b7ae29de224234ee5dfe96efc4398ead358125b1d.json,51d68f2727ced466e8b285e54ba40bcd4f432a4bf55180ef0645166e1ef29f00,0,135211.0,True,2024-09-17,stats,False,False
2024,1024,LS026,Ajla Tomljanovic,Su Jeong Jang,315232,317065,R32,7-6(4) 4-6 6-3,completed,present,2024-09-16,2024-09-22,2024-09-17T10:30:25.517+00:00,False,2024-09-17T13:47:00.923+00:00,False,data/raw/wta/stats/_httpcache/2024/e4aa34f69c317bfabc01cb6b7ae29de224234ee5dfe96efc4398ead358125b1d.json,51d68f2727ced466e8b285e54ba40bcd4f432a4bf55180ef0645166e1ef29f00,0,135216.0,True,2024-09-17,stats,False,False
2024,1024,LS028,Amanda Anisimova,Yulia Putintseva,326384,317683,R32,6-3 7-6(5),completed,present,2024-09-16,2024-09-22,2024-09-17T02:55:49.833+00:00,False,2024-09-17T05:32:56.297+00:00,False,data/raw/wta/stats/_httpcache/2024/e4aa34f69c317bfabc01cb6b7ae29de224234ee5dfe96efc4398ead358125b1d.json,51d68f2727ced466e8b285e54ba40bcd4f432a4bf55180ef0645166e1ef29f00,0,135212.0,True,2024-09-17,stats,False,False
2024,1024,LS029,Viktoriya Tomova,Tatjana Maria,317584,310440,R32,6-2 1-6 6-0,completed,present,2024-09-16,2024-09-22,2024-09-17T05:49:32.553+00:00,False,2024-09-17T07:50:29.687+00:00,False,data/raw/wta/stats/_httpcache/2024/e4aa34f69c317bfabc01cb6b7ae29de224234ee5dfe96efc4398ead358125b1d.json,51d68f2727ced466e8b285e54ba40bcd4f432a4bf55180ef0645166e1ef29f00,0,135214.0,True,2024-09-17,stats,False,False
2024,1024,LS030,Veronika Kudermetova,Shuai Zhang,319526,311779,R32,6-4 6-3,completed,present,2024-09-16,2024-09-22,2024-09-16T02:51:36.167+00:00,False,2024-09-16T04:34:24.287+00:00,False,data/raw/wta/stats/_httpcache/2024/e4aa34f69c317bfabc01cb6b7ae29de224234ee5dfe96efc4398ead358125b1d.json,51d68f2727ced466e8b285e54ba40bcd4f432a4bf55180ef0645166e1ef29f00,0,135199.0,True,2024-09-16,stats,False,False
2024,1038,LS001,Iga Swiatek,Aryna Sabalenka,326408,320760,F,7-5 4-6 7-6(7),completed,absent,2024-04-23,2024-05-05,2024-05-04T16:19:20.83+00:00,False,2024-05-04T19:51:34.46+00:00,False,data/raw/wta/stats/_httpcache/2024/8815ecc3f352917f318fe45e8c277164df4c53c2aa6b770b3d3052224e9c6e95.json,202d5417c92eb8eb0c61ced05cf12ebfe19d3bf9c493214b952570ffb5ce9f37,1,,,,,False,False
2024,1038,LS002,Iga Swiatek,Madison Keys,326408,316959,SF,6-1 6-3,completed,absent,2024-04-23,2024-05-05,2024-05-02T13:48:34.977+00:00,False,2024-05-02T15:19:07.51+00:00,False,data/raw/wta/stats/_httpcache/2024/8815ecc3f352917f318fe45e8c277164df4c53c2aa6b770b3d3052224e9c6e95.json,202d5417c92eb8eb0c61ced05cf12ebfe19d3bf9c493214b952570ffb5ce9f37,1,,,,,False,False
2024,1038,LS003,Aryna Sabalenka,Elena Rybakina,320760,324166,SF,1-6 7-5 7-6(5),completed,absent,2024-04-23,2024-05-05,2024-05-02T19:22:05.843+00:00,False,2024-05-02T21:55:33.36+00:00,False,data/raw/wta/stats/_httpcache/2024/8815ecc3f352917f318fe45e8c277164df4c53c2aa6b770b3d3052224e9c6e95.json,202d5417c92eb8eb0c61ced05cf12ebfe19d3bf9c493214b952570ffb5ce9f37,1,,,,,False,False
2024,1038,LS004,Iga Swiatek,Beatriz Haddad Maia,326408,318176,QF,4-6 6-0 6-2,completed,absent,2024-04-23,2024-05-05,2024-04-30T11:04:25.517+00:00,False,2024-04-30T13:45:02.937+00:00,False,data/raw/wta/stats/_httpcache/2024/8815ecc3f352917f318fe45e8c277164df4c53c2aa6b770b3d3052224e9c6e95.json,202d5417c92eb8eb0c61ced05cf12ebfe19d3bf9c493214b952570ffb5ce9f37,1,,,,,False,False
2024,1038,LS005,Madison Keys,Ons Jabeur,316959,316847,QF,0-6 7-5 6-1,completed,absent,2024-04-23,2024-05-05,2024-04-30T17:39:20.4+00:00,False,2024-04-30T19:35:25.1+00:00,False,data/raw/wta/stats/_httpcache/2024/8815ecc3f352917f318fe45e8c277164df4c53c2aa6b770b3d3052224e9c6e95.json,202d5417c92eb8eb0c61ced05cf12ebfe19d3bf9c493214b952570ffb5ce9f37,1,,,,,False,False
2024,1038,LS006,Elena Rybakina,Yulia Putintseva,324166,317683,QF,4-6 7-6(4) 7-5,completed,absent,2024-04-23,2024-05-05,2024-05-01T09:47:12.723+00:00,False,2024-05-01T12:56:13.08+00:00,False,data/raw/wta/stats/_httpcache/2024/8815ecc3f352917f318fe45e8c277164df4c53c2aa6b770b3d3052224e9c6e95.json,202d5417c92eb8eb0c61ced05cf12ebfe19d3bf9c493214b952570ffb5ce9f37,1,,,,,False,False
2024,1038,LS007,Aryna Sabalenka,Mirra Andreeva,320760,331809,QF,6-1 6-4,completed,absent,2024-04-23,2024-05-05,2024-05-01T17:45:27.38+00:00,False,2024-05-01T19:22:54.01+00:00,False,data/raw/wta/stats/_httpcache/2024/8815ecc3f352917f318fe45e8c277164df4c53c2aa6b770b3d3052224e9c6e95.json,202d5417c92eb8eb0c61ced05cf12ebfe19d3bf9c493214b952570ffb5ce9f37,1,,,,,False,False
2024,1038,LS008,Iga Swiatek,Sara Sorribes Tormo,326408,318872,R16,6-1 6-0,completed,absent,2024-04-23,2024-05-05,2024-04-29T10:18:18.477+00:00,False,2024-04-29T11:44:28.787+00:00,False,data/raw/wta/stats/_httpcache/2024/8815ecc3f352917f318fe45e8c277164df4c53c2aa6b770b3d3052224e9c6e95.json,202d5417c92eb8eb0c61ced05cf12ebfe19d3bf9c493214b952570ffb5ce9f37,1,,,,,False,False
2024,1038,LS009,Beatriz Haddad Maia,Maria Sakkari,318176,318312,R16,6-4 6-4,completed,absent,2024-04-23,2024-05-05,2024-04-29T08:48:42.51+00:00,False,2024-04-29T10:58:11.997+00:00,False,data/raw/wta/stats/_httpcache/2024/8815ecc3f352917f318fe45e8c277164df4c53c2aa6b770b3d3052224e9c6e95.json,202d5417c92eb8eb0c61ced05cf12ebfe19d3bf9c493214b952570ffb5ce9f37,1,,,,,False,False
2024,1038,LS010,Madison Keys,Coco Gauff,316959,328560,R16,7-6(4) 4-6 6-4,completed,absent,2024-04-23,2024-05-05,2024-04-29T14:10:01.927+00:00,False,2024-04-29T16:54:54.41+00:00,False,data/raw/wta/stats/_httpcache/2024/8815ecc3f352917f318fe45e8c277164df4c53c2aa6b770b3d3052224e9c6e95.json,202d5417c92eb8eb0c61ced05cf12ebfe19d3bf9c493214b952570ffb5ce9f37,1,,,,,False,False
2024,1038,LS011,Ons Jabeur,Jelena Ostapenko,316847,319939,R16,6-0 6-4,completed,absent,2024-04-23,2024-05-05,2024-04-29T08:40:29.733+00:00,False,2024-04-29T10:15:29.86+00:00,False,data/raw/wta/stats/_httpcache/2024/8815ecc3f352917f318fe45e8c277164df4c53c2aa6b770b3d3052224e9c6e95.json,202d5417c92eb8eb0c61ced05cf12ebfe19d3bf9c493214b952570ffb5ce9f37,1,,,,,False,False
2024,1038,LS012,Yulia Putintseva,Daria Kasatkina,317683,322082,R16,3-6 6-2 6-2,completed,absent,2024-04-23,2024-05-05,2024-04-29T17:02:10.35+00:00,False,2024-04-29T19:07:31.63+00:00,False,data/raw/wta/stats/_httpcache/2024/8815ecc3f352917f318fe45e8c277164df4c53c2aa6b770b3d3052224e9c6e95.json,202d5417c92eb8eb0c61ced05cf12ebfe19d3bf9c493214b952570ffb5ce9f37,1,,,,,False,False
2024,1038,LS013,Elena Rybakina,Sara Bejlek,324166,330375,R16,6-1 6-3,completed,absent,2024-04-23,2024-05-05,2024-04-29T16:59:59.447+00:00,False,2024-04-29T18:29:01.23+00:00,False,data/raw/wta/stats/_httpcache/2024/8815ecc3f352917f318fe45e8c277164df4c53c2aa6b770b3d3052224e9c6e95.json,202d5417c92eb8eb0c61ced05cf12ebfe19d3bf9c493214b952570ffb5ce9f37,1,,,,,False,False
2024,1038,LS014,Mirra Andreeva,Jasmine Paolini,331809,319280,R16,7-6(2) 6-4,completed,absent,2024-04-23,2024-05-05,2024-04-29T13:32:43.847+00:00,False,2024-04-29T15:18:26.44+00:00,False,data/raw/wta/stats/_httpcache/2024/8815ecc3f352917f318fe45e8c277164df4c53c2aa6b770b3d3052224e9c6e95.json,202d5417c92eb8eb0c61ced05cf12ebfe19d3bf9c493214b952570ffb5ce9f37,1,,,,,False,False
2024,1038,LS015,Aryna Sabalenka,Danielle Collins,320760,316925,R16,4-6 6-4 6-3,completed,absent,2024-04-23,2024-05-05,2024-04-29T19:55:24.943+00:00,False,2024-04-29T22:34:26.98+00:00,False,data/raw/wta/stats/_httpcache/2024/8815ecc3f352917f318fe45e8c277164df4c53c2aa6b770b3d3052224e9c6e95.json,202d5417c92eb8eb0c61ced05cf12ebfe19d3bf9c493214b952570ffb5ce9f37,1,,,,,False,False
2024,1038,LS016,Iga Swiatek,Sorana Cirstea,326408,312469,R32,6-1 6-1,completed,absent,2024-04-23,2024-05-05,2024-04-27T08:50:27.073+00:00,False,2024-04-27T10:28:56.85+00:00,False,data/raw/wta/stats/_httpcache/2024/8815ecc3f352917f318fe45e8c277164df4c53c2aa6b770b3d3052224e9c6e95.json,202d5417c92eb8eb0c61ced05cf12ebfe19d3bf9c493214b952570ffb5ce9f37,1,,,,,False,False
2024,1038,LS017,Sara Sorribes Tormo,Victoria Azarenka,318872,312001,R32,7-6(0) 6-3,completed,absent,2024-04-23,2024-05-05,2024-04-27T08:48:14.98+00:00,False,2024-04-27T12:02:18.917+00:00,False,data/raw/wta/stats/_httpcache/2024/8815ecc3f352917f318fe45e8c277164df4c53c2aa6b770b3d3052224e9c6e95.json,202d5417c92eb8eb0c61ced05cf12ebfe19d3bf9c493214b952570ffb5ce9f37,1,,,,,False,False
2024,1038,LS018,Beatriz Haddad Maia,Emma Navarro,318176,325410,R32,6-4 6-4,completed,absent,2024-04-23,2024-05-05,2024-04-27T17:33:09.093+00:00,False,2024-04-27T19:38:35.577+00:00,False,data/raw/wta/stats/_httpcache/2024/8815ecc3f352917f318fe45e8c277164df4c53c2aa6b770b3d3052224e9c6e95.json,202d5417c92eb8eb0c61ced05cf12ebfe19d3bf9c493214b952570ffb5ce9f37,1,,,,,False,False
2024,1038,LS019,Maria Sakkari,Sloane Stephens,318312,315683,R32,6-1 6-3,completed,absent,2024-04-23,2024-05-05,2024-04-27T10:55:10.37+00:00,False,2024-04-27T12:14:03.25+00:00,False,data/raw/wta/stats/_httpcache/2024/8815ecc3f352917f318fe45e8c277164df4c53c2aa6b770b3d3052224e9c6e95.json,202d5417c92eb8eb0c61ced05cf12ebfe19d3bf9c493214b952570ffb5ce9f37,1,,,,,False,False
2024,1038,LS020,Coco Gauff,Dayana Yastremska,328560,324261,R32,6-4 6-1,completed,absent,2024-04-23,2024-05-05,2024-04-27T17:41:53.843+00:00,False,2024-04-27T19:26:04.753+00:00,False,data/raw/wta/stats/_httpcache/2024/8815ecc3f352917f318fe45e8c277164df4c53c2aa6b770b3d3052224e9c6e95.json,202d5417c92eb8eb0c61ced05cf12ebfe19d3bf9c493214b952570ffb5ce9f37,1,,,,,False,False
2024,1038,LS021,Madison Keys,Liudmila Samsonova,316959,322222,R32,6-2 6-3,completed,absent,2024-04-23,2024-05-05,2024-04-27T15:02:19.56+00:00,False,2024-04-27T16:38:00.547+00:00,False,data/raw/wta/stats/_httpcache/2024/8815ecc3f352917f318fe45e8c277164df4c53c2aa6b770b3d3052224e9c6e95.json,202d5417c92eb8eb0c61ced05cf12ebfe19d3bf9c493214b952570ffb5ce9f37,1,,,,,False,False
2024,1038,LS022,Jelena Ostapenko,Maria Lourdes Carle,319939,322638,R32,6-3 6-3,completed,absent,2024-04-23,2024-05-05,2024-04-27T12:05:44.77+00:00,False,2024-04-27T13:50:38.997+00:00,False,data/raw/wta/stats/_httpcache/2024/8815ecc3f352917f318fe45e8c277164df4c53c2aa6b770b3d3052224e9c6e95.json,202d5417c92eb8eb0c61ced05cf12ebfe19d3bf9c493214b952570ffb5ce9f37,1,,,,,False,False
2024,1038,LS023,Ons Jabeur,Leylah Fernandez,316847,326735,R32,7-5 2-6 6-4,completed,absent,2024-04-23,2024-05-05,2024-04-27T12:16:58.13+00:00,False,2024-04-27T14:59:33.473+00:00,False,data/raw/wta/stats/_httpcache/2024/8815ecc3f352917f318fe45e8c277164df4c53c2aa6b770b3d3052224e9c6e95.json,202d5417c92eb8eb0c61ced05cf12ebfe19d3bf9c493214b952570ffb5ce9f37,1,,,,,False,False
2024,1038,LS024,Yulia Putintseva,Caroline Dolehide,317683,322052,R32,6-2 6-2,completed,absent,2024-04-23,2024-05-05,2024-04-28T10:54:43.967+00:00,False,2024-04-28T12:15:56.737+00:00,False,data/raw/wta/stats/_httpcache/2024/8815ecc3f352917f318fe45e8c277164df4c53c2aa6b770b3d3052224e9c6e95.json,202d5417c92eb8eb0c61ced05cf12ebfe19d3bf9c493214b952570ffb5ce9f37,1,,,,,False,False
2024,1038,LS025,Daria Kasatkina,Anastasia Pavlyuchenkova,322082,313796,R32,7-6(5) 7-5,completed,absent,2024-04-23,2024-05-05,2024-04-28T11:33:36.167+00:00,False,2024-04-28T13:40:10.067+00:00,False,data/raw/wta/stats/_httpcache/2024/8815ecc3f352917f318fe45e8c277164df4c53c2aa6b770b3d3052224e9c6e95.json,202d5417c92eb8eb0c61ced05cf12ebfe19d3bf9c493214b952570ffb5ce9f37,1,,,,,False,False
2024,1038,LS026,Sara Bejlek,Ashlyn Krueger,330375,329409,R32,6-3 6-1,completed,absent,2024-04-23,2024-05-05,2024-04-28T08:47:06.973+00:00,False,2024-04-28T10:20:18.433+00:00,False,data/raw/wta/stats/_httpcache/2024/8815ecc3f352917f318fe45e8c277164df4c53c2aa6b770b3d3052224e9c6e95.json,202d5417c92eb8eb0c61ced05cf12ebfe19d3bf9c493214b952570ffb5ce9f37,1,,,,,False,False
2024,1038,LS027,Elena Rybakina,Mayar Sherif,324166,318711,R32,6-1 6-4,completed,absent,2024-04-23,2024-05-05,2024-04-28T08:43:37.68+00:00,False,2024-04-28T10:38:15.83+00:00,False,data/raw/wta/stats/_httpcache/2024/8815ecc3f352917f318fe45e8c277164df4c53c2aa6b770b3d3052224e9c6e95.json,202d5417c92eb8eb0c61ced05cf12ebfe19d3bf9c493214b952570ffb5ce9f37,1,,,,,False,False
2024,1038,LS028,Mirra Andreeva,Marketa Vondrousova,331809,323027,R32,7-5 6-1,completed,absent,2024-04-23,2024-05-05,2024-04-28T13:44:29.563+00:00,False,2024-04-28T15:13:07.84+00:00,False,data/raw/wta/stats/_httpcache/2024/8815ecc3f352917f318fe45e8c277164df4c53c2aa6b770b3d3052224e9c6e95.json,202d5417c92eb8eb0c61ced05cf12ebfe19d3bf9c493214b952570ffb5ce9f37,1,,,,,False,False
2024,1038,LS029,Jasmine Paolini,Caroline Garcia,319280,315391,R32,6-3 6-2,completed,absent,2024-04-23,2024-05-05,2024-04-28T15:16:31.25+00:00,False,2024-04-28T16:36:38.98+00:00,False,data/raw/wta/stats/_httpcache/2024/8815ecc3f352917f318fe45e8c277164df4c53c2aa6b770b3d3052224e9c6e95.json,202d5417c92eb8eb0c61ced05cf12ebfe19d3bf9c493214b952570ffb5ce9f37,1,,,,,False,False
2024,1038,LS030,Danielle Collins,Jaqueline Cristian,316925,320319,R32,3-6 6-4 6-1,completed,absent,2024-04-23,2024-05-05,2024-04-28T15:48:18.85+00:00,False,2024-04-28T18:03:54.023+00:00,False,data/raw/wta/stats/_httpcache/2024/8815ecc3f352917f318fe45e8c277164df4c53c2aa6b770b3d3052224e9c6e95.json,202d5417c92eb8eb0c61ced05cf12ebfe19d3bf9c493214b952570ffb5ce9f37,1,,,,,False,False
2024,1038,LS031,Aryna Sabalenka,Robin Montgomery,320760,329408,R32,6-1 6-7(5) 6-4,completed,absent,2024-04-23,2024-05-05,2024-04-28T17:46:52.68+00:00,False,2024-04-28T20:36:52.1+00:00,False,data/raw/wta/stats/_httpcache/2024/8815ecc3f352917f318fe45e8c277164df4c53c2aa6b770b3d3052224e9c6e95.json,202d5417c92eb8eb0c61ced05cf12ebfe19d3bf9c493214b952570ffb5ce9f37,1,,,,,False,False
2024,1038,LS032,Iga Swiatek,Xiyu Wang,326408,326160,R64,6-1 6-4,completed,absent,2024-04-23,2024-05-05,2024-04-25T17:06:02.903+00:00,False,2024-04-25T18:38:25.59+00:00,False,data/raw/wta/stats/_httpcache/2024/8815ecc3f352917f318fe45e8c277164df4c53c2aa6b770b3d3052224e9c6e95.json,202d5417c92eb8eb0c61ced05cf12ebfe19d3bf9c493214b952570ffb5ce9f37,1,,,,,False,False
2024,1038,LS033,Sorana Cirstea,Alexandra Eala,312469,330332,R64,6-3 6-7(6) 6-4,completed,absent,2024-04-23,2024-05-05,2024-04-25T13:25:16.073+00:00,False,2024-04-25T15:55:48.887+00:00,False,data/raw/wta/stats/_httpcache/2024/8815ecc3f352917f318fe45e8c277164df4c53c2aa6b770b3d3052224e9c6e95.json,202d5417c92eb8eb0c61ced05cf12ebfe19d3bf9c493214b952570ffb5ce9f37,1,,,,,False,False
2024,1038,LS034,Victoria Azarenka,Tatjana Maria,312001,310440,R64,6-3 6-1,completed,absent,2024-04-23,2024-05-05,2024-04-25T08:48:06.4+00:00,False,2024-04-25T10:31:52.443+00:00,False,data/raw/wta/stats/_httpcache/2024/8815ecc3f352917f318fe45e8c277164df4c53c2aa6b770b3d3052224e9c6e95.json,202d5417c92eb8eb0c61ced05cf12ebfe19d3bf9c493214b952570ffb5ce9f37,1,,,,,False,False
2024,1038,LS035,Sara Sorribes Tormo,Elina Svitolina,318872,316738,R64,6-3 7-5,completed,absent,2024-04-23,2024-05-05,2024-04-25T08:49:30.3+00:00,False,2024-04-25T11:20:07.66+00:00,False,data/raw/wta/stats/_httpcache/2024/8815ecc3f352917f318fe45e8c277164df4c53c2aa6b770b3d3052224e9c6e95.json,202d5417c92eb8eb0c61ced05cf12ebfe19d3bf9c493214b952570ffb5ce9f37,1,,,,,False,False
2024,1038,LS036,Beatriz Haddad Maia,Sara Errani,318176,310761,R64,6-3 6-2,completed,absent,2024-04-23,2024-05-05,2024-04-25T12:38:35.523+00:00,False,2024-04-25T14:11:58.4+00:00,False,data/raw/wta/stats/_httpcache/2024/8815ecc3f352917f318fe45e8c277164df4c53c2aa6b770b3d3052224e9c6e95.json,202d5417c92eb8eb0c61ced05cf12ebfe19d3bf9c493214b952570ffb5ce9f37,1,,,,,False,False
2024,1038,LS037,Emma Navarro,Nadia Podoroska,325410,319112,R64,6-2 6-1,completed,absent,2024-04-23,2024-05-05,2024-04-25T11:22:07.84+00:00,False,2024-04-25T12:47:17.28+00:00,False,data/raw/wta/stats/_httpcache/2024/8815ecc3f352917f318fe45e8c277164df4c53c2aa6b770b3d3052224e9c6e95.json,202d5417c92eb8eb0c61ced05cf12ebfe19d3bf9c493214b952570ffb5ce9f37,1,,,,,False,False
2024,1038,LS038,Sloane Stephens,Elise Mertens,315683,317964,R64,3-6 6-3 6-1,completed,absent,2024-04-23,2024-05-05,2024-04-25T15:58:33.433+00:00,False,2024-04-25T18:32:33.793+00:00,False,data/raw/wta/stats/_httpcache/2024/8815ecc3f352917f318fe45e8c277164df4c53c2aa6b770b3d3052224e9c6e95.json,202d5417c92eb8eb0c61ced05cf12ebfe19d3bf9c493214b952570ffb5ce9f37,1,,,,,False,False
2024,1038,LS039,Maria Sakkari,Donna Vekic,318312,318516,R64,6-3 6-2,completed,absent,2024-04-23,2024-05-05,2024-04-25T08:46:05.53+00:00,False,2024-04-25T10:33:09.19+00:00,False,data/raw/wta/stats/_httpcache/2024/8815ecc3f352917f318fe45e8c277164df4c53c2aa6b770b3d3052224e9c6e95.json,202d5417c92eb8eb0c61ced05cf12ebfe19d3bf9c493214b952570ffb5ce9f37,1,,,,,False,False
2024,1038,LS040,Coco Gauff,Arantxa Rus,328560,313349,R64,6-0 6-0,completed,absent,2024-04-23,2024-05-05,2024-04-25T14:18:17.17+00:00,False,2024-04-25T15:23:02.403+00:00,False,data/raw/wta/stats/_httpcache/2024/8815ecc3f352917f318fe45e8c277164df4c53c2aa6b770b3d3052224e9c6e95.json,202d5417c92eb8eb0c61ced05cf12ebfe19d3bf9c493214b952570ffb5ce9f37,1,,,,,False,False
2024,1038,LS041,Dayana Yastremska,Emiliana Arango,324261,324789,R64,0-6 7-5 6-4,completed,absent,2024-04-23,2024-05-05,2024-04-25T10:35:15.793+00:00,False,2024-04-25T13:22:56.593+00:00,False,data/raw/wta/stats/_httpcache/2024/8815ecc3f352917f318fe45e8c277164df4c53c2aa6b770b3d3052224e9c6e95.json,202d5417c92eb8eb0c61ced05cf12ebfe19d3bf9c493214b952570ffb5ce9f37,1,,,,,False,False
2024,1038,LS042,Madison Keys,Irina-Camelia Begu,316959,313169,R64,7-6(3) 7-6(6),completed,absent,2024-04-23,2024-05-05,2024-04-25T08:47:10.823+00:00,False,2024-04-25T11:19:41.547+00:00,False,data/raw/wta/stats/_httpcache/2024/8815ecc3f352917f318fe45e8c277164df4c53c2aa6b770b3d3052224e9c6e95.json,202d5417c92eb8eb0c61ced05cf12ebfe19d3bf9c493214b952570ffb5ce9f37,1,,,,,False,False
2024,1038,LS043,Liudmila Samsonova,Naomi Osaka,322222,319998,R64,6-2 4-6 7-5,completed,absent,2024-04-23,2024-05-05,2024-04-25T11:37:38.133+00:00,False,2024-04-25T14:14:10.183+00:00,False,data/raw/wta/stats/_httpcache/2024/8815ecc3f352917f318fe45e8c277164df4c53c2aa6b770b3d3052224e9c6e95.json,202d5417c92eb8eb0c61ced05cf12ebfe19d3bf9c493214b952570ffb5ce9f37,1,,,,,False,False
2024,1038,LS044,Jelena Ostapenko,Jessica Bouzas Maneiro,319939,328139,R64,6-3 6-1,completed,absent,2024-04-23,2024-05-05,2024-04-25T11:23:36.77+00:00,False,2024-04-25T12:45:54.763+00:00,False,data/raw/wta/stats/_httpcache/2024/8815ecc3f352917f318fe45e8c277164df4c53c2aa6b770b3d3052224e9c6e95.json,202d5417c92eb8eb0c61ced05cf12ebfe19d3bf9c493214b952570ffb5ce9f37,1,,,,,False,False
2024,1038,LS045,Maria Lourdes Carle,Veronika Kudermetova,322638,319526,R64,6-4 6-4,completed,absent,2024-04-23,2024-05-05,2024-04-25T14:14:30.3+00:00,False,2024-04-25T16:45:01.04+00:00,False,data/raw/wta/stats/_httpcache/2024/8815ecc3f352917f318fe45e8c277164df4c53c2aa6b770b3d3052224e9c6e95.json,202d5417c92eb8eb0c61ced05cf12ebfe19d3bf9c493214b952570ffb5ce9f37,1,,,,,False,False
2024,1038,LS046,Leylah Fernandez,Anastasia Potapova,326735,325601,R64,7-5 6-3,completed,absent,2024-04-23,2024-05-05,2024-04-25T16:47:15.213+00:00,False,2024-04-25T18:34:38.193+00:00,False,data/raw/wta/stats/_httpcache/2024/8815ecc3f352917f318fe45e8c277164df4c53c2aa6b770b3d3052224e9c6e95.json,202d5417c92eb8eb0c61ced05cf12ebfe19d3bf9c493214b952570ffb5ce9f37,1,,,,,False,False
2024,1038,LS047,Ons Jabeur,Anna Karolina Schmiedlova,316847,318203,R64,6-4 5-7 6-3,completed,absent,2024-04-23,2024-05-05,2024-04-25T15:25:17.693+00:00,False,2024-04-25T18:12:06.883+00:00,False,data/raw/wta/stats/_httpcache/2024/8815ecc3f352917f318fe45e8c277164df4c53c2aa6b770b3d3052224e9c6e95.json,202d5417c92eb8eb0c61ced05cf12ebfe19d3bf9c493214b952570ffb5ce9f37,1,,,,,False,False
2024,1038,LS049,Caroline Dolehide,Anhelina Kalinina,322052,320567,R64,6-7(6) 6-2 6-3,completed,absent,2024-04-23,2024-05-05,2024-04-26T11:03:54.237+00:00,False,2024-04-26T14:04:52.86+00:00,False,data/raw/wta/stats/_httpcache/2024/8815ecc3f352917f318fe45e8c277164df4c53c2aa6b770b3d3052224e9c6e95.json,202d5417c92eb8eb0c61ced05cf12ebfe19d3bf9c493214b952570ffb5ce9f37,1,,,,,False,False
2024,1038,LS050,Anastasia Pavlyuchenkova,Daria Saville,313796,315997,R64,6-1 6-4,completed,absent,2024-04-23,2024-05-05,2024-04-26T08:51:59.703+00:00,False,2024-04-26T10:37:00.357+00:00,False,data/raw/wta/stats/_httpcache/2024/8815ecc3f352917f318fe45e8c277164df4c53c2aa6b770b3d3052224e9c6e95.json,202d5417c92eb8eb0c61ced05cf12ebfe19d3bf9c493214b952570ffb5ce9f37,1,,,,,False,False
2024,1038,LS051,Daria Kasatkina,Cristina Bucsa,322082,321158,R64,5-7 7-6(5) 6-3,completed,absent,2024-04-23,2024-05-05,2024-04-26T10:39:21.14+00:00,False,2024-04-26T13:25:04.45+00:00,False,data/raw/wta/stats/_httpcache/2024/8815ecc3f352917f318fe45e8c277164df4c53c2aa6b770b3d3052224e9c6e95.json,202d5417c92eb8eb0c61ced05cf12ebfe19d3bf9c493214b952570ffb5ce9f37,1,,,,,False,False
2024,1038,LS052,Ashlyn Krueger,Ekaterina Alexandrova,329409,319007,R64,6-3 6-3,completed,absent,2024-04-23,2024-05-05,2024-04-26T10:43:00.52+00:00,False,2024-04-26T12:15:06.557+00:00,False,data/raw/wta/stats/_httpcache/2024/8815ecc3f352917f318fe45e8c277164df4c53c2aa6b770b3d3052224e9c6e95.json,202d5417c92eb8eb0c61ced05cf12ebfe19d3bf9c493214b952570ffb5ce9f37,1,,,,,False,False
2024,1038,LS053,Sara Bejlek,Anna Kalinskaya,330375,323942,R64,6-1 6-4,completed,absent,2024-04-23,2024-05-05,2024-04-26T14:06:51.2+00:00,False,2024-04-26T15:41:19.197+00:00,False,data/raw/wta/stats/_httpcache/2024/8815ecc3f352917f318fe45e8c277164df4c53c2aa6b770b3d3052224e9c6e95.json,202d5417c92eb8eb0c61ced05cf12ebfe19d3bf9c493214b952570ffb5ce9f37,1,,,,,False,False
2024,1038,LS054,Mayar Sherif,Marta Kostyuk,318711,326482,R64,6-2 7-5,completed,absent,2024-04-23,2024-05-05,2024-04-26T12:17:28.853+00:00,False,2024-04-26T14:03:49.95+00:00,False,data/raw/wta/stats/_httpcache/2024/8815ecc3f352917f318fe45e8c277164df4c53c2aa6b770b3d3052224e9c6e95.json,202d5417c92eb8eb0c61ced05cf12ebfe19d3bf9c493214b952570ffb5ce9f37,1,,,,,False,False
2024,1038,LS055,Elena Rybakina,Lucia Bronzetti,324166,322280,R64,6-4 6-3,completed,absent,2024-04-23,2024-05-05,2024-04-26T08:39:22.307+00:00,False,2024-04-26T10:24:39.853+00:00,False,data/raw/wta/stats/_httpcache/2024/8815ecc3f352917f318fe45e8c277164df4c53c2aa6b770b3d3052224e9c6e95.json,202d5417c92eb8eb0c61ced05cf12ebfe19d3bf9c493214b952570ffb5ce9f37,1,,,,,False,False
2024,1038,LS056,Marketa Vondrousova,Shelby Rogers,323027,317421,R64,6-1 6-3,completed,absent,2024-04-23,2024-05-05,2024-04-26T14:48:34.623+00:00,False,2024-04-26T16:31:04.883+00:00,False,data/raw/wta/stats/_httpcache/2024/8815ecc3f352917f318fe45e8c277164df4c53c2aa6b770b3d3052224e9c6e95.json,202d5417c92eb8eb0c61ced05cf12ebfe19d3bf9c493214b952570ffb5ce9f37,1,,,,,False,False
2024,1038,LS057,Mirra Andreeva,Linda Noskova,331809,329668,R64,4-6 6-3 6-3,completed,absent,2024-04-23,2024-05-05,2024-04-26T08:44:08.86+00:00,False,2024-04-26T11:00:56.203+00:00,False,data/raw/wta/stats/_httpcache/2024/8815ecc3f352917f318fe45e8c277164df4c53c2aa6b770b3d3052224e9c6e95.json,202d5417c92eb8eb0c61ced05cf12ebfe19d3bf9c493214b952570ffb5ce9f37,1,,,,,False,False
2024,1038,LS058,Caroline Garcia,Xinyu Wang,315391,326376,R64,6-1 6-4,completed,absent,2024-04-23,2024-05-05,2024-04-26T08:43:00.69+00:00,False,2024-04-26T10:25:47.747+00:00,False,data/raw/wta/stats/_httpcache/2024/8815ecc3f352917f318fe45e8c277164df4c53c2aa6b770b3d3052224e9c6e95.json,202d5417c92eb8eb0c61ced05cf12ebfe19d3bf9c493214b952570ffb5ce9f37,1,,,,,False,False
2024,1038,LS059,Jasmine Paolini,Victoria Jimenez Kasintseva,319280,330352,R64,6-0 6-1,completed,absent,2024-04-23,2024-05-05,2024-04-26T10:27:51.89+00:00,False,2024-04-26T11:40:22.71+00:00,False,data/raw/wta/stats/_httpcache/2024/8815ecc3f352917f318fe45e8c277164df4c53c2aa6b770b3d3052224e9c6e95.json,202d5417c92eb8eb0c61ced05cf12ebfe19d3bf9c493214b952570ffb5ce9f37,1,,,,,False,False
2024,1038,LS060,Danielle Collins,Olga Danilovic,316925,324934,R64,4-6 6-4 7-6(8),completed,absent,2024-04-23,2024-05-05,2024-04-26T19:41:18.123+00:00,False,2024-04-26T22:39:19.217+00:00,False,data/raw/wta/stats/_httpcache/2024/8815ecc3f352917f318fe45e8c277164df4c53c2aa6b770b3d3052224e9c6e95.json,202d5417c92eb8eb0c61ced05cf12ebfe19d3bf9c493214b952570ffb5ce9f37,1,,,,,False,False
2024,1038,LS061,Jaqueline Cristian,Barbora Krejcikova,320319,318314,R64,2-6 6-0 6-2,completed,absent,2024-04-23,2024-05-05,2024-04-26T13:58:22.197+00:00,False,2024-04-26T16:22:01.173+00:00,False,data/raw/wta/stats/_httpcache/2024/8815ecc3f352917f318fe45e8c277164df4c53c2aa6b770b3d3052224e9c6e95.json,202d5417c92eb8eb0c61ced05cf12ebfe19d3bf9c493214b952570ffb5ce9f37,1,,,,,False,False
2024,1038,LS062,Robin Montgomery,Katie Boulter,329408,319125,R64,1-6 6-3 6-4,completed,absent,2024-04-23,2024-05-05,2024-04-26T16:24:07.357+00:00,False,2024-04-26T18:44:26.843+00:00,False,data/raw/wta/stats/_httpcache/2024/8815ecc3f352917f318fe45e8c277164df4c53c2aa6b770b3d3052224e9c6e95.json,202d5417c92eb8eb0c61ced05cf12ebfe19d3bf9c493214b952570ffb5ce9f37,1,,,,,False,False
2024,1038,LS063,Aryna Sabalenka,Magda Linette,320760,315130,R64,6-4 3-6 6-3,completed,absent,2024-04-23,2024-05-05,2024-04-26T10:25:34.763+00:00,False,2024-04-26T12:53:01.33+00:00,False,data/raw/wta/stats/_httpcache/2024/8815ecc3f352917f318fe45e8c277164df4c53c2aa6b770b3d3052224e9c6e95.json,202d5417c92eb8eb0c61ced05cf12ebfe19d3bf9c493214b952570ffb5ce9f37,1,,,,,False,False
2024,1038,LS065,Xiyu Wang,Ana Bogdan,326160,315427,R128,6-7(5) 7-6(4) 6-2,completed,absent,2024-04-23,2024-05-05,2024-04-23T15:30:13.62+00:00,False,2024-04-23T19:06:25.013+00:00,False,data/raw/wta/stats/_httpcache/2024/8815ecc3f352917f318fe45e8c277164df4c53c2aa6b770b3d3052224e9c6e95.json,202d5417c92eb8eb0c61ced05cf12ebfe19d3bf9c493214b952570ffb5ce9f37,1,,,,,False,False
2024,1038,LS066,Alexandra Eala,Lesia Tsurenko,330332,315295,R128,2-6 6-4 6-4,completed,absent,2024-04-23,2024-05-05,2024-04-23T08:55:06.62+00:00,False,2024-04-23T11:33:49.787+00:00,False,data/raw/wta/stats/_httpcache/2024/8815ecc3f352917f318fe45e8c277164df4c53c2aa6b770b3d3052224e9c6e95.json,202d5417c92eb8eb0c61ced05cf12ebfe19d3bf9c493214b952570ffb5ce9f37,1,,,,,False,False
2024,1038,LS069,Tatjana Maria,Peyton Stearns,310440,327573,R128,6-7(4) 6-2 7-6(5),completed,absent,2024-04-23,2024-05-05,2024-04-23T11:36:13+00:00,False,2024-04-23T14:37:28.807+00:00,False,data/raw/wta/stats/_httpcache/2024/8815ecc3f352917f318fe45e8c277164df4c53c2aa6b770b3d3052224e9c6e95.json,202d5417c92eb8eb0c61ced05cf12ebfe19d3bf9c493214b952570ffb5ce9f37,1,,,,,False,False
2024,1038,LS070,Sara Sorribes Tormo,Bernarda Pera,318872,317708,R128,7-5 6-2,completed,absent,2024-04-23,2024-05-05,2024-04-24T10:42:24.873+00:00,False,2024-04-24T12:48:12.403+00:00,False,data/raw/wta/stats/_httpcache/2024/8815ecc3f352917f318fe45e8c277164df4c53c2aa6b770b3d3052224e9c6e95.json,202d5417c92eb8eb0c61ced05cf12ebfe19d3bf9c493214b952570ffb5ce9f37,1,,,,,False,False
2024,1038,LS073,Sara Errani,Caroline Wozniacki,310761,313402,R128,3-6 7-5 7-5,completed,absent,2024-04-23,2024-05-05,2024-04-24T14:52:28.94+00:00,False,2024-04-24T17:59:18.213+00:00,False,data/raw/wta/stats/_httpcache/2024/8815ecc3f352917f318fe45e8c277164df4c53c2aa6b770b3d3052224e9c6e95.json,202d5417c92eb8eb0c61ced05cf12ebfe19d3bf9c493214b952570ffb5ce9f37,1,,,,,False,False
2024,1038,LS074,Nadia Podoroska,Katerina Siniakova,319112,320301,R128,6-2 7-6(2),completed,absent,2024-04-23,2024-05-05,2024-04-23T11:22:29+00:00,False,2024-04-23T13:06:36.53+00:00,False,data/raw/wta/stats/_httpcache/2024/8815ecc3f352917f318fe45e8c277164df4c53c2aa6b770b3d3052224e9c6e95.json,202d5417c92eb8eb0c61ced05cf12ebfe19d3bf9c493214b952570ffb5ce9f37,1,,,,,False,False
2024,1038,LS077,Sloane Stephens,Martina Trevisan,315683,316266,R128,6-3 5-7 6-4,completed,absent,2024-04-23,2024-05-05,2024-04-24T08:48:14.03+00:00,False,2024-04-24T12:26:17.093+00:00,False,data/raw/wta/stats/_httpcache/2024/8815ecc3f352917f318fe45e8c277164df4c53c2aa6b770b3d3052224e9c6e95.json,202d5417c92eb8eb0c61ced05cf12ebfe19d3bf9c493214b952570ffb5ce9f37,1,,,,,False,False
2024,1038,LS078,Donna Vekic,Laura Siegemund,318516,310926,R128,6-1 6-2,completed,absent,2024-04-23,2024-05-05,2024-04-24T11:00:05.63+00:00,False,2024-04-24T12:39:39.217+00:00,False,data/raw/wta/stats/_httpcache/2024/8815ecc3f352917f318fe45e8c277164df4c53c2aa6b770b3d3052224e9c6e95.json,202d5417c92eb8eb0c61ced05cf12ebfe19d3bf9c493214b952570ffb5ce9f37,1,,,,,False,False
2024,1038,LS081,Arantxa Rus,Brenda Fruhvirtova,313349,331545,R128,7-5 6-3,completed,absent,2024-04-23,2024-05-05,2024-04-23T08:35:59.23+00:00,False,2024-04-23T11:10:50.55+00:00,False,data/raw/wta/stats/_httpcache/2024/8815ecc3f352917f318fe45e8c277164df4c53c2aa6b770b3d3052224e9c6e95.json,202d5417c92eb8eb0c61ced05cf12ebfe19d3bf9c493214b952570ffb5ce9f37,1,,,,,False,False
2024,1038,LS082,Emiliana Arango,Amanda Anisimova,324789,326384,R128,1-6 6-4 7-6(2),completed,absent,2024-04-23,2024-05-05,2024-04-24T12:27:49.33+00:00,False,2024-04-24T14:50:39.177+00:00,False,data/raw/wta/stats/_httpcache/2024/8815ecc3f352917f318fe45e8c277164df4c53c2aa6b770b3d3052224e9c6e95.json,202d5417c92eb8eb0c61ced05cf12ebfe19d3bf9c493214b952570ffb5ce9f37,1,,,,,False,False
2024,1038,LS085,Irina-Camelia Begu,Linda Fruhvirtova,313169,329627,R128,6-4 7-6(0),completed,absent,2024-04-23,2024-05-05,2024-04-23T13:08:47.947+00:00,False,2024-04-23T15:27:16.37+00:00,False,data/raw/wta/stats/_httpcache/2024/8815ecc3f352917f318fe45e8c277164df4c53c2aa6b770b3d3052224e9c6e95.json,202d5417c92eb8eb0c61ced05cf12ebfe19d3bf9c493214b952570ffb5ce9f37,1,,,,,False,False
2024,1038,LS086,Naomi Osaka,Greet Minnen,319998,321454,R128,6-4 6-1,completed,absent,2024-04-23,2024-05-05,2024-04-24T11:14:32.773+00:00,False,2024-04-24T12:47:40.037+00:00,False,data/raw/wta/stats/_httpcache/2024/8815ecc3f352917f318fe45e8c277164df4c53c2aa6b770b3d3052224e9c6e95.json,202d5417c92eb8eb0c61ced05cf12ebfe19d3bf9c493214b952570ffb5ce9f37,1,,,,,False,False
2024,1038,LS089,Jessica Bouzas Maneiro,Paula Badosa,328139,320124,R128,2-6 6-3 6-3,completed,absent,2024-04-23,2024-05-05,2024-04-24T08:43:14.37+00:00,False,2024-04-24T11:13:25.68+00:00,False,data/raw/wta/stats/_httpcache/2024/8815ecc3f352917f318fe45e8c277164df4c53c2aa6b770b3d3052224e9c6e95.json,202d5417c92eb8eb0c61ced05cf12ebfe19d3bf9c493214b952570ffb5ce9f37,1,,,,,False,False
2024,1038,LS090,Maria Lourdes Carle,Emma Raducanu,322638,328366,R128,6-2 6-2,completed,absent,2024-04-23,2024-05-05,2024-04-24T12:52:36.44+00:00,False,2024-04-24T14:34:08.053+00:00,False,data/raw/wta/stats/_httpcache/2024/8815ecc3f352917f318fe45e8c277164df4c53c2aa6b770b3d3052224e9c6e95.json,202d5417c92eb8eb0c61ced05cf12ebfe19d3bf9c493214b952570ffb5ce9f37,1,,,,,False,False
2024,1038,LS093,Anastasia Potapova,Diana Shnaider,325601,330482,R128,7-5 6-4,completed,absent,2024-04-23,2024-05-05,2024-04-23T14:40:03.917+00:00,False,2024-04-23T16:35:19.777+00:00,False,data/raw/wta/stats/_httpcache/2024/8815ecc3f352917f318fe45e8c277164df4c53c2aa6b770b3d3052224e9c6e95.json,202d5417c92eb8eb0c61ced05cf12ebfe19d3bf9c493214b952570ffb5ce9f37,1,,,,,False,False
2024,1038,LS094,Anna Karolina Schmiedlova,Sofia Kenin,318203,320942,R128,6-3 6-4,completed,absent,2024-04-23,2024-05-05,2024-04-23T16:37:49.12+00:00,False,2024-04-23T18:13:42.963+00:00,False,data/raw/wta/stats/_httpcache/2024/8815ecc3f352917f318fe45e8c277164df4c53c2aa6b770b3d3052224e9c6e95.json,202d5417c92eb8eb0c61ced05cf12ebfe19d3bf9c493214b952570ffb5ce9f37,1,,,,,False,False
2024,1038,LS097,Yulia Putintseva,Yue Yuan,317683,324325,R128,6-2 6-4,completed,absent,2024-04-23,2024-05-05,2024-04-24T08:45:18.663+00:00,False,2024-04-24T10:38:03.51+00:00,False,data/raw/wta/stats/_httpcache/2024/8815ecc3f352917f318fe45e8c277164df4c53c2aa6b770b3d3052224e9c6e95.json,202d5417c92eb8eb0c61ced05cf12ebfe19d3bf9c493214b952570ffb5ce9f37,1,,,,,False,False
2024,1038,LS098,Caroline Dolehide,Zhuoxuan Bai,322052,327196,R128,6-3 6-3,completed,absent,2024-04-23,2024-05-05,2024-04-24T14:51:48.33+00:00,False,2024-04-24T16:21:29.883+00:00,False,data/raw/wta/stats/_httpcache/2024/8815ecc3f352917f318fe45e8c277164df4c53c2aa6b770b3d3052224e9c6e95.json,202d5417c92eb8eb0c61ced05cf12ebfe19d3bf9c493214b952570ffb5ce9f37,1,,,,,False,False
2024,1038,LS101,Daria Saville,Hailey Baptiste,315997,327101,R128,6-4 7-6(5),completed,absent,2024-04-23,2024-05-05,2024-04-24T18:12:41.517+00:00,False,2024-04-24T20:45:41.923+00:00,False,data/raw/wta/stats/_httpcache/2024/8815ecc3f352917f318fe45e8c277164df4c53c2aa6b770b3d3052224e9c6e95.json,202d5417c92eb8eb0c61ced05cf12ebfe19d3bf9c493214b952570ffb5ce9f37,1,,,,,False,False
2024,1038,LS102,Cristina Bucsa,Harriet Dart,321158,319489,R128,6-4 6-4,completed,absent,2024-04-23,2024-05-05,2024-04-24T12:42:17.407+00:00,False,2024-04-24T14:38:21.62+00:00,False,data/raw/wta/stats/_httpcache/2024/8815ecc3f352917f318fe45e8c277164df4c53c2aa6b770b3d3052224e9c6e95.json,202d5417c92eb8eb0c61ced05cf12ebfe19d3bf9c493214b952570ffb5ce9f37,1,,,,,False,False
2024,1038,LS105,Ashlyn Krueger,Nao Hibino,329409,320238,R128,6-4 6-4,completed,absent,2024-04-23,2024-05-05,2024-04-24T16:23:56.843+00:00,False,2024-04-24T18:04:42.707+00:00,False,data/raw/wta/stats/_httpcache/2024/8815ecc3f352917f318fe45e8c277164df4c53c2aa6b770b3d3052224e9c6e95.json,202d5417c92eb8eb0c61ced05cf12ebfe19d3bf9c493214b952570ffb5ce9f37,1,,,,,False,False
2024,1038,LS106,Sara Bejlek,Anna Blinkova,330375,324267,R128,4-6 6-3 6-3,completed,absent,2024-04-23,2024-05-05,2024-04-24T17:24:36.207+00:00,False,2024-04-24T19:41:32.187+00:00,False,data/raw/wta/stats/_httpcache/2024/8815ecc3f352917f318fe45e8c277164df4c53c2aa6b770b3d3052224e9c6e95.json,202d5417c92eb8eb0c61ced05cf12ebfe19d3bf9c493214b952570ffb5ce9f37,1,,,,,False,False
2024,1038,LS109,Mayar Sherif,Lauren Davis,318711,317414,R128,4-6 7-6(4) 6-4,completed,absent,2024-04-23,2024-05-05,2024-04-24T08:48:39.583+00:00,False,2024-04-24T12:25:11.393+00:00,False,data/raw/wta/stats/_httpcache/2024/8815ecc3f352917f318fe45e8c277164df4c53c2aa6b770b3d3052224e9c6e95.json,202d5417c92eb8eb0c61ced05cf12ebfe19d3bf9c493214b952570ffb5ce9f37,1,,,,,False,False
2024,1038,LS110,Lucia Bronzetti,Varvara Gracheva,322280,325836,R128,6-3 6-3,completed,absent,2024-04-23,2024-05-05,2024-04-24T15:57:39.727+00:00,False,2024-04-24T17:21:14.103+00:00,False,data/raw/wta/stats/_httpcache/2024/8815ecc3f352917f318fe45e8c277164df4c53c2aa6b770b3d3052224e9c6e95.json,202d5417c92eb8eb0c61ced05cf12ebfe19d3bf9c493214b952570ffb5ce9f37,1,,,,,False,False
2024,1038,LS113,Shelby Rogers,Shuai Zhang,317421,311779,R128,6-3 6-2,completed,absent,2024-04-23,2024-05-05,2024-04-24T12:30:03.837+00:00,False,2024-04-24T13:49:30.87+00:00,False,data/raw/wta/stats/_httpcache/2024/8815ecc3f352917f318fe45e8c277164df4c53c2aa6b770b3d3052224e9c6e95.json,202d5417c92eb8eb0c61ced05cf12ebfe19d3bf9c493214b952570ffb5ce9f37,1,,,,,False,False
2024,1038,LS114,Mirra Andreeva,Taylor Townsend,331809,318609,R128,4-6 6-1 7-5,completed,absent,2024-04-23,2024-05-05,2024-04-24T17:10:37.38+00:00,False,2024-04-24T19:33:58.787+00:00,False,data/raw/wta/stats/_httpcache/2024/8815ecc3f352917f318fe45e8c277164df4c53c2aa6b770b3d3052224e9c6e95.json,202d5417c92eb8eb0c61ced05cf12ebfe19d3bf9c493214b952570ffb5ce9f37,1,,,,,False,False
2024,1038,LS117,Xinyu Wang,Viktoriya Tomova,326376,317584,R128,5-7 7-5 6-4,completed,present,2024-04-23,2024-05-05,2024-04-24T12:52:03.8+00:00,False,2024-04-24T15:54:35.843+00:00,False,data/raw/wta/stats/_httpcache/2024/8815ecc3f352917f318fe45e8c277164df4c53c2aa6b770b3d3052224e9c6e95.json,202d5417c92eb8eb0c61ced05cf12ebfe19d3bf9c493214b952570ffb5ce9f37,1,133723.0,True,2024-04-24,stats,False,False
2024,1038,LS118,Victoria Jimenez Kasintseva,Lin Zhu,330352,317306,R128,6-4 6-3,completed,absent,2024-04-23,2024-05-05,2024-04-24T08:47:04.867+00:00,False,2024-04-24T10:57:31.163+00:00,False,data/raw/wta/stats/_httpcache/2024/8815ecc3f352917f318fe45e8c277164df4c53c2aa6b770b3d3052224e9c6e95.json,202d5417c92eb8eb0c61ced05cf12ebfe19d3bf9c493214b952570ffb5ce9f37,1,,,,,False,False
2024,1038,LS121,Olga Danilovic,Clara Burel,324934,325320,R128,3-6 7-6(8) 6-4,completed,absent,2024-04-23,2024-05-05,2024-04-24T17:42:00.48+00:00,False,2024-04-24T20:33:50+00:00,False,data/raw/wta/stats/_httpcache/2024/8815ecc3f352917f318fe45e8c277164df4c53c2aa6b770b3d3052224e9c6e95.json,202d5417c92eb8eb0c61ced05cf12ebfe19d3bf9c493214b952570ffb5ce9f37,1,,,,,False,False
2024,1038,LS122,Jaqueline Cristian,Magdalena Frech,320319,320277,R128,7-5 6-2,completed,absent,2024-04-23,2024-05-05,2024-04-24T16:18:11.757+00:00,False,2024-04-24T18:10:40.89+00:00,False,data/raw/wta/stats/_httpcache/2024/8815ecc3f352917f318fe45e8c277164df4c53c2aa6b770b3d3052224e9c6e95.json,202d5417c92eb8eb0c61ced05cf12ebfe19d3bf9c493214b952570ffb5ce9f37,1,,,,,False,False
2024,1038,LS125,Robin Montgomery,Elina Avanesyan,329408,327620,R128,6-2 6-2,completed,absent,2024-04-23,2024-05-05,2024-04-24T18:06:13.417+00:00,False,2024-04-24T19:27:23.12+00:00,False,data/raw/wta/stats/_httpcache/2024/8815ecc3f352917f318fe45e8c277164df4c53c2aa6b770b3d3052224e9c6e95.json,202d5417c92eb8eb0c61ced05cf12ebfe19d3bf9c493214b952570ffb5ce9f37,1,,,,,False,False
2024,1038,LS126,Magda Linette,Elisabetta Cocciaretto,315130,327909,R128,3-6 6-4 6-4,completed,absent,2024-04-23,2024-05-05,2024-04-24T13:52:18.53+00:00,False,2024-04-24T16:16:31.093+00:00,False,data/raw/wta/stats/_httpcache/2024/8815ecc3f352917f318fe45e8c277164df4c53c2aa6b770b3d3052224e9c6e95.json,202d5417c92eb8eb0c61ced05cf12ebfe19d3bf9c493214b952570ffb5ce9f37,1,,,,,False,False
2024,1039,LS001,Linda Noskova,Lulu Sun,329668,324576,F,7-6(6) 6-4,completed,absent,2024-08-19,2024-08-24,2024-08-25T01:38:58.44+00:00,False,2024-08-25T03:57:08.94+00:00,False,data/raw/wta/stats/_httpcache/2024/d32dcf569fc8705db52da844ae253a7e850e5c974576ea9262c7d039ae9857b2.json,6171b0094f43b029c4a08c06e8ff8f5c57d41fa27b862ba07c36fe591557cf2d,0,,,,,False,False
2024,1039,LS002,Lulu Sun,Ekaterina Alexandrova,324576,319007,SF,7-5 3-6 7-6(6),completed,present,2024-08-19,2024-08-24,2024-08-23T23:21:41.1+00:00,False,2024-08-24T01:55:10.48+00:00,False,data/raw/wta/stats/_httpcache/2024/d32dcf569fc8705db52da844ae253a7e850e5c974576ea9262c7d039ae9857b2.json,6171b0094f43b029c4a08c06e8ff8f5c57d41fa27b862ba07c36fe591557cf2d,0,134926.0,True,2024-08-23,stats,False,False
2024,1039,LS003,Linda Noskova,Emma Navarro,329668,325410,SF,7-6(7) 7-5,completed,present,2024-08-19,2024-08-24,2024-08-24T01:56:51.41+00:00,False,2024-08-24T04:09:10.587+00:00,False,data/raw/wta/stats/_httpcache/2024/d32dcf569fc8705db52da844ae253a7e850e5c974576ea9262c7d039ae9857b2.json,6171b0094f43b029c4a08c06e8ff8f5c57d41fa27b862ba07c36fe591557cf2d,0,134929.0,True,2024-08-24,stats,False,False
2024,1039,LS004,Lulu Sun,Erika Andreeva,324576,330151,QF,6-4 6-3,completed,present,2024-08-19,2024-08-24,2024-08-22T21:20:53.953+00:00,False,2024-08-22T23:01:09.68+00:00,False,data/raw/wta/stats/_httpcache/2024/d32dcf569fc8705db52da844ae253a7e850e5c974576ea9262c7d039ae9857b2.json,6171b0094f43b029c4a08c06e8ff8f5c57d41fa27b862ba07c36fe591557cf2d,0,134917.0,True,2024-08-22,stats,False,False
2024,1039,LS005,Ekaterina Alexandrova,Yue Yuan,319007,324325,QF,7-5 7-6(3),completed,present,2024-08-19,2024-08-24,2024-08-22T23:03:25.197+00:00,False,2024-08-23T01:15:40.147+00:00,False,data/raw/wta/stats/_httpcache/2024/d32dcf569fc8705db52da844ae253a7e850e5c974576ea9262c7d039ae9857b2.json,6171b0094f43b029c4a08c06e8ff8f5c57d41fa27b862ba07c36fe591557cf2d,0,134918.0,True,2024-08-22,stats,False,False
2024,1039,LS006,Linda Noskova,Elina Svitolina,329668,316738,QF,6-4 6-4,completed,present,2024-08-19,2024-08-24,2024-08-23T04:28:43.79+00:00,False,2024-08-23T06:05:11.717+00:00,False,data/raw/wta/stats/_httpcache/2024/d32dcf569fc8705db52da844ae253a7e850e5c974576ea9262c7d039ae9857b2.json,6171b0094f43b029c4a08c06e8ff8f5c57d41fa27b862ba07c36fe591557cf2d,0,134925.0,True,2024-08-23,stats,False,False
2024,1039,LS007,Emma Navarro,Magdalena Frech,325410,320277,QF,6-7(3) 6-0 6-2,completed,present,2024-08-19,2024-08-24,2024-08-23T01:51:24.353+00:00,False,2024-08-23T04:26:06.483+00:00,False,data/raw/wta/stats/_httpcache/2024/d32dcf569fc8705db52da844ae253a7e850e5c974576ea9262c7d039ae9857b2.json,6171b0094f43b029c4a08c06e8ff8f5c57d41fa27b862ba07c36fe591557cf2d,0,134924.0,True,2024-08-23,stats,False,False
2024,1039,LS008,Erika Andreeva,Danielle Collins,330151,316925,R16,1-6 6-3 6-3,completed,present,2024-08-19,2024-08-24,2024-08-21T04:49:05.79+00:00,False,2024-08-21T06:53:19.033+00:00,False,data/raw/wta/stats/_httpcache/2024/d32dcf569fc8705db52da844ae253a7e850e5c974576ea9262c7d039ae9857b2.json,6171b0094f43b029c4a08c06e8ff8f5c57d41fa27b862ba07c36fe591557cf2d,0,134902.0,True,2024-08-21,stats,False,False
2024,1039,LS009,Lulu Sun,Maria Lourdes Carle,324576,322638,R16,6-3 2-6 7-6(2),completed,present,2024-08-19,2024-08-24,2024-08-21T21:16:51.013+00:00,False,2024-08-22T00:26:24.367+00:00,False,data/raw/wta/stats/_httpcache/2024/d32dcf569fc8705db52da844ae253a7e850e5c974576ea9262c7d039ae9857b2.json,6171b0094f43b029c4a08c06e8ff8f5c57d41fa27b862ba07c36fe591557cf2d,0,134903.0,True,2024-08-21,stats,False,False
2024,1039,LS010,Ekaterina Alexandrova,Renata Zarazua,319007,320716,R16,6-3 6-4,completed,present,2024-08-19,2024-08-24,2024-08-22T01:58:34.63+00:00,False,2024-08-22T03:31:34.48+00:00,False,data/raw/wta/stats/_httpcache/2024/d32dcf569fc8705db52da844ae253a7e850e5c974576ea9262c7d039ae9857b2.json,6171b0094f43b029c4a08c06e8ff8f5c57d41fa27b862ba07c36fe591557cf2d,0,134915.0,True,2024-08-22,stats,False,False
2024,1039,LS011,Yue Yuan,Petra Martic,324325,313711,R16,6-4 6-1,completed,present,2024-08-19,2024-08-24,2024-08-21T21:20:56.313+00:00,False,2024-08-21T22:53:34.317+00:00,False,data/raw/wta/stats/_httpcache/2024/d32dcf569fc8705db52da844ae253a7e850e5c974576ea9262c7d039ae9857b2.json,6171b0094f43b029c4a08c06e8ff8f5c57d41fa27b862ba07c36fe591557cf2d,0,134904.0,True,2024-08-21,stats,False,False
2024,1039,LS012,Linda Noskova,Xiyu Wang,329668,326160,R16,6-4 7-6(11),completed,present,2024-08-19,2024-08-24,2024-08-21T22:58:09.113+00:00,False,2024-08-22T01:00:42.873+00:00,False,data/raw/wta/stats/_httpcache/2024/d32dcf569fc8705db52da844ae253a7e850e5c974576ea9262c7d039ae9857b2.json,6171b0094f43b029c4a08c06e8ff8f5c57d41fa27b862ba07c36fe591557cf2d,0,134905.0,True,2024-08-21,stats,False,False
2024,1039,LS013,Elina Svitolina,Elina Avanesyan,316738,327620,R16,6-4 6-3,completed,present,2024-08-19,2024-08-24,2024-08-22T00:29:33.463+00:00,False,2024-08-22T01:55:57.047+00:00,False,data/raw/wta/stats/_httpcache/2024/d32dcf569fc8705db52da844ae253a7e850e5c974576ea9262c7d039ae9857b2.json,6171b0094f43b029c4a08c06e8ff8f5c57d41fa27b862ba07c36fe591557cf2d,0,134913.0,True,2024-08-22,stats,False,False
2024,1039,LS014,Magdalena Frech,Lina Glushko,320277,323091,R16,6-7(2) 6-3 6-1,completed,present,2024-08-19,2024-08-24,2024-08-22T01:04:01.17+00:00,False,2024-08-22T03:42:05.117+00:00,False,data/raw/wta/stats/_httpcache/2024/d32dcf569fc8705db52da844ae253a7e850e5c974576ea9262c7d039ae9857b2.json,6171b0094f43b029c4a08c06e8ff8f5c57d41fa27b862ba07c36fe591557cf2d,0,134914.0,True,2024-08-22,stats,False,False
2024,1039,LS015,Emma Navarro,Camila Osorio,325410,325898,R16,3-6 7-5 7-6(2),completed,present,2024-08-19,2024-08-24,2024-08-22T03:34:45.75+00:00,False,2024-08-22T06:35:15.373+00:00,False,data/raw/wta/stats/_httpcache/2024/d32dcf569fc8705db52da844ae253a7e850e5c974576ea9262c7d039ae9857b2.json,6171b0094f43b029c4a08c06e8ff8f5c57d41fa27b862ba07c36fe591557cf2d,0,134916.0,True,2024-08-22,stats,False,False
2024,1039,LS017,Erika Andreeva,Anhelina Kalinina,330151,320567,R32,6-1 6-4,completed,present,2024-08-19,2024-08-24,2024-08-19T21:27:09.25+00:00,False,2024-08-19T23:10:16.94+00:00,False,data/raw/wta/stats/_httpcache/2024/d32dcf569fc8705db52da844ae253a7e850e5c974576ea9262c7d039ae9857b2.json,6171b0094f43b029c4a08c06e8ff8f5c57d41fa27b862ba07c36fe591557cf2d,0,134875.0,True,2024-08-19,stats,False,False
2024,1039,LS018,Lulu Sun,Chloe Paquet,324576,318839,R32,7-6(3) 6-3,completed,present,2024-08-19,2024-08-24,2024-08-20T00:35:18.91+00:00,False,2024-08-20T02:21:02.777+00:00,False,data/raw/wta/stats/_httpcache/2024/d32dcf569fc8705db52da844ae253a7e850e5c974576ea9262c7d039ae9857b2.json,6171b0094f43b029c4a08c06e8ff8f5c57d41fa27b862ba07c36fe591557cf2d,0,134885.0,True,2024-08-20,stats,False,False
2024,1039,LS019,Maria Lourdes Carle,Veronika Kudermetova,322638,319526,R32,1-6 7-5 6-4,completed,present,2024-08-19,2024-08-24,2024-08-19T21:17:55.283+00:00,False,2024-08-20T00:31:41.793+00:00,False,data/raw/wta/stats/_httpcache/2024/d32dcf569fc8705db52da844ae253a7e850e5c974576ea9262c7d039ae9857b2.json,6171b0094f43b029c4a08c06e8ff8f5c57d41fa27b862ba07c36fe591557cf2d,0,134874.0,True,2024-08-19,stats,False,False
2024,1039,LS021,Renata Zarazua,Victoria Rodriguez,320716,320512,R32,6-1 6-4,completed,present,2024-08-19,2024-08-24,2024-08-20T22:30:48.367+00:00,False,2024-08-21T00:06:58.777+00:00,False,data/raw/wta/stats/_httpcache/2024/d32dcf569fc8705db52da844ae253a7e850e5c974576ea9262c7d039ae9857b2.json,6171b0094f43b029c4a08c06e8ff8f5c57d41fa27b862ba07c36fe591557cf2d,0,134890.0,True,2024-08-20,stats,False,False
2024,1039,LS022,Petra Martic,Carol Zhao,313711,317805,R32,7-6(2) 3-6 6-2,completed,present,2024-08-19,2024-08-24,2024-08-20T21:23:29.287+00:00,False,2024-08-21T00:06:03.823+00:00,False,data/raw/wta/stats/_httpcache/2024/d32dcf569fc8705db52da844ae253a7e850e5c974576ea9262c7d039ae9857b2.json,6171b0094f43b029c4a08c06e8ff8f5c57d41fa27b862ba07c36fe591557cf2d,0,134889.0,True,2024-08-20,stats,False,False
2024,1039,LS023,Yue Yuan,Aleksandra Krunic,324325,316344,R32,4-6 6-2 6-3,completed,present,2024-08-19,2024-08-24,2024-08-21T00:11:07.453+00:00,False,2024-08-21T02:44:22.883+00:00,False,data/raw/wta/stats/_httpcache/2024/d32dcf569fc8705db52da844ae253a7e850e5c974576ea9262c7d039ae9857b2.json,6171b0094f43b029c4a08c06e8ff8f5c57d41fa27b862ba07c36fe591557cf2d,0,134899.0,True,2024-08-21,stats,False,False
2024,1039,LS024,Linda Noskova,Anna Danilina,329668,319731,R32,6-0 6-1,completed,present,2024-08-19,2024-08-24,2024-08-20T21:19:09.987+00:00,False,2024-08-20T22:28:33.133+00:00,False,data/raw/wta/stats/_httpcache/2024/d32dcf569fc8705db52da844ae253a7e850e5c974576ea9262c7d039ae9857b2.json,6171b0094f43b029c4a08c06e8ff8f5c57d41fa27b862ba07c36fe591557cf2d,0,134888.0,True,2024-08-20,stats,False,False
2024,1039,LS025,Xiyu Wang,Tatjana Maria,326160,310440,R32,6-0 6-3,completed,present,2024-08-19,2024-08-24,2024-08-21T02:46:35.93+00:00,False,2024-08-21T04:07:36.347+00:00,False,data/raw/wta/stats/_httpcache/2024/d32dcf569fc8705db52da844ae253a7e850e5c974576ea9262c7d039ae9857b2.json,6171b0094f43b029c4a08c06e8ff8f5c57d41fa27b862ba07c36fe591557cf2d,0,134901.0,True,2024-08-21,stats,False,False
2024,1039,LS026,Elina Avanesyan,Elisabetta Cocciaretto,327620,327909,R32,7-6(6) 6-1,completed,present,2024-08-19,2024-08-24,2024-08-20T04:09:14.077+00:00,False,2024-08-20T06:08:51.027+00:00,False,data/raw/wta/stats/_httpcache/2024/d32dcf569fc8705db52da844ae253a7e850e5c974576ea9262c7d039ae9857b2.json,6171b0094f43b029c4a08c06e8ff8f5c57d41fa27b862ba07c36fe591557cf2d,0,134887.0,True,2024-08-20,stats,False,False
2024,1039,LS028,Magdalena Frech,Nadia Podoroska,320277,319112,R32,6-4 4-6 6-4,completed,present,2024-08-19,2024-08-24,2024-08-21T01:49:28.187+00:00,False,2024-08-21T04:45:42.96+00:00,False,data/raw/wta/stats/_httpcache/2024/d32dcf569fc8705db52da844ae253a7e850e5c974576ea9262c7d039ae9857b2.json,6171b0094f43b029c4a08c06e8ff8f5c57d41fa27b862ba07c36fe591557cf2d,0,134900.0,True,2024-08-21,stats,False,False
2024,1039,LS029,Lina Glushko,Kateryna Volodko,323091,20702,R32,6-3 3-6 6-3,completed,present,2024-08-19,2024-08-24,2024-08-19T23:12:20.71+00:00,False,2024-08-20T01:14:12.763+00:00,False,data/raw/wta/stats/_httpcache/2024/d32dcf569fc8705db52da844ae253a7e850e5c974576ea9262c7d039ae9857b2.json,6171b0094f43b029c4a08c06e8ff8f5c57d41fa27b862ba07c36fe591557cf2d,0,134876.0,True,2024-08-19,stats,False,False
2024,1039,LS030,Camila Osorio,Ajla Tomljanovic,325898,315232,R32,6-2 7-6(3),completed,present,2024-08-19,2024-08-24,2024-08-20T02:23:56.433+00:00,False,2024-08-20T04:06:47.553+00:00,False,data/raw/wta/stats/_httpcache/2024/d32dcf569fc8705db52da844ae253a7e850e5c974576ea9262c7d039ae9857b2.json,6171b0094f43b029c4a08c06e8ff8f5c57d41fa27b862ba07c36fe591557cf2d,0,134886.0,True,2024-08-20,stats,False,False
2024,1045,LS001,Paula Badosa,Marie Bouzkova,320124,320983,F,6-1 4-6 6-4,completed,present,2024-07-29,2024-08-04,2024-08-04T18:22:10.607+00:00,False,2024-08-04T22:25:09.567+00:00,False,data/raw/wta/stats/_httpcache/2024/68a98e3a575f0ef8e09cdec65326a427d6aedbe5f9b383d07e61f36920c15218.json,816526885b4e96d066e2d3d07ba0705f38ac4ab6287556fe75b1826d33f6e939,0,134636.0,True,2024-08-04,stats,False,False
2024,1045,LS002,Marie Bouzkova,Aryna Sabalenka,320983,320760,SF,6-4 3-6 6-3,completed,present,2024-07-29,2024-08-04,2024-08-03T20:03:59.977+00:00,False,2024-08-04T02:13:07.973+00:00,False,data/raw/wta/stats/_httpcache/2024/68a98e3a575f0ef8e09cdec65326a427d6aedbe5f9b383d07e61f36920c15218.json,816526885b4e96d066e2d3d07ba0705f38ac4ab6287556fe75b1826d33f6e939,0,134635.0,True,2024-08-03,stats,False,False
2024,1045,LS003,Paula Badosa,Caroline Dolehide,320124,322052,SF,6-3 6-3,completed,present,2024-07-29,2024-08-04,2024-08-03T18:14:32.933+00:00,False,2024-08-03T20:00:42.627+00:00,False,data/raw/wta/stats/_httpcache/2024/68a98e3a575f0ef8e09cdec65326a427d6aedbe5f9b383d07e61f36920c15218.json,816526885b4e96d066e2d3d07ba0705f38ac4ab6287556fe75b1826d33f6e939,0,134634.0,True,2024-08-03,stats,False,False
2024,1045,LS004,Aryna Sabalenka,Victoria Azarenka,320760,312001,QF,6-4 6-4,completed,present,2024-07-29,2024-08-04,2024-08-03T00:13:39.933+00:00,False,2024-08-03T02:09:23.95+00:00,False,data/raw/wta/stats/_httpcache/2024/68a98e3a575f0ef8e09cdec65326a427d6aedbe5f9b383d07e61f36920c15218.json,816526885b4e96d066e2d3d07ba0705f38ac4ab6287556fe75b1826d33f6e939,0,134633.0,True,2024-08-03,stats,False,False
2024,1045,LS005,Marie Bouzkova,Robin Montgomery,320983,329408,QF,6-3 6-1,completed,present,2024-07-29,2024-08-04,2024-08-02T20:58:28.377+00:00,False,2024-08-02T22:23:56.86+00:00,False,data/raw/wta/stats/_httpcache/2024/68a98e3a575f0ef8e09cdec65326a427d6aedbe5f9b383d07e61f36920c15218.json,816526885b4e96d066e2d3d07ba0705f38ac4ab6287556fe75b1826d33f6e939,0,134632.0,True,2024-08-02,stats,False,False
2024,1045,LS006,Paula Badosa,Emma Raducanu,320124,328366,QF,4-6 7-5 6-4,completed,present,2024-07-29,2024-08-04,2024-08-02T17:50:47.56+00:00,False,2024-08-02T20:56:29.15+00:00,False,data/raw/wta/stats/_httpcache/2024/68a98e3a575f0ef8e09cdec65326a427d6aedbe5f9b383d07e61f36920c15218.json,816526885b4e96d066e2d3d07ba0705f38ac4ab6287556fe75b1826d33f6e939,0,134631.0,True,2024-08-02,stats,False,False
2024,1045,LS007,Caroline Dolehide,Amanda Anisimova,322052,326384,QF,7-6(5) 6-1,completed,present,2024-07-29,2024-08-04,2024-08-02T15:51:09.65+00:00,False,2024-08-02T17:44:37.423+00:00,False,data/raw/wta/stats/_httpcache/2024/68a98e3a575f0ef8e09cdec65326a427d6aedbe5f9b383d07e61f36920c15218.json,816526885b4e96d066e2d3d07ba0705f38ac4ab6287556fe75b1826d33f6e939,0,134630.0,True,2024-08-02,stats,False,False
2024,1045,LS008,Aryna Sabalenka,Kamilla Rakhimova,320760,325936,R16,7-5 4-6 6-4,completed,present,2024-07-29,2024-08-04,2024-07-31T23:59:54.28+00:00,False,2024-08-01T03:10:15.65+00:00,False,data/raw/wta/stats/_httpcache/2024/68a98e3a575f0ef8e09cdec65326a427d6aedbe5f9b383d07e61f36920c15218.json,816526885b4e96d066e2d3d07ba0705f38ac4ab6287556fe75b1826d33f6e939,0,134626.0,True,2024-07-31,stats,False,False
2024,1045,LS009,Victoria Azarenka,Yafan Wang,312001,317510,R16,6-1 6-7(5) 6-3,completed,present,2024-07-29,2024-08-04,2024-08-01T17:03:34.837+00:00,False,2024-08-01T20:08:35.04+00:00,False,data/raw/wta/stats/_httpcache/2024/68a98e3a575f0ef8e09cdec65326a427d6aedbe5f9b383d07e61f36920c15218.json,816526885b4e96d066e2d3d07ba0705f38ac4ab6287556fe75b1826d33f6e939,0,134628.0,True,2024-08-01,stats,False,False
2024,1045,LS011,Marie Bouzkova,Taylor Townsend,320983,318609,R16,7-5 7-6(8),completed,present,2024-07-29,2024-08-04,2024-08-01T21:22:56.56+00:00,False,2024-08-02T00:00:16.543+00:00,False,data/raw/wta/stats/_httpcache/2024/68a98e3a575f0ef8e09cdec65326a427d6aedbe5f9b383d07e61f36920c15218.json,816526885b4e96d066e2d3d07ba0705f38ac4ab6287556fe75b1826d33f6e939,0,134629.0,True,2024-08-01,stats,False,False
2024,1045,LS012,Emma Raducanu,Peyton Stearns,328366,327573,R16,7-6(6) 6-2,completed,present,2024-07-29,2024-08-04,2024-07-31T19:16:52.52+00:00,False,2024-08-01T00:16:58.36+00:00,False,data/raw/wta/stats/_httpcache/2024/68a98e3a575f0ef8e09cdec65326a427d6aedbe5f9b383d07e61f36920c15218.json,816526885b4e96d066e2d3d07ba0705f38ac4ab6287556fe75b1826d33f6e939,0,134625.0,True,2024-07-31,stats,False,False
2024,1045,LS014,Amanda Anisimova,Anastasia Pavlyuchenkova,326384,313796,R16,6-1 6-7(4) 6-4,completed,present,2024-07-29,2024-08-04,2024-07-31T14:53:34.783+00:00,False,2024-07-31T17:11:06.03+00:00,False,data/raw/wta/stats/_httpcache/2024/68a98e3a575f0ef8e09cdec65326a427d6aedbe5f9b383d07e61f36920c15218.json,816526885b4e96d066e2d3d07ba0705f38ac4ab6287556fe75b1826d33f6e939,0,134624.0,True,2024-07-31,stats,False,False
2024,1045,LS015,Caroline Dolehide,Daria Kasatkina,322052,322082,R16,2-6 7-5 6-0,completed,present,2024-07-29,2024-08-04,2024-08-01T00:24:19.01+00:00,False,2024-08-01T02:48:29.28+00:00,False,data/raw/wta/stats/_httpcache/2024/68a98e3a575f0ef8e09cdec65326a427d6aedbe5f9b383d07e61f36920c15218.json,816526885b4e96d066e2d3d07ba0705f38ac4ab6287556fe75b1826d33f6e939,0,134627.0,True,2024-08-01,stats,False,False
2024,1045,LS017,Kamilla Rakhimova,Katie Volynets,325936,327391,R32,6-4 6-3,completed,present,2024-07-29,2024-08-04,2024-07-30T14:52:29.32+00:00,False,2024-07-30T16:31:32.557+00:00,False,data/raw/wta/stats/_httpcache/2024/68a98e3a575f0ef8e09cdec65326a427d6aedbe5f9b383d07e61f36920c15218.json,816526885b4e96d066e2d3d07ba0705f38ac4ab6287556fe75b1826d33f6e939,0,134618.0,True,2024-07-30,stats,False,False
2024,1045,LS018,Yafan Wang,Karolina Pliskova,317510,313974,R32,5-7 6-3 6-0,completed,present,2024-07-29,2024-08-04,2024-07-29T16:57:01.033+00:00,False,2024-07-29T19:15:14.23+00:00,False,data/raw/wta/stats/_httpcache/2024/68a98e3a575f0ef8e09cdec65326a427d6aedbe5f9b383d07e61f36920c15218.json,816526885b4e96d066e2d3d07ba0705f38ac4ab6287556fe75b1826d33f6e939,0,134614.0,True,2024-07-29,stats,False,False
2024,1045,LS019,Victoria Azarenka,Hailey Baptiste,312001,327101,R32,7-6(6) 7-6(3),completed,present,2024-07-29,2024-08-04,2024-07-30T18:48:12.99+00:00,False,2024-07-30T21:31:55.837+00:00,False,data/raw/wta/stats/_httpcache/2024/68a98e3a575f0ef8e09cdec65326a427d6aedbe5f9b383d07e61f36920c15218.json,816526885b4e96d066e2d3d07ba0705f38ac4ab6287556fe75b1826d33f6e939,0,134621.0,True,2024-07-30,stats,False,False
2024,1045,LS021,Robin Montgomery,Shelby Rogers,329408,317421,R32,7-5 6-3,completed,present,2024-07-29,2024-08-04,2024-07-29T19:18:52.177+00:00,False,2024-07-29T21:49:31.22+00:00,False,data/raw/wta/stats/_httpcache/2024/68a98e3a575f0ef8e09cdec65326a427d6aedbe5f9b383d07e61f36920c15218.json,816526885b4e96d066e2d3d07ba0705f38ac4ab6287556fe75b1826d33f6e939,0,134615.0,True,2024-07-29,stats,False,False
2024,1045,LS022,Marie Bouzkova,McCartney Kessler,320983,326678,R32,6-4 4-6 6-2,completed,present,2024-07-29,2024-08-04,2024-07-30T16:57:14.06+00:00,False,2024-07-30T19:32:23.823+00:00,False,data/raw/wta/stats/_httpcache/2024/68a98e3a575f0ef8e09cdec65326a427d6aedbe5f9b383d07e61f36920c15218.json,816526885b4e96d066e2d3d07ba0705f38ac4ab6287556fe75b1826d33f6e939,0,134620.0,True,2024-07-30,stats,False,False
2024,1045,LS023,Taylor Townsend,Anastasia Potapova,318609,325601,R32,6-2 6-2,completed,present,2024-07-29,2024-08-04,2024-07-30T16:48:50.547+00:00,False,2024-07-30T18:19:09.35+00:00,False,data/raw/wta/stats/_httpcache/2024/68a98e3a575f0ef8e09cdec65326a427d6aedbe5f9b383d07e61f36920c15218.json,816526885b4e96d066e2d3d07ba0705f38ac4ab6287556fe75b1826d33f6e939,0,134619.0,True,2024-07-30,stats,False,False
2024,1045,LS024,Emma Raducanu,Elise Mertens,328366,317964,R32,6-2 3-6 6-4,completed,present,2024-07-29,2024-08-04,2024-07-30T00:39:57.06+00:00,False,2024-07-30T03:24:30.79+00:00,False,data/raw/wta/stats/_httpcache/2024/68a98e3a575f0ef8e09cdec65326a427d6aedbe5f9b383d07e61f36920c15218.json,816526885b4e96d066e2d3d07ba0705f38ac4ab6287556fe75b1826d33f6e939,0,134616.0,True,2024-07-30,stats,False,False
2024,1045,LS025,Peyton Stearns,Clervie Ngounoue,327573,330788,R32,6-3 7-6(3),completed,present,2024-07-29,2024-08-04,2024-07-30T20:37:35.07+00:00,False,2024-07-30T22:14:42.383+00:00,False,data/raw/wta/stats/_httpcache/2024/68a98e3a575f0ef8e09cdec65326a427d6aedbe5f9b383d07e61f36920c15218.json,816526885b4e96d066e2d3d07ba0705f38ac4ab6287556fe75b1826d33f6e939,0,134622.0,True,2024-07-30,stats,False,False
2024,1045,LS026,Paula Badosa,Sofia Kenin,320124,320942,R32,6-1 7-6(6),completed,present,2024-07-29,2024-08-04,2024-07-31T01:23:23.517+00:00,False,2024-07-31T03:10:05.967+00:00,False,data/raw/wta/stats/_httpcache/2024/68a98e3a575f0ef8e09cdec65326a427d6aedbe5f9b383d07e61f36920c15218.json,816526885b4e96d066e2d3d07ba0705f38ac4ab6287556fe75b1826d33f6e939,0,134623.0,True,2024-07-31,stats,False,False
2024,1045,LS028,Anastasia Pavlyuchenkova,Ashlyn Krueger,313796,329409,R32,6-3 4-6 6-4,completed,present,2024-07-29,2024-08-04,2024-07-29T14:48:18.887+00:00,False,2024-07-29T17:25:14.577+00:00,False,data/raw/wta/stats/_httpcache/2024/68a98e3a575f0ef8e09cdec65326a427d6aedbe5f9b383d07e61f36920c15218.json,816526885b4e96d066e2d3d07ba0705f38ac4ab6287556fe75b1826d33f6e939,0,134613.0,True,2024-07-29,stats,False,False
2024,1045,LS029,Amanda Anisimova,Sloane Stephens,326384,315683,R32,6-3 7-5,completed,present,2024-07-29,2024-08-04,2024-07-30T01:14:42.757+00:00,False,2024-07-30T03:04:35.62+00:00,False,data/raw/wta/stats/_httpcache/2024/68a98e3a575f0ef8e09cdec65326a427d6aedbe5f9b383d07e61f36920c15218.json,816526885b4e96d066e2d3d07ba0705f38ac4ab6287556fe75b1826d33f6e939,0,134617.0,True,2024-07-30,stats,False,False
2024,1045,LS030,Caroline Dolehide,Lesia Tsurenko,322052,315295,R32,6-1 3-6 6-4,completed,present,2024-07-29,2024-08-04,2024-07-29T14:48:07.163+00:00,False,2024-07-29T17:29:54.28+00:00,False,data/raw/wta/stats/_httpcache/2024/68a98e3a575f0ef8e09cdec65326a427d6aedbe5f9b383d07e61f36920c15218.json,816526885b4e96d066e2d3d07ba0705f38ac4ab6287556fe75b1826d33f6e939,0,134612.0,True,2024-07-29,stats,False,False
2024,1049,LS001,Coco Gauff,Elina Svitolina,328560,316738,F,6-7(4) 6-3 6-3,completed,present,2024-01-01,2024-01-07,2024-01-07T03:49:21.287+00:00,False,2024-01-07T06:45:50.99+00:00,False,data/raw/wta/stats/_httpcache/2024/0b1cfd9029663a2da6bae1c9ad6f3deb1797ef3fd5de6059fe4377f6cdbcd479.json,1106fb85666f6b87cd82b59cc3c8b6d22e9eae1d57f178753631ec75f9da7328,0,132051.0,True,2024-01-01,historical,False,False
2024,1049,LS002,Coco Gauff,Emma Navarro,328560,325410,SF,6-3 6-1,completed,present,2024-01-01,2024-01-07,2024-01-06T01:49:40.897+00:00,False,2024-01-06T03:26:44.1+00:00,False,data/raw/wta/stats/_httpcache/2024/0b1cfd9029663a2da6bae1c9ad6f3deb1797ef3fd5de6059fe4377f6cdbcd479.json,1106fb85666f6b87cd82b59cc3c8b6d22e9eae1d57f178753631ec75f9da7328,0,132050.0,True,2024-01-01,historical,False,False
2024,1049,LS003,Elina Svitolina,Xiyu Wang,316738,326160,SF,2-6 6-4 6-3,completed,present,2024-01-01,2024-01-07,2024-01-06T04:17:25.68+00:00,False,2024-01-06T07:00:55.29+00:00,False,data/raw/wta/stats/_httpcache/2024/0b1cfd9029663a2da6bae1c9ad6f3deb1797ef3fd5de6059fe4377f6cdbcd479.json,1106fb85666f6b87cd82b59cc3c8b6d22e9eae1d57f178753631ec75f9da7328,0,132049.0,True,2024-01-01,historical,False,False
2024,1049,LS004,Coco Gauff,Varvara Gracheva,328560,325836,QF,6-1 6-1,completed,present,2024-01-01,2024-01-07,2024-01-05T02:16:38.35+00:00,False,2024-01-05T03:29:24.317+00:00,False,data/raw/wta/stats/_httpcache/2024/0b1cfd9029663a2da6bae1c9ad6f3deb1797ef3fd5de6059fe4377f6cdbcd479.json,1106fb85666f6b87cd82b59cc3c8b6d22e9eae1d57f178753631ec75f9da7328,0,132048.0,True,2024-01-01,historical,False,False
2024,1049,LS005,Emma Navarro,Petra Martic,325410,313711,QF,6-4 6-3,completed,present,2024-01-01,2024-01-07,2024-01-04T22:46:53.13+00:00,False,2024-01-05T02:13:51.497+00:00,False,data/raw/wta/stats/_httpcache/2024/0b1cfd9029663a2da6bae1c9ad6f3deb1797ef3fd5de6059fe4377f6cdbcd479.json,1106fb85666f6b87cd82b59cc3c8b6d22e9eae1d57f178753631ec75f9da7328,0,132047.0,True,2024-01-01,historical,False,False
2024,1049,LS006,Xiyu Wang,Diane Parry,326160,327077,QF,6-7(3) 6-3 6-4,completed,present,2024-01-01,2024-01-07,2024-01-05T03:51:10.893+00:00,False,2024-01-05T08:35:56.92+00:00,False,data/raw/wta/stats/_httpcache/2024/0b1cfd9029663a2da6bae1c9ad6f3deb1797ef3fd5de6059fe4377f6cdbcd479.json,1106fb85666f6b87cd82b59cc3c8b6d22e9eae1d57f178753631ec75f9da7328,0,132046.0,True,2024-01-01,historical,False,False
2024,1049,LS007,Elina Svitolina,Marie Bouzkova,316738,320983,QF,6-0 6-3,completed,present,2024-01-01,2024-01-07,2024-01-05T08:41:46.957+00:00,False,2024-01-05T09:58:02.737+00:00,False,data/raw/wta/stats/_httpcache/2024/0b1cfd9029663a2da6bae1c9ad6f3deb1797ef3fd5de6059fe4377f6cdbcd479.json,1106fb85666f6b87cd82b59cc3c8b6d22e9eae1d57f178753631ec75f9da7328,0,132045.0,True,2024-01-01,historical,False,False
2024,1049,LS008,Coco Gauff,Brenda Fruhvirtova,328560,331545,R16,6-3 6-0,completed,present,2024-01-01,2024-01-07,2024-01-04T00:26:02.2+00:00,False,2024-01-04T01:47:55.473+00:00,False,data/raw/wta/stats/_httpcache/2024/0b1cfd9029663a2da6bae1c9ad6f3deb1797ef3fd5de6059fe4377f6cdbcd479.json,1106fb85666f6b87cd82b59cc3c8b6d22e9eae1d57f178753631ec75f9da7328,0,132044.0,True,2024-01-01,historical,False,False
2024,1049,LS009,Varvara Gracheva,Lulu Sun,325836,324576,R16,6-3 6-4,completed,present,2024-01-01,2024-01-07,2024-01-04T02:17:55.627+00:00,False,2024-01-04T03:56:53.037+00:00,False,data/raw/wta/stats/_httpcache/2024/0b1cfd9029663a2da6bae1c9ad6f3deb1797ef3fd5de6059fe4377f6cdbcd479.json,1106fb85666f6b87cd82b59cc3c8b6d22e9eae1d57f178753631ec75f9da7328,0,132043.0,True,2024-01-01,historical,False,False
2024,1049,LS010,Emma Navarro,Elina Avanesyan,325410,327620,R16,6-1 6-2,completed,present,2024-01-01,2024-01-07,2024-01-03T01:47:00.527+00:00,False,2024-01-03T03:10:32.733+00:00,False,data/raw/wta/stats/_httpcache/2024/0b1cfd9029663a2da6bae1c9ad6f3deb1797ef3fd5de6059fe4377f6cdbcd479.json,1106fb85666f6b87cd82b59cc3c8b6d22e9eae1d57f178753631ec75f9da7328,0,132042.0,True,2024-01-01,historical,False,False
2024,1049,LS011,Petra Martic,Yue Yuan,313711,324325,R16,6-2 6-2,completed,present,2024-01-01,2024-01-07,2024-01-03T22:48:46.59+00:00,False,2024-01-04T00:22:41.607+00:00,False,data/raw/wta/stats/_httpcache/2024/0b1cfd9029663a2da6bae1c9ad6f3deb1797ef3fd5de6059fe4377f6cdbcd479.json,1106fb85666f6b87cd82b59cc3c8b6d22e9eae1d57f178753631ec75f9da7328,0,132041.0,True,2024-01-01,historical,False,False
2024,1049,LS012,Xiyu Wang,Xinyu Wang,326160,326376,R16,6-3 3-6 7-6(2),completed,present,2024-01-01,2024-01-07,2024-01-02T22:47:03.183+00:00,False,2024-01-03T01:42:54.347+00:00,False,data/raw/wta/stats/_httpcache/2024/0b1cfd9029663a2da6bae1c9ad6f3deb1797ef3fd5de6059fe4377f6cdbcd479.json,1106fb85666f6b87cd82b59cc3c8b6d22e9eae1d57f178753631ec75f9da7328,0,132136.0,True,2024-01-02,stats,False,False
2024,1049,LS013,Diane Parry,Lesia Tsurenko,327077,315295,R16,2-6 6-4 6-1,completed,present,2024-01-01,2024-01-07,2024-01-03T05:15:34.057+00:00,False,2024-01-03T07:27:33.277+00:00,False,data/raw/wta/stats/_httpcache/2024/0b1cfd9029663a2da6bae1c9ad6f3deb1797ef3fd5de6059fe4377f6cdbcd479.json,1106fb85666f6b87cd82b59cc3c8b6d22e9eae1d57f178753631ec75f9da7328,0,132039.0,True,2024-01-01,historical,False,False
2024,1049,LS014,Marie Bouzkova,Amanda Anisimova,320983,326384,R16,6-0 6-1,completed,present,2024-01-01,2024-01-07,2024-01-03T03:15:20.763+00:00,False,2024-01-03T04:18:44.957+00:00,False,data/raw/wta/stats/_httpcache/2024/0b1cfd9029663a2da6bae1c9ad6f3deb1797ef3fd5de6059fe4377f6cdbcd479.json,1106fb85666f6b87cd82b59cc3c8b6d22e9eae1d57f178753631ec75f9da7328,0,132038.0,True,2024-01-01,historical,False,False
2024,1049,LS015,Elina Svitolina,Emma Raducanu,316738,328366,R16,6-7(5) 7-6(3) 6-1,completed,present,2024-01-01,2024-01-07,2024-01-04T05:17:32.863+00:00,False,2024-01-04T08:26:44.673+00:00,False,data/raw/wta/stats/_httpcache/2024/0b1cfd9029663a2da6bae1c9ad6f3deb1797ef3fd5de6059fe4377f6cdbcd479.json,1106fb85666f6b87cd82b59cc3c8b6d22e9eae1d57f178753631ec75f9da7328,0,132037.0,True,2024-01-01,historical,False,False
2024,1049,LS016,Coco Gauff,Claire Liu,328560,323966,R32,6-4 6-2,completed,present,2024-01-01,2024-01-07,2024-01-02T02:28:53.58+00:00,False,2024-01-02T04:03:16.41+00:00,False,data/raw/wta/stats/_httpcache/2024/0b1cfd9029663a2da6bae1c9ad6f3deb1797ef3fd5de6059fe4377f6cdbcd479.json,1106fb85666f6b87cd82b59cc3c8b6d22e9eae1d57f178753631ec75f9da7328,0,132036.0,True,2024-01-01,historical,False,False
2024,1049,LS017,Brenda Fruhvirtova,Anna Blinkova,331545,324267,R32,7-5 6-4,completed,present,2024-01-01,2024-01-07,2024-01-02T00:21:11.113+00:00,False,2024-01-02T02:12:44.363+00:00,False,data/raw/wta/stats/_httpcache/2024/0b1cfd9029663a2da6bae1c9ad6f3deb1797ef3fd5de6059fe4377f6cdbcd479.json,1106fb85666f6b87cd82b59cc3c8b6d22e9eae1d57f178753631ec75f9da7328,0,132035.0,True,2024-01-01,historical,False,False
2024,1049,LS018,Lulu Sun,McCartney Kessler,324576,326678,R32,6-4 6-3,completed,present,2024-01-01,2024-01-07,2024-01-01T22:52:24.343+00:00,False,2024-01-02T00:18:32.123+00:00,False,data/raw/wta/stats/_httpcache/2024/0b1cfd9029663a2da6bae1c9ad6f3deb1797ef3fd5de6059fe4377f6cdbcd479.json,1106fb85666f6b87cd82b59cc3c8b6d22e9eae1d57f178753631ec75f9da7328,0,132034.0,True,2024-01-01,historical,False,False
2024,1049,LS019,Varvara Gracheva,Tereza Martincova,325836,318060,R32,6-7(3) 7-5 6-2,completed,present,2024-01-01,2024-01-07,2024-01-02T02:16:35.73+00:00,False,2024-01-02T05:07:22.07+00:00,False,data/raw/wta/stats/_httpcache/2024/0b1cfd9029663a2da6bae1c9ad6f3deb1797ef3fd5de6059fe4377f6cdbcd479.json,1106fb85666f6b87cd82b59cc3c8b6d22e9eae1d57f178753631ec75f9da7328,0,132033.0,True,2024-01-01,historical,False,False
2024,1049,LS020,Emma Navarro,Linda Fruhvirtova,325410,329627,R32,2-6 6-4 6-2,completed,present,2024-01-01,2024-01-07,2024-01-01T01:51:16.037+00:00,False,2024-01-01T04:16:59.343+00:00,False,data/raw/wta/stats/_httpcache/2024/0b1cfd9029663a2da6bae1c9ad6f3deb1797ef3fd5de6059fe4377f6cdbcd479.json,1106fb85666f6b87cd82b59cc3c8b6d22e9eae1d57f178753631ec75f9da7328,0,132032.0,True,2024-01-01,historical,False,False
2024,1049,LS021,Elina Avanesyan,Monique Barry,327620,327063,R32,7-6(6) 6-2,completed,present,2024-01-01,2024-01-07,2023-12-31T23:43:57.447+00:00,False,2024-01-01T01:46:55.043+00:00,False,data/raw/wta/stats/_httpcache/2024/0b1cfd9029663a2da6bae1c9ad6f3deb1797ef3fd5de6059fe4377f6cdbcd479.json,1106fb85666f6b87cd82b59cc3c8b6d22e9eae1d57f178753631ec75f9da7328,0,132031.0,True,2024-01-01,historical,False,False
2024,1049,LS022,Yue Yuan,Kayla Day,324325,322534,R32,7-6(1) 6-7(5) 6-1,completed,present,2024-01-01,2024-01-07,2024-01-02T05:09:03.467+00:00,False,2024-01-02T08:17:40.94+00:00,False,data/raw/wta/stats/_httpcache/2024/0b1cfd9029663a2da6bae1c9ad6f3deb1797ef3fd5de6059fe4377f6cdbcd479.json,1106fb85666f6b87cd82b59cc3c8b6d22e9eae1d57f178753631ec75f9da7328,0,132030.0,True,2024-01-01,historical,False,False
2024,1049,LS023,Petra Martic,Rebeka Masarova,313711,322087,R32,3-6 6-3 6-3,completed,present,2024-01-01,2024-01-07,2024-01-01T23:46:41.77+00:00,False,2024-01-02T02:25:10.53+00:00,False,data/raw/wta/stats/_httpcache/2024/0b1cfd9029663a2da6bae1c9ad6f3deb1797ef3fd5de6059fe4377f6cdbcd479.json,1106fb85666f6b87cd82b59cc3c8b6d22e9eae1d57f178753631ec75f9da7328,0,132029.0,True,2024-01-01,historical,False,False
2024,1049,LS024,Xinyu Wang,Yulia Putintseva,326376,317683,R32,6-4 7-5,completed,present,2024-01-01,2024-01-07,2024-01-01T06:39:17.56+00:00,False,2024-01-01T08:32:48.323+00:00,False,data/raw/wta/stats/_httpcache/2024/0b1cfd9029663a2da6bae1c9ad6f3deb1797ef3fd5de6059fe4377f6cdbcd479.json,1106fb85666f6b87cd82b59cc3c8b6d22e9eae1d57f178753631ec75f9da7328,0,132124.0,True,2024-01-01,stats,False,False
2024,1049,LS025,Xiyu Wang,Jaqueline Cristian,326160,320319,R32,6-1 5-7 7-6(3),completed,present,2024-01-01,2024-01-07,2023-12-31T22:46:52.58+00:00,False,2024-01-01T01:56:05.483+00:00,False,data/raw/wta/stats/_httpcache/2024/0b1cfd9029663a2da6bae1c9ad6f3deb1797ef3fd5de6059fe4377f6cdbcd479.json,1106fb85666f6b87cd82b59cc3c8b6d22e9eae1d57f178753631ec75f9da7328,0,132027.0,True,2024-01-01,historical,False,False
2024,1049,LS026,Diane Parry,Emina Bektas,327077,316464,R32,6-7(4) 7-5 6-3,completed,present,2024-01-01,2024-01-07,2024-01-01T03:39:57.7+00:00,False,2024-01-01T06:36:04.78+00:00,False,data/raw/wta/stats/_httpcache/2024/0b1cfd9029663a2da6bae1c9ad6f3deb1797ef3fd5de6059fe4377f6cdbcd479.json,1106fb85666f6b87cd82b59cc3c8b6d22e9eae1d57f178753631ec75f9da7328,0,132026.0,True,2024-01-01,historical,False,False
2024,1049,LS027,Lesia Tsurenko,Sachia Vickery,315295,317443,R32,7-5 6-4,completed,present,2024-01-01,2024-01-07,2024-01-01T01:59:53.183+00:00,False,2024-01-01T03:36:31.487+00:00,False,data/raw/wta/stats/_httpcache/2024/0b1cfd9029663a2da6bae1c9ad6f3deb1797ef3fd5de6059fe4377f6cdbcd479.json,1106fb85666f6b87cd82b59cc3c8b6d22e9eae1d57f178753631ec75f9da7328,0,132025.0,True,2024-01-01,historical,False,False
2024,1049,LS028,Marie Bouzkova,Magdalena Frech,320983,320277,R32,6-0 3-6 6-4,completed,present,2024-01-01,2024-01-07,2024-01-01T04:19:35.13+00:00,False,2024-01-01T06:46:59.273+00:00,False,data/raw/wta/stats/_httpcache/2024/0b1cfd9029663a2da6bae1c9ad6f3deb1797ef3fd5de6059fe4377f6cdbcd479.json,1106fb85666f6b87cd82b59cc3c8b6d22e9eae1d57f178753631ec75f9da7328,0,132024.0,True,2024-01-01,historical,False,False
2024,1049,LS029,Amanda Anisimova,Anastasia Pavlyuchenkova,326384,313796,R32,7-5 6-4,completed,present,2024-01-01,2024-01-07,2024-01-01T06:49:29.697+00:00,False,2024-01-01T08:59:27.67+00:00,False,data/raw/wta/stats/_httpcache/2024/0b1cfd9029663a2da6bae1c9ad6f3deb1797ef3fd5de6059fe4377f6cdbcd479.json,1106fb85666f6b87cd82b59cc3c8b6d22e9eae1d57f178753631ec75f9da7328,0,132023.0,True,2024-01-01,historical,False,False
2024,1049,LS030,Emma Raducanu,Elena-Gabriela Ruse,328366,320408,R32,6-3 4-6 7-5,completed,present,2024-01-01,2024-01-07,2024-01-02T06:08:24.463+00:00,False,2024-01-02T08:46:49.457+00:00,False,data/raw/wta/stats/_httpcache/2024/0b1cfd9029663a2da6bae1c9ad6f3deb1797ef3fd5de6059fe4377f6cdbcd479.json,1106fb85666f6b87cd82b59cc3c8b6d22e9eae1d57f178753631ec75f9da7328,0,132022.0,True,2024-01-01,historical,False,False
2024,1049,LS031,Elina Svitolina,Caroline Wozniacki,316738,313402,R32,6-4 6-3,completed,present,2024-01-01,2024-01-07,2024-01-02T04:06:46.54+00:00,False,2024-01-02T06:03:28.873+00:00,False,data/raw/wta/stats/_httpcache/2024/0b1cfd9029663a2da6bae1c9ad6f3deb1797ef3fd5de6059fe4377f6cdbcd479.json,1106fb85666f6b87cd82b59cc3c8b6d22e9eae1d57f178753631ec75f9da7328,0,132021.0,True,2024-01-01,historical,False,False
2024,1050,LS001,Emma Navarro,Elise Mertens,325410,317964,F,6-1 4-6 7-5,completed,present,2024-01-08,2024-01-13,2024-01-13T01:48:39.403+00:00,False,2024-01-13T04:55:56.777+00:00,False,data/raw/wta/stats/_httpcache/2024/11d3137e68a469398531f6fde175881162c2b1c3cfa47614c7dd509bf713ff68.json,faa81e7868d19edb1740cfce5f95ee4397401ab0e612f3b1994d313db2cfb970,0,132226.0,True,2024-01-08,historical,False,False
2024,1050,LS002,Elise Mertens,Daria Saville,317964,315997,SF,6-4 4-6 7-5,completed,present,2024-01-08,2024-01-13,2024-01-12T03:37:41.153+00:00,False,2024-01-12T06:48:13.363+00:00,False,data/raw/wta/stats/_httpcache/2024/11d3137e68a469398531f6fde175881162c2b1c3cfa47614c7dd509bf713ff68.json,faa81e7868d19edb1740cfce5f95ee4397401ab0e612f3b1994d313db2cfb970,0,132225.0,True,2024-01-08,historical,False,False
2024,1050,LS003,Emma Navarro,Yue Yuan,325410,324325,SF,6-4 6-3,completed,present,2024-01-08,2024-01-13,2024-01-12T06:50:37.94+00:00,False,2024-01-12T08:27:02.243+00:00,False,data/raw/wta/stats/_httpcache/2024/11d3137e68a469398531f6fde175881162c2b1c3cfa47614c7dd509bf713ff68.json,faa81e7868d19edb1740cfce5f95ee4397401ab0e612f3b1994d313db2cfb970,0,132224.0,True,2024-01-08,historical,False,False
2024,1050,LS004,Elise Mertens,Arantxa Rus,317964,313349,QF,7-5 6-0,completed,present,2024-01-08,2024-01-13,2024-01-11T01:53:41.013+00:00,False,2024-01-11T03:45:43.633+00:00,False,data/raw/wta/stats/_httpcache/2024/11d3137e68a469398531f6fde175881162c2b1c3cfa47614c7dd509bf713ff68.json,faa81e7868d19edb1740cfce5f95ee4397401ab0e612f3b1994d313db2cfb970,0,132223.0,True,2024-01-08,historical,False,False
2024,1050,LS005,Daria Saville,Lin Zhu,315997,317306,QF,3-6 6-1 6-4,completed,present,2024-01-08,2024-01-13,2024-01-11T06:00:43.273+00:00,False,2024-01-11T08:33:34.503+00:00,False,data/raw/wta/stats/_httpcache/2024/11d3137e68a469398531f6fde175881162c2b1c3cfa47614c7dd509bf713ff68.json,faa81e7868d19edb1740cfce5f95ee4397401ab0e612f3b1994d313db2cfb970,0,132222.0,True,2024-01-08,historical,False,False
2024,1050,LS006,Yue Yuan,Yulia Putintseva,324325,317683,QF,7-5 7-6(4),completed,present,2024-01-08,2024-01-13,2024-01-11T08:37:16.933+00:00,False,2024-01-11T11:12:28.88+00:00,False,data/raw/wta/stats/_httpcache/2024/11d3137e68a469398531f6fde175881162c2b1c3cfa47614c7dd509bf713ff68.json,faa81e7868d19edb1740cfce5f95ee4397401ab0e612f3b1994d313db2cfb970,0,132221.0,True,2024-01-08,historical,False,False
2024,1050,LS007,Emma Navarro,Viktoriya Tomova,325410,317584,QF,4-6 6-3 6-2,completed,present,2024-01-08,2024-01-13,2024-01-11T03:48:27.58+00:00,False,2024-01-11T05:57:47.893+00:00,False,data/raw/wta/stats/_httpcache/2024/11d3137e68a469398531f6fde175881162c2b1c3cfa47614c7dd509bf713ff68.json,faa81e7868d19edb1740cfce5f95ee4397401ab0e612f3b1994d313db2cfb970,0,132220.0,True,2024-01-08,historical,False,False
2024,1050,LS008,Elise Mertens,Anna Karolina Schmiedlova,317964,318203,R16,6-2 6-3,completed,present,2024-01-08,2024-01-13,2024-01-10T00:53:10.963+00:00,False,2024-01-10T02:22:43.627+00:00,False,data/raw/wta/stats/_httpcache/2024/11d3137e68a469398531f6fde175881162c2b1c3cfa47614c7dd509bf713ff68.json,faa81e7868d19edb1740cfce5f95ee4397401ab0e612f3b1994d313db2cfb970,0,132219.0,True,2024-01-08,historical,False,False
2024,1050,LS009,Arantxa Rus,Varvara Gracheva,313349,325836,R16,6-2 6-3,completed,present,2024-01-08,2024-01-13,2024-01-09T23:50:25.93+00:00,False,2024-01-10T01:21:48.227+00:00,False,data/raw/wta/stats/_httpcache/2024/11d3137e68a469398531f6fde175881162c2b1c3cfa47614c7dd509bf713ff68.json,faa81e7868d19edb1740cfce5f95ee4397401ab0e612f3b1994d313db2cfb970,0,132218.0,True,2024-01-08,historical,False,False
2024,1050,LS010,Lin Zhu,Caroline Dolehide,317306,322052,R16,5-7 6-3 6-4,completed,present,2024-01-08,2024-01-13,2024-01-10T02:25:00.797+00:00,False,2024-01-10T04:51:05.283+00:00,False,data/raw/wta/stats/_httpcache/2024/11d3137e68a469398531f6fde175881162c2b1c3cfa47614c7dd509bf713ff68.json,faa81e7868d19edb1740cfce5f95ee4397401ab0e612f3b1994d313db2cfb970,0,132217.0,True,2024-01-08,historical,False,False
2024,1050,LS011,Daria Saville,Sofia Kenin,315997,320942,R16,7-6(3) 6-1,completed,present,2024-01-08,2024-01-13,2024-01-10T07:18:39.057+00:00,False,2024-01-10T09:14:58.467+00:00,False,data/raw/wta/stats/_httpcache/2024/11d3137e68a469398531f6fde175881162c2b1c3cfa47614c7dd509bf713ff68.json,faa81e7868d19edb1740cfce5f95ee4397401ab0e612f3b1994d313db2cfb970,0,132216.0,True,2024-01-08,historical,False,False
2024,1050,LS012,Yulia Putintseva,Marie Bouzkova,317683,320983,R16,6-4 1-6 6-3,completed,present,2024-01-08,2024-01-13,2024-01-10T09:18:43.46+00:00,False,2024-01-10T11:49:24.293+00:00,False,data/raw/wta/stats/_httpcache/2024/11d3137e68a469398531f6fde175881162c2b1c3cfa47614c7dd509bf713ff68.json,faa81e7868d19edb1740cfce5f95ee4397401ab0e612f3b1994d313db2cfb970,0,132215.0,True,2024-01-08,historical,False,False
2024,1050,LS013,Yue Yuan,Xinyu Wang,324325,326376,R16,7-5 6-3,completed,present,2024-01-08,2024-01-13,2024-01-10T03:17:22.407+00:00,False,2024-01-10T04:49:24.867+00:00,False,data/raw/wta/stats/_httpcache/2024/11d3137e68a469398531f6fde175881162c2b1c3cfa47614c7dd509bf713ff68.json,faa81e7868d19edb1740cfce5f95ee4397401ab0e612f3b1994d313db2cfb970,0,132257.0,True,2024-01-10,stats,False,False
2024,1050,LS014,Viktoriya Tomova,Tatjana Maria,317584,310440,R16,6-0 6-1,completed,present,2024-01-08,2024-01-13,2024-01-09T23:49:36.107+00:00,False,2024-01-10T01:06:20.983+00:00,False,data/raw/wta/stats/_httpcache/2024/11d3137e68a469398531f6fde175881162c2b1c3cfa47614c7dd509bf713ff68.json,faa81e7868d19edb1740cfce5f95ee4397401ab0e612f3b1994d313db2cfb970,0,132213.0,True,2024-01-08,historical,False,False
2024,1050,LS015,Emma Navarro,Magdalena Frech,325410,320277,R16,6-3 6-3,completed,present,2024-01-08,2024-01-13,2024-01-10T06:25:51.863+00:00,False,2024-01-10T08:00:28.507+00:00,False,data/raw/wta/stats/_httpcache/2024/11d3137e68a469398531f6fde175881162c2b1c3cfa47614c7dd509bf713ff68.json,faa81e7868d19edb1740cfce5f95ee4397401ab0e612f3b1994d313db2cfb970,0,132212.0,True,2024-01-08,historical,False,False
2024,1050,LS016,Elise Mertens,Danielle Collins,317964,316925,R32,6-2 6-3,completed,present,2024-01-08,2024-01-13,2024-01-08T04:53:34.713+00:00,False,2024-01-08T06:23:33.017+00:00,False,data/raw/wta/stats/_httpcache/2024/11d3137e68a469398531f6fde175881162c2b1c3cfa47614c7dd509bf713ff68.json,faa81e7868d19edb1740cfce5f95ee4397401ab0e612f3b1994d313db2cfb970,0,132211.0,True,2024-01-08,historical,False,False
2024,1050,LS017,Anna Karolina Schmiedlova,Camila Osorio,318203,325898,R32,1-6 7-6(4) 7-5,completed,present,2024-01-08,2024-01-13,2024-01-08T00:44:48.417+00:00,False,2024-01-08T04:50:49.14+00:00,False,data/raw/wta/stats/_httpcache/2024/11d3137e68a469398531f6fde175881162c2b1c3cfa47614c7dd509bf713ff68.json,faa81e7868d19edb1740cfce5f95ee4397401ab0e612f3b1994d313db2cfb970,0,132210.0,True,2024-01-08,historical,False,False
2024,1050,LS018,Arantxa Rus,Linda Fruhvirtova,313349,329627,R32,6-3 5-7 6-3,completed,present,2024-01-08,2024-01-13,2024-01-07T23:53:12.067+00:00,False,2024-01-08T04:06:38.067+00:00,False,data/raw/wta/stats/_httpcache/2024/11d3137e68a469398531f6fde175881162c2b1c3cfa47614c7dd509bf713ff68.json,faa81e7868d19edb1740cfce5f95ee4397401ab0e612f3b1994d313db2cfb970,0,132209.0,True,2024-01-08,historical,False,False
2024,1050,LS019,Varvara Gracheva,Peyton Stearns,325836,327573,R32,7-6(3) 3-6 7-5,completed,present,2024-01-08,2024-01-13,2024-01-07T23:42:38.003+00:00,False,2024-01-08T04:16:08.827+00:00,False,data/raw/wta/stats/_httpcache/2024/11d3137e68a469398531f6fde175881162c2b1c3cfa47614c7dd509bf713ff68.json,faa81e7868d19edb1740cfce5f95ee4397401ab0e612f3b1994d313db2cfb970,0,132208.0,True,2024-01-08,historical,False,False
2024,1050,LS020,Lin Zhu,Lucia Bronzetti,317306,322280,R32,7-5 6-1,completed,present,2024-01-08,2024-01-13,2024-01-08T10:43:53.33+00:00,False,2024-01-08T12:43:04.52+00:00,False,data/raw/wta/stats/_httpcache/2024/11d3137e68a469398531f6fde175881162c2b1c3cfa47614c7dd509bf713ff68.json,faa81e7868d19edb1740cfce5f95ee4397401ab0e612f3b1994d313db2cfb970,0,132207.0,True,2024-01-08,historical,False,False
2024,1050,LS021,Caroline Dolehide,Mayar Sherif,322052,318711,R32,6-1 6-4,completed,present,2024-01-08,2024-01-13,2024-01-08T23:42:39.067+00:00,False,2024-01-09T01:20:32.223+00:00,False,data/raw/wta/stats/_httpcache/2024/11d3137e68a469398531f6fde175881162c2b1c3cfa47614c7dd509bf713ff68.json,faa81e7868d19edb1740cfce5f95ee4397401ab0e612f3b1994d313db2cfb970,0,132206.0,True,2024-01-08,historical,False,False
2024,1050,LS022,Daria Saville,Anna Blinkova,315997,324267,R32,3-6 6-4 6-4,completed,present,2024-01-08,2024-01-13,2024-01-08T08:14:02.247+00:00,False,2024-01-08T10:41:05.053+00:00,False,data/raw/wta/stats/_httpcache/2024/11d3137e68a469398531f6fde175881162c2b1c3cfa47614c7dd509bf713ff68.json,faa81e7868d19edb1740cfce5f95ee4397401ab0e612f3b1994d313db2cfb970,0,132205.0,True,2024-01-08,historical,False,False
2024,1050,LS023,Sofia Kenin,Greet Minnen,320942,321454,R32,6-3 6-3,completed,present,2024-01-08,2024-01-13,2024-01-09T00:49:55.337+00:00,False,2024-01-09T02:15:11.77+00:00,False,data/raw/wta/stats/_httpcache/2024/11d3137e68a469398531f6fde175881162c2b1c3cfa47614c7dd509bf713ff68.json,faa81e7868d19edb1740cfce5f95ee4397401ab0e612f3b1994d313db2cfb970,0,132204.0,True,2024-01-08,historical,False,False
2024,1050,LS024,Marie Bouzkova,Viktorija Golubic,320983,316296,R32,6-2 6-4,completed,present,2024-01-08,2024-01-13,2024-01-09T03:55:40.883+00:00,False,2024-01-09T05:43:50.883+00:00,False,data/raw/wta/stats/_httpcache/2024/11d3137e68a469398531f6fde175881162c2b1c3cfa47614c7dd509bf713ff68.json,faa81e7868d19edb1740cfce5f95ee4397401ab0e612f3b1994d313db2cfb970,0,132203.0,True,2024-01-08,historical,False,False
2024,1050,LS025,Yulia Putintseva,Elisabetta Cocciaretto,317683,327909,R32,0-6 7-5 7-6(4),completed,present,2024-01-08,2024-01-13,2024-01-09T01:23:58.727+00:00,False,2024-01-09T03:53:15.79+00:00,False,data/raw/wta/stats/_httpcache/2024/11d3137e68a469398531f6fde175881162c2b1c3cfa47614c7dd509bf713ff68.json,faa81e7868d19edb1740cfce5f95ee4397401ab0e612f3b1994d313db2cfb970,0,132202.0,True,2024-01-08,historical,False,False
2024,1050,LS026,Yue Yuan,Sloane Stephens,324325,315683,R32,6-4 3-6 7-6(5),completed,present,2024-01-08,2024-01-13,2024-01-09T02:18:55.24+00:00,False,2024-01-09T05:21:40.777+00:00,False,data/raw/wta/stats/_httpcache/2024/11d3137e68a469398531f6fde175881162c2b1c3cfa47614c7dd509bf713ff68.json,faa81e7868d19edb1740cfce5f95ee4397401ab0e612f3b1994d313db2cfb970,0,132201.0,True,2024-01-08,historical,False,False
2024,1050,LS027,Xinyu Wang,Olivia Gadecki,326376,326653,R32,6-3 3-6 6-3,completed,present,2024-01-08,2024-01-13,2024-01-09T07:18:36.39+00:00,False,2024-01-09T09:39:10.077+00:00,False,data/raw/wta/stats/_httpcache/2024/11d3137e68a469398531f6fde175881162c2b1c3cfa47614c7dd509bf713ff68.json,faa81e7868d19edb1740cfce5f95ee4397401ab0e612f3b1994d313db2cfb970,0,132256.0,True,2024-01-09,stats,False,False
2024,1050,LS029,Viktoriya Tomova,Martina Trevisan,317584,316266,R32,6-3 6-3,completed,present,2024-01-08,2024-01-13,2024-01-08T23:39:41.627+00:00,False,2024-01-09T01:50:29.607+00:00,False,data/raw/wta/stats/_httpcache/2024/11d3137e68a469398531f6fde175881162c2b1c3cfa47614c7dd509bf713ff68.json,faa81e7868d19edb1740cfce5f95ee4397401ab0e612f3b1994d313db2cfb970,0,132198.0,True,2024-01-08,historical,False,False
2024,1050,LS030,Magdalena Frech,Sara Sorribes Tormo,320277,318872,R32,0-6 6-1 6-4,completed,present,2024-01-08,2024-01-13,2024-01-09T05:47:32.58+00:00,False,2024-01-09T08:45:10.65+00:00,False,data/raw/wta/stats/_httpcache/2024/11d3137e68a469398531f6fde175881162c2b1c3cfa47614c7dd509bf713ff68.json,faa81e7868d19edb1740cfce5f95ee4397401ab0e612f3b1994d313db2cfb970,0,132197.0,True,2024-01-08,historical,False,False
2024,1050,LS031,Emma Navarro,Clara Burel,325410,325320,R32,4-6 6-3 6-3,completed,present,2024-01-08,2024-01-13,2024-01-09T09:41:41.877+00:00,False,2024-01-09T12:00:57.497+00:00,False,data/raw/wta/stats/_httpcache/2024/11d3137e68a469398531f6fde175881162c2b1c3cfa47614c7dd509bf713ff68.json,faa81e7868d19edb1740cfce5f95ee4397401ab0e612f3b1994d313db2cfb970,0,132196.0,True,2024-01-08,historical,False,False
2024,1051,LS001,Elena Rybakina,Marta Kostyuk,324166,326482,F,6-2 6-2,completed,present,2024-04-15,2024-04-21,2024-04-21T10:54:19.21+00:00,False,2024-04-21T12:18:02.007+00:00,False,data/raw/wta/stats/_httpcache/2024/a23d1d9a1a27a947d2a448091b5d9446d552cf0c29b1962044c6947061ec93f2.json,e122558a90c936a9e6ff54ab5680e2aff9610844d4c2fb08930c6a2a7e96707b,0,133529.0,True,2024-04-15,historical,False,False
2024,1051,LS002,Elena Rybakina,Iga Swiatek,324166,326408,SF,6-3 4-6 6-3,completed,present,2024-04-15,2024-04-21,2024-04-20T11:51:38.237+00:00,False,2024-04-20T14:59:33.853+00:00,False,data/raw/wta/stats/_httpcache/2024/a23d1d9a1a27a947d2a448091b5d9446d552cf0c29b1962044c6947061ec93f2.json,e122558a90c936a9e6ff54ab5680e2aff9610844d4c2fb08930c6a2a7e96707b,0,133528.0,True,2024-04-15,historical,False,False
2024,1051,LS003,Marta Kostyuk,Marketa Vondrousova,326482,323027,SF,7-6(2) 6-2,completed,present,2024-04-15,2024-04-21,2024-04-20T15:03:01.763+00:00,False,2024-04-20T16:53:32.273+00:00,False,data/raw/wta/stats/_httpcache/2024/a23d1d9a1a27a947d2a448091b5d9446d552cf0c29b1962044c6947061ec93f2.json,e122558a90c936a9e6ff54ab5680e2aff9610844d4c2fb08930c6a2a7e96707b,0,133527.0,True,2024-04-15,historical,False,False
2024,1051,LS004,Iga Swiatek,Emma Raducanu,326408,328366,QF,7-6(2) 6-3,completed,present,2024-04-15,2024-04-21,2024-04-19T15:06:23.06+00:00,False,2024-04-19T17:26:20.54+00:00,False,data/raw/wta/stats/_httpcache/2024/a23d1d9a1a27a947d2a448091b5d9446d552cf0c29b1962044c6947061ec93f2.json,e122558a90c936a9e6ff54ab5680e2aff9610844d4c2fb08930c6a2a7e96707b,0,133526.0,True,2024-04-15,historical,False,False
2024,1051,LS005,Elena Rybakina,Jasmine Paolini,324166,319280,QF,6-3 5-7 6-3,completed,present,2024-04-15,2024-04-21,2024-04-19T10:19:58.853+00:00,False,2024-04-19T12:46:44.163+00:00,False,data/raw/wta/stats/_httpcache/2024/a23d1d9a1a27a947d2a448091b5d9446d552cf0c29b1962044c6947061ec93f2.json,e122558a90c936a9e6ff54ab5680e2aff9610844d4c2fb08930c6a2a7e96707b,0,133525.0,True,2024-04-15,historical,False,False
2024,1051,LS006,Marta Kostyuk,Coco Gauff,326482,328560,QF,3-6 6-4 7-6(6),completed,present,2024-04-15,2024-04-21,2024-04-19T17:30:25.41+00:00,False,2024-04-19T20:34:02.553+00:00,False,data/raw/wta/stats/_httpcache/2024/a23d1d9a1a27a947d2a448091b5d9446d552cf0c29b1962044c6947061ec93f2.json,e122558a90c936a9e6ff54ab5680e2aff9610844d4c2fb08930c6a2a7e96707b,0,133524.0,True,2024-04-15,historical,False,False
2024,1051,LS007,Marketa Vondrousova,Aryna Sabalenka,323027,320760,QF,3-6 6-3 7-5,completed,present,2024-04-15,2024-04-21,2024-04-19T12:52:37.36+00:00,False,2024-04-19T15:04:25.623+00:00,False,data/raw/wta/stats/_httpcache/2024/a23d1d9a1a27a947d2a448091b5d9446d552cf0c29b1962044c6947061ec93f2.json,e122558a90c936a9e6ff54ab5680e2aff9610844d4c2fb08930c6a2a7e96707b,0,133523.0,True,2024-04-15,historical,False,False
2024,1051,LS008,Iga Swiatek,Elise Mertens,326408,317964,R16,6-3 6-4,completed,present,2024-04-15,2024-04-21,2024-04-18T15:16:50.51+00:00,False,2024-04-18T17:05:28.013+00:00,False,data/raw/wta/stats/_httpcache/2024/a23d1d9a1a27a947d2a448091b5d9446d552cf0c29b1962044c6947061ec93f2.json,e122558a90c936a9e6ff54ab5680e2aff9610844d4c2fb08930c6a2a7e96707b,0,133522.0,True,2024-04-15,historical,False,False
2024,1051,LS009,Emma Raducanu,Linda Noskova,328366,329668,R16,6-0 7-5,completed,present,2024-04-15,2024-04-21,2024-04-18T17:08:20.18+00:00,False,2024-04-18T18:43:54.343+00:00,False,data/raw/wta/stats/_httpcache/2024/a23d1d9a1a27a947d2a448091b5d9446d552cf0c29b1962044c6947061ec93f2.json,e122558a90c936a9e6ff54ab5680e2aff9610844d4c2fb08930c6a2a7e96707b,0,133521.0,True,2024-04-15,historical,False,False
2024,1051,LS010,Elena Rybakina,Veronika Kudermetova,324166,319526,R16,7-6(3) 1-6 6-4,completed,present,2024-04-15,2024-04-21,2024-04-18T10:14:49.833+00:00,False,2024-04-18T13:11:28.1+00:00,False,data/raw/wta/stats/_httpcache/2024/a23d1d9a1a27a947d2a448091b5d9446d552cf0c29b1962044c6947061ec93f2.json,e122558a90c936a9e6ff54ab5680e2aff9610844d4c2fb08930c6a2a7e96707b,0,133520.0,True,2024-04-15,historical,False,False
2024,1051,LS011,Jasmine Paolini,Ons Jabeur,319280,316847,R16,7-6(8) 6-4,completed,present,2024-04-15,2024-04-21,2024-04-18T13:14:01.837+00:00,False,2024-04-18T15:14:06.987+00:00,False,data/raw/wta/stats/_httpcache/2024/a23d1d9a1a27a947d2a448091b5d9446d552cf0c29b1962044c6947061ec93f2.json,e122558a90c936a9e6ff54ab5680e2aff9610844d4c2fb08930c6a2a7e96707b,0,133519.0,True,2024-04-15,historical,False,False
2024,1051,LS012,Marta Kostyuk,Qinwen Zheng,326482,328120,R16,6-2 4-6 7-5,completed,present,2024-04-15,2024-04-21,2024-04-18T18:50:16.67+00:00,False,2024-04-18T21:42:51.5+00:00,False,data/raw/wta/stats/_httpcache/2024/a23d1d9a1a27a947d2a448091b5d9446d552cf0c29b1962044c6947061ec93f2.json,e122558a90c936a9e6ff54ab5680e2aff9610844d4c2fb08930c6a2a7e96707b,0,133518.0,True,2024-04-15,historical,False,False
2024,1051,LS013,Coco Gauff,Sachia Vickery,328560,317443,R16,6-3 4-6 7-5,completed,present,2024-04-15,2024-04-21,2024-04-17T16:08:14.203+00:00,False,2024-04-17T18:48:51.273+00:00,False,data/raw/wta/stats/_httpcache/2024/a23d1d9a1a27a947d2a448091b5d9446d552cf0c29b1962044c6947061ec93f2.json,e122558a90c936a9e6ff54ab5680e2aff9610844d4c2fb08930c6a2a7e96707b,0,133517.0,True,2024-04-15,historical,False,False
2024,1051,LS014,Marketa Vondrousova,Anastasia Potapova,323027,325601,R16,7-6(5) 6-1,completed,present,2024-04-15,2024-04-21,2024-04-18T11:50:43.92+00:00,False,2024-04-18T13:24:11.433+00:00,False,data/raw/wta/stats/_httpcache/2024/a23d1d9a1a27a947d2a448091b5d9446d552cf0c29b1962044c6947061ec93f2.json,e122558a90c936a9e6ff54ab5680e2aff9610844d4c2fb08930c6a2a7e96707b,0,133516.0,True,2024-04-15,historical,False,False
2024,1051,LS017,Elise Mertens,Tatjana Maria,317964,310440,R32,6-1 4-6 6-0,completed,present,2024-04-15,2024-04-21,2024-04-16T16:37:58.453+00:00,False,2024-04-16T18:37:39.09+00:00,False,data/raw/wta/stats/_httpcache/2024/a23d1d9a1a27a947d2a448091b5d9446d552cf0c29b1962044c6947061ec93f2.json,e122558a90c936a9e6ff54ab5680e2aff9610844d4c2fb08930c6a2a7e96707b,0,133514.0,True,2024-04-15,historical,False,False
2024,1051,LS018,Emma Raducanu,Angelique Kerber,328366,311470,R32,6-2 6-1,completed,present,2024-04-15,2024-04-21,2024-04-17T18:54:17.327+00:00,False,2024-04-17T20:31:56.363+00:00,False,data/raw/wta/stats/_httpcache/2024/a23d1d9a1a27a947d2a448091b5d9446d552cf0c29b1962044c6947061ec93f2.json,e122558a90c936a9e6ff54ab5680e2aff9610844d4c2fb08930c6a2a7e96707b,0,133513.0,True,2024-04-15,historical,False,False
2024,1051,LS019,Linda Noskova,Jelena Ostapenko,329668,319939,R32,6-3 6-1,completed,present,2024-04-15,2024-04-21,2024-04-16T18:39:41.2+00:00,False,2024-04-16T20:01:49.733+00:00,False,data/raw/wta/stats/_httpcache/2024/a23d1d9a1a27a947d2a448091b5d9446d552cf0c29b1962044c6947061ec93f2.json,e122558a90c936a9e6ff54ab5680e2aff9610844d4c2fb08930c6a2a7e96707b,0,133512.0,True,2024-04-15,historical,False,False
2024,1051,LS021,Veronika Kudermetova,Barbora Krejcikova,319526,318314,R32,5-7 6-4 6-4,completed,present,2024-04-15,2024-04-21,2024-04-15T18:22:12.913+00:00,False,2024-04-15T21:42:20.89+00:00,False,data/raw/wta/stats/_httpcache/2024/a23d1d9a1a27a947d2a448091b5d9446d552cf0c29b1962044c6947061ec93f2.json,e122558a90c936a9e6ff54ab5680e2aff9610844d4c2fb08930c6a2a7e96707b,0,133511.0,True,2024-04-15,historical,False,False
2024,1051,LS022,Jasmine Paolini,Sara Errani,319280,310761,R32,6-1 6-0,completed,present,2024-04-15,2024-04-21,2024-04-16T10:19:26.817+00:00,False,2024-04-16T11:23:58.42+00:00,False,data/raw/wta/stats/_httpcache/2024/a23d1d9a1a27a947d2a448091b5d9446d552cf0c29b1962044c6947061ec93f2.json,e122558a90c936a9e6ff54ab5680e2aff9610844d4c2fb08930c6a2a7e96707b,0,133510.0,True,2024-04-15,historical,False,False
2024,1051,LS023,Ons Jabeur,Ekaterina Alexandrova,316847,319007,R32,2-6 6-3 7-6(1),completed,present,2024-04-15,2024-04-21,2024-04-17T10:06:33.05+00:00,False,2024-04-17T12:38:22.727+00:00,False,data/raw/wta/stats/_httpcache/2024/a23d1d9a1a27a947d2a448091b5d9446d552cf0c29b1962044c6947061ec93f2.json,e122558a90c936a9e6ff54ab5680e2aff9610844d4c2fb08930c6a2a7e96707b,0,133509.0,True,2024-04-15,historical,False,False
2024,1051,LS024,Qinwen Zheng,Sorana Cirstea,328120,312469,R32,6-2 6-3,completed,present,2024-04-15,2024-04-21,2024-04-16T11:26:30.46+00:00,False,2024-04-16T12:57:17.093+00:00,False,data/raw/wta/stats/_httpcache/2024/a23d1d9a1a27a947d2a448091b5d9446d552cf0c29b1962044c6947061ec93f2.json,e122558a90c936a9e6ff54ab5680e2aff9610844d4c2fb08930c6a2a7e96707b,0,133508.0,True,2024-04-15,historical,False,False
2024,1051,LS025,Marta Kostyuk,Laura Siegemund,326482,310926,R32,6-3 6-7(4) 6-4,completed,present,2024-04-15,2024-04-21,2024-04-17T12:40:19.107+00:00,False,2024-04-17T16:05:03.257+00:00,False,data/raw/wta/stats/_httpcache/2024/a23d1d9a1a27a947d2a448091b5d9446d552cf0c29b1962044c6947061ec93f2.json,e122558a90c936a9e6ff54ab5680e2aff9610844d4c2fb08930c6a2a7e96707b,0,133507.0,True,2024-04-15,historical,False,False
2024,1051,LS026,Sachia Vickery,Aliaksandra Sasnovich,317443,317790,R32,7-6(2) 7-5,completed,present,2024-04-15,2024-04-21,2024-04-15T13:34:08.287+00:00,False,2024-04-15T15:41:03.727+00:00,False,data/raw/wta/stats/_httpcache/2024/a23d1d9a1a27a947d2a448091b5d9446d552cf0c29b1962044c6947061ec93f2.json,e122558a90c936a9e6ff54ab5680e2aff9610844d4c2fb08930c6a2a7e96707b,0,133506.0,True,2024-04-15,historical,False,False
2024,1051,LS028,Marketa Vondrousova,Donna Vekic,323027,318516,R32,6-4 6-3,completed,present,2024-04-15,2024-04-21,2024-04-16T14:44:53.63+00:00,False,2024-04-16T16:36:00.76+00:00,False,data/raw/wta/stats/_httpcache/2024/a23d1d9a1a27a947d2a448091b5d9446d552cf0c29b1962044c6947061ec93f2.json,e122558a90c936a9e6ff54ab5680e2aff9610844d4c2fb08930c6a2a7e96707b,0,133505.0,True,2024-04-15,historical,False,False
2024,1051,LS029,Anastasia Potapova,Liudmila Samsonova,325601,322222,R32,6-4 4-6 6-3,completed,present,2024-04-15,2024-04-21,2024-04-17T13:12:21.3+00:00,False,2024-04-17T15:51:16.43+00:00,False,data/raw/wta/stats/_httpcache/2024/a23d1d9a1a27a947d2a448091b5d9446d552cf0c29b1962044c6947061ec93f2.json,e122558a90c936a9e6ff54ab5680e2aff9610844d4c2fb08930c6a2a7e96707b,0,133504.0,True,2024-04-15,historical,False,False
2024,1051,LS030,Paula Badosa,Diana Shnaider,320124,330482,R32,6-3 6-4,completed,present,2024-04-15,2024-04-21,2024-04-15T16:22:57+00:00,False,2024-04-15T18:18:44.243+00:00,False,data/raw/wta/stats/_httpcache/2024/a23d1d9a1a27a947d2a448091b5d9446d552cf0c29b1962044c6947061ec93f2.json,e122558a90c936a9e6ff54ab5680e2aff9610844d4c2fb08930c6a2a7e96707b,0,133503.0,True,2024-04-15,historical,False,False
2024,1052,LS001,Yulia Putintseva,Ajla Tomljanovic,317683,315232,F,6-1 7-6(8),completed,present,2024-06-17,2024-06-23,2024-06-23T10:50:30.78+00:00,False,2024-06-23T12:36:59.687+00:00,False,data/raw/wta/stats/_httpcache/2024/e37390afd1e483e5bc6bd37a6e2fac24f68a6adbb5c37725171de8af6ba872d8.json,0a10c6577d30bbd99010d3d619debe097e08586dcdf8a740d97c963703389673,0,134260.0,True,2024-06-23,stats,False,False
2024,1052,LS002,Yulia Putintseva,Elisabetta Cocciaretto,317683,327909,SF,6-2 6-2,completed,present,2024-06-17,2024-06-23,2024-06-22T09:36:51.25+00:00,False,2024-06-22T11:35:39.63+00:00,False,data/raw/wta/stats/_httpcache/2024/e37390afd1e483e5bc6bd37a6e2fac24f68a6adbb5c37725171de8af6ba872d8.json,0a10c6577d30bbd99010d3d619debe097e08586dcdf8a740d97c963703389673,0,134250.0,True,2024-06-22,stats,False,False
2024,1052,LS003,Ajla Tomljanovic,Anastasia Potapova,315232,325601,SF,7-6(5) 6-4,completed,present,2024-06-17,2024-06-23,2024-06-22T11:38:52.07+00:00,False,2024-06-22T13:22:32.327+00:00,False,data/raw/wta/stats/_httpcache/2024/e37390afd1e483e5bc6bd37a6e2fac24f68a6adbb5c37725171de8af6ba872d8.json,0a10c6577d30bbd99010d3d619debe097e08586dcdf8a740d97c963703389673,0,134251.0,True,2024-06-22,stats,False,False
2024,1052,LS004,Elisabetta Cocciaretto,Diana Shnaider,327909,330482,QF,5-7 6-4 6-2,completed,present,2024-06-17,2024-06-23,2024-06-21T09:47:48.097+00:00,False,2024-06-21T12:43:30.337+00:00,False,data/raw/wta/stats/_httpcache/2024/e37390afd1e483e5bc6bd37a6e2fac24f68a6adbb5c37725171de8af6ba872d8.json,0a10c6577d30bbd99010d3d619debe097e08586dcdf8a740d97c963703389673,0,134241.0,True,2024-06-21,stats,False,False
2024,1052,LS005,Yulia Putintseva,Caroline Dolehide,317683,322052,QF,6-3 6-7(2) 6-1,completed,present,2024-06-17,2024-06-23,2024-06-21T14:13:05.123+00:00,False,2024-06-21T16:37:34.677+00:00,False,data/raw/wta/stats/_httpcache/2024/e37390afd1e483e5bc6bd37a6e2fac24f68a6adbb5c37725171de8af6ba872d8.json,0a10c6577d30bbd99010d3d619debe097e08586dcdf8a740d97c963703389673,0,134243.0,True,2024-06-21,stats,False,False
2024,1052,LS006,Ajla Tomljanovic,Leylah Fernandez,315232,326735,QF,1-6 6-3 6-2,completed,present,2024-06-17,2024-06-23,2024-06-21T16:40:26.6+00:00,False,2024-06-21T18:39:54.607+00:00,False,data/raw/wta/stats/_httpcache/2024/e37390afd1e483e5bc6bd37a6e2fac24f68a6adbb5c37725171de8af6ba872d8.json,0a10c6577d30bbd99010d3d619debe097e08586dcdf8a740d97c963703389673,0,134244.0,True,2024-06-21,stats,False,False
2024,1052,LS007,Anastasia Potapova,Barbora Krejcikova,325601,318314,QF,6-1 6-4,completed,present,2024-06-17,2024-06-23,2024-06-21T12:47:37.953+00:00,False,2024-06-21T14:10:58.747+00:00,False,data/raw/wta/stats/_httpcache/2024/e37390afd1e483e5bc6bd37a6e2fac24f68a6adbb5c37725171de8af6ba872d8.json,0a10c6577d30bbd99010d3d619debe097e08586dcdf8a740d97c963703389673,0,134242.0,True,2024-06-21,stats,False,False
2024,1052,LS008,Elisabetta Cocciaretto,Sloane Stephens,327909,315683,R16,6-4 6-2,completed,present,2024-06-17,2024-06-23,2024-06-19T12:45:32.43+00:00,False,2024-06-19T14:19:58.953+00:00,False,data/raw/wta/stats/_httpcache/2024/e37390afd1e483e5bc6bd37a6e2fac24f68a6adbb5c37725171de8af6ba872d8.json,0a10c6577d30bbd99010d3d619debe097e08586dcdf8a740d97c963703389673,0,134221.0,True,2024-06-19,stats,False,False
2024,1052,LS009,Diana Shnaider,Marie Bouzkova,330482,320983,R16,7-6(5) 6-3,completed,present,2024-06-17,2024-06-23,2024-06-20T11:11:37.84+00:00,False,2024-06-20T13:23:03.647+00:00,False,data/raw/wta/stats/_httpcache/2024/e37390afd1e483e5bc6bd37a6e2fac24f68a6adbb5c37725171de8af6ba872d8.json,0a10c6577d30bbd99010d3d619debe097e08586dcdf8a740d97c963703389673,0,134230.0,True,2024-06-20,stats,False,False
2024,1052,LS010,Yulia Putintseva,Anhelina Kalinina,317683,320567,R16,6-3 6-0,completed,present,2024-06-17,2024-06-23,2024-06-20T09:46:29.22+00:00,False,2024-06-20T11:07:44.083+00:00,False,data/raw/wta/stats/_httpcache/2024/e37390afd1e483e5bc6bd37a6e2fac24f68a6adbb5c37725171de8af6ba872d8.json,0a10c6577d30bbd99010d3d619debe097e08586dcdf8a740d97c963703389673,0,134229.0,True,2024-06-20,stats,False,False
2024,1052,LS012,Leylah Fernandez,Viktorija Golubic,326735,316296,R16,4-6 7-5 6-3,completed,present,2024-06-17,2024-06-23,2024-06-19T14:23:31.913+00:00,False,2024-06-19T16:57:48.76+00:00,False,data/raw/wta/stats/_httpcache/2024/e37390afd1e483e5bc6bd37a6e2fac24f68a6adbb5c37725171de8af6ba872d8.json,0a10c6577d30bbd99010d3d619debe097e08586dcdf8a740d97c963703389673,0,134222.0,True,2024-06-19,stats,False,False
2024,1052,LS013,Ajla Tomljanovic,Lin Zhu,315232,317306,R16,6-7(6) 6-1 6-4,completed,present,2024-06-17,2024-06-23,2024-06-19T09:45:53.357+00:00,False,2024-06-19T12:44:14.367+00:00,False,data/raw/wta/stats/_httpcache/2024/e37390afd1e483e5bc6bd37a6e2fac24f68a6adbb5c37725171de8af6ba872d8.json,0a10c6577d30bbd99010d3d619debe097e08586dcdf8a740d97c963703389673,0,134220.0,True,2024-06-19,stats,False,False
2024,1052,LS014,Anastasia Potapova,Lucia Bronzetti,325601,322280,R16,6-3 7-5,completed,present,2024-06-17,2024-06-23,2024-06-19T17:02:13.323+00:00,False,2024-06-19T18:38:03.003+00:00,False,data/raw/wta/stats/_httpcache/2024/e37390afd1e483e5bc6bd37a6e2fac24f68a6adbb5c37725171de8af6ba872d8.json,0a10c6577d30bbd99010d3d619debe097e08586dcdf8a740d97c963703389673,0,134223.0,True,2024-06-19,stats,False,False
2024,1052,LS015,Barbora Krejcikova,Harriet Dart,318314,319489,R16,6-3 6-4,completed,present,2024-06-17,2024-06-23,2024-06-20T13:25:40.44+00:00,False,2024-06-20T15:07:15.18+00:00,False,data/raw/wta/stats/_httpcache/2024/e37390afd1e483e5bc6bd37a6e2fac24f68a6adbb5c37725171de8af6ba872d8.json,0a10c6577d30bbd99010d3d619debe097e08586dcdf8a740d97c963703389673,0,134231.0,True,2024-06-20,stats,False,False
2024,1052,LS016,Elisabetta Cocciaretto,Jelena Ostapenko,327909,319939,R32,6-3 6-3,completed,present,2024-06-17,2024-06-23,2024-06-17T11:44:11.213+00:00,False,2024-06-17T14:21:43.78+00:00,False,data/raw/wta/stats/_httpcache/2024/e37390afd1e483e5bc6bd37a6e2fac24f68a6adbb5c37725171de8af6ba872d8.json,0a10c6577d30bbd99010d3d619debe097e08586dcdf8a740d97c963703389673,0,134180.0,True,2024-06-17,stats,False,False
2024,1052,LS017,Sloane Stephens,Yue Yuan,315683,324325,R32,6-3 6-3,completed,present,2024-06-17,2024-06-23,2024-06-17T09:50:49.16+00:00,False,2024-06-17T11:38:44.62+00:00,False,data/raw/wta/stats/_httpcache/2024/e37390afd1e483e5bc6bd37a6e2fac24f68a6adbb5c37725171de8af6ba872d8.json,0a10c6577d30bbd99010d3d619debe097e08586dcdf8a740d97c963703389673,0,134179.0,True,2024-06-17,stats,False,False
2024,1052,LS018,Diana Shnaider,Amelia Rajecki,330482,329251,R32,7-5 6-3,completed,present,2024-06-17,2024-06-23,2024-06-18T13:24:42.563+00:00,False,2024-06-18T15:00:44.66+00:00,False,data/raw/wta/stats/_httpcache/2024/e37390afd1e483e5bc6bd37a6e2fac24f68a6adbb5c37725171de8af6ba872d8.json,0a10c6577d30bbd99010d3d619debe097e08586dcdf8a740d97c963703389673,0,134200.0,True,2024-06-18,stats,False,False
2024,1052,LS019,Marie Bouzkova,Heather Watson,320983,316981,R32,3-6 6-4 7-5,completed,present,2024-06-17,2024-06-23,2024-06-18T11:52:54.273+00:00,False,2024-06-18T14:53:19.97+00:00,False,data/raw/wta/stats/_httpcache/2024/e37390afd1e483e5bc6bd37a6e2fac24f68a6adbb5c37725171de8af6ba872d8.json,0a10c6577d30bbd99010d3d619debe097e08586dcdf8a740d97c963703389673,0,134199.0,True,2024-06-18,stats,False,False
2024,1052,LS021,Yulia Putintseva,Clara Burel,317683,325320,R32,6-3 6-4,completed,present,2024-06-17,2024-06-23,2024-06-18T15:01:54.103+00:00,False,2024-06-18T16:44:17.72+00:00,False,data/raw/wta/stats/_httpcache/2024/e37390afd1e483e5bc6bd37a6e2fac24f68a6adbb5c37725171de8af6ba872d8.json,0a10c6577d30bbd99010d3d619debe097e08586dcdf8a740d97c963703389673,0,134202.0,True,2024-06-18,stats,False,False
2024,1052,LS022,Caroline Dolehide,Karolina Pliskova,322052,313974,R32,2-6 6-3 7-6(5),completed,present,2024-06-17,2024-06-23,2024-06-18T14:55:43.143+00:00,False,2024-06-18T17:05:31.883+00:00,False,data/raw/wta/stats/_httpcache/2024/e37390afd1e483e5bc6bd37a6e2fac24f68a6adbb5c37725171de8af6ba872d8.json,0a10c6577d30bbd99010d3d619debe097e08586dcdf8a740d97c963703389673,0,134201.0,True,2024-06-18,stats,False,False
2024,1052,LS023,Elise Mertens,Caroline Wozniacki,317964,313402,R32,6-4 6-1,completed,present,2024-06-17,2024-06-23,2024-06-18T09:47:08.617+00:00,False,2024-06-18T11:41:15.2+00:00,False,data/raw/wta/stats/_httpcache/2024/e37390afd1e483e5bc6bd37a6e2fac24f68a6adbb5c37725171de8af6ba872d8.json,0a10c6577d30bbd99010d3d619debe097e08586dcdf8a740d97c963703389673,0,134197.0,True,2024-06-18,stats,False,False
2024,1052,LS024,Leylah Fernandez,Sara Sorribes Tormo,326735,318872,R32,6-1 6-1,completed,present,2024-06-17,2024-06-23,2024-06-17T16:14:34.13+00:00,False,2024-06-17T17:33:49.647+00:00,False,data/raw/wta/stats/_httpcache/2024/e37390afd1e483e5bc6bd37a6e2fac24f68a6adbb5c37725171de8af6ba872d8.json,0a10c6577d30bbd99010d3d619debe097e08586dcdf8a740d97c963703389673,0,134185.0,True,2024-06-17,stats,False,False
2024,1052,LS025,Viktorija Golubic,Camila Osorio,316296,325898,R32,6-4 1-6 6-3,completed,present,2024-06-17,2024-06-23,2024-06-17T16:10:27.41+00:00,False,2024-06-17T18:15:16.567+00:00,False,data/raw/wta/stats/_httpcache/2024/e37390afd1e483e5bc6bd37a6e2fac24f68a6adbb5c37725171de8af6ba872d8.json,0a10c6577d30bbd99010d3d619debe097e08586dcdf8a740d97c963703389673,0,134184.0,True,2024-06-17,stats,False,False
2024,1052,LS026,Ajla Tomljanovic,Anna Blinkova,315232,324267,R32,6-2 6-1,completed,present,2024-06-17,2024-06-23,2024-06-17T14:36:29.353+00:00,False,2024-06-17T16:06:59.497+00:00,False,data/raw/wta/stats/_httpcache/2024/e37390afd1e483e5bc6bd37a6e2fac24f68a6adbb5c37725171de8af6ba872d8.json,0a10c6577d30bbd99010d3d619debe097e08586dcdf8a740d97c963703389673,0,134183.0,True,2024-06-17,stats,False,False
2024,1052,LS027,Lin Zhu,Sorana Cirstea,317306,312469,R32,7-6(2) 6-2,completed,present,2024-06-17,2024-06-23,2024-06-17T14:23:19.833+00:00,False,2024-06-17T16:13:19.77+00:00,False,data/raw/wta/stats/_httpcache/2024/e37390afd1e483e5bc6bd37a6e2fac24f68a6adbb5c37725171de8af6ba872d8.json,0a10c6577d30bbd99010d3d619debe097e08586dcdf8a740d97c963703389673,0,134182.0,True,2024-06-17,stats,False,False
2024,1052,LS028,Anastasia Potapova,Elina Avanesyan,325601,327620,R32,6-4 6-4,completed,present,2024-06-17,2024-06-23,2024-06-17T12:27:47.043+00:00,False,2024-06-17T14:34:41.983+00:00,False,data/raw/wta/stats/_httpcache/2024/e37390afd1e483e5bc6bd37a6e2fac24f68a6adbb5c37725171de8af6ba872d8.json,0a10c6577d30bbd99010d3d619debe097e08586dcdf8a740d97c963703389673,0,134181.0,True,2024-06-17,stats,False,False
2024,1052,LS029,Lucia Bronzetti,Magdalena Frech,322280,320277,R32,2-6 6-3 6-4,completed,present,2024-06-17,2024-06-23,2024-06-17T09:47:59.28+00:00,False,2024-06-17T12:25:47.683+00:00,False,data/raw/wta/stats/_httpcache/2024/e37390afd1e483e5bc6bd37a6e2fac24f68a6adbb5c37725171de8af6ba872d8.json,0a10c6577d30bbd99010d3d619debe097e08586dcdf8a740d97c963703389673,0,134178.0,True,2024-06-17,stats,False,False
2024,1052,LS030,Harriet Dart,Moyuka Uchijima,319489,327241,R32,6-3 6-3,completed,present,2024-06-17,2024-06-23,2024-06-18T11:45:24.03+00:00,False,2024-06-18T13:23:02.617+00:00,False,data/raw/wta/stats/_httpcache/2024/e37390afd1e483e5bc6bd37a6e2fac24f68a6adbb5c37725171de8af6ba872d8.json,0a10c6577d30bbd99010d3d619debe097e08586dcdf8a740d97c963703389673,0,134198.0,True,2024-06-18,stats,False,False
2024,1052,LS031,Barbora Krejcikova,Daria Saville,318314,315997,R32,6-1 4-5,incomplete-or-invalid-score,present,2024-06-17,2024-06-23,2024-06-18T09:46:42.453+00:00,False,2025-01-28T20:21:57.47+00:00,False,data/raw/wta/stats/_httpcache/2024/e37390afd1e483e5bc6bd37a6e2fac24f68a6adbb5c37725171de8af6ba872d8.json,0a10c6577d30bbd99010d3d619debe097e08586dcdf8a740d97c963703389673,0,134196.0,True,2024-06-18,stats,False,False
2024,1056,LS001,Qinwen Zheng,Sofia Kenin,328120,320942,F,7-6(5) 6-3,completed,present,2024-10-21,2024-10-27,2024-10-27T02:46:45.037+00:00,False,2024-10-27T05:36:21.757+00:00,False,data/raw/wta/stats/_httpcache/2024/01f6153cdb8bfaeb2c2382fffe2b5655ab717267169f08221c9a3144f7f6a1a2.json,171d78dfe15662ffe05615c7c66f6675f09ac0bcc49d056c3977ed31627d37d2,0,135728.0,True,2024-10-27,stats,False,False
2024,1056,LS002,Qinwen Zheng,Diana Shnaider,328120,330482,SF,7-6(5) 6-3,completed,present,2024-10-21,2024-10-27,2024-10-26T04:42:19.337+00:00,False,2024-10-26T06:58:00.747+00:00,False,data/raw/wta/stats/_httpcache/2024/01f6153cdb8bfaeb2c2382fffe2b5655ab717267169f08221c9a3144f7f6a1a2.json,171d78dfe15662ffe05615c7c66f6675f09ac0bcc49d056c3977ed31627d37d2,0,135701.0,True,2024-10-26,stats,False,False
2024,1056,LS003,Sofia Kenin,Katie Boulter,320942,319125,SF,6-4 6-4,completed,present,2024-10-21,2024-10-27,2024-10-26T02:44:10.583+00:00,False,2024-10-26T04:37:19.67+00:00,False,data/raw/wta/stats/_httpcache/2024/01f6153cdb8bfaeb2c2382fffe2b5655ab717267169f08221c9a3144f7f6a1a2.json,171d78dfe15662ffe05615c7c66f6675f09ac0bcc49d056c3977ed31627d37d2,0,135700.0,True,2024-10-26,stats,False,False
2024,1056,LS004,Qinwen Zheng,Leylah Fernandez,328120,326735,QF,6-0 1-6 6-3,completed,present,2024-10-21,2024-10-27,2024-10-25T08:16:40.69+00:00,False,2024-10-25T10:26:16.977+00:00,False,data/raw/wta/stats/_httpcache/2024/01f6153cdb8bfaeb2c2382fffe2b5655ab717267169f08221c9a3144f7f6a1a2.json,171d78dfe15662ffe05615c7c66f6675f09ac0bcc49d056c3977ed31627d37d2,0,135696.0,True,2024-10-25,stats,False,False
2024,1056,LS006,Sofia Kenin,Daria Kasatkina,320942,322082,QF,6-3 6-4,completed,present,2024-10-21,2024-10-27,2024-10-25T04:13:14.283+00:00,False,2024-10-25T05:44:32.877+00:00,False,data/raw/wta/stats/_httpcache/2024/01f6153cdb8bfaeb2c2382fffe2b5655ab717267169f08221c9a3144f7f6a1a2.json,171d78dfe15662ffe05615c7c66f6675f09ac0bcc49d056c3977ed31627d37d2,0,135695.0,True,2024-10-25,stats,False,False
2024,1056,LS007,Katie Boulter,Bianca Andreescu,319125,325088,QF,6-2 6-1,completed,present,2024-10-21,2024-10-27,2024-10-25T02:48:39.45+00:00,False,2024-10-25T04:10:03.777+00:00,False,data/raw/wta/stats/_httpcache/2024/01f6153cdb8bfaeb2c2382fffe2b5655ab717267169f08221c9a3144f7f6a1a2.json,171d78dfe15662ffe05615c7c66f6675f09ac0bcc49d056c3977ed31627d37d2,0,135694.0,True,2024-10-25,stats,False,False
2024,1056,LS008,Qinwen Zheng,Moyuka Uchijima,328120,327241,R16,7-5 6-0,completed,present,2024-10-21,2024-10-27,2024-10-24T08:41:14.387+00:00,False,2024-10-24T10:13:16.777+00:00,False,data/raw/wta/stats/_httpcache/2024/01f6153cdb8bfaeb2c2382fffe2b5655ab717267169f08221c9a3144f7f6a1a2.json,171d78dfe15662ffe05615c7c66f6675f09ac0bcc49d056c3977ed31627d37d2,0,135683.0,True,2024-10-24,stats,False,False
2024,1056,LS009,Leylah Fernandez,Varvara Gracheva,326735,325836,R16,6-0 3-6 7-5,completed,present,2024-10-21,2024-10-27,2024-10-23T01:44:55.753+00:00,False,2024-10-23T04:24:31.413+00:00,False,data/raw/wta/stats/_httpcache/2024/01f6153cdb8bfaeb2c2382fffe2b5655ab717267169f08221c9a3144f7f6a1a2.json,171d78dfe15662ffe05615c7c66f6675f09ac0bcc49d056c3977ed31627d37d2,0,135664.0,True,2024-10-23,stats,False,False
2024,1056,LS010,Diana Shnaider,Viktoriya Tomova,330482,317584,R16,6-2 6-2,completed,present,2024-10-21,2024-10-27,2024-10-23T04:25:55.817+00:00,False,2024-10-23T05:57:43.68+00:00,False,data/raw/wta/stats/_httpcache/2024/01f6153cdb8bfaeb2c2382fffe2b5655ab717267169f08221c9a3144f7f6a1a2.json,171d78dfe15662ffe05615c7c66f6675f09ac0bcc49d056c3977ed31627d37d2,0,135665.0,True,2024-10-23,stats,False,False
2024,1056,LS011,Sayaka Ishii,Zeynep Sonmez,331963,326907,R16,4-6 6-2 6-3,completed,present,2024-10-21,2024-10-27,2024-10-23T06:00:33.04+00:00,False,2024-10-23T08:24:32.283+00:00,False,data/raw/wta/stats/_httpcache/2024/01f6153cdb8bfaeb2c2382fffe2b5655ab717267169f08221c9a3144f7f6a1a2.json,171d78dfe15662ffe05615c7c66f6675f09ac0bcc49d056c3977ed31627d37d2,0,135666.0,True,2024-10-23,stats,False,False
2024,1056,LS012,Sofia Kenin,Clara Tauson,320942,327793,R16,6-7(8) 6-4 7-6(6),completed,present,2024-10-21,2024-10-27,2024-10-24T01:47:54.577+00:00,False,2024-10-24T04:59:09.933+00:00,False,data/raw/wta/stats/_httpcache/2024/01f6153cdb8bfaeb2c2382fffe2b5655ab717267169f08221c9a3144f7f6a1a2.json,171d78dfe15662ffe05615c7c66f6675f09ac0bcc49d056c3977ed31627d37d2,0,135680.0,True,2024-10-24,stats,False,False
2024,1056,LS013,Daria Kasatkina,McCartney Kessler,322082,326678,R16,3-6 6-3 6-1,completed,present,2024-10-21,2024-10-27,2024-10-24T05:01:36.313+00:00,False,2024-10-24T07:11:54.627+00:00,False,data/raw/wta/stats/_httpcache/2024/01f6153cdb8bfaeb2c2382fffe2b5655ab717267169f08221c9a3144f7f6a1a2.json,171d78dfe15662ffe05615c7c66f6675f09ac0bcc49d056c3977ed31627d37d2,0,135681.0,True,2024-10-24,stats,False,False
2024,1056,LS014,Katie Boulter,Kyoka Okamura,319125,319183,R16,6-1 6-2,completed,present,2024-10-21,2024-10-27,2024-10-24T07:16:41.15+00:00,False,2024-10-24T08:38:00.957+00:00,False,data/raw/wta/stats/_httpcache/2024/01f6153cdb8bfaeb2c2382fffe2b5655ab717267169f08221c9a3144f7f6a1a2.json,171d78dfe15662ffe05615c7c66f6675f09ac0bcc49d056c3977ed31627d37d2,0,135682.0,True,2024-10-24,stats,False,False
2024,1056,LS017,Moyuka Uchijima,Mika Stojsavljevic,327241,333132,R32,6-4 6-7(7) 7-6(6),completed,present,2024-10-21,2024-10-27,2024-10-22T07:45:07.357+00:00,False,2024-10-22T11:37:02.533+00:00,False,data/raw/wta/stats/_httpcache/2024/01f6153cdb8bfaeb2c2382fffe2b5655ab717267169f08221c9a3144f7f6a1a2.json,171d78dfe15662ffe05615c7c66f6675f09ac0bcc49d056c3977ed31627d37d2,0,135647.0,True,2024-10-22,stats,False,False
2024,1056,LS018,Varvara Gracheva,Mai Hontama,325836,324750,R32,6-1 7-6(4),completed,present,2024-10-21,2024-10-27,2024-10-21T04:05:32.59+00:00,False,2024-10-21T05:55:37.083+00:00,False,data/raw/wta/stats/_httpcache/2024/01f6153cdb8bfaeb2c2382fffe2b5655ab717267169f08221c9a3144f7f6a1a2.json,171d78dfe15662ffe05615c7c66f6675f09ac0bcc49d056c3977ed31627d37d2,0,135624.0,True,2024-10-21,stats,False,False
2024,1056,LS021,Viktoriya Tomova,Veronika Kudermetova,317584,319526,R32,7-6(3) 6-3,completed,present,2024-10-21,2024-10-27,2024-10-21T01:39:47.633+00:00,False,2024-10-21T04:02:41.17+00:00,False,data/raw/wta/stats/_httpcache/2024/01f6153cdb8bfaeb2c2382fffe2b5655ab717267169f08221c9a3144f7f6a1a2.json,171d78dfe15662ffe05615c7c66f6675f09ac0bcc49d056c3977ed31627d37d2,0,135623.0,True,2024-10-21,stats,False,False
2024,1056,LS022,Sayaka Ishii,Sara Saito,331963,332175,R32,6-1 6-1,completed,present,2024-10-21,2024-10-27,2024-10-22T03:26:50.723+00:00,False,2024-10-22T05:10:19.787+00:00,False,data/raw/wta/stats/_httpcache/2024/01f6153cdb8bfaeb2c2382fffe2b5655ab717267169f08221c9a3144f7f6a1a2.json,171d78dfe15662ffe05615c7c66f6675f09ac0bcc49d056c3977ed31627d37d2,0,135644.0,True,2024-10-22,stats,False,False
2024,1056,LS023,Zeynep Sonmez,Magdalena Frech,326907,320277,R32,1-6 6-4 6-3,completed,present,2024-10-21,2024-10-27,2024-10-21T05:57:42.707+00:00,False,2024-10-21T08:10:47.477+00:00,False,data/raw/wta/stats/_httpcache/2024/01f6153cdb8bfaeb2c2382fffe2b5655ab717267169f08221c9a3144f7f6a1a2.json,171d78dfe15662ffe05615c7c66f6675f09ac0bcc49d056c3977ed31627d37d2,0,135625.0,True,2024-10-21,stats,False,False
2024,1056,LS024,Sofia Kenin,Xinyu Wang,320942,326376,R32,6-1 6-4,completed,present,2024-10-21,2024-10-27,2024-10-22T01:47:19.99+00:00,False,2024-10-22T03:26:04.067+00:00,False,data/raw/wta/stats/_httpcache/2024/01f6153cdb8bfaeb2c2382fffe2b5655ab717267169f08221c9a3144f7f6a1a2.json,171d78dfe15662ffe05615c7c66f6675f09ac0bcc49d056c3977ed31627d37d2,0,135642.0,True,2024-10-22,stats,False,False
2024,1056,LS025,Clara Tauson,Nao Hibino,327793,320238,R32,6-2 6-3,completed,present,2024-10-21,2024-10-27,2024-10-22T05:13:29.15+00:00,False,2024-10-22T06:49:28.26+00:00,False,data/raw/wta/stats/_httpcache/2024/01f6153cdb8bfaeb2c2382fffe2b5655ab717267169f08221c9a3144f7f6a1a2.json,171d78dfe15662ffe05615c7c66f6675f09ac0bcc49d056c3977ed31627d37d2,0,135646.0,True,2024-10-22,stats,False,False
2024,1056,LS026,McCartney Kessler,Elisabetta Cocciaretto,326678,327909,R32,6-3 6-3,completed,present,2024-10-21,2024-10-27,2024-10-22T01:52:49.99+00:00,False,2024-10-22T03:43:58.883+00:00,False,data/raw/wta/stats/_httpcache/2024/01f6153cdb8bfaeb2c2382fffe2b5655ab717267169f08221c9a3144f7f6a1a2.json,171d78dfe15662ffe05615c7c66f6675f09ac0bcc49d056c3977ed31627d37d2,0,135643.0,True,2024-10-22,stats,False,False
2024,1056,LS028,Katie Boulter,Priscilla Hon,319125,320543,R32,6-1 6-4,completed,present,2024-10-21,2024-10-27,2024-10-22T11:41:59.517+00:00,False,2024-10-22T13:12:50.493+00:00,False,data/raw/wta/stats/_httpcache/2024/01f6153cdb8bfaeb2c2382fffe2b5655ab717267169f08221c9a3144f7f6a1a2.json,171d78dfe15662ffe05615c7c66f6675f09ac0bcc49d056c3977ed31627d37d2,0,135648.0,True,2024-10-22,stats,False,False
2024,1056,LS029,Kyoka Okamura,Hailey Baptiste,319183,327101,R32,7-6(4) 6-3,completed,present,2024-10-21,2024-10-27,2024-10-22T03:46:23.233+00:00,False,2024-10-22T05:43:59.637+00:00,False,data/raw/wta/stats/_httpcache/2024/01f6153cdb8bfaeb2c2382fffe2b5655ab717267169f08221c9a3144f7f6a1a2.json,171d78dfe15662ffe05615c7c66f6675f09ac0bcc49d056c3977ed31627d37d2,0,135645.0,True,2024-10-22,stats,False,False
2024,1056,LS030,Bianca Andreescu,Mei Yamaguchi,325088,325473,R32,7-5 6-3,completed,present,2024-10-21,2024-10-27,2024-10-21T11:17:52.51+00:00,False,2024-10-21T13:13:50.67+00:00,False,data/raw/wta/stats/_httpcache/2024/01f6153cdb8bfaeb2c2382fffe2b5655ab717267169f08221c9a3144f7f6a1a2.json,171d78dfe15662ffe05615c7c66f6675f09ac0bcc49d056c3977ed31627d37d2,0,135626.0,True,2024-10-21,stats,False,False
2024,1074,LS001,Diana Shnaider,Katie Boulter,330482,319125,F,6-1 6-2,completed,present,2024-10-28,2024-11-03,2024-11-03T07:50:16.187+00:00,False,2024-11-03T09:21:00.877+00:00,False,data/raw/wta/stats/_httpcache/2024/d3d1f8f8cf669c3845841a415626d5f65745b243f3699870fa1fac03ea9859b1.json,e5f3c78bcf8585034d140d4901856df84a17ad8cf365fad89dc9c9cf6980f0ba,0,135861.0,True,2024-11-03,stats,False,False
2024,1074,LS002,Diana Shnaider,Leylah Fernandez,330482,326735,SF,6-4 6-2,completed,present,2024-10-28,2024-11-03,2024-11-02T08:44:11.607+00:00,False,2024-11-02T10:28:41.273+00:00,False,data/raw/wta/stats/_httpcache/2024/d3d1f8f8cf669c3845841a415626d5f65745b243f3699870fa1fac03ea9859b1.json,e5f3c78bcf8585034d140d4901856df84a17ad8cf365fad89dc9c9cf6980f0ba,0,135852.0,True,2024-11-02,stats,False,False
2024,1074,LS003,Katie Boulter,Yue Yuan,319125,324325,SF,6-2 5-7 6-2,completed,present,2024-10-28,2024-11-03,2024-11-02T05:37:01.36+00:00,False,2024-11-02T08:42:45.387+00:00,False,data/raw/wta/stats/_httpcache/2024/d3d1f8f8cf669c3845841a415626d5f65745b243f3699870fa1fac03ea9859b1.json,e5f3c78bcf8585034d140d4901856df84a17ad8cf365fad89dc9c9cf6980f0ba,0,135851.0,True,2024-11-02,stats,False,False
2024,1074,LS004,Diana Shnaider,Suzan Lamens,330482,324898,QF,6-0 6-7(4) 6-2,completed,present,2024-10-28,2024-11-03,2024-11-01T10:11:23.267+00:00,False,2024-11-01T12:33:12.663+00:00,False,data/raw/wta/stats/_httpcache/2024/d3d1f8f8cf669c3845841a415626d5f65745b243f3699870fa1fac03ea9859b1.json,e5f3c78bcf8585034d140d4901856df84a17ad8cf365fad89dc9c9cf6980f0ba,0,135836.0,True,2024-11-01,stats,False,False
2024,1074,LS005,Leylah Fernandez,Bernarda Pera,326735,317708,QF,6-1 7-6(7),completed,present,2024-10-28,2024-11-03,2024-11-01T12:36:07.603+00:00,False,2024-11-01T14:22:23.58+00:00,False,data/raw/wta/stats/_httpcache/2024/d3d1f8f8cf669c3845841a415626d5f65745b243f3699870fa1fac03ea9859b1.json,e5f3c78bcf8585034d140d4901856df84a17ad8cf365fad89dc9c9cf6980f0ba,0,135837.0,True,2024-11-01,stats,False,False
2024,1074,LS006,Yue Yuan,Sofia Kenin,324325,320942,QF,6-3 6-3,completed,present,2024-10-28,2024-11-03,2024-11-01T05:49:08.427+00:00,False,2024-11-01T07:29:44.227+00:00,False,data/raw/wta/stats/_httpcache/2024/d3d1f8f8cf669c3845841a415626d5f65745b243f3699870fa1fac03ea9859b1.json,e5f3c78bcf8585034d140d4901856df84a17ad8cf365fad89dc9c9cf6980f0ba,0,135834.0,True,2024-11-01,stats,False,False
2024,1074,LS007,Katie Boulter,Anastasia Zakharova,319125,327367,QF,6-4 6-0,completed,present,2024-10-28,2024-11-03,2024-11-01T07:32:27.26+00:00,False,2024-11-01T09:03:35.697+00:00,False,data/raw/wta/stats/_httpcache/2024/d3d1f8f8cf669c3845841a415626d5f65745b243f3699870fa1fac03ea9859b1.json,e5f3c78bcf8585034d140d4901856df84a17ad8cf365fad89dc9c9cf6980f0ba,0,135835.0,True,2024-11-01,stats,False,False
2024,1074,LS008,Diana Shnaider,Priscilla Hon,330482,320543,R16,6-4 6-1,completed,present,2024-10-28,2024-11-03,2024-10-30T11:23:49.22+00:00,False,2024-10-30T12:52:19.483+00:00,False,data/raw/wta/stats/_httpcache/2024/d3d1f8f8cf669c3845841a415626d5f65745b243f3699870fa1fac03ea9859b1.json,e5f3c78bcf8585034d140d4901856df84a17ad8cf365fad89dc9c9cf6980f0ba,0,135807.0,True,2024-10-30,stats,False,False
2024,1074,LS009,Suzan Lamens,Cristina Bucsa,324898,321158,R16,5-7 6-4 6-3,completed,present,2024-10-28,2024-11-03,2024-10-31T05:44:29.29+00:00,False,2024-10-31T08:35:08.437+00:00,False,data/raw/wta/stats/_httpcache/2024/d3d1f8f8cf669c3845841a415626d5f65745b243f3699870fa1fac03ea9859b1.json,e5f3c78bcf8585034d140d4901856df84a17ad8cf365fad89dc9c9cf6980f0ba,0,135821.0,True,2024-10-31,stats,False,False
2024,1074,LS010,Leylah Fernandez,Kimberly Birrell,326735,320728,R16,6-1 6-2,completed,present,2024-10-28,2024-11-03,2024-10-31T10:13:36.323+00:00,False,2024-10-31T12:00:30.597+00:00,False,data/raw/wta/stats/_httpcache/2024/d3d1f8f8cf669c3845841a415626d5f65745b243f3699870fa1fac03ea9859b1.json,e5f3c78bcf8585034d140d4901856df84a17ad8cf365fad89dc9c9cf6980f0ba,0,135824.0,True,2024-10-31,stats,False,False
2024,1074,LS011,Bernarda Pera,Han Shi,317708,329824,R16,6-0 6-4,completed,present,2024-10-28,2024-11-03,2024-10-30T05:50:20.56+00:00,False,2024-10-30T07:08:39.757+00:00,False,data/raw/wta/stats/_httpcache/2024/d3d1f8f8cf669c3845841a415626d5f65745b243f3699870fa1fac03ea9859b1.json,e5f3c78bcf8585034d140d4901856df84a17ad8cf365fad89dc9c9cf6980f0ba,0,135805.0,True,2024-10-30,stats,False,False
2024,1074,LS012,Yue Yuan,Nao Hibino,324325,320238,R16,4-6 7-5 6-2,completed,present,2024-10-28,2024-11-03,2024-10-30T05:47:33.907+00:00,False,2024-10-30T08:49:02.697+00:00,False,data/raw/wta/stats/_httpcache/2024/d3d1f8f8cf669c3845841a415626d5f65745b243f3699870fa1fac03ea9859b1.json,e5f3c78bcf8585034d140d4901856df84a17ad8cf365fad89dc9c9cf6980f0ba,0,135804.0,True,2024-10-30,stats,False,False
2024,1074,LS013,Sofia Kenin,Jessika Ponchet,320942,319421,R16,7-5 6-4,completed,present,2024-10-28,2024-11-03,2024-10-31T08:37:24.173+00:00,False,2024-10-31T10:10:17.657+00:00,False,data/raw/wta/stats/_httpcache/2024/d3d1f8f8cf669c3845841a415626d5f65745b243f3699870fa1fac03ea9859b1.json,e5f3c78bcf8585034d140d4901856df84a17ad8cf365fad89dc9c9cf6980f0ba,0,135823.0,True,2024-10-31,stats,False,False
2024,1074,LS014,Anastasia Zakharova,Varvara Gracheva,327367,325836,R16,6-3 6-1,completed,present,2024-10-28,2024-11-03,2024-10-31T05:46:01.097+00:00,False,2024-10-31T07:12:31.377+00:00,False,data/raw/wta/stats/_httpcache/2024/d3d1f8f8cf669c3845841a415626d5f65745b243f3699870fa1fac03ea9859b1.json,e5f3c78bcf8585034d140d4901856df84a17ad8cf365fad89dc9c9cf6980f0ba,0,135822.0,True,2024-10-31,stats,False,False
2024,1074,LS015,Katie Boulter,Xiyu Wang,319125,326160,R16,7-6(7) 6-4,completed,present,2024-10-28,2024-11-03,2024-10-30T08:50:55.98+00:00,False,2024-10-30T11:22:21.983+00:00,False,data/raw/wta/stats/_httpcache/2024/d3d1f8f8cf669c3845841a415626d5f65745b243f3699870fa1fac03ea9859b1.json,e5f3c78bcf8585034d140d4901856df84a17ad8cf365fad89dc9c9cf6980f0ba,0,135806.0,True,2024-10-30,stats,False,False
2024,1074,LS016,Diana Shnaider,Kyoka Okamura,330482,319183,R32,6-3 6-3,completed,present,2024-10-28,2024-11-03,2024-10-29T07:48:45.69+00:00,False,2024-10-29T09:21:18.777+00:00,False,data/raw/wta/stats/_httpcache/2024/d3d1f8f8cf669c3845841a415626d5f65745b243f3699870fa1fac03ea9859b1.json,e5f3c78bcf8585034d140d4901856df84a17ad8cf365fad89dc9c9cf6980f0ba,0,135773.0,True,2024-10-29,stats,False,False
2024,1074,LS017,Priscilla Hon,Eudice Chong,320543,319438,R32,6-3 6-4,completed,present,2024-10-28,2024-11-03,2024-10-28T05:45:11.647+00:00,False,2024-10-28T07:37:26.96+00:00,False,data/raw/wta/stats/_httpcache/2024/d3d1f8f8cf669c3845841a415626d5f65745b243f3699870fa1fac03ea9859b1.json,e5f3c78bcf8585034d140d4901856df84a17ad8cf365fad89dc9c9cf6980f0ba,0,135744.0,True,2024-10-28,stats,False,False
2024,1074,LS018,Suzan Lamens,Xinyu Gao,324898,322925,R32,6-3 6-0,completed,present,2024-10-28,2024-11-03,2024-10-29T05:46:07.84+00:00,False,2024-10-29T07:16:08.337+00:00,False,data/raw/wta/stats/_httpcache/2024/d3d1f8f8cf669c3845841a415626d5f65745b243f3699870fa1fac03ea9859b1.json,e5f3c78bcf8585034d140d4901856df84a17ad8cf365fad89dc9c9cf6980f0ba,0,135770.0,True,2024-10-29,stats,False,False
2024,1074,LS019,Cristina Bucsa,Hong Yi Cody Wong,321158,326723,R32,6-3 6-3,completed,present,2024-10-28,2024-11-03,2024-10-29T07:17:40.88+00:00,False,2024-10-29T08:58:15.273+00:00,False,data/raw/wta/stats/_httpcache/2024/d3d1f8f8cf669c3845841a415626d5f65745b243f3699870fa1fac03ea9859b1.json,e5f3c78bcf8585034d140d4901856df84a17ad8cf365fad89dc9c9cf6980f0ba,0,135772.0,True,2024-10-29,stats,False,False
2024,1074,LS020,Leylah Fernandez,Heather Watson,326735,316981,R32,6-2 6-2,completed,present,2024-10-28,2024-11-03,2024-10-29T12:04:00.45+00:00,False,2024-10-29T13:45:00.057+00:00,False,data/raw/wta/stats/_httpcache/2024/d3d1f8f8cf669c3845841a415626d5f65745b243f3699870fa1fac03ea9859b1.json,e5f3c78bcf8585034d140d4901856df84a17ad8cf365fad89dc9c9cf6980f0ba,0,135778.0,True,2024-10-29,stats,False,False
2024,1074,LS021,Kimberly Birrell,Ana Bogdan,320728,315427,R32,6-3 6-4,completed,present,2024-10-28,2024-11-03,2024-10-29T09:00:08.05+00:00,False,2024-10-29T11:06:20.45+00:00,False,data/raw/wta/stats/_httpcache/2024/d3d1f8f8cf669c3845841a415626d5f65745b243f3699870fa1fac03ea9859b1.json,e5f3c78bcf8585034d140d4901856df84a17ad8cf365fad89dc9c9cf6980f0ba,0,135775.0,True,2024-10-29,stats,False,False
2024,1074,LS022,Han Shi,Margarita Gasparyan,329824,317938,R32,6-4 6-2,completed,present,2024-10-28,2024-11-03,2024-10-28T07:46:03.71+00:00,False,2024-10-28T09:23:00.143+00:00,False,data/raw/wta/stats/_httpcache/2024/d3d1f8f8cf669c3845841a415626d5f65745b243f3699870fa1fac03ea9859b1.json,e5f3c78bcf8585034d140d4901856df84a17ad8cf365fad89dc9c9cf6980f0ba,0,135747.0,True,2024-10-28,stats,False,False
2024,1074,LS023,Bernarda Pera,Sara Saito,317708,332175,R32,6-4 6-4,completed,present,2024-10-28,2024-11-03,2024-10-28T05:45:27.25+00:00,False,2024-10-28T07:41:55.937+00:00,False,data/raw/wta/stats/_httpcache/2024/d3d1f8f8cf669c3845841a415626d5f65745b243f3699870fa1fac03ea9859b1.json,e5f3c78bcf8585034d140d4901856df84a17ad8cf365fad89dc9c9cf6980f0ba,0,135745.0,True,2024-10-28,stats,False,False
2024,1074,LS024,Yue Yuan,Simona Halep,324325,314320,R32,6-3 6-3,completed,present,2024-10-28,2024-11-03,2024-10-28T09:42:23.203+00:00,False,2024-10-28T11:19:59.48+00:00,False,data/raw/wta/stats/_httpcache/2024/d3d1f8f8cf669c3845841a415626d5f65745b243f3699870fa1fac03ea9859b1.json,e5f3c78bcf8585034d140d4901856df84a17ad8cf365fad89dc9c9cf6980f0ba,0,135748.0,True,2024-10-28,stats,False,False
2024,1074,LS025,Nao Hibino,Jia-Jing Lu,320238,313225,R32,6-7(4) 6-3 7-5,completed,present,2024-10-28,2024-11-03,2024-10-29T05:50:28.917+00:00,False,2024-10-29T08:43:44.487+00:00,False,data/raw/wta/stats/_httpcache/2024/d3d1f8f8cf669c3845841a415626d5f65745b243f3699870fa1fac03ea9859b1.json,e5f3c78bcf8585034d140d4901856df84a17ad8cf365fad89dc9c9cf6980f0ba,0,135771.0,True,2024-10-29,stats,False,False
2024,1074,LS026,Sofia Kenin,Mei Yamaguchi,320942,325473,R32,6-4 6-4,completed,present,2024-10-28,2024-11-03,2024-10-29T10:13:00.733+00:00,False,2024-10-29T12:02:16.687+00:00,False,data/raw/wta/stats/_httpcache/2024/d3d1f8f8cf669c3845841a415626d5f65745b243f3699870fa1fac03ea9859b1.json,e5f3c78bcf8585034d140d4901856df84a17ad8cf365fad89dc9c9cf6980f0ba,0,135776.0,True,2024-10-29,stats,False,False
2024,1074,LS027,Jessika Ponchet,Xinyu Wang,319421,326376,R32,4-6 7-5 6-2,completed,present,2024-10-28,2024-11-03,2024-10-28T12:23:51.773+00:00,False,2024-10-28T14:44:32.677+00:00,False,data/raw/wta/stats/_httpcache/2024/d3d1f8f8cf669c3845841a415626d5f65745b243f3699870fa1fac03ea9859b1.json,e5f3c78bcf8585034d140d4901856df84a17ad8cf365fad89dc9c9cf6980f0ba,0,135749.0,True,2024-10-28,stats,False,False
2024,1074,LS028,Varvara Gracheva,Tatiana Prozorova,325836,330723,R32,2-6 7-5 6-2,completed,present,2024-10-28,2024-11-03,2024-10-29T08:45:47.053+00:00,False,2024-10-29T11:09:45.46+00:00,False,data/raw/wta/stats/_httpcache/2024/d3d1f8f8cf669c3845841a415626d5f65745b243f3699870fa1fac03ea9859b1.json,e5f3c78bcf8585034d140d4901856df84a17ad8cf365fad89dc9c9cf6980f0ba,0,135774.0,True,2024-10-29,stats,False,False
2024,1074,LS029,Anastasia Zakharova,Su Jeong Jang,327367,317065,R32,7-5 6-4,completed,present,2024-10-28,2024-11-03,2024-10-29T11:11:24.313+00:00,False,2024-10-29T13:13:23.417+00:00,False,data/raw/wta/stats/_httpcache/2024/d3d1f8f8cf669c3845841a415626d5f65745b243f3699870fa1fac03ea9859b1.json,e5f3c78bcf8585034d140d4901856df84a17ad8cf365fad89dc9c9cf6980f0ba,0,135777.0,True,2024-10-29,stats,False,False
2024,1074,LS030,Xiyu Wang,Hina Inoue,326160,328320,R32,6-3 7-6(2),completed,present,2024-10-28,2024-11-03,2024-10-28T07:40:10+00:00,False,2024-10-28T09:40:48.48+00:00,False,data/raw/wta/stats/_httpcache/2024/d3d1f8f8cf669c3845841a415626d5f65745b243f3699870fa1fac03ea9859b1.json,e5f3c78bcf8585034d140d4901856df84a17ad8cf365fad89dc9c9cf6980f0ba,0,135746.0,True,2024-10-28,stats,False,False
2024,1074,LS031,Katie Boulter,Aoi Ito,319125,329009,R32,6-4 6-4,completed,present,2024-10-28,2024-11-03,2024-10-29T05:45:02.353+00:00,False,2024-10-29T07:46:13.023+00:00,False,data/raw/wta/stats/_httpcache/2024/d3d1f8f8cf669c3845841a415626d5f65745b243f3699870fa1fac03ea9859b1.json,e5f3c78bcf8585034d140d4901856df84a17ad8cf365fad89dc9c9cf6980f0ba,0,135769.0,True,2024-10-29,stats,False,False
2024,1075,LS001,Aryna Sabalenka,Qinwen Zheng,320760,328120,F,6-3 5-7 6-3,completed,present,2024-10-07,2024-10-13,2024-10-13T08:53:56.933+00:00,False,2024-10-13T11:53:11.677+00:00,False,data/raw/wta/stats/_httpcache/2024/7b58d652181805a172f214853286235743abc98a604c39352e463ebcd28fd4d0.json,ad94c5e149b32c916e0700e356491574b28807f0754a423af11dc7d869120b90,1,135509.0,True,2024-10-13,stats,False,False
2024,1075,LS002,Aryna Sabalenka,Coco Gauff,320760,328560,SF,1-6 6-4 6-4,completed,present,2024-10-07,2024-10-13,2024-10-12T08:21:20.283+00:00,False,2024-10-12T11:07:41.797+00:00,False,data/raw/wta/stats/_httpcache/2024/7b58d652181805a172f214853286235743abc98a604c39352e463ebcd28fd4d0.json,ad94c5e149b32c916e0700e356491574b28807f0754a423af11dc7d869120b90,1,135483.0,True,2024-10-12,stats,False,False
2024,1075,LS003,Qinwen Zheng,Xinyu Wang,328120,326376,SF,6-3 6-4,completed,present,2024-10-07,2024-10-13,2024-10-12T11:11:00.75+00:00,False,2024-10-12T13:08:28.09+00:00,False,data/raw/wta/stats/_httpcache/2024/7b58d652181805a172f214853286235743abc98a604c39352e463ebcd28fd4d0.json,ad94c5e149b32c916e0700e356491574b28807f0754a423af11dc7d869120b90,1,135484.0,True,2024-10-12,stats,False,False
2024,1075,LS004,Aryna Sabalenka,Magdalena Frech,320760,320277,QF,6-2 6-2,completed,present,2024-10-07,2024-10-13,2024-10-11T07:44:27.877+00:00,False,2024-10-11T09:23:15.377+00:00,False,data/raw/wta/stats/_httpcache/2024/7b58d652181805a172f214853286235743abc98a604c39352e463ebcd28fd4d0.json,ad94c5e149b32c916e0700e356491574b28807f0754a423af11dc7d869120b90,1,135481.0,True,2024-10-11,stats,False,False
2024,1075,LS005,Coco Gauff,Magda Linette,328560,315130,QF,6-0 6-4,completed,present,2024-10-07,2024-10-13,2024-10-11T02:44:15.507+00:00,False,2024-10-11T04:33:14.583+00:00,False,data/raw/wta/stats/_httpcache/2024/7b58d652181805a172f214853286235743abc98a604c39352e463ebcd28fd4d0.json,ad94c5e149b32c916e0700e356491574b28807f0754a423af11dc7d869120b90,1,135479.0,True,2024-10-11,stats,False,False
2024,1075,LS006,Qinwen Zheng,Jasmine Paolini,328120,319280,QF,6-2 3-6 6-3,completed,present,2024-10-07,2024-10-13,2024-10-11T10:45:28.087+00:00,False,2024-10-11T13:23:50.377+00:00,False,data/raw/wta/stats/_httpcache/2024/7b58d652181805a172f214853286235743abc98a604c39352e463ebcd28fd4d0.json,ad94c5e149b32c916e0700e356491574b28807f0754a423af11dc7d869120b90,1,135482.0,True,2024-10-11,stats,False,False
2024,1075,LS007,Xinyu Wang,Ekaterina Alexandrova,326376,319007,QF,4-6 7-5 7-6(6),completed,present,2024-10-07,2024-10-13,2024-10-11T04:36:12.337+00:00,False,2024-10-11T07:41:46.21+00:00,False,data/raw/wta/stats/_httpcache/2024/7b58d652181805a172f214853286235743abc98a604c39352e463ebcd28fd4d0.json,ad94c5e149b32c916e0700e356491574b28807f0754a423af11dc7d869120b90,1,135480.0,True,2024-10-11,stats,False,False
2024,1075,LS008,Aryna Sabalenka,Yulia Putintseva,320760,317683,R16,1-6 6-4 6-0,completed,present,2024-10-07,2024-10-13,2024-10-10T10:44:26.08+00:00,False,2024-10-10T13:11:47.953+00:00,False,data/raw/wta/stats/_httpcache/2024/7b58d652181805a172f214853286235743abc98a604c39352e463ebcd28fd4d0.json,ad94c5e149b32c916e0700e356491574b28807f0754a423af11dc7d869120b90,1,135477.0,True,2024-10-10,stats,False,False
2024,1075,LS009,Magdalena Frech,Beatriz Haddad Maia,320277,318176,R16,6-3 6-2,completed,present,2024-10-07,2024-10-13,2024-10-10T13:15:41.143+00:00,False,2024-10-10T15:10:59.147+00:00,False,data/raw/wta/stats/_httpcache/2024/7b58d652181805a172f214853286235743abc98a604c39352e463ebcd28fd4d0.json,ad94c5e149b32c916e0700e356491574b28807f0754a423af11dc7d869120b90,1,135478.0,True,2024-10-10,stats,False,False
2024,1075,LS010,Coco Gauff,Marta Kostyuk,328560,326482,R16,6-4 6-1,completed,present,2024-10-07,2024-10-13,2024-10-10T02:49:10.777+00:00,False,2024-10-10T04:09:15.177+00:00,False,data/raw/wta/stats/_httpcache/2024/7b58d652181805a172f214853286235743abc98a604c39352e463ebcd28fd4d0.json,ad94c5e149b32c916e0700e356491574b28807f0754a423af11dc7d869120b90,1,135472.0,True,2024-10-10,stats,False,False
2024,1075,LS011,Magda Linette,Daria Kasatkina,315130,322082,R16,6-2 6-3,completed,present,2024-10-07,2024-10-13,2024-10-10T02:47:03.223+00:00,False,2024-10-10T04:19:18.32+00:00,False,data/raw/wta/stats/_httpcache/2024/7b58d652181805a172f214853286235743abc98a604c39352e463ebcd28fd4d0.json,ad94c5e149b32c916e0700e356491574b28807f0754a423af11dc7d869120b90,1,135471.0,True,2024-10-10,stats,False,False
2024,1075,LS012,Qinwen Zheng,Leylah Fernandez,328120,326735,R16,5-7 6-3 6-0,completed,present,2024-10-07,2024-10-13,2024-10-10T06:48:05.843+00:00,False,2024-10-10T09:39:06.683+00:00,False,data/raw/wta/stats/_httpcache/2024/7b58d652181805a172f214853286235743abc98a604c39352e463ebcd28fd4d0.json,ad94c5e149b32c916e0700e356491574b28807f0754a423af11dc7d869120b90,1,135476.0,True,2024-10-10,stats,False,False
2024,1075,LS013,Jasmine Paolini,Erika Andreeva,319280,330151,R16,6-3 6-2,completed,present,2024-10-07,2024-10-13,2024-10-10T06:42:36.137+00:00,False,2024-10-10T08:20:09.493+00:00,False,data/raw/wta/stats/_httpcache/2024/7b58d652181805a172f214853286235743abc98a604c39352e463ebcd28fd4d0.json,ad94c5e149b32c916e0700e356491574b28807f0754a423af11dc7d869120b90,1,135475.0,True,2024-10-10,stats,False,False
2024,1075,LS014,Ekaterina Alexandrova,Hailey Baptiste,319007,327101,R16,6-1 6-1,completed,present,2024-10-07,2024-10-13,2024-10-10T04:22:02.007+00:00,False,2024-10-10T05:39:02.363+00:00,False,data/raw/wta/stats/_httpcache/2024/7b58d652181805a172f214853286235743abc98a604c39352e463ebcd28fd4d0.json,ad94c5e149b32c916e0700e356491574b28807f0754a423af11dc7d869120b90,1,135473.0,True,2024-10-10,stats,False,False
2024,1075,LS015,Xinyu Wang,Jessica Pegula,326376,316956,R16,6-3 7-5,completed,present,2024-10-07,2024-10-13,2024-10-10T04:46:44.143+00:00,False,2024-10-10T06:43:24.217+00:00,False,data/raw/wta/stats/_httpcache/2024/7b58d652181805a172f214853286235743abc98a604c39352e463ebcd28fd4d0.json,ad94c5e149b32c916e0700e356491574b28807f0754a423af11dc7d869120b90,1,135474.0,True,2024-10-10,stats,False,False
2024,1075,LS016,Aryna Sabalenka,Katerina Siniakova,320760,320301,R32,6-4 6-4,completed,present,2024-10-07,2024-10-13,2024-10-09T04:50:12.33+00:00,False,2024-10-09T06:37:07.063+00:00,False,data/raw/wta/stats/_httpcache/2024/7b58d652181805a172f214853286235743abc98a604c39352e463ebcd28fd4d0.json,ad94c5e149b32c916e0700e356491574b28807f0754a423af11dc7d869120b90,1,135462.0,True,2024-10-09,stats,False,False
2024,1075,LS017,Yulia Putintseva,Donna Vekic,317683,318516,R32,6-4 3-6 6-4,completed,present,2024-10-07,2024-10-13,2024-10-09T02:46:49.537+00:00,False,2024-10-09T05:39:14.483+00:00,False,data/raw/wta/stats/_httpcache/2024/7b58d652181805a172f214853286235743abc98a604c39352e463ebcd28fd4d0.json,ad94c5e149b32c916e0700e356491574b28807f0754a423af11dc7d869120b90,1,135458.0,True,2024-10-09,stats,False,False
2024,1075,LS018,Beatriz Haddad Maia,Veronika Kudermetova,318176,319526,R32,6-1 6-4,completed,present,2024-10-07,2024-10-13,2024-10-09T07:44:59.777+00:00,False,2024-10-09T09:33:18.153+00:00,False,data/raw/wta/stats/_httpcache/2024/7b58d652181805a172f214853286235743abc98a604c39352e463ebcd28fd4d0.json,ad94c5e149b32c916e0700e356491574b28807f0754a423af11dc7d869120b90,1,135466.0,True,2024-10-09,stats,False,False
2024,1075,LS019,Magdalena Frech,Emma Navarro,320277,325410,R32,6-4 3-4 6-3,incomplete-or-invalid-score,present,2024-10-07,2024-10-13,2024-10-09T05:42:22.92+00:00,False,2025-01-28T20:22:48.827+00:00,False,data/raw/wta/stats/_httpcache/2024/7b58d652181805a172f214853286235743abc98a604c39352e463ebcd28fd4d0.json,ad94c5e149b32c916e0700e356491574b28807f0754a423af11dc7d869120b90,1,135463.0,True,2024-10-09,stats,False,False
2024,1075,LS020,Coco Gauff,Viktoriya Tomova,328560,317584,R32,6-1 6-2,completed,present,2024-10-07,2024-10-13,2024-10-09T06:38:53.267+00:00,False,2024-10-09T08:09:42.23+00:00,False,data/raw/wta/stats/_httpcache/2024/7b58d652181805a172f214853286235743abc98a604c39352e463ebcd28fd4d0.json,ad94c5e149b32c916e0700e356491574b28807f0754a423af11dc7d869120b90,1,135465.0,True,2024-10-09,stats,False,False
2024,1075,LS023,Daria Kasatkina,Bernarda Pera,322082,317708,R32,6-4 1-6 6-1,completed,present,2024-10-07,2024-10-13,2024-10-09T02:51:17.57+00:00,False,2024-10-09T04:48:09.187+00:00,False,data/raw/wta/stats/_httpcache/2024/7b58d652181805a172f214853286235743abc98a604c39352e463ebcd28fd4d0.json,ad94c5e149b32c916e0700e356491574b28807f0754a423af11dc7d869120b90,1,135460.0,True,2024-10-09,stats,False,False
2024,1075,LS024,Qinwen Zheng,Jaqueline Cristian,328120,320319,R32,6-2 6-4,completed,present,2024-10-07,2024-10-13,2024-10-09T10:46:42.903+00:00,False,2024-10-09T12:51:37.877+00:00,False,data/raw/wta/stats/_httpcache/2024/7b58d652181805a172f214853286235743abc98a604c39352e463ebcd28fd4d0.json,ad94c5e149b32c916e0700e356491574b28807f0754a423af11dc7d869120b90,1,135468.0,True,2024-10-09,stats,False,False
2024,1075,LS025,Leylah Fernandez,Kamilla Rakhimova,326735,325936,R32,6-2 5-7 7-6(4),completed,present,2024-10-07,2024-10-13,2024-10-09T05:44:27.17+00:00,False,2024-10-09T09:05:02.557+00:00,False,data/raw/wta/stats/_httpcache/2024/7b58d652181805a172f214853286235743abc98a604c39352e463ebcd28fd4d0.json,ad94c5e149b32c916e0700e356491574b28807f0754a423af11dc7d869120b90,1,135464.0,True,2024-10-09,stats,False,False
2024,1075,LS026,Erika Andreeva,Mirra Andreeva,330151,331809,R32,6-3 6-1,completed,present,2024-10-07,2024-10-13,2024-10-09T12:11:29.96+00:00,False,2024-10-09T14:01:23.743+00:00,False,data/raw/wta/stats/_httpcache/2024/7b58d652181805a172f214853286235743abc98a604c39352e463ebcd28fd4d0.json,ad94c5e149b32c916e0700e356491574b28807f0754a423af11dc7d869120b90,1,135469.0,True,2024-10-09,stats,False,False
2024,1075,LS027,Jasmine Paolini,Yue Yuan,319280,324325,R32,6-4 6-3,completed,present,2024-10-07,2024-10-13,2024-10-09T12:54:31.44+00:00,False,2024-10-09T14:44:39.833+00:00,False,data/raw/wta/stats/_httpcache/2024/7b58d652181805a172f214853286235743abc98a604c39352e463ebcd28fd4d0.json,ad94c5e149b32c916e0700e356491574b28807f0754a423af11dc7d869120b90,1,135470.0,True,2024-10-09,stats,False,False
2024,1075,LS028,Hailey Baptiste,Barbora Krejcikova,327101,318314,R32,6-3 7-5,completed,present,2024-10-07,2024-10-13,2024-10-09T02:48:52.493+00:00,False,2024-10-09T04:43:51.187+00:00,False,data/raw/wta/stats/_httpcache/2024/7b58d652181805a172f214853286235743abc98a604c39352e463ebcd28fd4d0.json,ad94c5e149b32c916e0700e356491574b28807f0754a423af11dc7d869120b90,1,135459.0,True,2024-10-09,stats,False,False
2024,1075,LS029,Ekaterina Alexandrova,Anna Kalinskaya,319007,323942,R32,6-4 6-7(2) 6-1,completed,present,2024-10-07,2024-10-13,2024-10-09T04:49:56.637+00:00,False,2024-10-09T07:41:27.513+00:00,False,data/raw/wta/stats/_httpcache/2024/7b58d652181805a172f214853286235743abc98a604c39352e463ebcd28fd4d0.json,ad94c5e149b32c916e0700e356491574b28807f0754a423af11dc7d869120b90,1,135461.0,True,2024-10-09,stats,False,False
2024,1075,LS030,Xinyu Wang,Lucia Bronzetti,326376,322280,R32,4-6 6-2 6-4,completed,present,2024-10-07,2024-10-13,2024-10-09T08:06:12.207+00:00,False,2024-10-09T10:48:29.32+00:00,False,data/raw/wta/stats/_httpcache/2024/7b58d652181805a172f214853286235743abc98a604c39352e463ebcd28fd4d0.json,ad94c5e149b32c916e0700e356491574b28807f0754a423af11dc7d869120b90,1,135467.0,True,2024-10-09,stats,False,False
2024,1075,LS033,Katerina Siniakova,Alexandra Eala,320301,330332,R64,6-3 6-1,completed,present,2024-10-07,2024-10-13,2024-10-08T04:36:57.63+00:00,False,2024-10-08T06:08:25.527+00:00,False,data/raw/wta/stats/_httpcache/2024/7b58d652181805a172f214853286235743abc98a604c39352e463ebcd28fd4d0.json,ad94c5e149b32c916e0700e356491574b28807f0754a423af11dc7d869120b90,1,135448.0,True,2024-10-08,stats,False,False
2024,1075,LS034,Yulia Putintseva,Shuai Zhang,317683,311779,R64,6-4 6-4,completed,present,2024-10-07,2024-10-13,2024-10-08T06:45:31.157+00:00,False,2024-10-08T08:12:25.353+00:00,False,data/raw/wta/stats/_httpcache/2024/7b58d652181805a172f214853286235743abc98a604c39352e463ebcd28fd4d0.json,ad94c5e149b32c916e0700e356491574b28807f0754a423af11dc7d869120b90,1,135452.0,True,2024-10-08,stats,False,False
2024,1075,LS035,Donna Vekic,Elise Mertens,318516,317964,R64,3-6 6-1 6-3,completed,present,2024-10-07,2024-10-13,2024-10-07T12:45:17.09+00:00,False,2024-10-07T15:05:40.323+00:00,False,data/raw/wta/stats/_httpcache/2024/7b58d652181805a172f214853286235743abc98a604c39352e463ebcd28fd4d0.json,ad94c5e149b32c916e0700e356491574b28807f0754a423af11dc7d869120b90,1,135442.0,True,2024-10-07,stats,False,False
2024,1075,LS036,Beatriz Haddad Maia,Madison Keys,318176,316959,R64,7-6(7) 6-2,completed,present,2024-10-07,2024-10-13,2024-10-07T02:47:46.307+00:00,False,2024-10-07T05:18:32.317+00:00,False,data/raw/wta/stats/_httpcache/2024/7b58d652181805a172f214853286235743abc98a604c39352e463ebcd28fd4d0.json,ad94c5e149b32c916e0700e356491574b28807f0754a423af11dc7d869120b90,1,135435.0,True,2024-10-07,stats,False,False
2024,1075,LS037,Veronika Kudermetova,Marie Bouzkova,319526,320983,R64,6-4 7-6(4),completed,present,2024-10-07,2024-10-13,2024-10-08T08:20:49.927+00:00,False,2024-10-08T10:58:48.273+00:00,False,data/raw/wta/stats/_httpcache/2024/7b58d652181805a172f214853286235743abc98a604c39352e463ebcd28fd4d0.json,ad94c5e149b32c916e0700e356491574b28807f0754a423af11dc7d869120b90,1,135454.0,True,2024-10-08,stats,False,False
2024,1075,LS038,Magdalena Frech,Mai Hontama,320277,324750,R64,6-0 6-4,completed,present,2024-10-07,2024-10-13,2024-10-07T14:11:14.18+00:00,False,2024-10-07T15:48:21.18+00:00,False,data/raw/wta/stats/_httpcache/2024/7b58d652181805a172f214853286235743abc98a604c39352e463ebcd28fd4d0.json,ad94c5e149b32c916e0700e356491574b28807f0754a423af11dc7d869120b90,1,135444.0,True,2024-10-07,stats,False,False
2024,1075,LS041,Viktoriya Tomova,Ashlyn Krueger,317584,329409,R64,1-6 7-6(8) 7-5,completed,present,2024-10-07,2024-10-13,2024-10-08T05:20:45.017+00:00,False,2024-10-08T08:07:16.013+00:00,False,data/raw/wta/stats/_httpcache/2024/7b58d652181805a172f214853286235743abc98a604c39352e463ebcd28fd4d0.json,ad94c5e149b32c916e0700e356491574b28807f0754a423af11dc7d869120b90,1,135450.0,True,2024-10-08,stats,False,False
2024,1075,LS042,Amanda Anisimova,Cristina Bucsa,326384,321158,R64,6-2 6-4,completed,present,2024-10-07,2024-10-13,2024-10-08T05:17:54.023+00:00,False,2024-10-08T06:43:27.793+00:00,False,data/raw/wta/stats/_httpcache/2024/7b58d652181805a172f214853286235743abc98a604c39352e463ebcd28fd4d0.json,ad94c5e149b32c916e0700e356491574b28807f0754a423af11dc7d869120b90,1,135449.0,True,2024-10-08,stats,False,False
2024,1075,LS043,Marta Kostyuk,Elina Avanesyan,326482,327620,R64,4-6 7-5 7-6(2),completed,present,2024-10-07,2024-10-13,2024-10-08T12:57:15.247+00:00,False,2024-10-08T15:51:25.53+00:00,False,data/raw/wta/stats/_httpcache/2024/7b58d652181805a172f214853286235743abc98a604c39352e463ebcd28fd4d0.json,ad94c5e149b32c916e0700e356491574b28807f0754a423af11dc7d869120b90,1,135457.0,True,2024-10-08,stats,False,False
2024,1075,LS044,Magda Linette,Liudmila Samsonova,315130,322222,R64,6-2 6-2,completed,present,2024-10-07,2024-10-13,2024-10-08T02:46:38.64+00:00,False,2024-10-08T04:33:59.187+00:00,False,data/raw/wta/stats/_httpcache/2024/7b58d652181805a172f214853286235743abc98a604c39352e463ebcd28fd4d0.json,ad94c5e149b32c916e0700e356491574b28807f0754a423af11dc7d869120b90,1,135447.0,True,2024-10-08,stats,False,False
2024,1075,LS045,Lesia Tsurenko,Katie Boulter,315295,319125,R64,6-2 7-5,completed,present,2024-10-07,2024-10-13,2024-10-08T06:11:11.66+00:00,False,2024-10-08T08:17:12.173+00:00,False,data/raw/wta/stats/_httpcache/2024/7b58d652181805a172f214853286235743abc98a604c39352e463ebcd28fd4d0.json,ad94c5e149b32c916e0700e356491574b28807f0754a423af11dc7d869120b90,1,135451.0,True,2024-10-08,stats,False,False
2024,1075,LS046,Bernarda Pera,Irina-Camelia Begu,317708,313169,R64,6-2 4-6 6-2,completed,present,2024-10-07,2024-10-13,2024-10-07T10:30:16.52+00:00,False,2024-10-07T13:00:08.887+00:00,False,data/raw/wta/stats/_httpcache/2024/7b58d652181805a172f214853286235743abc98a604c39352e463ebcd28fd4d0.json,ad94c5e149b32c916e0700e356491574b28807f0754a423af11dc7d869120b90,1,135439.0,True,2024-10-07,stats,False,False
2024,1075,LS049,Jaqueline Cristian,Camila Osorio,320319,325898,R64,4-6 6-2 6-3,completed,present,2024-10-07,2024-10-13,2024-10-08T02:46:13.04+00:00,False,2024-10-08T05:16:24.39+00:00,False,data/raw/wta/stats/_httpcache/2024/7b58d652181805a172f214853286235743abc98a604c39352e463ebcd28fd4d0.json,ad94c5e149b32c916e0700e356491574b28807f0754a423af11dc7d869120b90,1,135446.0,True,2024-10-08,stats,False,False
2024,1075,LS050,Kamilla Rakhimova,Moyuka Uchijima,325936,327241,R64,6-1 6-2,completed,present,2024-10-07,2024-10-13,2024-10-08T08:09:09.13+00:00,False,2024-10-08T09:30:46.84+00:00,False,data/raw/wta/stats/_httpcache/2024/7b58d652181805a172f214853286235743abc98a604c39352e463ebcd28fd4d0.json,ad94c5e149b32c916e0700e356491574b28807f0754a423af11dc7d869120b90,1,135453.0,True,2024-10-08,stats,False,False
2024,1075,LS051,Leylah Fernandez,Diana Shnaider,326735,330482,R64,6-7(7) 6-3 6-3,completed,present,2024-10-07,2024-10-13,2024-10-07T05:22:00.643+00:00,False,2024-10-07T08:18:14.177+00:00,False,data/raw/wta/stats/_httpcache/2024/7b58d652181805a172f214853286235743abc98a604c39352e463ebcd28fd4d0.json,ad94c5e149b32c916e0700e356491574b28807f0754a423af11dc7d869120b90,1,135436.0,True,2024-10-07,stats,False,False
2024,1075,LS052,Mirra Andreeva,Xiyu Wang,331809,326160,R64,7-6(5) 6-3,completed,present,2024-10-07,2024-10-13,2024-10-08T10:39:36.177+00:00,False,2024-10-08T12:54:26.68+00:00,False,data/raw/wta/stats/_httpcache/2024/7b58d652181805a172f214853286235743abc98a604c39352e463ebcd28fd4d0.json,ad94c5e149b32c916e0700e356491574b28807f0754a423af11dc7d869120b90,1,135455.0,True,2024-10-08,stats,False,False
2024,1075,LS053,Erika Andreeva,Dayana Yastremska,330151,324261,R64,7-5 6-4,completed,present,2024-10-07,2024-10-13,2024-10-07T09:01:50.753+00:00,False,2024-10-07T10:55:48.13+00:00,False,data/raw/wta/stats/_httpcache/2024/7b58d652181805a172f214853286235743abc98a604c39352e463ebcd28fd4d0.json,ad94c5e149b32c916e0700e356491574b28807f0754a423af11dc7d869120b90,1,135438.0,True,2024-10-07,stats,False,False
2024,1075,LS054,Yue Yuan,Clara Burel,324325,325320,R64,1-6 6-4 6-2,completed,present,2024-10-07,2024-10-13,2024-10-07T08:19:33.243+00:00,False,2024-10-07T10:39:58.417+00:00,False,data/raw/wta/stats/_httpcache/2024/7b58d652181805a172f214853286235743abc98a604c39352e463ebcd28fd4d0.json,ad94c5e149b32c916e0700e356491574b28807f0754a423af11dc7d869120b90,1,135437.0,True,2024-10-07,stats,False,False
2024,1075,LS057,Hailey Baptiste,Diane Parry,327101,327077,R64,6-4 7-5,completed,present,2024-10-07,2024-10-13,2024-10-07T10:59:07.647+00:00,False,2024-10-07T13:04:18.893+00:00,False,data/raw/wta/stats/_httpcache/2024/7b58d652181805a172f214853286235743abc98a604c39352e463ebcd28fd4d0.json,ad94c5e149b32c916e0700e356491574b28807f0754a423af11dc7d869120b90,1,135440.0,True,2024-10-07,stats,False,False
2024,1075,LS058,Ekaterina Alexandrova,Sofia Kenin,319007,320942,R64,6-1 4-6 6-4,completed,present,2024-10-07,2024-10-13,2024-10-08T02:43:43.143+00:00,False,2024-10-08T05:12:10.407+00:00,False,data/raw/wta/stats/_httpcache/2024/7b58d652181805a172f214853286235743abc98a604c39352e463ebcd28fd4d0.json,ad94c5e149b32c916e0700e356491574b28807f0754a423af11dc7d869120b90,1,135445.0,True,2024-10-08,stats,False,False
2024,1075,LS059,Anna Kalinskaya,Anna Bondar,323942,322942,R64,6-1 6-3,completed,present,2024-10-07,2024-10-13,2024-10-07T13:08:46.343+00:00,False,2024-10-07T14:30:37.44+00:00,False,data/raw/wta/stats/_httpcache/2024/7b58d652181805a172f214853286235743abc98a604c39352e463ebcd28fd4d0.json,ad94c5e149b32c916e0700e356491574b28807f0754a423af11dc7d869120b90,1,135443.0,True,2024-10-07,stats,False,False
2024,1075,LS060,Lucia Bronzetti,Ajla Tomljanovic,322280,315232,R64,6-1 7-6(2),completed,present,2024-10-07,2024-10-13,2024-10-08T10:59:34.023+00:00,False,2024-10-08T13:11:19.33+00:00,False,data/raw/wta/stats/_httpcache/2024/7b58d652181805a172f214853286235743abc98a604c39352e463ebcd28fd4d0.json,ad94c5e149b32c916e0700e356491574b28807f0754a423af11dc7d869120b90,1,135456.0,True,2024-10-08,stats,False,False
2024,1075,LS061,Xinyu Wang,Caroline Dolehide,326376,322052,R64,6-4 6-0,completed,present,2024-10-07,2024-10-13,2024-10-07T11:12:50.23+00:00,False,2024-10-07T12:43:27.957+00:00,False,data/raw/wta/stats/_httpcache/2024/7b58d652181805a172f214853286235743abc98a604c39352e463ebcd28fd4d0.json,ad94c5e149b32c916e0700e356491574b28807f0754a423af11dc7d869120b90,1,135441.0,True,2024-10-07,stats,False,False
2024,1075,LS062,Anastasia Potapova,Katie Volynets,325601,327391,R64,5-7 6-3 7-5,completed,present,2024-10-07,2024-10-13,2024-10-07T02:43:54.437+00:00,False,2024-10-07T10:27:09.887+00:00,False,data/raw/wta/stats/_httpcache/2024/7b58d652181805a172f214853286235743abc98a604c39352e463ebcd28fd4d0.json,ad94c5e149b32c916e0700e356491574b28807f0754a423af11dc7d869120b90,1,135434.0,True,2024-10-07,stats,False,False
2024,1077,LS001,Viktorija Golubic,Rebecca Sramkova,316296,320228,F,6-3 7-5,completed,present,2024-10-28,2024-11-03,2024-11-03T08:15:50.603+00:00,False,2024-11-03T10:29:12.117+00:00,False,data/raw/wta/stats/_httpcache/2024/d8089eae8022892802da8e969c49ecb420d41913172b8b18c8d8fef351acaabd.json,bcf251bfaae280d83e75b45df6bbfb32a4e7d8231170f89a7807133d9774484f,0,135862.0,True,2024-11-03,stats,False,False
2024,1077,LS002,Viktorija Golubic,Marie Bouzkova,316296,320983,SF,6-1 6-2,completed,present,2024-10-28,2024-11-03,2024-11-02T06:45:12.657+00:00,False,2024-11-02T08:26:14.397+00:00,False,data/raw/wta/stats/_httpcache/2024/d8089eae8022892802da8e969c49ecb420d41913172b8b18c8d8fef351acaabd.json,bcf251bfaae280d83e75b45df6bbfb32a4e7d8231170f89a7807133d9774484f,0,135853.0,True,2024-11-02,stats,False,False
2024,1077,LS003,Rebecca Sramkova,Laura Siegemund,320228,310926,SF,7-6(4) 6-2,completed,present,2024-10-28,2024-11-03,2024-11-02T08:32:12.747+00:00,False,2024-11-02T10:56:06.717+00:00,False,data/raw/wta/stats/_httpcache/2024/d8089eae8022892802da8e969c49ecb420d41913172b8b18c8d8fef351acaabd.json,bcf251bfaae280d83e75b45df6bbfb32a4e7d8231170f89a7807133d9774484f,0,135854.0,True,2024-11-02,stats,False,False
2024,1077,LS004,Marie Bouzkova,Kamilla Rakhimova,320983,325936,QF,6-2 6-2,completed,present,2024-10-28,2024-11-03,2024-11-01T09:39:50.2+00:00,False,2024-11-01T11:20:03.84+00:00,False,data/raw/wta/stats/_httpcache/2024/d8089eae8022892802da8e969c49ecb420d41913172b8b18c8d8fef351acaabd.json,bcf251bfaae280d83e75b45df6bbfb32a4e7d8231170f89a7807133d9774484f,0,135840.0,True,2024-11-01,stats,False,False
2024,1077,LS005,Viktorija Golubic,Arantxa Rus,316296,313349,QF,7-5 4-6 7-6(5),completed,present,2024-10-28,2024-11-03,2024-11-01T03:42:32.14+00:00,False,2024-11-01T07:33:02.217+00:00,False,data/raw/wta/stats/_httpcache/2024/d8089eae8022892802da8e969c49ecb420d41913172b8b18c8d8fef351acaabd.json,bcf251bfaae280d83e75b45df6bbfb32a4e7d8231170f89a7807133d9774484f,0,135838.0,True,2024-11-01,stats,False,False
2024,1077,LS006,Laura Siegemund,Mananchaya Sawangkaew,310926,326929,QF,6-4 6-2,completed,present,2024-10-28,2024-11-03,2024-11-01T11:24:07.447+00:00,False,2024-11-01T13:25:42.777+00:00,False,data/raw/wta/stats/_httpcache/2024/d8089eae8022892802da8e969c49ecb420d41913172b8b18c8d8fef351acaabd.json,bcf251bfaae280d83e75b45df6bbfb32a4e7d8231170f89a7807133d9774484f,0,135841.0,True,2024-11-01,stats,False,False
2024,1077,LS007,Rebecca Sramkova,Martina Trevisan,320228,316266,QF,6-3 3-6 6-2,completed,present,2024-10-28,2024-11-03,2024-11-01T07:36:20.057+00:00,False,2024-11-01T09:39:27.917+00:00,False,data/raw/wta/stats/_httpcache/2024/d8089eae8022892802da8e969c49ecb420d41913172b8b18c8d8fef351acaabd.json,bcf251bfaae280d83e75b45df6bbfb32a4e7d8231170f89a7807133d9774484f,0,135839.0,True,2024-11-01,stats,False,False
2024,1077,LS008,Marie Bouzkova,Xinxin Yao,320983,331361,R16,6-3 6-3,completed,present,2024-10-28,2024-11-03,2024-10-30T03:46:34.527+00:00,False,2024-10-30T05:35:44.407+00:00,False,data/raw/wta/stats/_httpcache/2024/d8089eae8022892802da8e969c49ecb420d41913172b8b18c8d8fef351acaabd.json,bcf251bfaae280d83e75b45df6bbfb32a4e7d8231170f89a7807133d9774484f,0,135808.0,True,2024-10-30,stats,False,False
2024,1077,LS009,Kamilla Rakhimova,Elena Pridankina,325936,330905,R16,4-6 6-4 7-5,completed,present,2024-10-28,2024-11-03,2024-10-30T05:39:17.87+00:00,False,2024-10-30T08:40:33.69+00:00,False,data/raw/wta/stats/_httpcache/2024/d8089eae8022892802da8e969c49ecb420d41913172b8b18c8d8fef351acaabd.json,bcf251bfaae280d83e75b45df6bbfb32a4e7d8231170f89a7807133d9774484f,0,135810.0,True,2024-10-30,stats,False,False
2024,1077,LS011,Arantxa Rus,Linda Fruhvirtova,313349,329627,R16,6-4 7-6(4),completed,present,2024-10-28,2024-11-03,2024-10-31T05:16:00.32+00:00,False,2024-10-31T07:47:20.55+00:00,False,data/raw/wta/stats/_httpcache/2024/d8089eae8022892802da8e969c49ecb420d41913172b8b18c8d8fef351acaabd.json,bcf251bfaae280d83e75b45df6bbfb32a4e7d8231170f89a7807133d9774484f,0,135825.0,True,2024-10-31,stats,False,False
2024,1077,LS012,Mananchaya Sawangkaew,Saisai Zheng,326929,316286,R16,4-6 6-1 7-6(6),completed,present,2024-10-28,2024-11-03,2024-10-30T09:58:00.03+00:00,False,2024-10-30T13:11:59.277+00:00,False,data/raw/wta/stats/_httpcache/2024/d8089eae8022892802da8e969c49ecb420d41913172b8b18c8d8fef351acaabd.json,bcf251bfaae280d83e75b45df6bbfb32a4e7d8231170f89a7807133d9774484f,0,135811.0,True,2024-10-30,stats,False,False
2024,1077,LS013,Laura Siegemund,Tamara Korpatsch,310926,319571,R16,6-4 6-4,completed,present,2024-10-28,2024-11-03,2024-10-30T05:12:31.897+00:00,False,2024-10-30T07:19:27.987+00:00,False,data/raw/wta/stats/_httpcache/2024/d8089eae8022892802da8e969c49ecb420d41913172b8b18c8d8fef351acaabd.json,bcf251bfaae280d83e75b45df6bbfb32a4e7d8231170f89a7807133d9774484f,0,135809.0,True,2024-10-30,stats,False,False
2024,1077,LS014,Martina Trevisan,Anna Bondar,316266,322942,R16,7-6(4) 6-2,completed,present,2024-10-28,2024-11-03,2024-10-31T09:46:53.57+00:00,False,2024-10-31T13:10:52.43+00:00,False,data/raw/wta/stats/_httpcache/2024/d8089eae8022892802da8e969c49ecb420d41913172b8b18c8d8fef351acaabd.json,bcf251bfaae280d83e75b45df6bbfb32a4e7d8231170f89a7807133d9774484f,0,135827.0,True,2024-10-31,stats,False,False
2024,1077,LS015,Rebecca Sramkova,Sijia Wei,320228,328426,R16,7-5 6-3,completed,present,2024-10-28,2024-11-03,2024-10-31T07:50:00.067+00:00,False,2024-10-31T09:44:42.727+00:00,False,data/raw/wta/stats/_httpcache/2024/d8089eae8022892802da8e969c49ecb420d41913172b8b18c8d8fef351acaabd.json,bcf251bfaae280d83e75b45df6bbfb32a4e7d8231170f89a7807133d9774484f,0,135826.0,True,2024-10-31,stats,False,False
2024,1077,LS016,Marie Bouzkova,Alexandra Eala,320983,330332,R32,7-5 7-6(4),completed,present,2024-10-28,2024-11-03,2024-10-28T09:27:47.4+00:00,False,2024-10-28T12:13:36.283+00:00,False,data/raw/wta/stats/_httpcache/2024/d8089eae8022892802da8e969c49ecb420d41913172b8b18c8d8fef351acaabd.json,bcf251bfaae280d83e75b45df6bbfb32a4e7d8231170f89a7807133d9774484f,0,135756.0,True,2024-10-28,stats,False,False
2024,1077,LS017,Xinxin Yao,Fangzhou Liu,331361,319606,R32,6-2 6-1,completed,present,2024-10-28,2024-11-03,2024-10-29T03:49:40.087+00:00,False,2024-10-29T05:26:15.677+00:00,False,data/raw/wta/stats/_httpcache/2024/d8089eae8022892802da8e969c49ecb420d41913172b8b18c8d8fef351acaabd.json,bcf251bfaae280d83e75b45df6bbfb32a4e7d8231170f89a7807133d9774484f,0,135779.0,True,2024-10-29,stats,False,False
2024,1077,LS018,Elena Pridankina,Ella Seidel,330905,330548,R32,6-3 7-6(6),completed,present,2024-10-28,2024-11-03,2024-10-28T05:34:30.327+00:00,False,2024-10-28T07:32:54.547+00:00,False,data/raw/wta/stats/_httpcache/2024/d8089eae8022892802da8e969c49ecb420d41913172b8b18c8d8fef351acaabd.json,bcf251bfaae280d83e75b45df6bbfb32a4e7d8231170f89a7807133d9774484f,0,135754.0,True,2024-10-28,stats,False,False
2024,1077,LS019,Kamilla Rakhimova,Petra Martic,325936,313711,R32,6-1 4-6 7-5,completed,present,2024-10-28,2024-11-03,2024-10-28T05:15:38.877+00:00,False,2024-10-28T07:55:35.303+00:00,False,data/raw/wta/stats/_httpcache/2024/d8089eae8022892802da8e969c49ecb420d41913172b8b18c8d8fef351acaabd.json,bcf251bfaae280d83e75b45df6bbfb32a4e7d8231170f89a7807133d9774484f,0,135753.0,True,2024-10-28,stats,False,False
2024,1077,LS020,Jessica Bouzas Maneiro,Zarina Diyas,328139,315696,R32,6-4 6-2,completed,present,2024-10-28,2024-11-03,2024-10-28T07:58:11.667+00:00,False,2024-10-28T09:45:08.493+00:00,False,data/raw/wta/stats/_httpcache/2024/d8089eae8022892802da8e969c49ecb420d41913172b8b18c8d8fef351acaabd.json,bcf251bfaae280d83e75b45df6bbfb32a4e7d8231170f89a7807133d9774484f,0,135755.0,True,2024-10-28,stats,False,False
2024,1077,LS021,Viktorija Golubic,Xiaodi You,316296,322451,R32,7-5 6-2,completed,present,2024-10-28,2024-11-03,2024-10-29T03:52:27.99+00:00,False,2024-10-29T05:48:31.55+00:00,False,data/raw/wta/stats/_httpcache/2024/d8089eae8022892802da8e969c49ecb420d41913172b8b18c8d8fef351acaabd.json,bcf251bfaae280d83e75b45df6bbfb32a4e7d8231170f89a7807133d9774484f,0,135781.0,True,2024-10-29,stats,False,False
2024,1077,LS022,Linda Fruhvirtova,Kathinka Von Deichmann,329627,317286,R32,6-0 7-5,completed,present,2024-10-28,2024-11-03,2024-10-28T03:51:00.39+00:00,False,2024-10-28T05:28:03.343+00:00,False,data/raw/wta/stats/_httpcache/2024/d8089eae8022892802da8e969c49ecb420d41913172b8b18c8d8fef351acaabd.json,bcf251bfaae280d83e75b45df6bbfb32a4e7d8231170f89a7807133d9774484f,0,135751.0,True,2024-10-28,stats,False,False
2024,1077,LS023,Arantxa Rus,Yuliia Starodubtseva,313349,325338,R32,6-4 6-7(2) 6-3,completed,present,2024-10-28,2024-11-03,2024-10-28T03:51:05.127+00:00,False,2024-10-28T06:49:50.103+00:00,False,data/raw/wta/stats/_httpcache/2024/d8089eae8022892802da8e969c49ecb420d41913172b8b18c8d8fef351acaabd.json,bcf251bfaae280d83e75b45df6bbfb32a4e7d8231170f89a7807133d9774484f,0,135752.0,True,2024-10-28,stats,False,False
2024,1077,LS024,Mananchaya Sawangkaew,Lucia Bronzetti,326929,322280,R32,6-4 4-6 6-2,completed,present,2024-10-28,2024-11-03,2024-10-29T05:29:08.213+00:00,False,2024-10-29T08:01:53.513+00:00,False,data/raw/wta/stats/_httpcache/2024/d8089eae8022892802da8e969c49ecb420d41913172b8b18c8d8fef351acaabd.json,bcf251bfaae280d83e75b45df6bbfb32a4e7d8231170f89a7807133d9774484f,0,135782.0,True,2024-10-29,stats,False,False
2024,1077,LS025,Saisai Zheng,Jana Fett,316286,320945,R32,6-4 2-6 6-4,completed,present,2024-10-28,2024-11-03,2024-10-29T03:50:23.223+00:00,False,2024-10-29T06:34:17.85+00:00,False,data/raw/wta/stats/_httpcache/2024/d8089eae8022892802da8e969c49ecb420d41913172b8b18c8d8fef351acaabd.json,bcf251bfaae280d83e75b45df6bbfb32a4e7d8231170f89a7807133d9774484f,0,135780.0,True,2024-10-29,stats,False,False
2024,1077,LS026,Tamara Korpatsch,Priska Nugroho,319571,328797,R32,6-0 6-1,completed,present,2024-10-28,2024-11-03,2024-10-28T03:46:43.807+00:00,False,2024-10-28T05:12:41.027+00:00,False,data/raw/wta/stats/_httpcache/2024/d8089eae8022892802da8e969c49ecb420d41913172b8b18c8d8fef351acaabd.json,bcf251bfaae280d83e75b45df6bbfb32a4e7d8231170f89a7807133d9774484f,0,135750.0,True,2024-10-28,stats,False,False
2024,1077,LS027,Laura Siegemund,Moyuka Uchijima,310926,327241,R32,7-5 6-3,completed,present,2024-10-28,2024-11-03,2024-10-29T08:05:03.627+00:00,False,2024-10-29T10:01:59.643+00:00,False,data/raw/wta/stats/_httpcache/2024/d8089eae8022892802da8e969c49ecb420d41913172b8b18c8d8fef351acaabd.json,bcf251bfaae280d83e75b45df6bbfb32a4e7d8231170f89a7807133d9774484f,0,135785.0,True,2024-10-29,stats,False,False
2024,1077,LS028,Anna Bondar,Arianne Hartono,322942,323451,R32,6-2 2-6 7-6(3),completed,present,2024-10-28,2024-11-03,2024-10-29T05:51:14.4+00:00,False,2024-10-29T08:25:28.47+00:00,False,data/raw/wta/stats/_httpcache/2024/d8089eae8022892802da8e969c49ecb420d41913172b8b18c8d8fef351acaabd.json,bcf251bfaae280d83e75b45df6bbfb32a4e7d8231170f89a7807133d9774484f,0,135783.0,True,2024-10-29,stats,False,False
2024,1077,LS029,Martina Trevisan,Wushuang Zheng,316266,321329,R32,6-1 6-2,completed,present,2024-10-28,2024-11-03,2024-10-29T06:37:07.843+00:00,False,2024-10-29T08:18:29.283+00:00,False,data/raw/wta/stats/_httpcache/2024/d8089eae8022892802da8e969c49ecb420d41913172b8b18c8d8fef351acaabd.json,bcf251bfaae280d83e75b45df6bbfb32a4e7d8231170f89a7807133d9774484f,0,135784.0,True,2024-10-29,stats,False,False
2024,1077,LS030,Sijia Wei,Mai Hontama,328426,324750,R32,6-2 3-6 6-1,completed,present,2024-10-28,2024-11-03,2024-10-29T08:22:29.377+00:00,False,2024-10-29T10:36:42.187+00:00,False,data/raw/wta/stats/_httpcache/2024/d8089eae8022892802da8e969c49ecb420d41913172b8b18c8d8fef351acaabd.json,bcf251bfaae280d83e75b45df6bbfb32a4e7d8231170f89a7807133d9774484f,0,135786.0,True,2024-10-29,stats,False,False
2024,1077,LS031,Rebecca Sramkova,Shuai Zhang,320228,311779,R32,6-1 6-1,completed,present,2024-10-28,2024-11-03,2024-10-29T10:39:25.703+00:00,False,2024-10-29T11:41:31.01+00:00,False,data/raw/wta/stats/_httpcache/2024/d8089eae8022892802da8e969c49ecb420d41913172b8b18c8d8fef351acaabd.json,bcf251bfaae280d83e75b45df6bbfb32a4e7d8231170f89a7807133d9774484f,0,135787.0,True,2024-10-29,stats,False,False
2024,1082,LS001,Magda Linette,Magdalena Frech,315130,320277,F,6-2 6-1,completed,present,2024-07-21,2024-07-26,2024-07-26T09:23:43.03+00:00,False,2024-07-26T11:01:31.647+00:00,False,data/raw/wta/stats/_httpcache/2024/14e7f8f8371e8c334a13d54ba529b951428273d49e98daf8c5bb27421a301480.json,1e650a4ba48210ebe827530917127165785516c2ef85d83326b3792220b8f80d,0,134597.0,True,2024-07-26,stats,False,False
2024,1082,LS002,Magda Linette,Linda Noskova,315130,329668,SF,6-3 3-6 7-6(2),completed,present,2024-07-21,2024-07-26,2024-07-25T11:00:25.833+00:00,False,2024-07-25T14:04:40.683+00:00,False,data/raw/wta/stats/_httpcache/2024/14e7f8f8371e8c334a13d54ba529b951428273d49e98daf8c5bb27421a301480.json,1e650a4ba48210ebe827530917127165785516c2ef85d83326b3792220b8f80d,0,134590.0,True,2024-07-25,stats,False,False
2024,1082,LS004,Linda Noskova,Ella Seidel,329668,330548,QF,6-1 6-3,completed,present,2024-07-21,2024-07-26,2024-07-24T16:23:31.977+00:00,False,2024-07-24T17:44:42.24+00:00,False,data/raw/wta/stats/_httpcache/2024/14e7f8f8371e8c334a13d54ba529b951428273d49e98daf8c5bb27421a301480.json,1e650a4ba48210ebe827530917127165785516c2ef85d83326b3792220b8f80d,0,134577.0,True,2024-07-24,stats,False,False
2024,1082,LS005,Magda Linette,Viktoriya Tomova,315130,317584,QF,4-6 6-3 6-2,completed,present,2024-07-21,2024-07-26,2024-07-24T10:17:11.077+00:00,False,2024-07-24T13:22:42.453+00:00,False,data/raw/wta/stats/_httpcache/2024/14e7f8f8371e8c334a13d54ba529b951428273d49e98daf8c5bb27421a301480.json,1e650a4ba48210ebe827530917127165785516c2ef85d83326b3792220b8f80d,0,134575.0,True,2024-07-24,stats,False,False
2024,1082,LS006,Magdalena Frech,Anhelina Kalinina,320277,320567,QF,2-6 6-0 6-1,completed,present,2024-07-21,2024-07-26,2024-07-24T07:55:42.69+00:00,False,2024-07-24T10:14:38.62+00:00,False,data/raw/wta/stats/_httpcache/2024/14e7f8f8371e8c334a13d54ba529b951428273d49e98daf8c5bb27421a301480.json,1e650a4ba48210ebe827530917127165785516c2ef85d83326b3792220b8f80d,0,134574.0,True,2024-07-24,stats,False,False
2024,1082,LS007,Laura Samson,Oksana Selekhmeteva,333944,329199,QF,2-6 6-3 7-5,completed,present,2024-07-21,2024-07-26,2024-07-24T13:25:31.69+00:00,False,2024-07-24T16:20:04.96+00:00,False,data/raw/wta/stats/_httpcache/2024/14e7f8f8371e8c334a13d54ba529b951428273d49e98daf8c5bb27421a301480.json,1e650a4ba48210ebe827530917127165785516c2ef85d83326b3792220b8f80d,0,134576.0,True,2024-07-24,stats,False,False
2024,1082,LS009,Ella Seidel,Ena Shibahara,330548,322527,R16,6-2 7-5,completed,present,2024-07-21,2024-07-26,2024-07-23T13:26:13.39+00:00,False,2024-07-23T15:20:02.14+00:00,False,data/raw/wta/stats/_httpcache/2024/14e7f8f8371e8c334a13d54ba529b951428273d49e98daf8c5bb27421a301480.json,1e650a4ba48210ebe827530917127165785516c2ef85d83326b3792220b8f80d,0,134556.0,True,2024-07-23,stats,False,False
2024,1082,LS010,Magda Linette,Rebeka Masarova,315130,322087,R16,6-3 6-4,completed,present,2024-07-21,2024-07-26,2024-07-23T07:48:24.533+00:00,False,2024-07-23T09:49:53.053+00:00,False,data/raw/wta/stats/_httpcache/2024/14e7f8f8371e8c334a13d54ba529b951428273d49e98daf8c5bb27421a301480.json,1e650a4ba48210ebe827530917127165785516c2ef85d83326b3792220b8f80d,0,134551.0,True,2024-07-23,stats,False,False
2024,1082,LS011,Viktoriya Tomova,Jana Fett,317584,320945,R16,6-3 6-4,completed,present,2024-07-21,2024-07-26,2024-07-23T11:41:19.33+00:00,False,2024-07-23T13:23:33.07+00:00,False,data/raw/wta/stats/_httpcache/2024/14e7f8f8371e8c334a13d54ba529b951428273d49e98daf8c5bb27421a301480.json,1e650a4ba48210ebe827530917127165785516c2ef85d83326b3792220b8f80d,0,134554.0,True,2024-07-23,stats,False,False
2024,1082,LS013,Anhelina Kalinina,Elsa Jacquemot,320567,328142,R16,7-5 3-6 6-2,completed,present,2024-07-21,2024-07-26,2024-07-23T08:47:28.13+00:00,False,2024-07-23T11:34:45.783+00:00,False,data/raw/wta/stats/_httpcache/2024/14e7f8f8371e8c334a13d54ba529b951428273d49e98daf8c5bb27421a301480.json,1e650a4ba48210ebe827530917127165785516c2ef85d83326b3792220b8f80d,0,134552.0,True,2024-07-23,stats,False,False
2024,1082,LS014,Oksana Selekhmeteva,Kathinka Von Deichmann,329199,317286,R16,6-1 6-2,completed,present,2024-07-21,2024-07-26,2024-07-23T08:50:07.27+00:00,False,2024-07-23T10:27:16.077+00:00,False,data/raw/wta/stats/_httpcache/2024/14e7f8f8371e8c334a13d54ba529b951428273d49e98daf8c5bb27421a301480.json,1e650a4ba48210ebe827530917127165785516c2ef85d83326b3792220b8f80d,0,134553.0,True,2024-07-23,stats,False,False
2024,1082,LS015,Laura Samson,Katerina Siniakova,333944,320301,R16,1-6 7-5 6-3,completed,present,2024-07-21,2024-07-26,2024-07-23T12:28:51.507+00:00,False,2024-07-23T15:04:39.367+00:00,False,data/raw/wta/stats/_httpcache/2024/14e7f8f8371e8c334a13d54ba529b951428273d49e98daf8c5bb27421a301480.json,1e650a4ba48210ebe827530917127165785516c2ef85d83326b3792220b8f80d,0,134555.0,True,2024-07-23,stats,False,False
2024,1082,LS016,Linda Noskova,Katarina Zavatska,329668,324584,R32,6-3 6-2,completed,present,2024-07-21,2024-07-26,2024-07-22T14:03:14.327+00:00,False,2024-07-22T15:33:02.213+00:00,False,data/raw/wta/stats/_httpcache/2024/14e7f8f8371e8c334a13d54ba529b951428273d49e98daf8c5bb27421a301480.json,1e650a4ba48210ebe827530917127165785516c2ef85d83326b3792220b8f80d,0,134534.0,True,2024-07-22,stats,False,False
2024,1082,LS017,Eva Lys,Anastasiia Sobolieva,325826,329858,R32,6-4 6-3,completed,present,2024-07-21,2024-07-26,2024-07-22T14:28:58.767+00:00,False,2024-07-22T16:15:26.503+00:00,False,data/raw/wta/stats/_httpcache/2024/14e7f8f8371e8c334a13d54ba529b951428273d49e98daf8c5bb27421a301480.json,1e650a4ba48210ebe827530917127165785516c2ef85d83326b3792220b8f80d,0,134535.0,True,2024-07-22,stats,False,False
2024,1082,LS018,Ena Shibahara,Tamara Korpatsch,322527,319571,R32,7-6(5) 3-6 7-5,completed,present,2024-07-21,2024-07-26,2024-07-22T10:40:27.793+00:00,False,2024-07-22T13:58:54.043+00:00,False,data/raw/wta/stats/_httpcache/2024/14e7f8f8371e8c334a13d54ba529b951428273d49e98daf8c5bb27421a301480.json,1e650a4ba48210ebe827530917127165785516c2ef85d83326b3792220b8f80d,0,134529.0,True,2024-07-22,stats,False,False
2024,1082,LS019,Ella Seidel,Nadia Podoroska,330548,319112,R32,6-4 2-6 6-1,completed,present,2024-07-21,2024-07-26,2024-07-21T09:41:04.24+00:00,False,2024-07-21T12:00:16.683+00:00,False,data/raw/wta/stats/_httpcache/2024/14e7f8f8371e8c334a13d54ba529b951428273d49e98daf8c5bb27421a301480.json,1e650a4ba48210ebe827530917127165785516c2ef85d83326b3792220b8f80d,0,134504.0,True,2024-07-21,stats,False,False
2024,1082,LS020,Magda Linette,Mona Barthel,315130,315365,R32,7-6(4) 6-4,completed,present,2024-07-21,2024-07-26,2024-07-22T08:44:45.357+00:00,False,2024-07-22T10:51:28.377+00:00,False,data/raw/wta/stats/_httpcache/2024/14e7f8f8371e8c334a13d54ba529b951428273d49e98daf8c5bb27421a301480.json,1e650a4ba48210ebe827530917127165785516c2ef85d83326b3792220b8f80d,0,134526.0,True,2024-07-22,stats,False,False
2024,1082,LS021,Rebeka Masarova,Suzan Lamens,322087,324898,R32,2-6 6-2 7-6(5),completed,present,2024-07-21,2024-07-26,2024-07-21T13:50:15.683+00:00,False,2024-07-21T16:37:57.833+00:00,False,data/raw/wta/stats/_httpcache/2024/14e7f8f8371e8c334a13d54ba529b951428273d49e98daf8c5bb27421a301480.json,1e650a4ba48210ebe827530917127165785516c2ef85d83326b3792220b8f80d,0,134506.0,True,2024-07-21,stats,False,False
2024,1082,LS022,Jana Fett,Alison Van Uytvanck,320945,317819,R32,6-2 6-2,completed,present,2024-07-21,2024-07-26,2024-07-22T08:48:04.453+00:00,False,2024-07-22T10:38:09.627+00:00,False,data/raw/wta/stats/_httpcache/2024/14e7f8f8371e8c334a13d54ba529b951428273d49e98daf8c5bb27421a301480.json,1e650a4ba48210ebe827530917127165785516c2ef85d83326b3792220b8f80d,0,134527.0,True,2024-07-22,stats,False,False
2024,1082,LS023,Viktoriya Tomova,Renata Jamrichova,317584,332467,R32,7-6(3) 6-3,completed,present,2024-07-21,2024-07-26,2024-07-21T12:02:03.257+00:00,False,2024-07-21T13:48:35.553+00:00,False,data/raw/wta/stats/_httpcache/2024/14e7f8f8371e8c334a13d54ba529b951428273d49e98daf8c5bb27421a301480.json,1e650a4ba48210ebe827530917127165785516c2ef85d83326b3792220b8f80d,0,134505.0,True,2024-07-21,stats,False,False
2024,1082,LS024,Magdalena Frech,Astra Sharma,320277,319696,R32,6-4 2-6 6-2,completed,present,2024-07-21,2024-07-26,2024-07-22T14:03:02.233+00:00,False,2024-07-22T16:25:14.93+00:00,False,data/raw/wta/stats/_httpcache/2024/14e7f8f8371e8c334a13d54ba529b951428273d49e98daf8c5bb27421a301480.json,1e650a4ba48210ebe827530917127165785516c2ef85d83326b3792220b8f80d,0,134533.0,True,2024-07-22,stats,False,False
2024,1082,LS025,Dominika Salkova,Zeynep Sonmez,330149,326907,R32,6-4 6-0,completed,present,2024-07-21,2024-07-26,2024-07-22T12:48:10.49+00:00,False,2024-07-22T14:00:25.033+00:00,False,data/raw/wta/stats/_httpcache/2024/14e7f8f8371e8c334a13d54ba529b951428273d49e98daf8c5bb27421a301480.json,1e650a4ba48210ebe827530917127165785516c2ef85d83326b3792220b8f80d,0,134532.0,True,2024-07-22,stats,False,False
2024,1082,LS026,Elsa Jacquemot,Jessica Bouzas Maneiro,328142,328139,R32,6-3 6-4,completed,present,2024-07-21,2024-07-26,2024-07-21T07:49:10.71+00:00,False,2024-07-21T09:37:28.053+00:00,False,data/raw/wta/stats/_httpcache/2024/14e7f8f8371e8c334a13d54ba529b951428273d49e98daf8c5bb27421a301480.json,1e650a4ba48210ebe827530917127165785516c2ef85d83326b3792220b8f80d,0,134503.0,True,2024-07-21,stats,False,False
2024,1082,LS027,Anhelina Kalinina,Sara Bejlek,320567,330375,R32,7-5 6-7(7) 6-2,completed,present,2024-07-21,2024-07-26,2024-07-21T13:52:00.697+00:00,False,2024-07-21T17:10:52.493+00:00,False,data/raw/wta/stats/_httpcache/2024/14e7f8f8371e8c334a13d54ba529b951428273d49e98daf8c5bb27421a301480.json,1e650a4ba48210ebe827530917127165785516c2ef85d83326b3792220b8f80d,0,134507.0,True,2024-07-21,stats,False,False
2024,1082,LS028,Kathinka Von Deichmann,Anna Karolina Schmiedlova,317286,318203,R32,6-4 6-4,completed,present,2024-07-21,2024-07-26,2024-07-22T12:21:43.65+00:00,False,2024-07-22T14:25:22.49+00:00,False,data/raw/wta/stats/_httpcache/2024/14e7f8f8371e8c334a13d54ba529b951428273d49e98daf8c5bb27421a301480.json,1e650a4ba48210ebe827530917127165785516c2ef85d83326b3792220b8f80d,0,134531.0,True,2024-07-22,stats,False,False
2024,1082,LS029,Oksana Selekhmeteva,Barbora Palicova,329199,330363,R32,7-5 6-3,completed,present,2024-07-21,2024-07-26,2024-07-22T07:50:47.633+00:00,False,2024-07-22T10:01:04.18+00:00,False,data/raw/wta/stats/_httpcache/2024/14e7f8f8371e8c334a13d54ba529b951428273d49e98daf8c5bb27421a301480.json,1e650a4ba48210ebe827530917127165785516c2ef85d83326b3792220b8f80d,0,134525.0,True,2024-07-22,stats,False,False
2024,1082,LS030,Laura Samson,Tara Wurth,333944,330236,R32,6-0 6-2,completed,present,2024-07-21,2024-07-26,2024-07-22T10:54:10.43+00:00,False,2024-07-22T12:19:27.56+00:00,False,data/raw/wta/stats/_httpcache/2024/14e7f8f8371e8c334a13d54ba529b951428273d49e98daf8c5bb27421a301480.json,1e650a4ba48210ebe827530917127165785516c2ef85d83326b3792220b8f80d,0,134530.0,True,2024-07-22,stats,False,False
2024,1082,LS031,Katerina Siniakova,Louisa Chirico,320301,320218,R32,7-5 4-6 6-3,completed,present,2024-07-21,2024-07-26,2024-07-22T10:05:38.597+00:00,False,2024-07-22T12:45:09.307+00:00,False,data/raw/wta/stats/_httpcache/2024/14e7f8f8371e8c334a13d54ba529b951428273d49e98daf8c5bb27421a301480.json,1e650a4ba48210ebe827530917127165785516c2ef85d83326b3792220b8f80d,0,134528.0,True,2024-07-22,stats,False,False
2024,1096,LS001,Diana Shnaider,Lin Zhu,330482,317306,F,6-3 2-6 6-1,completed,present,2024-01-29,2024-02-04,2024-02-04T10:20:11.873+00:00,False,2024-02-04T12:39:32.673+00:00,False,data/raw/wta/stats/_httpcache/2024/125c51680ceeb0b529819714d40f6f4c4219bf19aba4626d63c1928fbe365382.json,a0cda60675481b48d5eb782b97589da373e7b2be6cad3207ec2675d4c5e07d8a,0,132445.0,True,2024-01-29,historical,False,False
2024,1096,LS002,Diana Shnaider,Xinyu Wang,330482,326376,SF,6-2 7-6(5),completed,present,2024-01-29,2024-02-04,2024-02-03T09:51:25.077+00:00,False,2024-02-03T11:47:29.7+00:00,False,data/raw/wta/stats/_httpcache/2024/125c51680ceeb0b529819714d40f6f4c4219bf19aba4626d63c1928fbe365382.json,a0cda60675481b48d5eb782b97589da373e7b2be6cad3207ec2675d4c5e07d8a,0,132481.0,True,2024-02-03,stats,False,False
2024,1096,LS003,Lin Zhu,Yafan Wang,317306,317510,SF,6-3 6-2,completed,present,2024-01-29,2024-02-04,2024-02-03T11:49:44.733+00:00,False,2024-02-03T13:29:32.823+00:00,False,data/raw/wta/stats/_httpcache/2024/125c51680ceeb0b529819714d40f6f4c4219bf19aba4626d63c1928fbe365382.json,a0cda60675481b48d5eb782b97589da373e7b2be6cad3207ec2675d4c5e07d8a,0,132443.0,True,2024-01-29,historical,False,False
2024,1096,LS004,Diana Shnaider,Dalma Galfi,330482,321106,QF,6-2 6-1,completed,present,2024-01-29,2024-02-04,2024-02-02T10:54:36.67+00:00,False,2024-02-02T12:25:12.38+00:00,False,data/raw/wta/stats/_httpcache/2024/125c51680ceeb0b529819714d40f6f4c4219bf19aba4626d63c1928fbe365382.json,a0cda60675481b48d5eb782b97589da373e7b2be6cad3207ec2675d4c5e07d8a,0,132442.0,True,2024-01-29,historical,False,False
2024,1096,LS005,Xinyu Wang,Yulia Putintseva,326376,317683,QF,6-1 3-6 6-3,completed,present,2024-01-29,2024-02-04,2024-02-02T06:48:31.837+00:00,False,2024-02-02T09:21:02.983+00:00,False,data/raw/wta/stats/_httpcache/2024/125c51680ceeb0b529819714d40f6f4c4219bf19aba4626d63c1928fbe365382.json,a0cda60675481b48d5eb782b97589da373e7b2be6cad3207ec2675d4c5e07d8a,0,132480.0,True,2024-02-02,stats,False,False
2024,1096,LS006,Yafan Wang,Katie Volynets,317510,327391,QF,1-6 6-3 7-6(4),completed,present,2024-01-29,2024-02-04,2024-02-02T12:28:32.46+00:00,False,2024-02-02T15:21:28.95+00:00,False,data/raw/wta/stats/_httpcache/2024/125c51680ceeb0b529819714d40f6f4c4219bf19aba4626d63c1928fbe365382.json,a0cda60675481b48d5eb782b97589da373e7b2be6cad3207ec2675d4c5e07d8a,0,132440.0,True,2024-01-29,historical,False,False
2024,1096,LS007,Lin Zhu,Arina Rodionova,317306,312413,QF,6-3 6-3,completed,present,2024-01-29,2024-02-04,2024-02-02T09:24:01.337+00:00,False,2024-02-02T10:52:14.923+00:00,False,data/raw/wta/stats/_httpcache/2024/125c51680ceeb0b529819714d40f6f4c4219bf19aba4626d63c1928fbe365382.json,a0cda60675481b48d5eb782b97589da373e7b2be6cad3207ec2675d4c5e07d8a,0,132439.0,True,2024-01-29,historical,False,False
2024,1096,LS009,Dalma Galfi,Xiyu Wang,321106,326160,R16,6-4 3-6 7-5,completed,present,2024-01-29,2024-02-04,2024-01-31T06:50:27.427+00:00,False,2024-01-31T10:00:48.527+00:00,False,data/raw/wta/stats/_httpcache/2024/125c51680ceeb0b529819714d40f6f4c4219bf19aba4626d63c1928fbe365382.json,a0cda60675481b48d5eb782b97589da373e7b2be6cad3207ec2675d4c5e07d8a,0,132437.0,True,2024-01-29,historical,False,False
2024,1096,LS010,Xinyu Wang,Nao Hibino,326376,320238,R16,7-5 6-4,completed,present,2024-01-29,2024-02-04,2024-01-31T11:34:04.777+00:00,False,2024-01-31T13:27:31.267+00:00,False,data/raw/wta/stats/_httpcache/2024/125c51680ceeb0b529819714d40f6f4c4219bf19aba4626d63c1928fbe365382.json,a0cda60675481b48d5eb782b97589da373e7b2be6cad3207ec2675d4c5e07d8a,0,132479.0,True,2024-01-31,stats,False,False
2024,1096,LS011,Yulia Putintseva,Viktorija Golubic,317683,316296,R16,7-6(0) 7-6(1),completed,present,2024-01-29,2024-02-04,2024-01-31T13:30:35.403+00:00,False,2024-01-31T15:53:14.763+00:00,False,data/raw/wta/stats/_httpcache/2024/125c51680ceeb0b529819714d40f6f4c4219bf19aba4626d63c1928fbe365382.json,a0cda60675481b48d5eb782b97589da373e7b2be6cad3207ec2675d4c5e07d8a,0,132435.0,True,2024-01-29,historical,False,False
2024,1096,LS012,Yafan Wang,Anna Karolina Schmiedlova,317510,318203,R16,6-2 6-4,completed,present,2024-01-29,2024-02-04,2024-02-01T09:58:49.29+00:00,False,2024-02-01T11:44:02.113+00:00,False,data/raw/wta/stats/_httpcache/2024/125c51680ceeb0b529819714d40f6f4c4219bf19aba4626d63c1928fbe365382.json,a0cda60675481b48d5eb782b97589da373e7b2be6cad3207ec2675d4c5e07d8a,0,132434.0,True,2024-01-29,historical,False,False
2024,1096,LS013,Katie Volynets,Tatjana Maria,327391,310440,R16,5-7 6-2 6-2,completed,present,2024-01-29,2024-02-04,2024-02-01T06:47:11.283+00:00,False,2024-02-01T09:55:49.173+00:00,False,data/raw/wta/stats/_httpcache/2024/125c51680ceeb0b529819714d40f6f4c4219bf19aba4626d63c1928fbe365382.json,a0cda60675481b48d5eb782b97589da373e7b2be6cad3207ec2675d4c5e07d8a,0,132433.0,True,2024-01-29,historical,False,False
2024,1096,LS014,Arina Rodionova,Zhuoxuan Bai,312413,327196,R16,3-6 6-1 6-0,completed,present,2024-01-29,2024-02-04,2024-02-01T13:26:03.56+00:00,False,2024-02-01T15:38:34.553+00:00,False,data/raw/wta/stats/_httpcache/2024/125c51680ceeb0b529819714d40f6f4c4219bf19aba4626d63c1928fbe365382.json,a0cda60675481b48d5eb782b97589da373e7b2be6cad3207ec2675d4c5e07d8a,0,132432.0,True,2024-01-29,historical,False,False
2024,1096,LS015,Lin Zhu,Linda Fruhvirtova,317306,329627,R16,6-2 6-2,completed,present,2024-01-29,2024-02-04,2024-02-01T11:47:25.337+00:00,False,2024-02-01T13:22:04.607+00:00,False,data/raw/wta/stats/_httpcache/2024/125c51680ceeb0b529819714d40f6f4c4219bf19aba4626d63c1928fbe365382.json,a0cda60675481b48d5eb782b97589da373e7b2be6cad3207ec2675d4c5e07d8a,0,132431.0,True,2024-01-29,historical,False,False
2024,1096,LS016,Diana Shnaider,Magda Linette,330482,315130,R32,6-4 1-6 6-1,completed,present,2024-01-29,2024-02-04,2024-01-29T08:21:15.51+00:00,False,2024-01-29T10:41:49.653+00:00,False,data/raw/wta/stats/_httpcache/2024/125c51680ceeb0b529819714d40f6f4c4219bf19aba4626d63c1928fbe365382.json,a0cda60675481b48d5eb782b97589da373e7b2be6cad3207ec2675d4c5e07d8a,0,132430.0,True,2024-01-29,historical,False,False
2024,1096,LS017,Paula Badosa,Lanlana Tararudee,320124,329651,R32,3-6 6-4 6-1,completed,present,2024-01-29,2024-02-04,2024-01-29T11:30:50.297+00:00,False,2024-01-29T13:44:00.44+00:00,False,data/raw/wta/stats/_httpcache/2024/125c51680ceeb0b529819714d40f6f4c4219bf19aba4626d63c1928fbe365382.json,a0cda60675481b48d5eb782b97589da373e7b2be6cad3207ec2675d4c5e07d8a,0,132429.0,True,2024-01-29,historical,False,False
2024,1096,LS018,Dalma Galfi,Ajla Tomljanovic,321106,315232,R32,6-3 6-0,completed,present,2024-01-29,2024-02-04,2024-01-29T06:52:13.74+00:00,False,2024-01-29T08:17:24.103+00:00,False,data/raw/wta/stats/_httpcache/2024/125c51680ceeb0b529819714d40f6f4c4219bf19aba4626d63c1928fbe365382.json,a0cda60675481b48d5eb782b97589da373e7b2be6cad3207ec2675d4c5e07d8a,0,132428.0,True,2024-01-29,historical,False,False
2024,1096,LS019,Xiyu Wang,Qiang Wang,326160,314429,R32,6-1 6-1,completed,present,2024-01-29,2024-02-04,2024-01-29T06:43:38.357+00:00,False,2024-01-29T08:04:51.427+00:00,False,data/raw/wta/stats/_httpcache/2024/125c51680ceeb0b529819714d40f6f4c4219bf19aba4626d63c1928fbe365382.json,a0cda60675481b48d5eb782b97589da373e7b2be6cad3207ec2675d4c5e07d8a,0,132427.0,True,2024-01-29,historical,False,False
2024,1096,LS021,Nao Hibino,Kamilla Rakhimova,320238,325936,R32,7-6(4) 6-0,completed,present,2024-01-29,2024-02-04,2024-01-29T06:51:06.93+00:00,False,2024-01-29T08:39:14.997+00:00,False,data/raw/wta/stats/_httpcache/2024/125c51680ceeb0b529819714d40f6f4c4219bf19aba4626d63c1928fbe365382.json,a0cda60675481b48d5eb782b97589da373e7b2be6cad3207ec2675d4c5e07d8a,0,132425.0,True,2024-01-29,historical,False,False
2024,1096,LS022,Viktorija Golubic,Laura Pigossi,316296,317155,R32,6-1 6-2,completed,present,2024-01-29,2024-02-04,2024-01-29T08:42:02.61+00:00,False,2024-01-29T10:08:18.28+00:00,False,data/raw/wta/stats/_httpcache/2024/125c51680ceeb0b529819714d40f6f4c4219bf19aba4626d63c1928fbe365382.json,a0cda60675481b48d5eb782b97589da373e7b2be6cad3207ec2675d4c5e07d8a,0,132424.0,True,2024-01-29,historical,False,False
2024,1096,LS023,Yulia Putintseva,Thasaporn Naklo,317683,327633,R32,5-7 6-3 6-2,completed,present,2024-01-29,2024-02-04,2024-01-30T11:56:34.4+00:00,False,2024-01-30T14:40:00.053+00:00,False,data/raw/wta/stats/_httpcache/2024/125c51680ceeb0b529819714d40f6f4c4219bf19aba4626d63c1928fbe365382.json,a0cda60675481b48d5eb782b97589da373e7b2be6cad3207ec2675d4c5e07d8a,0,132423.0,True,2024-01-29,historical,False,False
2024,1096,LS024,Anna Karolina Schmiedlova,Mai Hontama,318203,324750,R32,7-6(5) 7-6(8),completed,present,2024-01-29,2024-02-04,2024-01-30T10:03:20.533+00:00,False,2024-01-30T12:59:23.213+00:00,False,data/raw/wta/stats/_httpcache/2024/125c51680ceeb0b529819714d40f6f4c4219bf19aba4626d63c1928fbe365382.json,a0cda60675481b48d5eb782b97589da373e7b2be6cad3207ec2675d4c5e07d8a,0,132422.0,True,2024-01-29,historical,False,False
2024,1096,LS025,Yafan Wang,Alina Korneeva,317510,331330,R32,6-2 6-4,completed,present,2024-01-29,2024-02-04,2024-01-30T13:03:03.913+00:00,False,2024-01-30T14:54:03.237+00:00,False,data/raw/wta/stats/_httpcache/2024/125c51680ceeb0b529819714d40f6f4c4219bf19aba4626d63c1928fbe365382.json,a0cda60675481b48d5eb782b97589da373e7b2be6cad3207ec2675d4c5e07d8a,0,132421.0,True,2024-01-29,historical,False,False
2024,1096,LS026,Katie Volynets,Tamara Zidansek,327391,323079,R32,6-2 6-2,completed,present,2024-01-29,2024-02-04,2024-01-30T06:51:43.197+00:00,False,2024-01-30T08:50:40.33+00:00,False,data/raw/wta/stats/_httpcache/2024/125c51680ceeb0b529819714d40f6f4c4219bf19aba4626d63c1928fbe365382.json,a0cda60675481b48d5eb782b97589da373e7b2be6cad3207ec2675d4c5e07d8a,0,132420.0,True,2024-01-29,historical,False,False
2024,1096,LS027,Tatjana Maria,Arianne Hartono,310440,323451,R32,6-3 6-1,completed,present,2024-01-29,2024-02-04,2024-01-30T06:50:20.883+00:00,False,2024-01-30T08:20:54.49+00:00,False,data/raw/wta/stats/_httpcache/2024/125c51680ceeb0b529819714d40f6f4c4219bf19aba4626d63c1928fbe365382.json,a0cda60675481b48d5eb782b97589da373e7b2be6cad3207ec2675d4c5e07d8a,0,132419.0,True,2024-01-29,historical,False,False
2024,1096,LS028,Arina Rodionova,Yue Yuan,312413,324325,R32,7-6(6) 4-6 6-3,completed,present,2024-01-29,2024-02-04,2024-01-30T06:52:45.617+00:00,False,2024-01-30T10:00:19.29+00:00,False,data/raw/wta/stats/_httpcache/2024/125c51680ceeb0b529819714d40f6f4c4219bf19aba4626d63c1928fbe365382.json,a0cda60675481b48d5eb782b97589da373e7b2be6cad3207ec2675d4c5e07d8a,0,132418.0,True,2024-01-29,historical,False,False
2024,1096,LS029,Zhuoxuan Bai,Chloe Paquet,327196,318839,R32,7-6(5) 6-3,completed,present,2024-01-29,2024-02-04,2024-01-30T08:52:44.48+00:00,False,2024-01-30T11:00:29.36+00:00,False,data/raw/wta/stats/_httpcache/2024/125c51680ceeb0b529819714d40f6f4c4219bf19aba4626d63c1928fbe365382.json,a0cda60675481b48d5eb782b97589da373e7b2be6cad3207ec2675d4c5e07d8a,0,132417.0,True,2024-01-29,historical,False,False
2024,1096,LS030,Linda Fruhvirtova,Anastasia Tikhonova,329627,326961,R32,6-3 6-1,completed,present,2024-01-29,2024-02-04,2024-01-30T08:23:56.35+00:00,False,2024-01-30T09:47:29.57+00:00,False,data/raw/wta/stats/_httpcache/2024/125c51680ceeb0b529819714d40f6f4c4219bf19aba4626d63c1928fbe365382.json,a0cda60675481b48d5eb782b97589da373e7b2be6cad3207ec2675d4c5e07d8a,0,132416.0,True,2024-01-29,historical,False,False
2024,1096,LS031,Lin Zhu,Taylah Preston,317306,330291,R32,6-4 7-5,completed,present,2024-01-29,2024-02-04,2024-01-30T09:50:02.78+00:00,False,2024-01-30T11:54:35.963+00:00,False,data/raw/wta/stats/_httpcache/2024/125c51680ceeb0b529819714d40f6f4c4219bf19aba4626d63c1928fbe365382.json,a0cda60675481b48d5eb782b97589da373e7b2be6cad3207ec2675d4c5e07d8a,0,132415.0,True,2024-01-29,historical,False,False
2024,1121,LS001,Rebecca Sramkova,Laura Siegemund,320228,310926,F,6-4 6-4,completed,present,2024-09-16,2024-09-22,2024-09-22T08:43:47.95+00:00,False,2024-09-22T11:06:01.133+00:00,False,data/raw/wta/stats/_httpcache/2024/217052895df1f0714fcea7f27826272f97ed0ef352fe4fa8e6aa49709b731e1e.json,cde1a880923b0e4b6351271b43d1ba2a38c6c91d6a876883d3dc3d02a2b8088e,0,135252.0,True,2024-09-22,stats,False,False
2024,1121,LS002,Laura Siegemund,Arianne Hartono,310926,323451,SF,6-3 6-3,completed,present,2024-09-16,2024-09-22,2024-09-21T10:35:23.197+00:00,False,2024-09-21T13:27:07.157+00:00,False,data/raw/wta/stats/_httpcache/2024/217052895df1f0714fcea7f27826272f97ed0ef352fe4fa8e6aa49709b731e1e.json,cde1a880923b0e4b6351271b43d1ba2a38c6c91d6a876883d3dc3d02a2b8088e,0,135250.0,True,2024-09-21,stats,False,False
2024,1121,LS003,Rebecca Sramkova,Tamara Zidansek,320228,323079,SF,6-4 6-2,completed,present,2024-09-16,2024-09-22,2024-09-21T08:45:35.9+00:00,False,2024-09-21T10:32:05.783+00:00,False,data/raw/wta/stats/_httpcache/2024/217052895df1f0714fcea7f27826272f97ed0ef352fe4fa8e6aa49709b731e1e.json,cde1a880923b0e4b6351271b43d1ba2a38c6c91d6a876883d3dc3d02a2b8088e,0,135249.0,True,2024-09-21,stats,False,False
2024,1121,LS004,Arianne Hartono,Mai Hontama,323451,324750,QF,4-6 6-2 6-3,completed,present,2024-09-16,2024-09-22,2024-09-20T11:57:25.417+00:00,False,2024-09-20T14:28:58.587+00:00,False,data/raw/wta/stats/_httpcache/2024/217052895df1f0714fcea7f27826272f97ed0ef352fe4fa8e6aa49709b731e1e.json,cde1a880923b0e4b6351271b43d1ba2a38c6c91d6a876883d3dc3d02a2b8088e,0,135242.0,True,2024-09-20,stats,False,False
2024,1121,LS005,Laura Siegemund,Rebeka Masarova,310926,322087,QF,6-3 6-4,completed,present,2024-09-16,2024-09-22,2024-09-20T14:31:06.98+00:00,False,2024-09-20T16:52:49.127+00:00,False,data/raw/wta/stats/_httpcache/2024/217052895df1f0714fcea7f27826272f97ed0ef352fe4fa8e6aa49709b731e1e.json,cde1a880923b0e4b6351271b43d1ba2a38c6c91d6a876883d3dc3d02a2b8088e,0,135243.0,True,2024-09-20,stats,False,False
2024,1121,LS006,Rebecca Sramkova,Jana Fett,320228,320945,QF,4-6 6-4 6-1,completed,present,2024-09-16,2024-09-22,2024-09-20T09:32:04.083+00:00,False,2024-09-20T11:55:07.5+00:00,False,data/raw/wta/stats/_httpcache/2024/217052895df1f0714fcea7f27826272f97ed0ef352fe4fa8e6aa49709b731e1e.json,cde1a880923b0e4b6351271b43d1ba2a38c6c91d6a876883d3dc3d02a2b8088e,0,135241.0,True,2024-09-20,stats,False,False
2024,1121,LS007,Tamara Zidansek,Nadia Podoroska,323079,319112,QF,4-6 7-6(3) 7-6(3),completed,present,2024-09-16,2024-09-22,2024-09-20T05:18:45.67+00:00,False,2024-09-20T09:29:41.457+00:00,False,data/raw/wta/stats/_httpcache/2024/217052895df1f0714fcea7f27826272f97ed0ef352fe4fa8e6aa49709b731e1e.json,cde1a880923b0e4b6351271b43d1ba2a38c6c91d6a876883d3dc3d02a2b8088e,0,135240.0,True,2024-09-20,stats,False,False
2024,1121,LS008,Mai Hontama,Lanlana Tararudee,324750,329651,R16,2-6 6-4 6-1,completed,present,2024-09-16,2024-09-22,2024-09-19T03:45:34.823+00:00,False,2024-09-19T06:21:04.383+00:00,False,data/raw/wta/stats/_httpcache/2024/217052895df1f0714fcea7f27826272f97ed0ef352fe4fa8e6aa49709b731e1e.json,cde1a880923b0e4b6351271b43d1ba2a38c6c91d6a876883d3dc3d02a2b8088e,0,135235.0,True,2024-09-19,stats,False,False
2024,1121,LS009,Arianne Hartono,Xinyu Gao,323451,322925,R16,6-1 4-6 6-2,completed,present,2024-09-16,2024-09-22,2024-09-18T08:23:40.72+00:00,False,2024-09-19T17:14:46.79+00:00,False,data/raw/wta/stats/_httpcache/2024/217052895df1f0714fcea7f27826272f97ed0ef352fe4fa8e6aa49709b731e1e.json,cde1a880923b0e4b6351271b43d1ba2a38c6c91d6a876883d3dc3d02a2b8088e,0,135231.0,True,2024-09-18,stats,False,False
2024,1121,LS010,Rebeka Masarova,Xinyu Wang,322087,326376,R16,7-6(6) 3-6 7-5,completed,present,2024-09-16,2024-09-22,2024-09-19T04:35:56.59+00:00,False,2024-09-19T08:12:33.733+00:00,False,data/raw/wta/stats/_httpcache/2024/217052895df1f0714fcea7f27826272f97ed0ef352fe4fa8e6aa49709b731e1e.json,cde1a880923b0e4b6351271b43d1ba2a38c6c91d6a876883d3dc3d02a2b8088e,0,135236.0,True,2024-09-19,stats,False,False
2024,1121,LS011,Laura Siegemund,Xiyu Wang,310926,326160,R16,7-6(3) 4-6 7-6(1),completed,present,2024-09-16,2024-09-22,2024-09-18T03:46:04.153+00:00,False,2024-09-18T08:20:32.833+00:00,False,data/raw/wta/stats/_httpcache/2024/217052895df1f0714fcea7f27826272f97ed0ef352fe4fa8e6aa49709b731e1e.json,cde1a880923b0e4b6351271b43d1ba2a38c6c91d6a876883d3dc3d02a2b8088e,0,135230.0,True,2024-09-18,stats,False,False
2024,1121,LS013,Rebecca Sramkova,Magda Linette,320228,315130,R16,7-6(5) 6-4,completed,present,2024-09-16,2024-09-22,2024-09-19T08:17:01.307+00:00,False,2024-09-19T15:21:23.59+00:00,False,data/raw/wta/stats/_httpcache/2024/217052895df1f0714fcea7f27826272f97ed0ef352fe4fa8e6aa49709b731e1e.json,cde1a880923b0e4b6351271b43d1ba2a38c6c91d6a876883d3dc3d02a2b8088e,0,135239.0,True,2024-09-19,stats,False,False
2024,1121,LS014,Tamara Zidansek,Katie Volynets,323079,327391,R16,3-6 6-4 6-4,completed,present,2024-09-16,2024-09-22,2024-09-19T08:15:36.8+00:00,False,2024-09-19T15:38:48.377+00:00,False,data/raw/wta/stats/_httpcache/2024/217052895df1f0714fcea7f27826272f97ed0ef352fe4fa8e6aa49709b731e1e.json,cde1a880923b0e4b6351271b43d1ba2a38c6c91d6a876883d3dc3d02a2b8088e,0,135238.0,True,2024-09-19,stats,False,False
2024,1121,LS015,Nadia Podoroska,Katerina Siniakova,319112,320301,R16,6-3 6-3,completed,present,2024-09-16,2024-09-22,2024-09-19T06:23:30.437+00:00,False,2024-09-19T08:09:56.6+00:00,False,data/raw/wta/stats/_httpcache/2024/217052895df1f0714fcea7f27826272f97ed0ef352fe4fa8e6aa49709b731e1e.json,cde1a880923b0e4b6351271b43d1ba2a38c6c91d6a876883d3dc3d02a2b8088e,0,135237.0,True,2024-09-19,stats,False,False
2024,1121,LS016,Mai Hontama,Dayana Yastremska,324750,324261,R32,7-6(4) 7-5,completed,present,2024-09-16,2024-09-22,2024-09-17T05:26:10.793+00:00,False,2024-09-17T10:55:37.847+00:00,False,data/raw/wta/stats/_httpcache/2024/217052895df1f0714fcea7f27826272f97ed0ef352fe4fa8e6aa49709b731e1e.json,cde1a880923b0e4b6351271b43d1ba2a38c6c91d6a876883d3dc3d02a2b8088e,0,135220.0,True,2024-09-17,stats,False,False
2024,1121,LS017,Lanlana Tararudee,Thasaporn Naklo,329651,327633,R32,6-0 6-1,completed,present,2024-09-16,2024-09-22,2024-09-16T06:29:10.817+00:00,False,2024-09-16T07:36:11.263+00:00,False,data/raw/wta/stats/_httpcache/2024/217052895df1f0714fcea7f27826272f97ed0ef352fe4fa8e6aa49709b731e1e.json,cde1a880923b0e4b6351271b43d1ba2a38c6c91d6a876883d3dc3d02a2b8088e,0,135209.0,True,2024-09-16,stats,False,False
2024,1121,LS018,Xinyu Gao,Sijia Wei,322925,328426,R32,6-3 6-2,completed,present,2024-09-16,2024-09-22,2024-09-17T03:48:46.62+00:00,False,2024-09-17T05:45:47.653+00:00,False,data/raw/wta/stats/_httpcache/2024/217052895df1f0714fcea7f27826272f97ed0ef352fe4fa8e6aa49709b731e1e.json,cde1a880923b0e4b6351271b43d1ba2a38c6c91d6a876883d3dc3d02a2b8088e,0,135219.0,True,2024-09-17,stats,False,False
2024,1121,LS019,Arianne Hartono,Moyuka Uchijima,323451,327241,R32,6-1 6-1,completed,present,2024-09-16,2024-09-22,2024-09-17T03:48:01.897+00:00,False,2024-09-17T05:23:02.057+00:00,False,data/raw/wta/stats/_httpcache/2024/217052895df1f0714fcea7f27826272f97ed0ef352fe4fa8e6aa49709b731e1e.json,cde1a880923b0e4b6351271b43d1ba2a38c6c91d6a876883d3dc3d02a2b8088e,0,135218.0,True,2024-09-17,stats,False,False
2024,1121,LS020,Xinyu Wang,Mayar Sherif,326376,318711,R32,6-2 6-4,completed,present,2024-09-16,2024-09-22,2024-09-17T11:48:02.94+00:00,False,2024-09-17T13:20:29.64+00:00,False,data/raw/wta/stats/_httpcache/2024/217052895df1f0714fcea7f27826272f97ed0ef352fe4fa8e6aa49709b731e1e.json,cde1a880923b0e4b6351271b43d1ba2a38c6c91d6a876883d3dc3d02a2b8088e,0,135224.0,True,2024-09-17,stats,False,False
2024,1121,LS021,Rebeka Masarova,Anna Bondar,322087,322942,R32,3-6 7-6(2) 7-5,completed,present,2024-09-16,2024-09-22,2024-09-17T05:35:22.013+00:00,False,2024-09-17T11:45:35.273+00:00,False,data/raw/wta/stats/_httpcache/2024/217052895df1f0714fcea7f27826272f97ed0ef352fe4fa8e6aa49709b731e1e.json,cde1a880923b0e4b6351271b43d1ba2a38c6c91d6a876883d3dc3d02a2b8088e,0,135221.0,True,2024-09-17,stats,False,False
2024,1121,LS022,Laura Siegemund,Alycia Parks,310926,326007,R32,6-4 6-3,completed,present,2024-09-16,2024-09-22,2024-09-16T03:44:16.323+00:00,False,2024-09-16T06:26:28.23+00:00,False,data/raw/wta/stats/_httpcache/2024/217052895df1f0714fcea7f27826272f97ed0ef352fe4fa8e6aa49709b731e1e.json,cde1a880923b0e4b6351271b43d1ba2a38c6c91d6a876883d3dc3d02a2b8088e,0,135205.0,True,2024-09-16,stats,False,False
2024,1121,LS023,Xiyu Wang,Viktorija Golubic,326160,316296,R32,7-5 6-1,completed,present,2024-09-16,2024-09-22,2024-09-16T03:41:11.393+00:00,False,2024-09-16T05:42:23.42+00:00,False,data/raw/wta/stats/_httpcache/2024/217052895df1f0714fcea7f27826272f97ed0ef352fe4fa8e6aa49709b731e1e.json,cde1a880923b0e4b6351271b43d1ba2a38c6c91d6a876883d3dc3d02a2b8088e,0,135204.0,True,2024-09-16,stats,False,False
2024,1121,LS024,Varvara Gracheva,Taylah Preston,325836,330291,R32,6-1 6-4,completed,present,2024-09-16,2024-09-22,2024-09-16T03:46:07.623+00:00,False,2024-09-16T05:27:02.51+00:00,False,data/raw/wta/stats/_httpcache/2024/217052895df1f0714fcea7f27826272f97ed0ef352fe4fa8e6aa49709b731e1e.json,cde1a880923b0e4b6351271b43d1ba2a38c6c91d6a876883d3dc3d02a2b8088e,0,135206.0,True,2024-09-16,stats,False,False
2024,1121,LS025,Jana Fett,Saisai Zheng,320945,316286,R32,2-6 6-3 6-3,completed,present,2024-09-16,2024-09-22,2024-09-17T05:51:53.23+00:00,False,2024-09-17T11:29:59.407+00:00,False,data/raw/wta/stats/_httpcache/2024/217052895df1f0714fcea7f27826272f97ed0ef352fe4fa8e6aa49709b731e1e.json,cde1a880923b0e4b6351271b43d1ba2a38c6c91d6a876883d3dc3d02a2b8088e,0,135222.0,True,2024-09-17,stats,False,False
2024,1121,LS026,Rebecca Sramkova,Mananchaya Sawangkaew,320228,326929,R32,6-2 2-6 6-4,completed,present,2024-09-16,2024-09-22,2024-09-17T13:07:19.047+00:00,False,2024-09-17T15:29:50.07+00:00,False,data/raw/wta/stats/_httpcache/2024/217052895df1f0714fcea7f27826272f97ed0ef352fe4fa8e6aa49709b731e1e.json,cde1a880923b0e4b6351271b43d1ba2a38c6c91d6a876883d3dc3d02a2b8088e,0,135225.0,True,2024-09-17,stats,False,False
2024,1121,LS027,Magda Linette,Lesia Tsurenko,315130,315295,R32,6-2 7-5,completed,present,2024-09-16,2024-09-22,2024-09-17T10:58:44.213+00:00,False,2024-09-17T13:04:47.153+00:00,False,data/raw/wta/stats/_httpcache/2024/217052895df1f0714fcea7f27826272f97ed0ef352fe4fa8e6aa49709b731e1e.json,cde1a880923b0e4b6351271b43d1ba2a38c6c91d6a876883d3dc3d02a2b8088e,0,135223.0,True,2024-09-17,stats,False,False
2024,1121,LS028,Katie Volynets,Clara Tauson,327391,327793,R32,7-6(2) 4-6 6-3,completed,present,2024-09-16,2024-09-22,2024-09-16T05:43:57.983+00:00,False,2024-09-16T08:53:53.69+00:00,False,data/raw/wta/stats/_httpcache/2024/217052895df1f0714fcea7f27826272f97ed0ef352fe4fa8e6aa49709b731e1e.json,cde1a880923b0e4b6351271b43d1ba2a38c6c91d6a876883d3dc3d02a2b8088e,0,135208.0,True,2024-09-16,stats,False,False
2024,1121,LS029,Tamara Zidansek,Tatiana Prozorova,323079,330723,R32,2-6 6-3 6-1,completed,present,2024-09-16,2024-09-22,2024-09-16T05:28:59.5+00:00,False,2024-09-16T07:59:06.69+00:00,False,data/raw/wta/stats/_httpcache/2024/217052895df1f0714fcea7f27826272f97ed0ef352fe4fa8e6aa49709b731e1e.json,cde1a880923b0e4b6351271b43d1ba2a38c6c91d6a876883d3dc3d02a2b8088e,0,135207.0,True,2024-09-16,stats,False,False
2024,1121,LS030,Nadia Podoroska,Ksenia Laskutova,319112,320922,R32,6-1 6-0,completed,present,2024-09-16,2024-09-22,2024-09-17T03:47:46.763+00:00,False,2024-09-17T05:32:18.43+00:00,False,data/raw/wta/stats/_httpcache/2024/217052895df1f0714fcea7f27826272f97ed0ef352fe4fa8e6aa49709b731e1e.json,cde1a880923b0e4b6351271b43d1ba2a38c6c91d6a876883d3dc3d02a2b8088e,0,135217.0,True,2024-09-17,stats,False,False
2024,1121,LS031,Katerina Siniakova,Arina Rodionova,320301,312413,R32,7-5 6-1,completed,present,2024-09-16,2024-09-22,2024-09-16T09:25:04.557+00:00,False,2024-09-16T11:19:50.26+00:00,False,data/raw/wta/stats/_httpcache/2024/217052895df1f0714fcea7f27826272f97ed0ef352fe4fa8e6aa49709b731e1e.json,cde1a880923b0e4b6351271b43d1ba2a38c6c91d6a876883d3dc3d02a2b8088e,0,135210.0,True,2024-09-16,stats,False,False
2024,2012,LS001,Jessica Pegula,Anna Kalinskaya,316956,323942,F,6-7(0) 6-4 7-6(3),completed,present,2024-06-17,2024-06-23,2024-06-23T10:19:13.76+00:00,False,2024-06-23T13:20:59.117+00:00,False,data/raw/wta/stats/_httpcache/2024/5d8df377ecbff1d0cd2a89c188a794430d36774963468cc24f5705a8d503cd20.json,6a2e6f115b3d3a913531f451ab7119e42facc37464a4b94969f67fe424aed2bb,0,134261.0,True,2024-06-23,stats,False,False
2024,2012,LS002,Jessica Pegula,Coco Gauff,316956,328560,SF,7-5 7-6(2),completed,present,2024-06-17,2024-06-23,2024-06-22T15:39:47.9+00:00,False,2024-06-23T10:11:42.727+00:00,False,data/raw/wta/stats/_httpcache/2024/5d8df377ecbff1d0cd2a89c188a794430d36774963468cc24f5705a8d503cd20.json,6a2e6f115b3d3a913531f451ab7119e42facc37464a4b94969f67fe424aed2bb,0,134253.0,True,2024-06-22,stats,False,False
2024,2012,LS003,Anna Kalinskaya,Victoria Azarenka,323942,312001,SF,6-1 6-7(3) 6-1,completed,present,2024-06-17,2024-06-23,2024-06-22T13:02:50.243+00:00,False,2024-06-22T15:37:00.927+00:00,False,data/raw/wta/stats/_httpcache/2024/5d8df377ecbff1d0cd2a89c188a794430d36774963468cc24f5705a8d503cd20.json,6a2e6f115b3d3a913531f451ab7119e42facc37464a4b94969f67fe424aed2bb,0,134252.0,True,2024-06-22,stats,False,False
2024,2012,LS005,Jessica Pegula,Katerina Siniakova,316956,320301,QF,7-6(2) 3-6 6-3,completed,present,2024-06-17,2024-06-23,2024-06-21T10:18:10.467+00:00,False,2024-06-22T12:59:08.017+00:00,False,data/raw/wta/stats/_httpcache/2024/5d8df377ecbff1d0cd2a89c188a794430d36774963468cc24f5705a8d503cd20.json,6a2e6f115b3d3a913531f451ab7119e42facc37464a4b94969f67fe424aed2bb,0,134245.0,True,2024-06-21,stats,False,False
2024,2012,LS008,Coco Gauff,Ekaterina Alexandrova,328560,319007,R16,7-6(6) 6-2,completed,present,2024-06-17,2024-06-23,2024-06-20T11:59:48.8+00:00,False,2024-06-20T13:34:56.033+00:00,False,data/raw/wta/stats/_httpcache/2024/5d8df377ecbff1d0cd2a89c188a794430d36774963468cc24f5705a8d503cd20.json,6a2e6f115b3d3a913531f451ab7119e42facc37464a4b94969f67fe424aed2bb,0,134233.0,True,2024-06-20,stats,False,False
2024,2012,LS009,Ons Jabeur,Linda Noskova,316847,329668,R16,6-7(5) 6-3 6-4,completed,present,2024-06-17,2024-06-23,2024-06-20T13:38:33.92+00:00,False,2024-06-20T15:50:48.24+00:00,False,data/raw/wta/stats/_httpcache/2024/5d8df377ecbff1d0cd2a89c188a794430d36774963468cc24f5705a8d503cd20.json,6a2e6f115b3d3a913531f451ab7119e42facc37464a4b94969f67fe424aed2bb,0,134235.0,True,2024-06-20,stats,False,False
2024,2012,LS010,Jessica Pegula,Donna Vekic,316956,318516,R16,6-4 7-5,completed,present,2024-06-17,2024-06-23,2024-06-20T12:43:20.23+00:00,False,2024-06-20T14:24:40.95+00:00,False,data/raw/wta/stats/_httpcache/2024/5d8df377ecbff1d0cd2a89c188a794430d36774963468cc24f5705a8d503cd20.json,6a2e6f115b3d3a913531f451ab7119e42facc37464a4b94969f67fe424aed2bb,0,134234.0,True,2024-06-20,stats,False,False
2024,2012,LS011,Katerina Siniakova,Qinwen Zheng,320301,328120,R16,6-4 6-4,completed,present,2024-06-17,2024-06-23,2024-06-19T16:24:21.96+00:00,False,2024-06-20T11:57:17.803+00:00,False,data/raw/wta/stats/_httpcache/2024/5d8df377ecbff1d0cd2a89c188a794430d36774963468cc24f5705a8d503cd20.json,6a2e6f115b3d3a913531f451ab7119e42facc37464a4b94969f67fe424aed2bb,0,134225.0,True,2024-06-19,stats,False,False
2024,2012,LS012,Victoria Azarenka,Zeynep Sonmez,312001,326907,R16,6-3 6-3,completed,present,2024-06-17,2024-06-23,2024-06-19T09:48:05.063+00:00,False,2024-06-19T11:44:23.173+00:00,False,data/raw/wta/stats/_httpcache/2024/5d8df377ecbff1d0cd2a89c188a794430d36774963468cc24f5705a8d503cd20.json,6a2e6f115b3d3a913531f451ab7119e42facc37464a4b94969f67fe424aed2bb,0,134224.0,True,2024-06-19,stats,False,False
2024,2012,LS013,Elena Rybakina,Veronika Kudermetova,324166,319526,R16,6-4 7-5,completed,present,2024-06-17,2024-06-23,2024-06-20T08:48:10.963+00:00,False,2024-06-20T10:43:52.407+00:00,False,data/raw/wta/stats/_httpcache/2024/5d8df377ecbff1d0cd2a89c188a794430d36774963468cc24f5705a8d503cd20.json,6a2e6f115b3d3a913531f451ab7119e42facc37464a4b94969f67fe424aed2bb,0,134232.0,True,2024-06-20,stats,False,False
2024,2012,LS015,Aryna Sabalenka,Daria Kasatkina,320760,322082,R16,6-1 6-4,completed,present,2024-06-17,2024-06-23,2024-06-20T15:51:41.793+00:00,False,2024-06-20T17:08:20.66+00:00,False,data/raw/wta/stats/_httpcache/2024/5d8df377ecbff1d0cd2a89c188a794430d36774963468cc24f5705a8d503cd20.json,6a2e6f115b3d3a913531f451ab7119e42facc37464a4b94969f67fe424aed2bb,0,134236.0,True,2024-06-20,stats,False,False
2024,2012,LS017,Ekaterina Alexandrova,Beatriz Haddad Maia,319007,318176,R32,6-4 6-4,completed,present,2024-06-17,2024-06-23,2024-06-18T10:59:35.62+00:00,False,2024-06-18T12:37:46.217+00:00,False,data/raw/wta/stats/_httpcache/2024/5d8df377ecbff1d0cd2a89c188a794430d36774963468cc24f5705a8d503cd20.json,6a2e6f115b3d3a913531f451ab7119e42facc37464a4b94969f67fe424aed2bb,0,134205.0,True,2024-06-18,stats,False,False
2024,2012,LS018,Linda Noskova,Angelique Kerber,329668,311470,R32,7-6(4) 2-6 6-4,completed,present,2024-06-17,2024-06-23,2024-06-18T11:22:52.743+00:00,False,2024-06-18T13:39:20.27+00:00,False,data/raw/wta/stats/_httpcache/2024/5d8df377ecbff1d0cd2a89c188a794430d36774963468cc24f5705a8d503cd20.json,6a2e6f115b3d3a913531f451ab7119e42facc37464a4b94969f67fe424aed2bb,0,134206.0,True,2024-06-18,stats,False,False
2024,2012,LS019,Ons Jabeur,Xinyu Wang,316847,326376,R32,6-4 7-6(4),completed,present,2024-06-17,2024-06-23,2024-06-18T15:35:14.933+00:00,False,2024-06-19T16:21:21.903+00:00,False,data/raw/wta/stats/_httpcache/2024/5d8df377ecbff1d0cd2a89c188a794430d36774963468cc24f5705a8d503cd20.json,6a2e6f115b3d3a913531f451ab7119e42facc37464a4b94969f67fe424aed2bb,0,134209.0,True,2024-06-18,stats,False,False
2024,2012,LS021,Donna Vekic,Jule Niemeier,318516,325940,R32,1-6 6-1 6-3,completed,present,2024-06-17,2024-06-23,2024-06-18T08:48:37.887+00:00,False,2024-06-18T10:57:35.253+00:00,False,data/raw/wta/stats/_httpcache/2024/5d8df377ecbff1d0cd2a89c188a794430d36774963468cc24f5705a8d503cd20.json,6a2e6f115b3d3a913531f451ab7119e42facc37464a4b94969f67fe424aed2bb,0,134204.0,True,2024-06-18,stats,False,False
2024,2012,LS022,Katerina Siniakova,Emma Navarro,320301,325410,R32,6-4 6-3,completed,present,2024-06-17,2024-06-23,2024-06-17T16:24:41.15+00:00,False,2024-06-17T18:09:09.357+00:00,False,data/raw/wta/stats/_httpcache/2024/5d8df377ecbff1d0cd2a89c188a794430d36774963468cc24f5705a8d503cd20.json,6a2e6f115b3d3a913531f451ab7119e42facc37464a4b94969f67fe424aed2bb,0,134190.0,True,2024-06-17,stats,False,False
2024,2012,LS023,Qinwen Zheng,Naomi Osaka,328120,319998,R32,6-4 3-6 6-3,completed,present,2024-06-17,2024-06-23,2024-06-18T08:48:01.697+00:00,False,2024-06-18T11:20:33.97+00:00,False,data/raw/wta/stats/_httpcache/2024/5d8df377ecbff1d0cd2a89c188a794430d36774963468cc24f5705a8d503cd20.json,6a2e6f115b3d3a913531f451ab7119e42facc37464a4b94969f67fe424aed2bb,0,134203.0,True,2024-06-18,stats,False,False
2024,2012,LS024,Victoria Azarenka,Maria Sakkari,312001,318312,R32,6-4 6-2,completed,present,2024-06-17,2024-06-23,2024-06-18T13:41:20.907+00:00,False,2024-06-18T15:31:15.933+00:00,False,data/raw/wta/stats/_httpcache/2024/5d8df377ecbff1d0cd2a89c188a794430d36774963468cc24f5705a8d503cd20.json,6a2e6f115b3d3a913531f451ab7119e42facc37464a4b94969f67fe424aed2bb,0,134208.0,True,2024-06-18,stats,False,False
2024,2012,LS025,Zeynep Sonmez,Arantxa Rus,326907,313349,R32,3-6 6-2 6-1,completed,present,2024-06-17,2024-06-23,2024-06-17T08:43:28.453+00:00,False,2024-06-17T10:49:37.08+00:00,False,data/raw/wta/stats/_httpcache/2024/5d8df377ecbff1d0cd2a89c188a794430d36774963468cc24f5705a8d503cd20.json,6a2e6f115b3d3a913531f451ab7119e42facc37464a4b94969f67fe424aed2bb,0,134186.0,True,2024-06-17,stats,False,False
2024,2012,LS026,Veronika Kudermetova,Liudmila Samsonova,319526,322222,R32,3-6 6-4 6-4,completed,present,2024-06-17,2024-06-23,2024-06-18T12:40:01.71+00:00,False,2024-06-18T15:07:25.94+00:00,False,data/raw/wta/stats/_httpcache/2024/5d8df377ecbff1d0cd2a89c188a794430d36774963468cc24f5705a8d503cd20.json,6a2e6f115b3d3a913531f451ab7119e42facc37464a4b94969f67fe424aed2bb,0,134207.0,True,2024-06-18,stats,False,False
2024,2012,LS028,Marketa Vondrousova,Rebeka Masarova,323027,322087,R32,6-4 6-3,completed,present,2024-06-17,2024-06-23,2024-06-17T15:19:27.673+00:00,False,2024-06-17T16:56:27.3+00:00,False,data/raw/wta/stats/_httpcache/2024/5d8df377ecbff1d0cd2a89c188a794430d36774963468cc24f5705a8d503cd20.json,6a2e6f115b3d3a913531f451ab7119e42facc37464a4b94969f67fe424aed2bb,0,134189.0,True,2024-06-17,stats,False,False
2024,2012,LS029,Anna Kalinskaya,Nao Hibino,323942,320238,R32,2-6 6-4 6-2,completed,present,2024-06-17,2024-06-23,2024-06-17T11:49:43.04+00:00,False,2024-06-17T13:56:15.603+00:00,False,data/raw/wta/stats/_httpcache/2024/5d8df377ecbff1d0cd2a89c188a794430d36774963468cc24f5705a8d503cd20.json,6a2e6f115b3d3a913531f451ab7119e42facc37464a4b94969f67fe424aed2bb,0,134188.0,True,2024-06-17,stats,False,False
2024,2012,LS030,Daria Kasatkina,Marta Kostyuk,322082,326482,R32,4-6 7-6(6) 6-3,completed,present,2024-06-17,2024-06-23,2024-06-17T08:49:36.187+00:00,False,2024-06-17T11:46:38.65+00:00,False,data/raw/wta/stats/_httpcache/2024/5d8df377ecbff1d0cd2a89c188a794430d36774963468cc24f5705a8d503cd20.json,6a2e6f115b3d3a913531f451ab7119e42facc37464a4b94969f67fe424aed2bb,0,134187.0,True,2024-06-17,stats,False,False
2024,2014,LS001,Jelena Ostapenko,Daria Kasatkina,319939,322082,F,6-3 6-2,completed,present,2024-01-08,2024-01-13,2024-01-13T08:22:17.273+00:00,False,2024-01-13T09:56:44.64+00:00,False,data/raw/wta/stats/_httpcache/2024/f755c42449abb9a9cf2c5f5584b3a580e429a860eab4adbb4f5eef5b2ee878e8.json,969ba4d521265ff92ccde8816e753b063bf3ac9d30b48cda990cc8472ae48f3a,0,132255.0,True,2024-01-08,historical,False,False
2024,2014,LS002,Jelena Ostapenko,Ekaterina Alexandrova,319939,319007,SF,6-2 7-6(3),completed,present,2024-01-08,2024-01-13,2024-01-12T05:19:43.967+00:00,False,2024-01-12T07:19:20.2+00:00,False,data/raw/wta/stats/_httpcache/2024/f755c42449abb9a9cf2c5f5584b3a580e429a860eab4adbb4f5eef5b2ee878e8.json,969ba4d521265ff92ccde8816e753b063bf3ac9d30b48cda990cc8472ae48f3a,0,132254.0,True,2024-01-08,historical,False,False
2024,2014,LS004,Ekaterina Alexandrova,Elena Rybakina,319007,324166,QF,6-3 6-3,completed,present,2024-01-08,2024-01-13,2024-01-11T09:42:44.047+00:00,False,2024-01-11T11:32:13.017+00:00,False,data/raw/wta/stats/_httpcache/2024/f755c42449abb9a9cf2c5f5584b3a580e429a860eab4adbb4f5eef5b2ee878e8.json,969ba4d521265ff92ccde8816e753b063bf3ac9d30b48cda990cc8472ae48f3a,0,132252.0,True,2024-01-08,historical,False,False
2024,2014,LS005,Jelena Ostapenko,Marta Kostyuk,319939,326482,QF,7-5 6-3,completed,present,2024-01-08,2024-01-13,2024-01-11T02:13:04.503+00:00,False,2024-01-11T03:59:51.047+00:00,False,data/raw/wta/stats/_httpcache/2024/f755c42449abb9a9cf2c5f5584b3a580e429a860eab4adbb4f5eef5b2ee878e8.json,969ba4d521265ff92ccde8816e753b063bf3ac9d30b48cda990cc8472ae48f3a,0,132251.0,True,2024-01-08,historical,False,False
2024,2014,LS007,Jessica Pegula,Anastasia Pavlyuchenkova,316956,313796,QF,6-7(1) 7-5 6-4,completed,present,2024-01-08,2024-01-13,2024-01-11T08:10:52.153+00:00,False,2024-01-11T10:50:12.557+00:00,False,data/raw/wta/stats/_httpcache/2024/f755c42449abb9a9cf2c5f5584b3a580e429a860eab4adbb4f5eef5b2ee878e8.json,969ba4d521265ff92ccde8816e753b063bf3ac9d30b48cda990cc8472ae48f3a,0,132249.0,True,2024-01-08,historical,False,False
2024,2014,LS008,Elena Rybakina,Cristina Bucsa,324166,321158,R16,6-3 7-5,completed,present,2024-01-08,2024-01-13,2024-01-10T09:46:43.693+00:00,False,2024-01-10T11:38:46.7+00:00,False,data/raw/wta/stats/_httpcache/2024/f755c42449abb9a9cf2c5f5584b3a580e429a860eab4adbb4f5eef5b2ee878e8.json,969ba4d521265ff92ccde8816e753b063bf3ac9d30b48cda990cc8472ae48f3a,0,132248.0,True,2024-01-08,historical,False,False
2024,2014,LS009,Ekaterina Alexandrova,Veronika Kudermetova,319007,319526,R16,6-4 6-4,completed,present,2024-01-08,2024-01-13,2024-01-10T11:40:45.847+00:00,False,2024-01-10T13:35:04.053+00:00,False,data/raw/wta/stats/_httpcache/2024/f755c42449abb9a9cf2c5f5584b3a580e429a860eab4adbb4f5eef5b2ee878e8.json,969ba4d521265ff92ccde8816e753b063bf3ac9d30b48cda990cc8472ae48f3a,0,132247.0,True,2024-01-08,historical,False,False
2024,2014,LS010,Marta Kostyuk,Taylor Townsend,326482,318609,R16,6-3 2-6 6-4,completed,present,2024-01-08,2024-01-13,2024-01-10T04:40:08.2+00:00,False,2024-01-10T07:10:29.363+00:00,False,data/raw/wta/stats/_httpcache/2024/f755c42449abb9a9cf2c5f5584b3a580e429a860eab4adbb4f5eef5b2ee878e8.json,969ba4d521265ff92ccde8816e753b063bf3ac9d30b48cda990cc8472ae48f3a,0,132246.0,True,2024-01-08,historical,False,False
2024,2014,LS011,Jelena Ostapenko,Caroline Garcia,319939,315391,R16,6-4 5-7 6-4,completed,present,2024-01-08,2024-01-13,2024-01-10T06:17:18.437+00:00,False,2024-01-10T09:13:44.543+00:00,False,data/raw/wta/stats/_httpcache/2024/f755c42449abb9a9cf2c5f5584b3a580e429a860eab4adbb4f5eef5b2ee878e8.json,969ba4d521265ff92ccde8816e753b063bf3ac9d30b48cda990cc8472ae48f3a,0,132245.0,True,2024-01-08,historical,False,False
2024,2014,LS012,Laura Siegemund,Ana Bogdan,310926,315427,R16,6-4 7-5,completed,present,2024-01-08,2024-01-13,2024-01-10T02:17:25.28+00:00,False,2024-01-10T04:35:50.6+00:00,False,data/raw/wta/stats/_httpcache/2024/f755c42449abb9a9cf2c5f5584b3a580e429a860eab4adbb4f5eef5b2ee878e8.json,969ba4d521265ff92ccde8816e753b063bf3ac9d30b48cda990cc8472ae48f3a,0,132244.0,True,2024-01-08,historical,False,False
2024,2014,LS013,Daria Kasatkina,Anna Kalinskaya,322082,323942,R16,5-7 6-4 7-5,completed,present,2024-01-08,2024-01-13,2024-01-10T09:17:19.55+00:00,False,2024-01-10T12:22:57.533+00:00,False,data/raw/wta/stats/_httpcache/2024/f755c42449abb9a9cf2c5f5584b3a580e429a860eab4adbb4f5eef5b2ee878e8.json,969ba4d521265ff92ccde8816e753b063bf3ac9d30b48cda990cc8472ae48f3a,0,132243.0,True,2024-01-08,historical,False,False
2024,2014,LS014,Anastasia Pavlyuchenkova,Katerina Siniakova,313796,320301,R16,2-6 6-3 6-2,completed,present,2024-01-08,2024-01-13,2024-01-10T02:55:47.563+00:00,False,2024-01-10T05:18:56.717+00:00,False,data/raw/wta/stats/_httpcache/2024/f755c42449abb9a9cf2c5f5584b3a580e429a860eab4adbb4f5eef5b2ee878e8.json,969ba4d521265ff92ccde8816e753b063bf3ac9d30b48cda990cc8472ae48f3a,0,132242.0,True,2024-01-08,historical,False,False
2024,2014,LS015,Jessica Pegula,Bernarda Pera,316956,317708,R16,4-6 6-2 6-3,completed,present,2024-01-08,2024-01-13,2024-01-10T00:13:47.187+00:00,False,2024-01-10T02:52:17.66+00:00,False,data/raw/wta/stats/_httpcache/2024/f755c42449abb9a9cf2c5f5584b3a580e429a860eab4adbb4f5eef5b2ee878e8.json,969ba4d521265ff92ccde8816e753b063bf3ac9d30b48cda990cc8472ae48f3a,0,132241.0,True,2024-01-08,historical,False,False
2024,2014,LS017,Cristina Bucsa,Jasmine Paolini,321158,319280,R32,6-3 6-3,completed,present,2024-01-08,2024-01-13,2024-01-08T02:09:27.677+00:00,False,2024-01-08T03:55:56.05+00:00,False,data/raw/wta/stats/_httpcache/2024/f755c42449abb9a9cf2c5f5584b3a580e429a860eab4adbb4f5eef5b2ee878e8.json,969ba4d521265ff92ccde8816e753b063bf3ac9d30b48cda990cc8472ae48f3a,0,132240.0,True,2024-01-08,historical,False,False
2024,2014,LS018,Ekaterina Alexandrova,Magda Linette,319007,315130,R32,3-6 7-6(8) 7-5,completed,present,2024-01-08,2024-01-13,2024-01-09T06:36:15.05+00:00,False,2024-01-09T09:31:22.943+00:00,False,data/raw/wta/stats/_httpcache/2024/f755c42449abb9a9cf2c5f5584b3a580e429a860eab4adbb4f5eef5b2ee878e8.json,969ba4d521265ff92ccde8816e753b063bf3ac9d30b48cda990cc8472ae48f3a,0,132239.0,True,2024-01-08,historical,False,False
2024,2014,LS019,Veronika Kudermetova,Ashlyn Krueger,319526,329409,R32,6-2 7-5,completed,present,2024-01-08,2024-01-13,2024-01-09T02:38:32.603+00:00,False,2024-01-09T04:29:27.703+00:00,False,data/raw/wta/stats/_httpcache/2024/f755c42449abb9a9cf2c5f5584b3a580e429a860eab4adbb4f5eef5b2ee878e8.json,969ba4d521265ff92ccde8816e753b063bf3ac9d30b48cda990cc8472ae48f3a,0,132238.0,True,2024-01-08,historical,False,False
2024,2014,LS020,Taylor Townsend,Aliaksandra Sasnovich,318609,317790,R32,6-3 7-6(4),completed,present,2024-01-08,2024-01-13,2024-01-09T07:55:25.92+00:00,False,2024-01-09T10:05:03.133+00:00,False,data/raw/wta/stats/_httpcache/2024/f755c42449abb9a9cf2c5f5584b3a580e429a860eab4adbb4f5eef5b2ee878e8.json,969ba4d521265ff92ccde8816e753b063bf3ac9d30b48cda990cc8472ae48f3a,0,132237.0,True,2024-01-08,historical,False,False
2024,2014,LS021,Marta Kostyuk,Anhelina Kalinina,326482,320567,R32,7-6(3) 6-1,completed,present,2024-01-08,2024-01-13,2024-01-08T00:17:50.373+00:00,False,2024-01-08T02:05:45.043+00:00,False,data/raw/wta/stats/_httpcache/2024/f755c42449abb9a9cf2c5f5584b3a580e429a860eab4adbb4f5eef5b2ee878e8.json,969ba4d521265ff92ccde8816e753b063bf3ac9d30b48cda990cc8472ae48f3a,0,132236.0,True,2024-01-08,historical,False,False
2024,2014,LS022,Caroline Garcia,Taylah Preston,315391,330291,R32,6-4 1-6 6-3,completed,present,2024-01-08,2024-01-13,2024-01-09T02:40:55.393+00:00,False,2024-01-09T04:51:51.407+00:00,False,data/raw/wta/stats/_httpcache/2024/f755c42449abb9a9cf2c5f5584b3a580e429a860eab4adbb4f5eef5b2ee878e8.json,969ba4d521265ff92ccde8816e753b063bf3ac9d30b48cda990cc8472ae48f3a,0,132235.0,True,2024-01-08,historical,False,False
2024,2014,LS023,Jelena Ostapenko,Sorana Cirstea,319939,312469,R32,2-6 6-2 6-4,completed,present,2024-01-08,2024-01-13,2024-01-09T00:23:08.973+00:00,False,2024-01-09T02:38:53.167+00:00,False,data/raw/wta/stats/_httpcache/2024/f755c42449abb9a9cf2c5f5584b3a580e429a860eab4adbb4f5eef5b2ee878e8.json,969ba4d521265ff92ccde8816e753b063bf3ac9d30b48cda990cc8472ae48f3a,0,132234.0,True,2024-01-08,historical,False,False
2024,2014,LS024,Laura Siegemund,Liudmila Samsonova,310926,322222,R32,6-7(1) 6-4 6-4,completed,present,2024-01-08,2024-01-13,2024-01-08T23:25:43.19+00:00,False,2024-01-09T02:34:51.62+00:00,False,data/raw/wta/stats/_httpcache/2024/f755c42449abb9a9cf2c5f5584b3a580e429a860eab4adbb4f5eef5b2ee878e8.json,969ba4d521265ff92ccde8816e753b063bf3ac9d30b48cda990cc8472ae48f3a,0,132233.0,True,2024-01-08,historical,False,False
2024,2014,LS025,Ana Bogdan,Katie Boulter,315427,319125,R32,6-3 6-4,completed,present,2024-01-08,2024-01-13,2024-01-08T03:57:54.01+00:00,False,2024-01-08T05:56:56.553+00:00,False,data/raw/wta/stats/_httpcache/2024/f755c42449abb9a9cf2c5f5584b3a580e429a860eab4adbb4f5eef5b2ee878e8.json,969ba4d521265ff92ccde8816e753b063bf3ac9d30b48cda990cc8472ae48f3a,0,132232.0,True,2024-01-08,historical,False,False
2024,2014,LS026,Daria Kasatkina,Claire Liu,322082,323966,R32,6-4 6-3,completed,present,2024-01-08,2024-01-13,2024-01-09T04:33:34.647+00:00,False,2024-01-09T06:32:23.75+00:00,False,data/raw/wta/stats/_httpcache/2024/f755c42449abb9a9cf2c5f5584b3a580e429a860eab4adbb4f5eef5b2ee878e8.json,969ba4d521265ff92ccde8816e753b063bf3ac9d30b48cda990cc8472ae48f3a,0,132231.0,True,2024-01-08,historical,False,False
2024,2014,LS027,Anna Kalinskaya,Barbora Krejcikova,323942,318314,R32,7-5 3-6 7-5,completed,present,2024-01-08,2024-01-13,2024-01-08T02:19:29.213+00:00,False,2024-01-08T05:28:15.17+00:00,False,data/raw/wta/stats/_httpcache/2024/f755c42449abb9a9cf2c5f5584b3a580e429a860eab4adbb4f5eef5b2ee878e8.json,969ba4d521265ff92ccde8816e753b063bf3ac9d30b48cda990cc8472ae48f3a,0,132230.0,True,2024-01-08,historical,False,False
2024,2014,LS028,Anastasia Pavlyuchenkova,Beatriz Haddad Maia,313796,318176,R32,6-3 6-4,completed,present,2024-01-08,2024-01-13,2024-01-08T00:25:02.107+00:00,False,2024-01-08T02:16:29.073+00:00,False,data/raw/wta/stats/_httpcache/2024/f755c42449abb9a9cf2c5f5584b3a580e429a860eab4adbb4f5eef5b2ee878e8.json,969ba4d521265ff92ccde8816e753b063bf3ac9d30b48cda990cc8472ae48f3a,0,132229.0,True,2024-01-08,historical,False,False
2024,2014,LS029,Katerina Siniakova,Karolina Pliskova,320301,313974,R32,6-2 6-1,completed,present,2024-01-08,2024-01-13,2024-01-09T04:01:38.57+00:00,False,2024-01-09T05:23:13.46+00:00,False,data/raw/wta/stats/_httpcache/2024/f755c42449abb9a9cf2c5f5584b3a580e429a860eab4adbb4f5eef5b2ee878e8.json,969ba4d521265ff92ccde8816e753b063bf3ac9d30b48cda990cc8472ae48f3a,0,132228.0,True,2024-01-08,historical,False,False
2024,2014,LS030,Bernarda Pera,Paula Badosa,317708,320124,R32,3-6 6-2 6-3,completed,present,2024-01-08,2024-01-13,2024-01-08T07:44:50.37+00:00,False,2024-01-08T10:08:40.467+00:00,False,data/raw/wta/stats/_httpcache/2024/f755c42449abb9a9cf2c5f5584b3a580e429a860eab4adbb4f5eef5b2ee878e8.json,969ba4d521265ff92ccde8816e753b063bf3ac9d30b48cda990cc8472ae48f3a,0,132227.0,True,2024-01-08,historical,False,False
2024,2017,LS001,Diana Shnaider,Donna Vekic,330482,318516,F,6-3 2-6 6-3,completed,present,2024-06-23,2024-06-29,2024-06-29T11:20:31.647+00:00,False,2024-06-29T13:52:31.673+00:00,False,data/raw/wta/stats/_httpcache/2024/012d57018993e274d9c830430d8eb2b3f9b1ba1e8508b9b8274d8c8173b7798a.json,156acfaa2dc6c0b40af1fdec483da4ad47cdfed9df42fbf186273422faaa7c35,0,134313.0,True,2024-06-29,stats,False,False
2024,2017,LS002,Diana Shnaider,Emma Navarro,330482,325410,SF,7-5 2-6 6-3,completed,present,2024-06-23,2024-06-29,2024-06-28T11:44:34.023+00:00,False,2024-06-28T14:29:43.007+00:00,False,data/raw/wta/stats/_httpcache/2024/012d57018993e274d9c830430d8eb2b3f9b1ba1e8508b9b8274d8c8173b7798a.json,156acfaa2dc6c0b40af1fdec483da4ad47cdfed9df42fbf186273422faaa7c35,0,134309.0,True,2024-06-28,stats,False,False
2024,2017,LS003,Donna Vekic,Viktoriya Tomova,318516,317584,SF,6-0 7-6(6),completed,present,2024-06-23,2024-06-29,2024-06-28T14:30:34.127+00:00,False,2024-06-28T16:33:29.363+00:00,False,data/raw/wta/stats/_httpcache/2024/012d57018993e274d9c830430d8eb2b3f9b1ba1e8508b9b8274d8c8173b7798a.json,156acfaa2dc6c0b40af1fdec483da4ad47cdfed9df42fbf186273422faaa7c35,0,134310.0,True,2024-06-28,stats,False,False
2024,2017,LS004,Diana Shnaider,Paula Badosa,330482,320124,QF,6-3 7-6(3),completed,present,2024-06-23,2024-06-29,2024-06-27T09:51:29.307+00:00,False,2024-06-27T13:26:09.043+00:00,False,data/raw/wta/stats/_httpcache/2024/012d57018993e274d9c830430d8eb2b3f9b1ba1e8508b9b8274d8c8173b7798a.json,156acfaa2dc6c0b40af1fdec483da4ad47cdfed9df42fbf186273422faaa7c35,0,134304.0,True,2024-06-27,stats,False,False
2024,2017,LS006,Viktoriya Tomova,Anna Blinkova,317584,324267,QF,2-6 6-1 7-6(9),completed,present,2024-06-23,2024-06-29,2024-06-27T16:11:45.89+00:00,False,2024-06-27T19:06:30.657+00:00,False,data/raw/wta/stats/_httpcache/2024/012d57018993e274d9c830430d8eb2b3f9b1ba1e8508b9b8274d8c8173b7798a.json,156acfaa2dc6c0b40af1fdec483da4ad47cdfed9df42fbf186273422faaa7c35,0,134305.0,True,2024-06-27,stats,False,False
2024,2017,LS008,Paula Badosa,Jule Niemeier,320124,325940,R16,4-6 6-2 6-1,completed,present,2024-06-23,2024-06-29,2024-06-25T15:49:21.787+00:00,False,2024-06-25T17:57:39.043+00:00,False,data/raw/wta/stats/_httpcache/2024/012d57018993e274d9c830430d8eb2b3f9b1ba1e8508b9b8274d8c8173b7798a.json,156acfaa2dc6c0b40af1fdec483da4ad47cdfed9df42fbf186273422faaa7c35,0,134286.0,True,2024-06-25,stats,False,False
2024,2017,LS009,Diana Shnaider,Dayana Yastremska,330482,324261,R16,6-2 6-2,completed,present,2024-06-23,2024-06-29,2024-06-26T09:46:44.117+00:00,False,2024-06-26T11:26:10.623+00:00,False,data/raw/wta/stats/_httpcache/2024/012d57018993e274d9c830430d8eb2b3f9b1ba1e8508b9b8274d8c8173b7798a.json,156acfaa2dc6c0b40af1fdec483da4ad47cdfed9df42fbf186273422faaa7c35,0,134293.0,True,2024-06-26,stats,False,False
2024,2017,LS010,Emma Navarro,Peyton Stearns,325410,327573,R16,6-4 6-1,completed,present,2024-06-23,2024-06-29,2024-06-26T13:16:34.64+00:00,False,2024-06-26T14:37:20.6+00:00,False,data/raw/wta/stats/_httpcache/2024/012d57018993e274d9c830430d8eb2b3f9b1ba1e8508b9b8274d8c8173b7798a.json,156acfaa2dc6c0b40af1fdec483da4ad47cdfed9df42fbf186273422faaa7c35,0,134294.0,True,2024-06-26,stats,False,False
2024,2017,LS011,Caroline Wozniacki,Veronika Kudermetova,313402,319526,R16,6-2 6-4,completed,present,2024-06-23,2024-06-29,2024-06-26T14:42:45.87+00:00,False,2024-06-26T16:20:05.493+00:00,False,data/raw/wta/stats/_httpcache/2024/012d57018993e274d9c830430d8eb2b3f9b1ba1e8508b9b8274d8c8173b7798a.json,156acfaa2dc6c0b40af1fdec483da4ad47cdfed9df42fbf186273422faaa7c35,0,134295.0,True,2024-06-26,stats,False,False
2024,2017,LS012,Viktoriya Tomova,Linda Noskova,317584,329668,R16,6-4 6-2,completed,present,2024-06-23,2024-06-29,2024-06-25T11:36:59.23+00:00,False,2024-06-25T12:58:24.927+00:00,False,data/raw/wta/stats/_httpcache/2024/012d57018993e274d9c830430d8eb2b3f9b1ba1e8508b9b8274d8c8173b7798a.json,156acfaa2dc6c0b40af1fdec483da4ad47cdfed9df42fbf186273422faaa7c35,0,134284.0,True,2024-06-25,stats,False,False
2024,2017,LS013,Anna Blinkova,Beatriz Haddad Maia,324267,318176,R16,6-3 7-5,completed,present,2024-06-23,2024-06-29,2024-06-26T16:23:35.163+00:00,False,2024-06-27T14:11:30.6+00:00,False,data/raw/wta/stats/_httpcache/2024/012d57018993e274d9c830430d8eb2b3f9b1ba1e8508b9b8274d8c8173b7798a.json,156acfaa2dc6c0b40af1fdec483da4ad47cdfed9df42fbf186273422faaa7c35,0,134296.0,True,2024-06-26,stats,False,False
2024,2017,LS014,Donna Vekic,Ekaterina Alexandrova,318516,319007,R16,6-4 3-6 6-3,completed,present,2024-06-23,2024-06-29,2024-06-25T13:25:24.057+00:00,False,2024-06-25T15:46:43.063+00:00,False,data/raw/wta/stats/_httpcache/2024/012d57018993e274d9c830430d8eb2b3f9b1ba1e8508b9b8274d8c8173b7798a.json,156acfaa2dc6c0b40af1fdec483da4ad47cdfed9df42fbf186273422faaa7c35,0,134285.0,True,2024-06-25,stats,False,False
2024,2017,LS015,Katerina Siniakova,Liudmila Samsonova,320301,322222,R16,6-3 6-7(3) 6-3,completed,present,2024-06-23,2024-06-29,2024-06-25T18:00:14.11+00:00,False,2024-06-26T13:12:53.55+00:00,False,data/raw/wta/stats/_httpcache/2024/012d57018993e274d9c830430d8eb2b3f9b1ba1e8508b9b8274d8c8173b7798a.json,156acfaa2dc6c0b40af1fdec483da4ad47cdfed9df42fbf186273422faaa7c35,0,134287.0,True,2024-06-25,stats,False,False
2024,2017,LS016,Jule Niemeier,Maria Sakkari,325940,318312,R32,2-6 6-2 7-6(4),completed,present,2024-06-23,2024-06-29,2024-06-24T09:46:15.033+00:00,False,2024-06-24T12:43:40.913+00:00,False,data/raw/wta/stats/_httpcache/2024/012d57018993e274d9c830430d8eb2b3f9b1ba1e8508b9b8274d8c8173b7798a.json,156acfaa2dc6c0b40af1fdec483da4ad47cdfed9df42fbf186273422faaa7c35,0,134269.0,True,2024-06-24,stats,False,False
2024,2017,LS017,Paula Badosa,Arantxa Rus,320124,313349,R32,6-4 6-1,completed,present,2024-06-23,2024-06-29,2024-06-23T12:19:17.763+00:00,False,2024-06-23T13:42:38.387+00:00,False,data/raw/wta/stats/_httpcache/2024/012d57018993e274d9c830430d8eb2b3f9b1ba1e8508b9b8274d8c8173b7798a.json,156acfaa2dc6c0b40af1fdec483da4ad47cdfed9df42fbf186273422faaa7c35,0,134264.0,True,2024-06-23,stats,False,False
2024,2017,LS018,Diana Shnaider,Angelique Kerber,330482,311470,R32,7-5 6-3,completed,present,2024-06-23,2024-06-29,2024-06-24T15:15:59.03+00:00,False,2024-06-24T16:49:54.217+00:00,False,data/raw/wta/stats/_httpcache/2024/012d57018993e274d9c830430d8eb2b3f9b1ba1e8508b9b8274d8c8173b7798a.json,156acfaa2dc6c0b40af1fdec483da4ad47cdfed9df42fbf186273422faaa7c35,0,134275.0,True,2024-06-24,stats,False,False
2024,2017,LS019,Dayana Yastremska,Mirra Andreeva,324261,331809,R32,4-6 6-4 6-3,completed,present,2024-06-23,2024-06-29,2024-06-23T09:41:00.553+00:00,False,2024-06-23T12:15:40.547+00:00,False,data/raw/wta/stats/_httpcache/2024/012d57018993e274d9c830430d8eb2b3f9b1ba1e8508b9b8274d8c8173b7798a.json,156acfaa2dc6c0b40af1fdec483da4ad47cdfed9df42fbf186273422faaa7c35,0,134262.0,True,2024-06-23,stats,False,False
2024,2017,LS020,Emma Navarro,Jaqueline Cristian,325410,320319,R32,6-3 6-1,completed,present,2024-06-23,2024-06-29,2024-06-23T15:22:06.62+00:00,False,2024-06-23T16:46:08.283+00:00,False,data/raw/wta/stats/_httpcache/2024/012d57018993e274d9c830430d8eb2b3f9b1ba1e8508b9b8274d8c8173b7798a.json,156acfaa2dc6c0b40af1fdec483da4ad47cdfed9df42fbf186273422faaa7c35,0,134267.0,True,2024-06-23,stats,False,False
2024,2017,LS021,Peyton Stearns,Julia Stusek,327573,332803,R32,6-2 7-5,completed,present,2024-06-23,2024-06-29,2024-06-25T09:53:10.463+00:00,False,2024-06-25T11:33:59.177+00:00,False,data/raw/wta/stats/_httpcache/2024/012d57018993e274d9c830430d8eb2b3f9b1ba1e8508b9b8274d8c8173b7798a.json,156acfaa2dc6c0b40af1fdec483da4ad47cdfed9df42fbf186273422faaa7c35,0,134283.0,True,2024-06-25,stats,False,False
2024,2017,LS022,Veronika Kudermetova,Diane Parry,319526,327077,R32,3-6 7-5 6-1,completed,present,2024-06-23,2024-06-29,2024-06-25T09:45:38.283+00:00,False,2024-06-25T12:30:24.56+00:00,False,data/raw/wta/stats/_httpcache/2024/012d57018993e274d9c830430d8eb2b3f9b1ba1e8508b9b8274d8c8173b7798a.json,156acfaa2dc6c0b40af1fdec483da4ad47cdfed9df42fbf186273422faaa7c35,0,134282.0,True,2024-06-25,stats,False,False
2024,2017,LS023,Caroline Wozniacki,Elina Svitolina,313402,316738,R32,6-3 6-7(4) 7-5,completed,present,2024-06-23,2024-06-29,2024-06-24T16:52:36.5+00:00,False,2024-06-25T13:24:38.843+00:00,False,data/raw/wta/stats/_httpcache/2024/012d57018993e274d9c830430d8eb2b3f9b1ba1e8508b9b8274d8c8173b7798a.json,156acfaa2dc6c0b40af1fdec483da4ad47cdfed9df42fbf186273422faaa7c35,0,134276.0,True,2024-06-24,stats,False,False
2024,2017,LS024,Linda Noskova,Taylor Townsend,329668,318609,R32,7-5 6-1,completed,present,2024-06-23,2024-06-29,2024-06-24T09:46:25.22+00:00,False,2024-06-24T11:32:46.6+00:00,False,data/raw/wta/stats/_httpcache/2024/012d57018993e274d9c830430d8eb2b3f9b1ba1e8508b9b8274d8c8173b7798a.json,156acfaa2dc6c0b40af1fdec483da4ad47cdfed9df42fbf186273422faaa7c35,0,134270.0,True,2024-06-24,stats,False,False
2024,2017,LS025,Viktoriya Tomova,Tatjana Maria,317584,310440,R32,6-1 6-3,completed,present,2024-06-23,2024-06-29,2024-06-23T13:47:05.97+00:00,False,2024-06-23T15:21:18.727+00:00,False,data/raw/wta/stats/_httpcache/2024/012d57018993e274d9c830430d8eb2b3f9b1ba1e8508b9b8274d8c8173b7798a.json,156acfaa2dc6c0b40af1fdec483da4ad47cdfed9df42fbf186273422faaa7c35,0,134265.0,True,2024-06-23,stats,False,False
2024,2017,LS026,Anna Blinkova,Bianca Andreescu,324267,325088,R32,6-4 6-2,completed,present,2024-06-23,2024-06-29,2024-06-24T15:05:46.42+00:00,False,2024-06-24T16:33:10.013+00:00,False,data/raw/wta/stats/_httpcache/2024/012d57018993e274d9c830430d8eb2b3f9b1ba1e8508b9b8274d8c8173b7798a.json,156acfaa2dc6c0b40af1fdec483da4ad47cdfed9df42fbf186273422faaa7c35,0,134274.0,True,2024-06-24,stats,False,False
2024,2017,LS027,Beatriz Haddad Maia,Tamara Korpatsch,318176,319571,R32,6-1 7-6(6),completed,present,2024-06-23,2024-06-29,2024-06-24T12:47:29.387+00:00,False,2024-06-24T15:13:09.727+00:00,False,data/raw/wta/stats/_httpcache/2024/012d57018993e274d9c830430d8eb2b3f9b1ba1e8508b9b8274d8c8173b7798a.json,156acfaa2dc6c0b40af1fdec483da4ad47cdfed9df42fbf186273422faaa7c35,0,134273.0,True,2024-06-24,stats,False,False
2024,2017,LS028,Ekaterina Alexandrova,Nadia Podoroska,319007,319112,R32,6-3 6-0,completed,present,2024-06-23,2024-06-29,2024-06-23T09:46:33.307+00:00,False,2024-06-23T11:08:32.36+00:00,False,data/raw/wta/stats/_httpcache/2024/012d57018993e274d9c830430d8eb2b3f9b1ba1e8508b9b8274d8c8173b7798a.json,156acfaa2dc6c0b40af1fdec483da4ad47cdfed9df42fbf186273422faaa7c35,0,134263.0,True,2024-06-23,stats,False,False
2024,2017,LS029,Donna Vekic,Lucia Bronzetti,318516,322280,R32,6-3 6-4,completed,present,2024-06-23,2024-06-29,2024-06-23T14:46:37.953+00:00,False,2024-06-23T16:23:34.337+00:00,False,data/raw/wta/stats/_httpcache/2024/012d57018993e274d9c830430d8eb2b3f9b1ba1e8508b9b8274d8c8173b7798a.json,156acfaa2dc6c0b40af1fdec483da4ad47cdfed9df42fbf186273422faaa7c35,0,134266.0,True,2024-06-23,stats,False,False
2024,2017,LS030,Katerina Siniakova,Clara Burel,320301,325320,R32,6-3 6-7(7) 6-1,completed,present,2024-06-23,2024-06-29,2024-06-24T12:17:30.31+00:00,False,2024-06-24T15:02:17.257+00:00,False,data/raw/wta/stats/_httpcache/2024/012d57018993e274d9c830430d8eb2b3f9b1ba1e8508b9b8274d8c8173b7798a.json,156acfaa2dc6c0b40af1fdec483da4ad47cdfed9df42fbf186273422faaa7c35,0,134272.0,True,2024-06-24,stats,False,False
2024,2017,LS031,Liudmila Samsonova,Sara Sorribes Tormo,322222,318872,R32,6-3 6-1,completed,present,2024-06-23,2024-06-29,2024-06-24T09:48:17.39+00:00,False,2024-06-24T11:35:25.06+00:00,False,data/raw/wta/stats/_httpcache/2024/012d57018993e274d9c830430d8eb2b3f9b1ba1e8508b9b8274d8c8173b7798a.json,156acfaa2dc6c0b40af1fdec483da4ad47cdfed9df42fbf186273422faaa7c35,0,134271.0,True,2024-06-24,stats,False,False
2024,2036,LS001,Diana Shnaider,Aliaksandra Sasnovich,330482,317790,F,6-4 6-4,completed,present,2024-07-15,2024-07-21,2024-07-21T14:01:08.737+00:00,False,2024-07-21T15:46:25.087+00:00,False,data/raw/wta/stats/_httpcache/2024/b7ddea28d7aa95fc899bc75373cdb55bae03126ba6025318fe17364a46bf26fb.json,0fb9bfc862721b638a2d89003e86f22d9dbe717cf87730b39dd0c6d5284c74e4,0,134508.0,True,2024-07-21,stats,False,False
2024,2036,LS002,Diana Shnaider,Eva Lys,330482,325826,SF,6-3 6-3,completed,present,2024-07-15,2024-07-21,2024-07-20T14:03:49.147+00:00,False,2024-07-20T15:43:09.14+00:00,False,data/raw/wta/stats/_httpcache/2024/b7ddea28d7aa95fc899bc75373cdb55bae03126ba6025318fe17364a46bf26fb.json,0fb9bfc862721b638a2d89003e86f22d9dbe717cf87730b39dd0c6d5284c74e4,0,134483.0,True,2024-07-20,stats,False,False
2024,2036,LS003,Aliaksandra Sasnovich,Anna Karolina Schmiedlova,317790,318203,SF,6-3 3-6 7-5,completed,present,2024-07-15,2024-07-21,2024-07-20T10:46:27.26+00:00,False,2024-07-20T13:57:16.083+00:00,False,data/raw/wta/stats/_httpcache/2024/b7ddea28d7aa95fc899bc75373cdb55bae03126ba6025318fe17364a46bf26fb.json,0fb9bfc862721b638a2d89003e86f22d9dbe717cf87730b39dd0c6d5284c74e4,0,134482.0,True,2024-07-20,stats,False,False
2024,2036,LS004,Diana Shnaider,Ella Seidel,330482,330548,QF,6-4 6-2,completed,present,2024-07-15,2024-07-21,2024-07-19T15:03:07.67+00:00,False,2024-07-19T16:29:52.143+00:00,False,data/raw/wta/stats/_httpcache/2024/b7ddea28d7aa95fc899bc75373cdb55bae03126ba6025318fe17364a46bf26fb.json,0fb9bfc862721b638a2d89003e86f22d9dbe717cf87730b39dd0c6d5284c74e4,0,134464.0,True,2024-07-19,stats,False,False
2024,2036,LS005,Eva Lys,Rebecca Sramkova,325826,320228,QF,4-6 6-3 7-6(5),completed,present,2024-07-15,2024-07-21,2024-07-19T16:36:11.707+00:00,False,2024-07-19T19:15:31.263+00:00,False,data/raw/wta/stats/_httpcache/2024/b7ddea28d7aa95fc899bc75373cdb55bae03126ba6025318fe17364a46bf26fb.json,0fb9bfc862721b638a2d89003e86f22d9dbe717cf87730b39dd0c6d5284c74e4,0,134465.0,True,2024-07-19,stats,False,False
2024,2036,LS006,Anna Karolina Schmiedlova,Elina Avanesyan,318203,327620,QF,2-6 6-3 6-2,completed,present,2024-07-15,2024-07-21,2024-07-19T10:47:46.367+00:00,False,2024-07-19T13:17:26.12+00:00,False,data/raw/wta/stats/_httpcache/2024/b7ddea28d7aa95fc899bc75373cdb55bae03126ba6025318fe17364a46bf26fb.json,0fb9bfc862721b638a2d89003e86f22d9dbe717cf87730b39dd0c6d5284c74e4,0,134463.0,True,2024-07-19,stats,False,False
2024,2036,LS007,Aliaksandra Sasnovich,Suzan Lamens,317790,324898,QF,6-4 2-6 6-4,completed,present,2024-07-15,2024-07-21,2024-07-19T07:49:09.677+00:00,False,2024-07-19T10:44:42.71+00:00,False,data/raw/wta/stats/_httpcache/2024/b7ddea28d7aa95fc899bc75373cdb55bae03126ba6025318fe17364a46bf26fb.json,0fb9bfc862721b638a2d89003e86f22d9dbe717cf87730b39dd0c6d5284c74e4,0,134462.0,True,2024-07-19,stats,False,False
2024,2036,LS008,Diana Shnaider,Ekaterina Makarova,330482,328308,R16,6-3 6-3,completed,present,2024-07-15,2024-07-21,2024-07-18T12:21:42.07+00:00,False,2024-07-18T13:58:12.86+00:00,False,data/raw/wta/stats/_httpcache/2024/b7ddea28d7aa95fc899bc75373cdb55bae03126ba6025318fe17364a46bf26fb.json,0fb9bfc862721b638a2d89003e86f22d9dbe717cf87730b39dd0c6d5284c74e4,0,134456.0,True,2024-07-18,stats,False,False
2024,2036,LS009,Ella Seidel,Anna Bondar,330548,322942,R16,7-5 7-5,completed,present,2024-07-15,2024-07-21,2024-07-18T14:11:37.617+00:00,False,2024-07-18T16:17:05.9+00:00,False,data/raw/wta/stats/_httpcache/2024/b7ddea28d7aa95fc899bc75373cdb55bae03126ba6025318fe17364a46bf26fb.json,0fb9bfc862721b638a2d89003e86f22d9dbe717cf87730b39dd0c6d5284c74e4,0,134457.0,True,2024-07-18,stats,False,False
2024,2036,LS010,Rebecca Sramkova,Xiyu Wang,320228,326160,R16,7-6(4) 6-3,completed,present,2024-07-15,2024-07-21,2024-07-18T09:51:47.737+00:00,False,2024-07-18T12:16:14.823+00:00,False,data/raw/wta/stats/_httpcache/2024/b7ddea28d7aa95fc899bc75373cdb55bae03126ba6025318fe17364a46bf26fb.json,0fb9bfc862721b638a2d89003e86f22d9dbe717cf87730b39dd0c6d5284c74e4,0,134455.0,True,2024-07-18,stats,False,False
2024,2036,LS012,Elina Avanesyan,Rebeka Masarova,327620,322087,R16,2-6 7-5 6-1,completed,present,2024-07-15,2024-07-21,2024-07-17T11:53:26.063+00:00,False,2024-07-17T14:39:15.18+00:00,False,data/raw/wta/stats/_httpcache/2024/b7ddea28d7aa95fc899bc75373cdb55bae03126ba6025318fe17364a46bf26fb.json,0fb9bfc862721b638a2d89003e86f22d9dbe717cf87730b39dd0c6d5284c74e4,0,134448.0,True,2024-07-17,stats,False,False
2024,2036,LS013,Anna Karolina Schmiedlova,Sara Sorribes Tormo,318203,318872,R16,2-6 6-2 6-2,completed,present,2024-07-15,2024-07-21,2024-07-17T14:48:34.37+00:00,False,2024-07-17T17:19:08.787+00:00,False,data/raw/wta/stats/_httpcache/2024/b7ddea28d7aa95fc899bc75373cdb55bae03126ba6025318fe17364a46bf26fb.json,0fb9bfc862721b638a2d89003e86f22d9dbe717cf87730b39dd0c6d5284c74e4,0,134449.0,True,2024-07-17,stats,False,False
2024,2036,LS014,Suzan Lamens,Carole Monnet,324898,325991,R16,6-4 6-0,completed,present,2024-07-15,2024-07-21,2024-07-17T09:57:51.557+00:00,False,2024-07-17T11:44:13.257+00:00,False,data/raw/wta/stats/_httpcache/2024/b7ddea28d7aa95fc899bc75373cdb55bae03126ba6025318fe17364a46bf26fb.json,0fb9bfc862721b638a2d89003e86f22d9dbe717cf87730b39dd0c6d5284c74e4,0,134447.0,True,2024-07-17,stats,False,False
2024,2036,LS015,Aliaksandra Sasnovich,Maria Timofeeva,317790,328896,R16,6-3 6-4,completed,present,2024-07-15,2024-07-21,2024-07-17T07:48:15.333+00:00,False,2024-07-17T09:53:39.92+00:00,False,data/raw/wta/stats/_httpcache/2024/b7ddea28d7aa95fc899bc75373cdb55bae03126ba6025318fe17364a46bf26fb.json,0fb9bfc862721b638a2d89003e86f22d9dbe717cf87730b39dd0c6d5284c74e4,0,134446.0,True,2024-07-17,stats,False,False
2024,2036,LS016,Diana Shnaider,Fanny Stollar,330482,323231,R32,6-3 3-6 6-4,completed,present,2024-07-15,2024-07-21,2024-07-16T09:34:28.177+00:00,False,2024-07-16T11:56:20.35+00:00,False,data/raw/wta/stats/_httpcache/2024/b7ddea28d7aa95fc899bc75373cdb55bae03126ba6025318fe17364a46bf26fb.json,0fb9bfc862721b638a2d89003e86f22d9dbe717cf87730b39dd0c6d5284c74e4,0,134433.0,True,2024-07-16,stats,False,False
2024,2036,LS017,Ekaterina Makarova,Timea Babos,328308,317070,R32,6-3 6-1,completed,present,2024-07-15,2024-07-21,2024-07-16T07:45:22.53+00:00,False,2024-07-16T09:27:56.13+00:00,False,data/raw/wta/stats/_httpcache/2024/b7ddea28d7aa95fc899bc75373cdb55bae03126ba6025318fe17364a46bf26fb.json,0fb9bfc862721b638a2d89003e86f22d9dbe717cf87730b39dd0c6d5284c74e4,0,134429.0,True,2024-07-16,stats,False,False
2024,2036,LS018,Anna Bondar,Olga Danilovic,322942,324934,R32,7-6(5) 6-4,completed,present,2024-07-15,2024-07-21,2024-07-16T14:48:34.57+00:00,False,2024-07-16T17:07:05.687+00:00,False,data/raw/wta/stats/_httpcache/2024/b7ddea28d7aa95fc899bc75373cdb55bae03126ba6025318fe17364a46bf26fb.json,0fb9bfc862721b638a2d89003e86f22d9dbe717cf87730b39dd0c6d5284c74e4,0,134435.0,True,2024-07-16,stats,False,False
2024,2036,LS020,Xiyu Wang,Anca Todoni,326160,330442,R32,7-6(4) 7-5,completed,present,2024-07-15,2024-07-21,2024-07-16T12:03:50.813+00:00,False,2024-07-16T14:36:09.977+00:00,False,data/raw/wta/stats/_httpcache/2024/b7ddea28d7aa95fc899bc75373cdb55bae03126ba6025318fe17364a46bf26fb.json,0fb9bfc862721b638a2d89003e86f22d9dbe717cf87730b39dd0c6d5284c74e4,0,134434.0,True,2024-07-16,stats,False,False
2024,2036,LS021,Rebecca Sramkova,Miriam Bulgaru,320228,323119,R32,6-3 4-6 6-4,completed,present,2024-07-15,2024-07-21,2024-07-16T07:50:11.453+00:00,False,2024-07-16T10:50:09.917+00:00,False,data/raw/wta/stats/_httpcache/2024/b7ddea28d7aa95fc899bc75373cdb55bae03126ba6025318fe17364a46bf26fb.json,0fb9bfc862721b638a2d89003e86f22d9dbe717cf87730b39dd0c6d5284c74e4,0,134431.0,True,2024-07-16,stats,False,False
2024,2036,LS022,Bernarda Pera,Tamara Korpatsch,317708,319571,R32,7-5 2-6 6-2,completed,present,2024-07-15,2024-07-21,2024-07-16T09:24:26.073+00:00,False,2024-07-16T12:29:29.227+00:00,False,data/raw/wta/stats/_httpcache/2024/b7ddea28d7aa95fc899bc75373cdb55bae03126ba6025318fe17364a46bf26fb.json,0fb9bfc862721b638a2d89003e86f22d9dbe717cf87730b39dd0c6d5284c74e4,0,134432.0,True,2024-07-16,stats,False,False
2024,2036,LS023,Eva Lys,Nadia Podoroska,325826,319112,R32,6-3 6-0,completed,present,2024-07-15,2024-07-21,2024-07-16T07:49:58.143+00:00,False,2024-07-16T09:18:52.02+00:00,False,data/raw/wta/stats/_httpcache/2024/b7ddea28d7aa95fc899bc75373cdb55bae03126ba6025318fe17364a46bf26fb.json,0fb9bfc862721b638a2d89003e86f22d9dbe717cf87730b39dd0c6d5284c74e4,0,134430.0,True,2024-07-16,stats,False,False
2024,2036,LS024,Elina Avanesyan,Magdalena Frech,327620,320277,R32,7-6(5) 6-4,completed,present,2024-07-15,2024-07-21,2024-07-15T07:44:43.957+00:00,False,2024-07-15T10:05:30.597+00:00,False,data/raw/wta/stats/_httpcache/2024/b7ddea28d7aa95fc899bc75373cdb55bae03126ba6025318fe17364a46bf26fb.json,0fb9bfc862721b638a2d89003e86f22d9dbe717cf87730b39dd0c6d5284c74e4,0,134418.0,True,2024-07-15,stats,False,False
2024,2036,LS025,Rebeka Masarova,Natalia Szabanin,322087,329624,R32,6-2 6-3,completed,present,2024-07-15,2024-07-21,2024-07-15T10:14:30.637+00:00,False,2024-07-15T11:48:49.633+00:00,False,data/raw/wta/stats/_httpcache/2024/b7ddea28d7aa95fc899bc75373cdb55bae03126ba6025318fe17364a46bf26fb.json,0fb9bfc862721b638a2d89003e86f22d9dbe717cf87730b39dd0c6d5284c74e4,0,134420.0,True,2024-07-15,stats,False,False
2024,2036,LS026,Anna Karolina Schmiedlova,Kamilla Rakhimova,318203,325936,R32,3-6 6-4 6-0,completed,present,2024-07-15,2024-07-21,2024-07-15T10:54:27.653+00:00,False,2024-07-15T13:07:36.82+00:00,False,data/raw/wta/stats/_httpcache/2024/b7ddea28d7aa95fc899bc75373cdb55bae03126ba6025318fe17364a46bf26fb.json,0fb9bfc862721b638a2d89003e86f22d9dbe717cf87730b39dd0c6d5284c74e4,0,134421.0,True,2024-07-15,stats,False,False
2024,2036,LS027,Sara Sorribes Tormo,Gergana Topalova,318872,325374,R32,4-6 6-3 7-5,completed,present,2024-07-15,2024-07-21,2024-07-15T11:58:31.85+00:00,False,2024-07-15T15:39:32.36+00:00,False,data/raw/wta/stats/_httpcache/2024/b7ddea28d7aa95fc899bc75373cdb55bae03126ba6025318fe17364a46bf26fb.json,0fb9bfc862721b638a2d89003e86f22d9dbe717cf87730b39dd0c6d5284c74e4,0,134422.0,True,2024-07-15,stats,False,False
2024,2036,LS028,Suzan Lamens,Varvara Gracheva,324898,325836,R32,6-3 6-0,completed,present,2024-07-15,2024-07-21,2024-07-15T07:40:40.19+00:00,False,2024-07-15T09:23:13.127+00:00,False,data/raw/wta/stats/_httpcache/2024/b7ddea28d7aa95fc899bc75373cdb55bae03126ba6025318fe17364a46bf26fb.json,0fb9bfc862721b638a2d89003e86f22d9dbe717cf87730b39dd0c6d5284c74e4,0,134417.0,True,2024-07-15,stats,False,False
2024,2036,LS029,Carole Monnet,Amarissa Toth,325991,328131,R32,6-1 6-1,completed,present,2024-07-15,2024-07-21,2024-07-15T09:28:54.29+00:00,False,2024-07-15T10:52:39.863+00:00,False,data/raw/wta/stats/_httpcache/2024/b7ddea28d7aa95fc899bc75373cdb55bae03126ba6025318fe17364a46bf26fb.json,0fb9bfc862721b638a2d89003e86f22d9dbe717cf87730b39dd0c6d5284c74e4,0,134419.0,True,2024-07-15,stats,False,False
2024,2036,LS030,Maria Timofeeva,Simona Waltert,328896,325771,R32,7-5 7-6(3),completed,present,2024-07-15,2024-07-21,2024-07-15T13:11:12.56+00:00,False,2024-07-15T15:47:40.127+00:00,False,data/raw/wta/stats/_httpcache/2024/b7ddea28d7aa95fc899bc75373cdb55bae03126ba6025318fe17364a46bf26fb.json,0fb9bfc862721b638a2d89003e86f22d9dbe717cf87730b39dd0c6d5284c74e4,0,134423.0,True,2024-07-15,stats,False,False
2024,2036,LS031,Aliaksandra Sasnovich,Viktoriya Tomova,317790,317584,R32,2-6 6-2 6-4,completed,present,2024-07-15,2024-07-21,2024-07-15T15:45:25.487+00:00,False,2024-07-15T18:05:22.083+00:00,False,data/raw/wta/stats/_httpcache/2024/b7ddea28d7aa95fc899bc75373cdb55bae03126ba6025318fe17364a46bf26fb.json,0fb9bfc862721b638a2d89003e86f22d9dbe717cf87730b39dd0c6d5284c74e4,0,134424.0,True,2024-07-15,stats,False,False
2024,2040,LS001,McCartney Kessler,Beatriz Haddad Maia,326678,318176,F,1-6 6-1 7-5,completed,present,2024-08-18,2024-08-24,2024-08-24T18:16:54.76+00:00,False,2024-08-24T20:45:01.023+00:00,False,data/raw/wta/stats/_httpcache/2024/c1ee1e00f91056c4118a5bbf8e4a0952380c5ea8250311358946e654c1a4f3dd.json,76e5cb9d9509be2f617b42722fffead4dac5561aef17450bd0b61cedc7685ed5,0,134930.0,True,2024-08-24,stats,False,False
2024,2040,LS002,Beatriz Haddad Maia,Katerina Siniakova,318176,320301,SF,6-3 2-6 6-2,completed,present,2024-08-18,2024-08-24,2024-08-23T23:57:27.677+00:00,False,2024-08-24T02:24:05.317+00:00,False,data/raw/wta/stats/_httpcache/2024/c1ee1e00f91056c4118a5bbf8e4a0952380c5ea8250311358946e654c1a4f3dd.json,76e5cb9d9509be2f617b42722fffead4dac5561aef17450bd0b61cedc7685ed5,0,134928.0,True,2024-08-23,stats,False,False
2024,2040,LS003,McCartney Kessler,Anastasia Potapova,326678,325601,SF,4-6 6-3 6-3,completed,present,2024-08-18,2024-08-24,2024-08-23T21:21:19.613+00:00,False,2024-08-23T23:54:38.217+00:00,False,data/raw/wta/stats/_httpcache/2024/c1ee1e00f91056c4118a5bbf8e4a0952380c5ea8250311358946e654c1a4f3dd.json,76e5cb9d9509be2f617b42722fffead4dac5561aef17450bd0b61cedc7685ed5,0,134927.0,True,2024-08-23,stats,False,False
2024,2040,LS004,Beatriz Haddad Maia,Clara Burel,318176,325320,QF,6-2 6-2,completed,present,2024-08-18,2024-08-24,2024-08-22T18:21:10.573+00:00,False,2024-08-22T19:55:13.57+00:00,False,data/raw/wta/stats/_httpcache/2024/c1ee1e00f91056c4118a5bbf8e4a0952380c5ea8250311358946e654c1a4f3dd.json,76e5cb9d9509be2f617b42722fffead4dac5561aef17450bd0b61cedc7685ed5,0,134922.0,True,2024-08-22,stats,False,False
2024,2040,LS005,Katerina Siniakova,Peyton Stearns,320301,327573,QF,1-6 6-3 6-4,completed,present,2024-08-18,2024-08-24,2024-08-22T22:21:42.867+00:00,False,2024-08-23T00:43:58.513+00:00,False,data/raw/wta/stats/_httpcache/2024/c1ee1e00f91056c4118a5bbf8e4a0952380c5ea8250311358946e654c1a4f3dd.json,76e5cb9d9509be2f617b42722fffead4dac5561aef17450bd0b61cedc7685ed5,0,134923.0,True,2024-08-22,stats,False,False
2024,2040,LS006,McCartney Kessler,Arantxa Rus,326678,313349,QF,6-4 6-2,completed,present,2024-08-18,2024-08-24,2024-08-22T16:26:21.237+00:00,False,2024-08-22T18:04:49.313+00:00,False,data/raw/wta/stats/_httpcache/2024/c1ee1e00f91056c4118a5bbf8e4a0952380c5ea8250311358946e654c1a4f3dd.json,76e5cb9d9509be2f617b42722fffead4dac5561aef17450bd0b61cedc7685ed5,0,134921.0,True,2024-08-22,stats,False,False
2024,2040,LS007,Anastasia Potapova,Ana Bogdan,325601,315427,QF,6-2 6-1,completed,present,2024-08-18,2024-08-24,2024-08-22T14:52:43.873+00:00,False,2024-08-22T16:25:30.35+00:00,False,data/raw/wta/stats/_httpcache/2024/c1ee1e00f91056c4118a5bbf8e4a0952380c5ea8250311358946e654c1a4f3dd.json,76e5cb9d9509be2f617b42722fffead4dac5561aef17450bd0b61cedc7685ed5,0,134920.0,True,2024-08-22,stats,False,False
2024,2040,LS008,Beatriz Haddad Maia,Cristina Bucsa,318176,321158,R16,6-2 6-1,completed,present,2024-08-18,2024-08-24,2024-08-21T18:47:47.32+00:00,False,2024-08-21T20:30:28.02+00:00,False,data/raw/wta/stats/_httpcache/2024/c1ee1e00f91056c4118a5bbf8e4a0952380c5ea8250311358946e654c1a4f3dd.json,76e5cb9d9509be2f617b42722fffead4dac5561aef17450bd0b61cedc7685ed5,0,134910.0,True,2024-08-21,stats,False,False
2024,2040,LS009,Clara Burel,Sofia Kenin,325320,320942,R16,6-4 6-3,completed,present,2024-08-18,2024-08-24,2024-08-21T22:23:14.427+00:00,False,2024-08-22T00:03:58.437+00:00,False,data/raw/wta/stats/_httpcache/2024/c1ee1e00f91056c4118a5bbf8e4a0952380c5ea8250311358946e654c1a4f3dd.json,76e5cb9d9509be2f617b42722fffead4dac5561aef17450bd0b61cedc7685ed5,0,134912.0,True,2024-08-21,stats,False,False
2024,2040,LS010,Katerina Siniakova,Jessica Bouzas Maneiro,320301,328139,R16,2-6 1-1 7-6(2),incomplete-or-invalid-score,present,2024-08-18,2024-08-24,2024-08-21T19:05:59.853+00:00,False,2025-01-28T16:21:44.287+00:00,False,data/raw/wta/stats/_httpcache/2024/c1ee1e00f91056c4118a5bbf8e4a0952380c5ea8250311358946e654c1a4f3dd.json,76e5cb9d9509be2f617b42722fffead4dac5561aef17450bd0b61cedc7685ed5,0,134911.0,True,2024-08-21,stats,False,False
2024,2040,LS011,Peyton Stearns,Sara Sorribes Tormo,327573,318872,R16,6-3 6-2,completed,present,2024-08-18,2024-08-24,2024-08-22T00:06:16.317+00:00,False,2024-08-22T01:46:06.853+00:00,False,data/raw/wta/stats/_httpcache/2024/c1ee1e00f91056c4118a5bbf8e4a0952380c5ea8250311358946e654c1a4f3dd.json,76e5cb9d9509be2f617b42722fffead4dac5561aef17450bd0b61cedc7685ed5,0,134919.0,True,2024-08-22,stats,False,False
2024,2040,LS012,Arantxa Rus,Viktoriya Tomova,313349,317584,R16,6-3 6-3,completed,present,2024-08-18,2024-08-24,2024-08-21T14:48:43.233+00:00,False,2024-08-21T16:39:28.927+00:00,False,data/raw/wta/stats/_httpcache/2024/c1ee1e00f91056c4118a5bbf8e4a0952380c5ea8250311358946e654c1a4f3dd.json,76e5cb9d9509be2f617b42722fffead4dac5561aef17450bd0b61cedc7685ed5,0,134906.0,True,2024-08-21,stats,False,False
2024,2040,LS013,McCartney Kessler,Xinyu Wang,326678,326376,R16,3-6 6-4 6-2,completed,present,2024-08-18,2024-08-24,2024-08-21T14:49:28.997+00:00,False,2024-08-21T17:20:22.723+00:00,False,data/raw/wta/stats/_httpcache/2024/c1ee1e00f91056c4118a5bbf8e4a0952380c5ea8250311358946e654c1a4f3dd.json,76e5cb9d9509be2f617b42722fffead4dac5561aef17450bd0b61cedc7685ed5,0,134907.0,True,2024-08-21,stats,False,False
2024,2040,LS014,Anastasia Potapova,Clara Tauson,325601,327793,R16,6-2 6-2,completed,present,2024-08-18,2024-08-24,2024-08-21T17:24:01.587+00:00,False,2024-08-21T18:45:16.12+00:00,False,data/raw/wta/stats/_httpcache/2024/c1ee1e00f91056c4118a5bbf8e4a0952380c5ea8250311358946e654c1a4f3dd.json,76e5cb9d9509be2f617b42722fffead4dac5561aef17450bd0b61cedc7685ed5,0,134909.0,True,2024-08-21,stats,False,False
2024,2040,LS015,Ana Bogdan,Greet Minnen,315427,321454,R16,7-6(3) 6-3,completed,ambiguous,2024-08-18,2024-08-24,2024-08-21T16:41:41.753+00:00,False,2024-08-21T19:02:41.47+00:00,False,data/raw/wta/stats/_httpcache/2024/c1ee1e00f91056c4118a5bbf8e4a0952380c5ea8250311358946e654c1a4f3dd.json,76e5cb9d9509be2f617b42722fffead4dac5561aef17450bd0b61cedc7685ed5,0,,,,,False,False
2024,2040,LS016,Beatriz Haddad Maia,Viktorija Golubic,318176,316296,R32,6-3 7-5,completed,present,2024-08-18,2024-08-24,2024-08-20T22:21:40.733+00:00,False,2024-08-21T00:35:11.757+00:00,False,data/raw/wta/stats/_httpcache/2024/c1ee1e00f91056c4118a5bbf8e4a0952380c5ea8250311358946e654c1a4f3dd.json,76e5cb9d9509be2f617b42722fffead4dac5561aef17450bd0b61cedc7685ed5,0,134898.0,True,2024-08-20,stats,False,False
2024,2040,LS017,Cristina Bucsa,Martina Trevisan,321158,316266,R32,6-2 6-4,completed,present,2024-08-18,2024-08-24,2024-08-19T17:44:17.677+00:00,False,2024-08-19T19:35:11.837+00:00,False,data/raw/wta/stats/_httpcache/2024/c1ee1e00f91056c4118a5bbf8e4a0952380c5ea8250311358946e654c1a4f3dd.json,76e5cb9d9509be2f617b42722fffead4dac5561aef17450bd0b61cedc7685ed5,0,134883.0,True,2024-08-19,stats,False,False
2024,2040,LS018,Clara Burel,Elvina Kalieva,325320,327834,R32,6-3 6-2,completed,present,2024-08-18,2024-08-24,2024-08-19T16:11:04.637+00:00,False,2024-08-19T17:42:51.523+00:00,False,data/raw/wta/stats/_httpcache/2024/c1ee1e00f91056c4118a5bbf8e4a0952380c5ea8250311358946e654c1a4f3dd.json,76e5cb9d9509be2f617b42722fffead4dac5561aef17450bd0b61cedc7685ed5,0,134880.0,True,2024-08-19,stats,False,False
2024,2040,LS019,Sofia Kenin,Katie Volynets,320942,327391,R32,6-2 2-6 7-5,completed,present,2024-08-18,2024-08-24,2024-08-20T00:08:12.343+00:00,False,2024-08-20T02:41:10.143+00:00,False,data/raw/wta/stats/_httpcache/2024/c1ee1e00f91056c4118a5bbf8e4a0952380c5ea8250311358946e654c1a4f3dd.json,76e5cb9d9509be2f617b42722fffead4dac5561aef17450bd0b61cedc7685ed5,0,134891.0,True,2024-08-20,stats,False,False
2024,2040,LS020,Katerina Siniakova,Sayaka Ishii,320301,331963,R32,6-7(5) 6-3 7-6(5),completed,present,2024-08-18,2024-08-24,2024-08-20T14:59:38.513+00:00,False,2024-08-20T18:01:02.497+00:00,False,data/raw/wta/stats/_httpcache/2024/c1ee1e00f91056c4118a5bbf8e4a0952380c5ea8250311358946e654c1a4f3dd.json,76e5cb9d9509be2f617b42722fffead4dac5561aef17450bd0b61cedc7685ed5,0,134894.0,True,2024-08-20,stats,False,False
2024,2040,LS021,Jessica Bouzas Maneiro,Varvara Gracheva,328139,325836,R32,4-6 6-3 6-2,completed,present,2024-08-18,2024-08-24,2024-08-20T14:51:07.587+00:00,False,2024-08-20T17:22:50.7+00:00,False,data/raw/wta/stats/_httpcache/2024/c1ee1e00f91056c4118a5bbf8e4a0952380c5ea8250311358946e654c1a4f3dd.json,76e5cb9d9509be2f617b42722fffead4dac5561aef17450bd0b61cedc7685ed5,0,134893.0,True,2024-08-20,stats,False,False
2024,2040,LS022,Sara Sorribes Tormo,Yafan Wang,318872,317510,R32,6-4 6-1,completed,present,2024-08-18,2024-08-24,2024-08-20T14:51:02.43+00:00,False,2024-08-20T16:43:20.547+00:00,False,data/raw/wta/stats/_httpcache/2024/c1ee1e00f91056c4118a5bbf8e4a0952380c5ea8250311358946e654c1a4f3dd.json,76e5cb9d9509be2f617b42722fffead4dac5561aef17450bd0b61cedc7685ed5,0,134892.0,True,2024-08-20,stats,False,False
2024,2040,LS023,Peyton Stearns,Moyuka Uchijima,327573,327241,R32,6-0 1-6 6-1,completed,present,2024-08-18,2024-08-24,2024-08-20T16:45:53.083+00:00,False,2024-08-20T18:35:31.393+00:00,False,data/raw/wta/stats/_httpcache/2024/c1ee1e00f91056c4118a5bbf8e4a0952380c5ea8250311358946e654c1a4f3dd.json,76e5cb9d9509be2f617b42722fffead4dac5561aef17450bd0b61cedc7685ed5,0,134895.0,True,2024-08-20,stats,False,False
2024,2040,LS024,Viktoriya Tomova,Lauren Davis,317584,317414,R32,6-1 6-4,completed,present,2024-08-18,2024-08-24,2024-08-19T22:22:35.067+00:00,False,2024-08-20T00:05:55.22+00:00,False,data/raw/wta/stats/_httpcache/2024/c1ee1e00f91056c4118a5bbf8e4a0952380c5ea8250311358946e654c1a4f3dd.json,76e5cb9d9509be2f617b42722fffead4dac5561aef17450bd0b61cedc7685ed5,0,134884.0,True,2024-08-19,stats,False,False
2024,2040,LS025,Arantxa Rus,Lucia Bronzetti,313349,322280,R32,6-3 7-6(4),completed,present,2024-08-18,2024-08-24,2024-08-19T14:48:07.743+00:00,False,2024-08-19T17:08:36.237+00:00,False,data/raw/wta/stats/_httpcache/2024/c1ee1e00f91056c4118a5bbf8e4a0952380c5ea8250311358946e654c1a4f3dd.json,76e5cb9d9509be2f617b42722fffead4dac5561aef17450bd0b61cedc7685ed5,0,134878.0,True,2024-08-19,stats,False,False
2024,2040,LS026,McCartney Kessler,Katrina Scott,326678,329115,R32,6-1 4-6 6-4,completed,present,2024-08-18,2024-08-24,2024-08-19T16:18:59.75+00:00,False,2024-08-19T18:28:25.467+00:00,False,data/raw/wta/stats/_httpcache/2024/c1ee1e00f91056c4118a5bbf8e4a0952380c5ea8250311358946e654c1a4f3dd.json,76e5cb9d9509be2f617b42722fffead4dac5561aef17450bd0b61cedc7685ed5,0,134881.0,True,2024-08-19,stats,False,False
2024,2040,LS027,Xinyu Wang,Anna Blinkova,326376,324267,R32,6-1 6-1,completed,present,2024-08-18,2024-08-24,2024-08-19T14:46:32.667+00:00,False,2024-08-19T16:08:01.97+00:00,False,data/raw/wta/stats/_httpcache/2024/c1ee1e00f91056c4118a5bbf8e4a0952380c5ea8250311358946e654c1a4f3dd.json,76e5cb9d9509be2f617b42722fffead4dac5561aef17450bd0b61cedc7685ed5,0,134877.0,True,2024-08-19,stats,False,False
2024,2040,LS028,Anastasia Potapova,Diane Parry,325601,327077,R32,6-3 6-2,completed,present,2024-08-18,2024-08-24,2024-08-19T14:49:40.213+00:00,False,2024-08-19T16:15:20.38+00:00,False,data/raw/wta/stats/_httpcache/2024/c1ee1e00f91056c4118a5bbf8e4a0952380c5ea8250311358946e654c1a4f3dd.json,76e5cb9d9509be2f617b42722fffead4dac5561aef17450bd0b61cedc7685ed5,0,134879.0,True,2024-08-19,stats,False,False
2024,2040,LS029,Clara Tauson,Anna Karolina Schmiedlova,327793,318203,R32,3-6 6-3 6-2,completed,present,2024-08-18,2024-08-24,2024-08-19T17:12:14.857+00:00,False,2024-08-19T19:42:28.99+00:00,False,data/raw/wta/stats/_httpcache/2024/c1ee1e00f91056c4118a5bbf8e4a0952380c5ea8250311358946e654c1a4f3dd.json,76e5cb9d9509be2f617b42722fffead4dac5561aef17450bd0b61cedc7685ed5,0,134882.0,True,2024-08-19,stats,False,False
2024,2040,LS030,Greet Minnen,Jaqueline Cristian,321454,320319,R32,6-3 7-6(5),completed,present,2024-08-18,2024-08-24,2024-08-20T18:04:36.553+00:00,False,2024-08-20T20:01:50.017+00:00,False,data/raw/wta/stats/_httpcache/2024/c1ee1e00f91056c4118a5bbf8e4a0952380c5ea8250311358946e654c1a4f3dd.json,76e5cb9d9509be2f617b42722fffead4dac5561aef17450bd0b61cedc7685ed5,0,134896.0,True,2024-08-20,stats,False,False
2024,2040,LS031,Ana Bogdan,Leylah Fernandez,315427,326735,R32,1-6 7-6(2) 6-2,completed,present,2024-08-18,2024-08-24,2024-08-20T18:39:52.047+00:00,False,2024-08-20T21:23:34.833+00:00,False,data/raw/wta/stats/_httpcache/2024/c1ee1e00f91056c4118a5bbf8e4a0952380c5ea8250311358946e654c1a4f3dd.json,76e5cb9d9509be2f617b42722fffead4dac5561aef17450bd0b61cedc7685ed5,0,134897.0,True,2024-08-20,stats,False,False
2024,2050,LS001,Karolina Pliskova,Ana Bogdan,313974,315427,F,6-4 6-3,completed,present,2024-02-05,2024-02-11,2024-02-11T15:21:09.237+00:00,False,2024-02-11T17:02:25.093+00:00,False,data/raw/wta/stats/_httpcache/2024/ad12f4ae9700a3c37f84e1ae1782a578c7c46c3e157573f6956b4509a262c80e.json,cb398e11b16dc1197a24d9fa62457ab600d6f88d9401c32f46ba200e58a4fce5,0,132561.0,True,2024-02-05,historical,False,False
2024,2050,LS002,Ana Bogdan,Jaqueline Cristian,315427,320319,SF,6-3 3-6 6-4,completed,present,2024-02-05,2024-02-11,2024-02-10T12:53:02.267+00:00,False,2024-02-10T16:01:26.213+00:00,False,data/raw/wta/stats/_httpcache/2024/ad12f4ae9700a3c37f84e1ae1782a578c7c46c3e157573f6956b4509a262c80e.json,cb398e11b16dc1197a24d9fa62457ab600d6f88d9401c32f46ba200e58a4fce5,0,132560.0,True,2024-02-05,historical,False,False
2024,2050,LS003,Karolina Pliskova,Harriet Dart,313974,319489,SF,6-3 6-3,completed,present,2024-02-05,2024-02-11,2024-02-10T16:04:43.593+00:00,False,2024-02-10T17:43:43.027+00:00,False,data/raw/wta/stats/_httpcache/2024/ad12f4ae9700a3c37f84e1ae1782a578c7c46c3e157573f6956b4509a262c80e.json,cb398e11b16dc1197a24d9fa62457ab600d6f88d9401c32f46ba200e58a4fce5,0,132559.0,True,2024-02-05,historical,False,False
2024,2050,LS004,Ana Bogdan,Arantxa Rus,315427,313349,QF,3-6 7-6(6) 7-6(5),completed,present,2024-02-05,2024-02-11,2024-02-09T15:51:37.643+00:00,False,2024-02-09T19:36:15.98+00:00,False,data/raw/wta/stats/_httpcache/2024/ad12f4ae9700a3c37f84e1ae1782a578c7c46c3e157573f6956b4509a262c80e.json,cb398e11b16dc1197a24d9fa62457ab600d6f88d9401c32f46ba200e58a4fce5,0,132558.0,True,2024-02-05,historical,False,False
2024,2050,LS005,Jaqueline Cristian,Anastasija Sevastova,320319,313987,QF,6-3 7-5,completed,present,2024-02-05,2024-02-11,2024-02-09T13:48:03.613+00:00,False,2024-02-09T15:38:54.757+00:00,False,data/raw/wta/stats/_httpcache/2024/ad12f4ae9700a3c37f84e1ae1782a578c7c46c3e157573f6956b4509a262c80e.json,cb398e11b16dc1197a24d9fa62457ab600d6f88d9401c32f46ba200e58a4fce5,0,132557.0,True,2024-02-05,historical,False,False
2024,2050,LS006,Harriet Dart,Nuria Parrizas Diaz,319489,314359,QF,6-3 6-2,completed,present,2024-02-05,2024-02-11,2024-02-09T11:48:51.757+00:00,False,2024-02-09T13:45:52.473+00:00,False,data/raw/wta/stats/_httpcache/2024/ad12f4ae9700a3c37f84e1ae1782a578c7c46c3e157573f6956b4509a262c80e.json,cb398e11b16dc1197a24d9fa62457ab600d6f88d9401c32f46ba200e58a4fce5,0,132556.0,True,2024-02-05,historical,False,False
2024,2050,LS007,Karolina Pliskova,Sara Errani,313974,310761,QF,6-2 6-0,completed,present,2024-02-05,2024-02-11,2024-02-09T19:39:02.043+00:00,False,2024-02-09T20:53:53.047+00:00,False,data/raw/wta/stats/_httpcache/2024/ad12f4ae9700a3c37f84e1ae1782a578c7c46c3e157573f6956b4509a262c80e.json,cb398e11b16dc1197a24d9fa62457ab600d6f88d9401c32f46ba200e58a4fce5,0,132555.0,True,2024-02-05,historical,False,False
2024,2050,LS008,Arantxa Rus,Alizé Cornet,313349,312121,R16,4-6 6-4 6-0,completed,present,2024-02-05,2024-02-11,2024-02-07T15:44:16.1+00:00,False,2024-02-07T18:59:37.417+00:00,False,data/raw/wta/stats/_httpcache/2024/ad12f4ae9700a3c37f84e1ae1782a578c7c46c3e157573f6956b4509a262c80e.json,cb398e11b16dc1197a24d9fa62457ab600d6f88d9401c32f46ba200e58a4fce5,0,132554.0,True,2024-02-05,historical,False,False
2024,2050,LS009,Ana Bogdan,Erika Andreeva,315427,330151,R16,6-4 6-4,completed,present,2024-02-05,2024-02-11,2024-02-07T19:01:57.117+00:00,False,2024-02-07T21:03:20.673+00:00,False,data/raw/wta/stats/_httpcache/2024/ad12f4ae9700a3c37f84e1ae1782a578c7c46c3e157573f6956b4509a262c80e.json,cb398e11b16dc1197a24d9fa62457ab600d6f88d9401c32f46ba200e58a4fce5,0,132553.0,True,2024-02-05,historical,False,False
2024,2050,LS010,Jaqueline Cristian,Clara Tauson,320319,327793,R16,6-4 6-0,completed,present,2024-02-05,2024-02-11,2024-02-08T15:50:31.67+00:00,False,2024-02-08T17:29:20.793+00:00,False,data/raw/wta/stats/_httpcache/2024/ad12f4ae9700a3c37f84e1ae1782a578c7c46c3e157573f6956b4509a262c80e.json,cb398e11b16dc1197a24d9fa62457ab600d6f88d9401c32f46ba200e58a4fce5,0,132552.0,True,2024-02-05,historical,False,False
2024,2050,LS012,Harriet Dart,Elisabetta Cocciaretto,319489,327909,R16,5-7 7-5 6-3,completed,present,2024-02-05,2024-02-11,2024-02-08T08:43:02.497+00:00,False,2024-02-08T11:47:18.433+00:00,False,data/raw/wta/stats/_httpcache/2024/ad12f4ae9700a3c37f84e1ae1782a578c7c46c3e157573f6956b4509a262c80e.json,cb398e11b16dc1197a24d9fa62457ab600d6f88d9401c32f46ba200e58a4fce5,0,132550.0,True,2024-02-05,historical,False,False
2024,2050,LS013,Nuria Parrizas Diaz,Anna Blinkova,314359,324267,R16,6-1 3-6 6-4,completed,present,2024-02-05,2024-02-11,2024-02-07T13:14:38.013+00:00,False,2024-02-07T15:28:32.713+00:00,False,data/raw/wta/stats/_httpcache/2024/ad12f4ae9700a3c37f84e1ae1782a578c7c46c3e157573f6956b4509a262c80e.json,cb398e11b16dc1197a24d9fa62457ab600d6f88d9401c32f46ba200e58a4fce5,0,132549.0,True,2024-02-05,historical,False,False
2024,2050,LS014,Karolina Pliskova,Camila Osorio,313974,325898,R16,6-2 6-1,completed,present,2024-02-05,2024-02-11,2024-02-08T17:32:14.09+00:00,False,2024-02-08T18:40:48.05+00:00,False,data/raw/wta/stats/_httpcache/2024/ad12f4ae9700a3c37f84e1ae1782a578c7c46c3e157573f6956b4509a262c80e.json,cb398e11b16dc1197a24d9fa62457ab600d6f88d9401c32f46ba200e58a4fce5,0,132548.0,True,2024-02-05,historical,False,False
2024,2050,LS015,Sara Errani,Tatjana Maria,310761,310440,R16,6-0 6-1,completed,present,2024-02-05,2024-02-11,2024-02-08T13:58:25.22+00:00,False,2024-02-08T15:12:56.16+00:00,False,data/raw/wta/stats/_httpcache/2024/ad12f4ae9700a3c37f84e1ae1782a578c7c46c3e157573f6956b4509a262c80e.json,cb398e11b16dc1197a24d9fa62457ab600d6f88d9401c32f46ba200e58a4fce5,0,132547.0,True,2024-02-05,historical,False,False
2024,2050,LS016,Arantxa Rus,Greet Minnen,313349,321454,R32,7-5 6-1,completed,present,2024-02-05,2024-02-11,2024-02-05T18:14:13.583+00:00,False,2024-02-05T20:04:51.49+00:00,False,data/raw/wta/stats/_httpcache/2024/ad12f4ae9700a3c37f84e1ae1782a578c7c46c3e157573f6956b4509a262c80e.json,cb398e11b16dc1197a24d9fa62457ab600d6f88d9401c32f46ba200e58a4fce5,0,132546.0,True,2024-02-05,historical,False,False
2024,2050,LS017,Alizé Cornet,Yanina Wickmayer,312121,312536,R32,7-5 4-6 6-3,completed,present,2024-02-05,2024-02-11,2024-02-06T08:54:19.01+00:00,False,2024-02-06T11:59:48.79+00:00,False,data/raw/wta/stats/_httpcache/2024/ad12f4ae9700a3c37f84e1ae1782a578c7c46c3e157573f6956b4509a262c80e.json,cb398e11b16dc1197a24d9fa62457ab600d6f88d9401c32f46ba200e58a4fce5,0,132545.0,True,2024-02-05,historical,False,False
2024,2050,LS018,Erika Andreeva,Anca Todoni,330151,330442,R32,6-3 6-4,completed,present,2024-02-05,2024-02-11,2024-02-06T12:02:26.087+00:00,False,2024-02-06T13:54:24.143+00:00,False,data/raw/wta/stats/_httpcache/2024/ad12f4ae9700a3c37f84e1ae1782a578c7c46c3e157573f6956b4509a262c80e.json,cb398e11b16dc1197a24d9fa62457ab600d6f88d9401c32f46ba200e58a4fce5,0,132603.0,True,2024-02-06,stats,False,False
2024,2050,LS019,Ana Bogdan,Alycia Parks,315427,326007,R32,7-5 7-5,completed,present,2024-02-05,2024-02-11,2024-02-05T15:50:32.01+00:00,False,2024-02-05T18:11:42.457+00:00,False,data/raw/wta/stats/_httpcache/2024/ad12f4ae9700a3c37f84e1ae1782a578c7c46c3e157573f6956b4509a262c80e.json,cb398e11b16dc1197a24d9fa62457ab600d6f88d9401c32f46ba200e58a4fce5,0,132543.0,True,2024-02-05,historical,False,False
2024,2050,LS020,Clara Tauson,Nadia Podoroska,327793,319112,R32,6-3 6-1,completed,present,2024-02-05,2024-02-11,2024-02-05T10:28:39.267+00:00,False,2024-02-05T11:57:46.153+00:00,False,data/raw/wta/stats/_httpcache/2024/ad12f4ae9700a3c37f84e1ae1782a578c7c46c3e157573f6956b4509a262c80e.json,cb398e11b16dc1197a24d9fa62457ab600d6f88d9401c32f46ba200e58a4fce5,0,132542.0,True,2024-02-05,historical,False,False
2024,2050,LS021,Jaqueline Cristian,Marina Bassols Ribera,320319,324128,R32,6-3 6-2,completed,present,2024-02-05,2024-02-11,2024-02-06T15:43:36.707+00:00,False,2024-02-06T17:26:02.59+00:00,False,data/raw/wta/stats/_httpcache/2024/ad12f4ae9700a3c37f84e1ae1782a578c7c46c3e157573f6956b4509a262c80e.json,cb398e11b16dc1197a24d9fa62457ab600d6f88d9401c32f46ba200e58a4fce5,0,132541.0,True,2024-02-05,historical,False,False
2024,2050,LS022,Anastasija Sevastova,Andreea Mitu,313987,314050,R32,6-2 6-3,completed,present,2024-02-05,2024-02-11,2024-02-06T13:57:01.01+00:00,False,2024-02-06T15:40:30.46+00:00,False,data/raw/wta/stats/_httpcache/2024/ad12f4ae9700a3c37f84e1ae1782a578c7c46c3e157573f6956b4509a262c80e.json,cb398e11b16dc1197a24d9fa62457ab600d6f88d9401c32f46ba200e58a4fce5,0,132604.0,True,2024-02-06,stats,False,False
2024,2050,LS023,Elina Avanesyan,Tamara Korpatsch,327620,319571,R32,6-4 7-6(3),completed,present,2024-02-05,2024-02-11,2024-02-06T12:29:43.09+00:00,False,2024-02-06T14:46:19.547+00:00,False,data/raw/wta/stats/_httpcache/2024/ad12f4ae9700a3c37f84e1ae1782a578c7c46c3e157573f6956b4509a262c80e.json,cb398e11b16dc1197a24d9fa62457ab600d6f88d9401c32f46ba200e58a4fce5,0,132539.0,True,2024-02-05,historical,False,False
2024,2050,LS024,Elisabetta Cocciaretto,Emiliana Arango,327909,324789,R32,6-0 6-1,completed,present,2024-02-05,2024-02-11,2024-02-07T08:52:50.38+00:00,False,2024-02-07T10:15:55.28+00:00,False,data/raw/wta/stats/_httpcache/2024/ad12f4ae9700a3c37f84e1ae1782a578c7c46c3e157573f6956b4509a262c80e.json,cb398e11b16dc1197a24d9fa62457ab600d6f88d9401c32f46ba200e58a4fce5,0,132538.0,True,2024-02-05,historical,False,False
2024,2050,LS025,Harriet Dart,Anna Bondar,319489,322942,R32,6-4 7-6(0),completed,present,2024-02-05,2024-02-11,2024-02-06T08:52:27.507+00:00,False,2024-02-06T10:48:48.16+00:00,False,data/raw/wta/stats/_httpcache/2024/ad12f4ae9700a3c37f84e1ae1782a578c7c46c3e157573f6956b4509a262c80e.json,cb398e11b16dc1197a24d9fa62457ab600d6f88d9401c32f46ba200e58a4fce5,0,132537.0,True,2024-02-05,historical,False,False
2024,2050,LS026,Nuria Parrizas Diaz,Laura Siegemund,314359,310926,R32,6-4 6-4,completed,present,2024-02-05,2024-02-11,2024-02-05T08:46:11.09+00:00,False,2024-02-05T11:12:57.827+00:00,False,data/raw/wta/stats/_httpcache/2024/ad12f4ae9700a3c37f84e1ae1782a578c7c46c3e157573f6956b4509a262c80e.json,cb398e11b16dc1197a24d9fa62457ab600d6f88d9401c32f46ba200e58a4fce5,0,132536.0,True,2024-02-05,historical,False,False
2024,2050,LS027,Anna Blinkova,Simona Waltert,324267,325771,R32,6-3 6-0,completed,present,2024-02-05,2024-02-11,2024-02-05T13:15:55.503+00:00,False,2024-02-05T14:47:27.633+00:00,False,data/raw/wta/stats/_httpcache/2024/ad12f4ae9700a3c37f84e1ae1782a578c7c46c3e157573f6956b4509a262c80e.json,cb398e11b16dc1197a24d9fa62457ab600d6f88d9401c32f46ba200e58a4fce5,0,132535.0,True,2024-02-05,historical,False,False
2024,2050,LS028,Camila Osorio,Viktoriya Tomova,325898,317584,R32,6-2 6-4,completed,present,2024-02-05,2024-02-11,2024-02-05T08:43:33.74+00:00,False,2024-02-05T10:26:35.537+00:00,False,data/raw/wta/stats/_httpcache/2024/ad12f4ae9700a3c37f84e1ae1782a578c7c46c3e157573f6956b4509a262c80e.json,cb398e11b16dc1197a24d9fa62457ab600d6f88d9401c32f46ba200e58a4fce5,0,132534.0,True,2024-02-05,historical,False,False
2024,2050,LS029,Karolina Pliskova,Sinja Kraus,313974,327061,R32,6-4 7-6(6),completed,present,2024-02-05,2024-02-11,2024-02-06T17:28:47.643+00:00,False,2024-02-06T19:20:33.983+00:00,False,data/raw/wta/stats/_httpcache/2024/ad12f4ae9700a3c37f84e1ae1782a578c7c46c3e157573f6956b4509a262c80e.json,cb398e11b16dc1197a24d9fa62457ab600d6f88d9401c32f46ba200e58a4fce5,0,132533.0,True,2024-02-05,historical,False,False
2024,2050,LS030,Sara Errani,Caty McNally,310761,325725,R32,6-2 6-4,completed,present,2024-02-05,2024-02-11,2024-02-07T10:18:57.157+00:00,False,2024-02-07T11:51:25.653+00:00,False,data/raw/wta/stats/_httpcache/2024/ad12f4ae9700a3c37f84e1ae1782a578c7c46c3e157573f6956b4509a262c80e.json,cb398e11b16dc1197a24d9fa62457ab600d6f88d9401c32f46ba200e58a4fce5,0,132532.0,True,2024-02-05,historical,False,False
2024,2050,LS031,Tatjana Maria,Zhuoxuan Bai,310440,327196,R32,7-5 6-3,completed,present,2024-02-05,2024-02-11,2024-02-06T10:50:24.35+00:00,False,2024-02-06T12:27:44.347+00:00,False,data/raw/wta/stats/_httpcache/2024/ad12f4ae9700a3c37f84e1ae1782a578c7c46c3e157573f6956b4509a262c80e.json,cb398e11b16dc1197a24d9fa62457ab600d6f88d9401c32f46ba200e58a4fce5,0,132531.0,True,2024-02-05,historical,False,False
2024,2063,LS002,Mirra Andreeva,Olga Danilovic,331809,324934,SF,3-6 6-3 7-6(1),completed,present,2024-07-21,2024-07-26,2024-07-25T09:59:18.293+00:00,False,2024-07-25T12:52:06.7+00:00,False,data/raw/wta/stats/_httpcache/2024/be12c3f3d65f8b44f1536b4609e6b9249b4d51367102e3e91e7a29ba3f5d5afd.json,068d1c3c22ea804ed0ba61f516542b37107e240b31fef77627bce9e938f9cb2f,0,134591.0,True,2024-07-25,stats,False,False
2024,2063,LS003,Elina Avanesyan,Chloe Paquet,327620,318839,SF,6-2 6-3,completed,present,2024-07-21,2024-07-26,2024-07-25T12:55:29.007+00:00,False,2024-07-25T14:41:01.883+00:00,False,data/raw/wta/stats/_httpcache/2024/be12c3f3d65f8b44f1536b4609e6b9249b4d51367102e3e91e7a29ba3f5d5afd.json,068d1c3c22ea804ed0ba61f516542b37107e240b31fef77627bce9e938f9cb2f,0,134592.0,True,2024-07-25,stats,False,False
2024,2063,LS004,Mirra Andreeva,Lea Boskovic,331809,323171,QF,6-2 6-0,completed,present,2024-07-21,2024-07-26,2024-07-24T07:57:21.787+00:00,False,2024-07-24T09:17:06.377+00:00,False,data/raw/wta/stats/_httpcache/2024/be12c3f3d65f8b44f1536b4609e6b9249b4d51367102e3e91e7a29ba3f5d5afd.json,068d1c3c22ea804ed0ba61f516542b37107e240b31fef77627bce9e938f9cb2f,0,134578.0,True,2024-07-24,stats,False,False
2024,2063,LS005,Olga Danilovic,Anna Bondar,324934,322942,QF,7-5 6-2,completed,present,2024-07-21,2024-07-26,2024-07-24T09:21:43.233+00:00,False,2024-07-24T11:24:01.337+00:00,False,data/raw/wta/stats/_httpcache/2024/be12c3f3d65f8b44f1536b4609e6b9249b4d51367102e3e91e7a29ba3f5d5afd.json,068d1c3c22ea804ed0ba61f516542b37107e240b31fef77627bce9e938f9cb2f,0,134579.0,True,2024-07-24,stats,False,False
2024,2063,LS006,Elina Avanesyan,Jaqueline Cristian,327620,320319,QF,7-5 6-4,completed,present,2024-07-21,2024-07-26,2024-07-24T13:47:59.803+00:00,False,2024-07-25T09:57:24.097+00:00,False,data/raw/wta/stats/_httpcache/2024/be12c3f3d65f8b44f1536b4609e6b9249b4d51367102e3e91e7a29ba3f5d5afd.json,068d1c3c22ea804ed0ba61f516542b37107e240b31fef77627bce9e938f9cb2f,0,134581.0,True,2024-07-24,stats,False,False
2024,2063,LS007,Chloe Paquet,Selena Janicijevic,318839,329090,QF,0-6 6-2 6-1,completed,present,2024-07-21,2024-07-26,2024-07-24T11:26:51.98+00:00,False,2024-07-24T13:23:13.1+00:00,False,data/raw/wta/stats/_httpcache/2024/be12c3f3d65f8b44f1536b4609e6b9249b4d51367102e3e91e7a29ba3f5d5afd.json,068d1c3c22ea804ed0ba61f516542b37107e240b31fef77627bce9e938f9cb2f,0,134580.0,True,2024-07-24,stats,False,False
2024,2063,LS008,Mirra Andreeva,Aliaksandra Sasnovich,331809,317790,R16,6-1 6-3,completed,present,2024-07-21,2024-07-26,2024-07-23T11:53:40.317+00:00,False,2024-07-23T13:20:40.627+00:00,False,data/raw/wta/stats/_httpcache/2024/be12c3f3d65f8b44f1536b4609e6b9249b4d51367102e3e91e7a29ba3f5d5afd.json,068d1c3c22ea804ed0ba61f516542b37107e240b31fef77627bce9e938f9cb2f,0,134563.0,True,2024-07-23,stats,False,False
2024,2063,LS009,Lea Boskovic,Varvara Lepchenko,323171,120420,R16,6-3 6-4,completed,present,2024-07-21,2024-07-26,2024-07-23T10:28:51.567+00:00,False,2024-07-23T12:19:28.347+00:00,False,data/raw/wta/stats/_httpcache/2024/be12c3f3d65f8b44f1536b4609e6b9249b4d51367102e3e91e7a29ba3f5d5afd.json,068d1c3c22ea804ed0ba61f516542b37107e240b31fef77627bce9e938f9cb2f,0,134562.0,True,2024-07-23,stats,False,False
2024,2063,LS010,Olga Danilovic,Anca Todoni,324934,330442,R16,6-1 6-1,completed,present,2024-07-21,2024-07-26,2024-07-23T09:59:33.503+00:00,False,2024-07-23T11:22:08.07+00:00,False,data/raw/wta/stats/_httpcache/2024/be12c3f3d65f8b44f1536b4609e6b9249b4d51367102e3e91e7a29ba3f5d5afd.json,068d1c3c22ea804ed0ba61f516542b37107e240b31fef77627bce9e938f9cb2f,0,134561.0,True,2024-07-23,stats,False,False
2024,2063,LS011,Anna Bondar,Marina Bassols Ribera,322942,324128,R16,7-5 6-4,completed,present,2024-07-21,2024-07-26,2024-07-23T07:46:14.55+00:00,False,2024-07-23T10:25:13.653+00:00,False,data/raw/wta/stats/_httpcache/2024/be12c3f3d65f8b44f1536b4609e6b9249b4d51367102e3e91e7a29ba3f5d5afd.json,068d1c3c22ea804ed0ba61f516542b37107e240b31fef77627bce9e938f9cb2f,0,134558.0,True,2024-07-23,stats,False,False
2024,2063,LS012,Elina Avanesyan,Petra Martic,327620,313711,R16,6-2 5-7 6-4,completed,present,2024-07-21,2024-07-26,2024-07-23T09:59:05.74+00:00,False,2024-07-23T12:46:30.92+00:00,False,data/raw/wta/stats/_httpcache/2024/be12c3f3d65f8b44f1536b4609e6b9249b4d51367102e3e91e7a29ba3f5d5afd.json,068d1c3c22ea804ed0ba61f516542b37107e240b31fef77627bce9e938f9cb2f,0,134560.0,True,2024-07-23,stats,False,False
2024,2063,LS013,Jaqueline Cristian,Elena-Gabriela Ruse,320319,320408,R16,6-4 6-7(1) 6-2,completed,present,2024-07-21,2024-07-26,2024-07-23T13:51:50.16+00:00,False,2024-07-23T17:12:08.89+00:00,False,data/raw/wta/stats/_httpcache/2024/be12c3f3d65f8b44f1536b4609e6b9249b4d51367102e3e91e7a29ba3f5d5afd.json,068d1c3c22ea804ed0ba61f516542b37107e240b31fef77627bce9e938f9cb2f,0,134564.0,True,2024-07-23,stats,False,False
2024,2063,LS014,Chloe Paquet,Simona Waltert,318839,325771,R16,6-1 7-5,completed,present,2024-07-21,2024-07-26,2024-07-23T07:54:06.367+00:00,False,2024-07-23T09:57:09.92+00:00,False,data/raw/wta/stats/_httpcache/2024/be12c3f3d65f8b44f1536b4609e6b9249b4d51367102e3e91e7a29ba3f5d5afd.json,068d1c3c22ea804ed0ba61f516542b37107e240b31fef77627bce9e938f9cb2f,0,134559.0,True,2024-07-23,stats,False,False
2024,2063,LS015,Selena Janicijevic,Miriam Bulgaru,329090,323119,R16,6-2 7-6(6),completed,present,2024-07-21,2024-07-26,2024-07-23T07:45:01.293+00:00,False,2024-07-23T09:57:00.03+00:00,False,data/raw/wta/stats/_httpcache/2024/be12c3f3d65f8b44f1536b4609e6b9249b4d51367102e3e91e7a29ba3f5d5afd.json,068d1c3c22ea804ed0ba61f516542b37107e240b31fef77627bce9e938f9cb2f,0,134557.0,True,2024-07-23,stats,False,False
2024,2063,LS016,Mirra Andreeva,Noma Noha Akugue,331809,328631,R32,6-1 6-2,completed,present,2024-07-21,2024-07-26,2024-07-21T19:27:31.98+00:00,False,2024-07-21T20:45:30.49+00:00,False,data/raw/wta/stats/_httpcache/2024/be12c3f3d65f8b44f1536b4609e6b9249b4d51367102e3e91e7a29ba3f5d5afd.json,068d1c3c22ea804ed0ba61f516542b37107e240b31fef77627bce9e938f9cb2f,0,134519.0,True,2024-07-21,stats,False,False
2024,2063,LS018,Lea Boskovic,Maria Timofeeva,323171,328896,R32,7-5 6-1,completed,present,2024-07-21,2024-07-26,2024-07-22T11:01:59.957+00:00,False,2024-07-22T13:02:56.807+00:00,False,data/raw/wta/stats/_httpcache/2024/be12c3f3d65f8b44f1536b4609e6b9249b4d51367102e3e91e7a29ba3f5d5afd.json,068d1c3c22ea804ed0ba61f516542b37107e240b31fef77627bce9e938f9cb2f,0,134542.0,True,2024-07-22,stats,False,False
2024,2063,LS019,Varvara Lepchenko,Martina Trevisan,120420,316266,R32,5-7 6-4 6-3,completed,present,2024-07-21,2024-07-26,2024-07-22T11:28:57.81+00:00,False,2024-07-22T14:50:58.51+00:00,False,data/raw/wta/stats/_httpcache/2024/be12c3f3d65f8b44f1536b4609e6b9249b4d51367102e3e91e7a29ba3f5d5afd.json,068d1c3c22ea804ed0ba61f516542b37107e240b31fef77627bce9e938f9cb2f,0,134543.0,True,2024-07-22,stats,False,False
2024,2063,LS020,Olga Danilovic,Anna Blinkova,324934,324267,R32,6-2 5-7 6-1,completed,present,2024-07-21,2024-07-26,2024-07-21T18:18:00.173+00:00,False,2024-07-21T21:16:49.13+00:00,False,data/raw/wta/stats/_httpcache/2024/be12c3f3d65f8b44f1536b4609e6b9249b4d51367102e3e91e7a29ba3f5d5afd.json,068d1c3c22ea804ed0ba61f516542b37107e240b31fef77627bce9e938f9cb2f,0,134517.0,True,2024-07-21,stats,False,False
2024,2063,LS022,Marina Bassols Ribera,Irina Bara,324128,318352,R32,6-2 6-3,completed,present,2024-07-21,2024-07-26,2024-07-21T17:38:28.477+00:00,False,2024-07-21T19:14:37.397+00:00,False,data/raw/wta/stats/_httpcache/2024/be12c3f3d65f8b44f1536b4609e6b9249b4d51367102e3e91e7a29ba3f5d5afd.json,068d1c3c22ea804ed0ba61f516542b37107e240b31fef77627bce9e938f9cb2f,0,134516.0,True,2024-07-21,stats,False,False
2024,2063,LS023,Anna Bondar,Marie Benoit,322942,319433,R32,6-3 6-1,completed,present,2024-07-21,2024-07-26,2024-07-22T10:28:07.333+00:00,False,2024-07-22T12:15:22.473+00:00,False,data/raw/wta/stats/_httpcache/2024/be12c3f3d65f8b44f1536b4609e6b9249b4d51367102e3e91e7a29ba3f5d5afd.json,068d1c3c22ea804ed0ba61f516542b37107e240b31fef77627bce9e938f9cb2f,0,134541.0,True,2024-07-22,stats,False,False
2024,2063,LS024,Elina Avanesyan,Leyre Romero Gormaz,327620,326891,R32,6-1 6-2,completed,present,2024-07-21,2024-07-26,2024-07-22T07:45:46.847+00:00,False,2024-07-22T09:24:27.62+00:00,False,data/raw/wta/stats/_httpcache/2024/be12c3f3d65f8b44f1536b4609e6b9249b4d51367102e3e91e7a29ba3f5d5afd.json,068d1c3c22ea804ed0ba61f516542b37107e240b31fef77627bce9e938f9cb2f,0,134536.0,True,2024-07-22,stats,False,False
2024,2063,LS025,Petra Martic,Nuria Parrizas Diaz,313711,314359,R32,6-4 6-4,completed,present,2024-07-21,2024-07-26,2024-07-22T07:49:25.537+00:00,False,2024-07-22T09:41:17.837+00:00,False,data/raw/wta/stats/_httpcache/2024/be12c3f3d65f8b44f1536b4609e6b9249b4d51367102e3e91e7a29ba3f5d5afd.json,068d1c3c22ea804ed0ba61f516542b37107e240b31fef77627bce9e938f9cb2f,0,134538.0,True,2024-07-22,stats,False,False
2024,2063,LS026,Elena-Gabriela Ruse,Anastasia Tikhonova,320408,326961,R32,6-3 5-7 6-1,completed,present,2024-07-21,2024-07-26,2024-07-21T17:10:37.723+00:00,False,2024-07-21T19:23:46.807+00:00,False,data/raw/wta/stats/_httpcache/2024/be12c3f3d65f8b44f1536b4609e6b9249b4d51367102e3e91e7a29ba3f5d5afd.json,068d1c3c22ea804ed0ba61f516542b37107e240b31fef77627bce9e938f9cb2f,0,134515.0,True,2024-07-21,stats,False,False
2024,2063,LS027,Jaqueline Cristian,Nuria Brancaccio,320319,325433,R32,6-2 6-4,completed,present,2024-07-21,2024-07-26,2024-07-22T14:26:56.81+00:00,False,2024-07-22T16:01:53.963+00:00,False,data/raw/wta/stats/_httpcache/2024/be12c3f3d65f8b44f1536b4609e6b9249b4d51367102e3e91e7a29ba3f5d5afd.json,068d1c3c22ea804ed0ba61f516542b37107e240b31fef77627bce9e938f9cb2f,0,134544.0,True,2024-07-22,stats,False,False
2024,2063,LS028,Chloe Paquet,Maria Lourdes Carle,318839,322638,R32,6-4 6-2,completed,present,2024-07-21,2024-07-26,2024-07-22T07:46:29.16+00:00,False,2024-07-22T09:54:20.257+00:00,False,data/raw/wta/stats/_httpcache/2024/be12c3f3d65f8b44f1536b4609e6b9249b4d51367102e3e91e7a29ba3f5d5afd.json,068d1c3c22ea804ed0ba61f516542b37107e240b31fef77627bce9e938f9cb2f,0,134537.0,True,2024-07-22,stats,False,False
2024,2063,LS029,Simona Waltert,Ekaterina Makarova,325771,328308,R32,6-2 6-2,completed,present,2024-07-21,2024-07-26,2024-07-22T09:27:50.95+00:00,False,2024-07-22T10:59:38+00:00,False,data/raw/wta/stats/_httpcache/2024/be12c3f3d65f8b44f1536b4609e6b9249b4d51367102e3e91e7a29ba3f5d5afd.json,068d1c3c22ea804ed0ba61f516542b37107e240b31fef77627bce9e938f9cb2f,0,134539.0,True,2024-07-22,stats,False,False
2024,2063,LS030,Selena Janicijevic,Gergana Topalova,329090,325374,R32,6-1 6-2,completed,present,2024-07-21,2024-07-26,2024-07-22T09:56:49.603+00:00,False,2024-07-22T11:27:01.66+00:00,False,data/raw/wta/stats/_httpcache/2024/be12c3f3d65f8b44f1536b4609e6b9249b4d51367102e3e91e7a29ba3f5d5afd.json,068d1c3c22ea804ed0ba61f516542b37107e240b31fef77627bce9e938f9cb2f,0,134540.0,True,2024-07-22,stats,False,False
2024,2063,LS031,Miriam Bulgaru,Tatjana Maria,323119,310440,R32,6-4 6-2,completed,present,2024-07-21,2024-07-26,2024-07-21T19:16:18.793+00:00,False,2024-07-21T21:07:20.083+00:00,False,data/raw/wta/stats/_httpcache/2024/be12c3f3d65f8b44f1536b4609e6b9249b4d51367102e3e91e7a29ba3f5d5afd.json,068d1c3c22ea804ed0ba61f516542b37107e240b31fef77627bce9e938f9cb2f,0,134518.0,True,2024-07-21,stats,False,False
2024,2066,LS001,Sloane Stephens,Magda Linette,315683,315130,F,6-1 2-6 6-2,completed,present,2024-04-15,2024-04-21,2024-04-21T12:41:25.713+00:00,False,2024-04-21T15:19:36.49+00:00,False,data/raw/wta/stats/_httpcache/2024/e6ea054a599d554853f35ef6b0efe93f249279ca03ca10861569d5799a44b06e.json,c95860e7d53e062b6f092de2b957fb4a775848f5f1e25c64d8d829f30e862c6d,0,133560.0,True,2024-04-15,historical,False,False
2024,2066,LS002,Magda Linette,Anhelina Kalinina,315130,320567,SF,6-1 4-6 6-2,completed,present,2024-04-15,2024-04-21,2024-04-20T14:26:39.16+00:00,False,2024-04-20T16:50:10.04+00:00,False,data/raw/wta/stats/_httpcache/2024/e6ea054a599d554853f35ef6b0efe93f249279ca03ca10861569d5799a44b06e.json,c95860e7d53e062b6f092de2b957fb4a775848f5f1e25c64d8d829f30e862c6d,0,133559.0,True,2024-04-15,historical,False,False
2024,2066,LS003,Sloane Stephens,Caroline Garcia,315683,315391,SF,6-3 6-2,completed,present,2024-04-15,2024-04-21,2024-04-20T12:50:29.1+00:00,False,2024-04-20T14:24:25.41+00:00,False,data/raw/wta/stats/_httpcache/2024/e6ea054a599d554853f35ef6b0efe93f249279ca03ca10861569d5799a44b06e.json,c95860e7d53e062b6f092de2b957fb4a775848f5f1e25c64d8d829f30e862c6d,0,133558.0,True,2024-04-15,historical,False,False
2024,2066,LS004,Magda Linette,Arantxa Rus,315130,313349,QF,7-6(9) 6-1,completed,present,2024-04-15,2024-04-21,2024-04-19T12:52:44.22+00:00,False,2024-04-19T15:12:08.36+00:00,False,data/raw/wta/stats/_httpcache/2024/e6ea054a599d554853f35ef6b0efe93f249279ca03ca10861569d5799a44b06e.json,c95860e7d53e062b6f092de2b957fb4a775848f5f1e25c64d8d829f30e862c6d,0,133557.0,True,2024-04-15,historical,False,False
2024,2066,LS005,Anhelina Kalinina,Mirra Andreeva,320567,331809,QF,6-4 7-5,completed,present,2024-04-15,2024-04-21,2024-04-19T17:23:57.72+00:00,False,2024-04-19T19:15:01.187+00:00,False,data/raw/wta/stats/_httpcache/2024/e6ea054a599d554853f35ef6b0efe93f249279ca03ca10861569d5799a44b06e.json,c95860e7d53e062b6f092de2b957fb4a775848f5f1e25c64d8d829f30e862c6d,0,133556.0,True,2024-04-15,historical,False,False
2024,2066,LS006,Sloane Stephens,Yue Yuan,315683,324325,QF,6-2 6-2,completed,present,2024-04-15,2024-04-21,2024-04-19T11:22:51.567+00:00,False,2024-04-19T12:48:40.117+00:00,False,data/raw/wta/stats/_httpcache/2024/e6ea054a599d554853f35ef6b0efe93f249279ca03ca10861569d5799a44b06e.json,c95860e7d53e062b6f092de2b957fb4a775848f5f1e25c64d8d829f30e862c6d,0,133555.0,True,2024-04-15,historical,False,False
2024,2066,LS007,Caroline Garcia,Elena-Gabriela Ruse,315391,320408,QF,6-3 6-4,completed,present,2024-04-15,2024-04-21,2024-04-19T15:17:57.55+00:00,False,2024-04-19T17:09:17.337+00:00,False,data/raw/wta/stats/_httpcache/2024/e6ea054a599d554853f35ef6b0efe93f249279ca03ca10861569d5799a44b06e.json,c95860e7d53e062b6f092de2b957fb4a775848f5f1e25c64d8d829f30e862c6d,0,133554.0,True,2024-04-15,historical,False,False
2024,2066,LS008,Arantxa Rus,Anastasia Pavlyuchenkova,313349,313796,R16,6-3 1-6 6-3,completed,present,2024-04-15,2024-04-21,2024-04-18T12:28:41.723+00:00,False,2024-04-18T14:54:56.117+00:00,False,data/raw/wta/stats/_httpcache/2024/e6ea054a599d554853f35ef6b0efe93f249279ca03ca10861569d5799a44b06e.json,c95860e7d53e062b6f092de2b957fb4a775848f5f1e25c64d8d829f30e862c6d,0,133553.0,True,2024-04-15,historical,False,False
2024,2066,LS009,Magda Linette,Natalija Stevanovic,315130,317349,R16,6-2 6-1,completed,present,2024-04-15,2024-04-21,2024-04-17T10:42:24.78+00:00,False,2024-04-17T12:02:48.123+00:00,False,data/raw/wta/stats/_httpcache/2024/e6ea054a599d554853f35ef6b0efe93f249279ca03ca10861569d5799a44b06e.json,c95860e7d53e062b6f092de2b957fb4a775848f5f1e25c64d8d829f30e862c6d,0,133552.0,True,2024-04-15,historical,False,False
2024,2066,LS010,Anhelina Kalinina,Martina Trevisan,320567,316266,R16,6-2 6-3,completed,present,2024-04-15,2024-04-21,2024-04-18T18:08:38.473+00:00,False,2024-04-18T19:54:26.507+00:00,False,data/raw/wta/stats/_httpcache/2024/e6ea054a599d554853f35ef6b0efe93f249279ca03ca10861569d5799a44b06e.json,c95860e7d53e062b6f092de2b957fb4a775848f5f1e25c64d8d829f30e862c6d,0,133551.0,True,2024-04-15,historical,False,False
2024,2066,LS011,Mirra Andreeva,Elina Avanesyan,331809,327620,R16,7-5 6-4,completed,present,2024-04-15,2024-04-21,2024-04-17T15:21:27.077+00:00,False,2024-04-17T17:19:29.6+00:00,False,data/raw/wta/stats/_httpcache/2024/e6ea054a599d554853f35ef6b0efe93f249279ca03ca10861569d5799a44b06e.json,c95860e7d53e062b6f092de2b957fb4a775848f5f1e25c64d8d829f30e862c6d,0,133550.0,True,2024-04-15,historical,False,False
2024,2066,LS012,Sloane Stephens,Karolina Pliskova,315683,313974,R16,6-3 6-2,completed,present,2024-04-15,2024-04-21,2024-04-17T17:22:56.02+00:00,False,2024-04-17T18:47:55.757+00:00,False,data/raw/wta/stats/_httpcache/2024/e6ea054a599d554853f35ef6b0efe93f249279ca03ca10861569d5799a44b06e.json,c95860e7d53e062b6f092de2b957fb4a775848f5f1e25c64d8d829f30e862c6d,0,133549.0,True,2024-04-15,historical,False,False
2024,2066,LS013,Yue Yuan,Varvara Gracheva,324325,325836,R16,6-4 4-6 7-6(6),completed,present,2024-04-15,2024-04-21,2024-04-18T09:17:30.477+00:00,False,2024-04-18T12:26:12.313+00:00,False,data/raw/wta/stats/_httpcache/2024/e6ea054a599d554853f35ef6b0efe93f249279ca03ca10861569d5799a44b06e.json,c95860e7d53e062b6f092de2b957fb4a775848f5f1e25c64d8d829f30e862c6d,0,133548.0,True,2024-04-15,historical,False,False
2024,2066,LS014,Elena-Gabriela Ruse,Clara Burel,320408,325320,R16,6-0 2-6 6-3,completed,present,2024-04-15,2024-04-21,2024-04-18T14:56:53.6+00:00,False,2024-04-18T17:03:42.76+00:00,False,data/raw/wta/stats/_httpcache/2024/e6ea054a599d554853f35ef6b0efe93f249279ca03ca10861569d5799a44b06e.json,c95860e7d53e062b6f092de2b957fb4a775848f5f1e25c64d8d829f30e862c6d,0,133547.0,True,2024-04-15,historical,False,False
2024,2066,LS015,Caroline Garcia,Anna Karolina Schmiedlova,315391,318203,R16,6-1 6-0,completed,present,2024-04-15,2024-04-21,2024-04-18T17:06:22.857+00:00,False,2024-04-18T18:06:26.257+00:00,False,data/raw/wta/stats/_httpcache/2024/e6ea054a599d554853f35ef6b0efe93f249279ca03ca10861569d5799a44b06e.json,c95860e7d53e062b6f092de2b957fb4a775848f5f1e25c64d8d829f30e862c6d,0,133546.0,True,2024-04-15,historical,False,False
2024,2066,LS016,Anastasia Pavlyuchenkova,Alice Robbe,313796,324056,R32,6-2 6-2,completed,present,2024-04-15,2024-04-21,2024-04-16T18:54:11.71+00:00,False,2024-04-16T20:13:57.78+00:00,False,data/raw/wta/stats/_httpcache/2024/e6ea054a599d554853f35ef6b0efe93f249279ca03ca10861569d5799a44b06e.json,c95860e7d53e062b6f092de2b957fb4a775848f5f1e25c64d8d829f30e862c6d,0,133545.0,True,2024-04-15,historical,False,False
2024,2066,LS017,Arantxa Rus,Robin Montgomery,313349,329408,R32,6-3 6-1,completed,present,2024-04-15,2024-04-21,2024-04-16T12:57:05.307+00:00,False,2024-04-16T14:40:38.4+00:00,False,data/raw/wta/stats/_httpcache/2024/e6ea054a599d554853f35ef6b0efe93f249279ca03ca10861569d5799a44b06e.json,c95860e7d53e062b6f092de2b957fb4a775848f5f1e25c64d8d829f30e862c6d,0,133544.0,True,2024-04-15,historical,False,False
2024,2066,LS018,Magda Linette,Elsa Jacquemot,315130,328142,R32,7-5 6-1,completed,present,2024-04-15,2024-04-21,2024-04-15T10:47:46.567+00:00,False,2024-04-15T12:49:49.277+00:00,False,data/raw/wta/stats/_httpcache/2024/e6ea054a599d554853f35ef6b0efe93f249279ca03ca10861569d5799a44b06e.json,c95860e7d53e062b6f092de2b957fb4a775848f5f1e25c64d8d829f30e862c6d,0,133543.0,True,2024-04-15,historical,False,False
2024,2066,LS019,Natalija Stevanovic,Anna Blinkova,317349,324267,R32,7-6(2) 3-6 7-6(2),completed,present,2024-04-15,2024-04-21,2024-04-16T09:23:30.467+00:00,False,2024-04-16T12:54:23.027+00:00,False,data/raw/wta/stats/_httpcache/2024/e6ea054a599d554853f35ef6b0efe93f249279ca03ca10861569d5799a44b06e.json,c95860e7d53e062b6f092de2b957fb4a775848f5f1e25c64d8d829f30e862c6d,0,133542.0,True,2024-04-15,historical,False,False
2024,2066,LS020,Anhelina Kalinina,Alizé Cornet,320567,312121,R32,6-4 7-5,completed,present,2024-04-15,2024-04-21,2024-04-16T11:53:22.2+00:00,False,2024-04-16T14:12:21.31+00:00,False,data/raw/wta/stats/_httpcache/2024/e6ea054a599d554853f35ef6b0efe93f249279ca03ca10861569d5799a44b06e.json,c95860e7d53e062b6f092de2b957fb4a775848f5f1e25c64d8d829f30e862c6d,0,133541.0,True,2024-04-15,historical,False,False
2024,2066,LS021,Martina Trevisan,Naomi Osaka,316266,319998,R32,6-4 6-2,completed,present,2024-04-15,2024-04-21,2024-04-17T12:01:06.67+00:00,False,2024-04-17T13:50:24.75+00:00,False,data/raw/wta/stats/_httpcache/2024/e6ea054a599d554853f35ef6b0efe93f249279ca03ca10861569d5799a44b06e.json,c95860e7d53e062b6f092de2b957fb4a775848f5f1e25c64d8d829f30e862c6d,0,133540.0,True,2024-04-15,historical,False,False
2024,2066,LS022,Elina Avanesyan,Fiona Ferro,327620,319969,R32,6-2 1-6 7-5,completed,present,2024-04-15,2024-04-21,2024-04-16T09:22:00.17+00:00,False,2024-04-16T11:51:40.133+00:00,False,data/raw/wta/stats/_httpcache/2024/e6ea054a599d554853f35ef6b0efe93f249279ca03ca10861569d5799a44b06e.json,c95860e7d53e062b6f092de2b957fb4a775848f5f1e25c64d8d829f30e862c6d,0,133539.0,True,2024-04-15,historical,False,False
2024,2066,LS023,Mirra Andreeva,Nadia Podoroska,331809,319112,R32,6-1 6-3,completed,present,2024-04-15,2024-04-21,2024-04-15T12:54:53.36+00:00,False,2024-04-15T14:21:31.283+00:00,False,data/raw/wta/stats/_httpcache/2024/e6ea054a599d554853f35ef6b0efe93f249279ca03ca10861569d5799a44b06e.json,c95860e7d53e062b6f092de2b957fb4a775848f5f1e25c64d8d829f30e862c6d,0,133538.0,True,2024-04-15,historical,False,False
2024,2066,LS024,Sloane Stephens,Peyton Stearns,315683,327573,R32,1-6 6-1 6-3,completed,present,2024-04-15,2024-04-21,2024-04-15T15:16:12.303+00:00,False,2024-04-15T17:19:02.527+00:00,False,data/raw/wta/stats/_httpcache/2024/e6ea054a599d554853f35ef6b0efe93f249279ca03ca10861569d5799a44b06e.json,c95860e7d53e062b6f092de2b957fb4a775848f5f1e25c64d8d829f30e862c6d,0,133537.0,True,2024-04-15,historical,False,False
2024,2066,LS025,Karolina Pliskova,Polina Kudermetova,313974,328897,R32,7-5 1-6 7-5,completed,present,2024-04-15,2024-04-21,2024-04-15T17:22:14.36+00:00,False,2024-04-15T19:40:10.71+00:00,False,data/raw/wta/stats/_httpcache/2024/e6ea054a599d554853f35ef6b0efe93f249279ca03ca10861569d5799a44b06e.json,c95860e7d53e062b6f092de2b957fb4a775848f5f1e25c64d8d829f30e862c6d,0,133536.0,True,2024-04-15,historical,False,False
2024,2066,LS026,Varvara Gracheva,Viktoriya Tomova,325836,317584,R32,6-2 3-6 7-5,completed,present,2024-04-15,2024-04-21,2024-04-17T09:20:07.07+00:00,False,2024-04-17T11:59:18.997+00:00,False,data/raw/wta/stats/_httpcache/2024/e6ea054a599d554853f35ef6b0efe93f249279ca03ca10861569d5799a44b06e.json,c95860e7d53e062b6f092de2b957fb4a775848f5f1e25c64d8d829f30e862c6d,0,133535.0,True,2024-04-15,historical,False,False
2024,2066,LS027,Yue Yuan,Mayar Sherif,324325,318711,R32,6-3 7-6(7),completed,present,2024-04-15,2024-04-21,2024-04-16T14:42:49.383+00:00,False,2024-04-16T16:53:33.723+00:00,False,data/raw/wta/stats/_httpcache/2024/e6ea054a599d554853f35ef6b0efe93f249279ca03ca10861569d5799a44b06e.json,c95860e7d53e062b6f092de2b957fb4a775848f5f1e25c64d8d829f30e862c6d,0,133534.0,True,2024-04-15,historical,False,False
2024,2066,LS028,Clara Burel,Katarina Zavatska,325320,324584,R32,3-6 6-3 6-2,completed,present,2024-04-15,2024-04-21,2024-04-16T14:14:18.067+00:00,False,2024-04-16T16:40:20.783+00:00,False,data/raw/wta/stats/_httpcache/2024/e6ea054a599d554853f35ef6b0efe93f249279ca03ca10861569d5799a44b06e.json,c95860e7d53e062b6f092de2b957fb4a775848f5f1e25c64d8d829f30e862c6d,0,133533.0,True,2024-04-15,historical,False,False
2024,2066,LS029,Elena-Gabriela Ruse,Nao Hibino,320408,320238,R32,6-2 6-1,completed,present,2024-04-15,2024-04-21,2024-04-17T09:20:29.743+00:00,False,2024-04-17T10:40:30.01+00:00,False,data/raw/wta/stats/_httpcache/2024/e6ea054a599d554853f35ef6b0efe93f249279ca03ca10861569d5799a44b06e.json,c95860e7d53e062b6f092de2b957fb4a775848f5f1e25c64d8d829f30e862c6d,0,133532.0,True,2024-04-15,historical,False,False
2024,2066,LS031,Caroline Garcia,Elisabetta Cocciaretto,315391,327909,R32,6-1 3-6 7-5,completed,present,2024-04-15,2024-04-21,2024-04-16T16:42:54.18+00:00,False,2024-04-16T18:51:51.343+00:00,False,data/raw/wta/stats/_httpcache/2024/e6ea054a599d554853f35ef6b0efe93f249279ca03ca10861569d5799a44b06e.json,c95860e7d53e062b6f092de2b957fb4a775848f5f1e25c64d8d829f30e862c6d,0,133530.0,True,2024-04-15,historical,False,False
2024,2072,LS001,Sonay Kartal,Rebecca Sramkova,329918,320228,F,6-3 7-5,completed,present,2024-09-09,2024-09-15,2024-09-15T14:54:17.973+00:00,False,2024-09-15T17:08:06.363+00:00,False,data/raw/wta/stats/_httpcache/2024/4c08ef0a60c792207a7e5bcd98a2aed658410b10874e8879fa5f3ec00d1e4602.json,cbc0b738cd7448915795d8b41b5f798f9784134a6fbfe5020a5a667784eebac8,0,135194.0,True,2024-09-15,stats,False,False
2024,2072,LS003,Rebecca Sramkova,Lucia Bronzetti,320228,322280,SF,6-3 6-4,completed,present,2024-09-09,2024-09-15,2024-09-14T14:46:22.61+00:00,False,2024-09-14T16:39:15.19+00:00,False,data/raw/wta/stats/_httpcache/2024/4c08ef0a60c792207a7e5bcd98a2aed658410b10874e8879fa5f3ec00d1e4602.json,cbc0b738cd7448915795d8b41b5f798f9784134a6fbfe5020a5a667784eebac8,0,135180.0,True,2024-09-14,stats,False,False
2024,2072,LS004,Eva Lys,Zeynep Sonmez,325826,326907,QF,7-5 6-3,completed,present,2024-09-09,2024-09-15,2024-09-13T19:55:39.86+00:00,False,2024-09-13T21:51:36.037+00:00,False,data/raw/wta/stats/_httpcache/2024/4c08ef0a60c792207a7e5bcd98a2aed658410b10874e8879fa5f3ec00d1e4602.json,cbc0b738cd7448915795d8b41b5f798f9784134a6fbfe5020a5a667784eebac8,0,135148.0,True,2024-09-13,stats,False,False
2024,2072,LS005,Sonay Kartal,Yuliia Starodubtseva,329918,325338,QF,7-6(4) 6-2,completed,present,2024-09-09,2024-09-15,2024-09-13T21:53:29.92+00:00,False,2024-09-14T00:07:44.493+00:00,False,data/raw/wta/stats/_httpcache/2024/4c08ef0a60c792207a7e5bcd98a2aed658410b10874e8879fa5f3ec00d1e4602.json,cbc0b738cd7448915795d8b41b5f798f9784134a6fbfe5020a5a667784eebac8,0,135149.0,True,2024-09-13,stats,False,False
2024,2072,LS006,Lucia Bronzetti,Antonia Ruzic,322280,329505,QF,6-2 6-1,completed,present,2024-09-09,2024-09-15,2024-09-13T18:33:11.95+00:00,False,2024-09-13T19:54:22.593+00:00,False,data/raw/wta/stats/_httpcache/2024/4c08ef0a60c792207a7e5bcd98a2aed658410b10874e8879fa5f3ec00d1e4602.json,cbc0b738cd7448915795d8b41b5f798f9784134a6fbfe5020a5a667784eebac8,0,135147.0,True,2024-09-13,stats,False,False
2024,2072,LS007,Rebecca Sramkova,Sara Sorribes Tormo,320228,318872,QF,1-6 7-6(5) 7-5,completed,present,2024-09-09,2024-09-15,2024-09-13T14:46:36.917+00:00,False,2024-09-13T18:30:35.467+00:00,False,data/raw/wta/stats/_httpcache/2024/4c08ef0a60c792207a7e5bcd98a2aed658410b10874e8879fa5f3ec00d1e4602.json,cbc0b738cd7448915795d8b41b5f798f9784134a6fbfe5020a5a667784eebac8,0,135146.0,True,2024-09-13,stats,False,False
2024,2072,LS008,Eva Lys,Elise Mertens,325826,317964,R16,1-6 6-2 7-6(4),completed,present,2024-09-09,2024-09-15,2024-09-12T18:20:30.38+00:00,False,2024-09-12T21:16:01.137+00:00,False,data/raw/wta/stats/_httpcache/2024/4c08ef0a60c792207a7e5bcd98a2aed658410b10874e8879fa5f3ec00d1e4602.json,cbc0b738cd7448915795d8b41b5f798f9784134a6fbfe5020a5a667784eebac8,0,135132.0,True,2024-09-12,stats,False,False
2024,2072,LS009,Zeynep Sonmez,Greet Minnen,326907,321454,R16,6-4 1-6 6-3,completed,present,2024-09-09,2024-09-15,2024-09-12T21:18:18.853+00:00,False,2024-09-12T23:51:32.743+00:00,False,data/raw/wta/stats/_httpcache/2024/4c08ef0a60c792207a7e5bcd98a2aed658410b10874e8879fa5f3ec00d1e4602.json,cbc0b738cd7448915795d8b41b5f798f9784134a6fbfe5020a5a667784eebac8,0,135133.0,True,2024-09-12,stats,False,False
2024,2072,LS010,Yuliia Starodubtseva,Diane Parry,325338,327077,R16,6-4 6-4,completed,present,2024-09-09,2024-09-15,2024-09-11T18:12:20.367+00:00,False,2024-09-11T20:34:30.78+00:00,False,data/raw/wta/stats/_httpcache/2024/4c08ef0a60c792207a7e5bcd98a2aed658410b10874e8879fa5f3ec00d1e4602.json,cbc0b738cd7448915795d8b41b5f798f9784134a6fbfe5020a5a667784eebac8,0,135117.0,True,2024-09-11,stats,False,False
2024,2072,LS011,Sonay Kartal,Mai Hontama,329918,324750,R16,6-2 6-2,completed,present,2024-09-09,2024-09-15,2024-09-11T14:46:11.14+00:00,False,2024-09-11T16:25:38.08+00:00,False,data/raw/wta/stats/_httpcache/2024/4c08ef0a60c792207a7e5bcd98a2aed658410b10874e8879fa5f3ec00d1e4602.json,cbc0b738cd7448915795d8b41b5f798f9784134a6fbfe5020a5a667784eebac8,0,135116.0,True,2024-09-11,stats,False,False
2024,2072,LS012,Lucia Bronzetti,Ann Li,322280,326096,R16,6-4 7-6(3),completed,present,2024-09-09,2024-09-15,2024-09-12T16:07:35.803+00:00,False,2024-09-12T18:19:03.43+00:00,False,data/raw/wta/stats/_httpcache/2024/4c08ef0a60c792207a7e5bcd98a2aed658410b10874e8879fa5f3ec00d1e4602.json,cbc0b738cd7448915795d8b41b5f798f9784134a6fbfe5020a5a667784eebac8,0,135131.0,True,2024-09-12,stats,False,False
2024,2072,LS013,Antonia Ruzic,Yuriko Miyazaki,329505,321495,R16,6-3 6-1,completed,present,2024-09-09,2024-09-15,2024-09-12T14:42:33.137+00:00,False,2024-09-12T17:40:20.163+00:00,False,data/raw/wta/stats/_httpcache/2024/4c08ef0a60c792207a7e5bcd98a2aed658410b10874e8879fa5f3ec00d1e4602.json,cbc0b738cd7448915795d8b41b5f798f9784134a6fbfe5020a5a667784eebac8,0,135130.0,True,2024-09-12,stats,False,False
2024,2072,LS014,Sara Sorribes Tormo,Jana Fett,318872,320945,R16,5-7 6-3 6-4,completed,present,2024-09-09,2024-09-15,2024-09-11T14:44:12.28+00:00,False,2024-09-11T18:09:32.583+00:00,False,data/raw/wta/stats/_httpcache/2024/4c08ef0a60c792207a7e5bcd98a2aed658410b10874e8879fa5f3ec00d1e4602.json,cbc0b738cd7448915795d8b41b5f798f9784134a6fbfe5020a5a667784eebac8,0,135115.0,True,2024-09-11,stats,False,False
2024,2072,LS015,Rebecca Sramkova,Clara Burel,320228,325320,R16,7-6(4) 7-5,completed,present,2024-09-09,2024-09-15,2024-09-11T20:36:52.253+00:00,False,2024-09-11T22:50:15.237+00:00,False,data/raw/wta/stats/_httpcache/2024/4c08ef0a60c792207a7e5bcd98a2aed658410b10874e8879fa5f3ec00d1e4602.json,cbc0b738cd7448915795d8b41b5f798f9784134a6fbfe5020a5a667784eebac8,0,135118.0,True,2024-09-11,stats,False,False
2024,2072,LS016,Elise Mertens,Anastasia Zakharova,317964,327367,R32,6-2 6-0,completed,present,2024-09-09,2024-09-15,2024-09-10T17:04:05.913+00:00,False,2024-09-10T18:27:40.657+00:00,False,data/raw/wta/stats/_httpcache/2024/4c08ef0a60c792207a7e5bcd98a2aed658410b10874e8879fa5f3ec00d1e4602.json,cbc0b738cd7448915795d8b41b5f798f9784134a6fbfe5020a5a667784eebac8,0,135089.0,True,2024-09-10,stats,False,False
2024,2072,LS017,Eva Lys,Lesia Tsurenko,325826,315295,R32,6-3 7-5,completed,present,2024-09-09,2024-09-15,2024-09-09T16:26:07.14+00:00,False,2024-09-09T18:23:51.507+00:00,False,data/raw/wta/stats/_httpcache/2024/4c08ef0a60c792207a7e5bcd98a2aed658410b10874e8879fa5f3ec00d1e4602.json,cbc0b738cd7448915795d8b41b5f798f9784134a6fbfe5020a5a667784eebac8,0,135057.0,True,2024-09-09,stats,False,False
2024,2072,LS018,Zeynep Sonmez,Rebeka Masarova,326907,322087,R32,4-6 7-6(4) 6-3,completed,present,2024-09-09,2024-09-15,2024-09-10T20:05:35.01+00:00,False,2024-09-10T22:53:46.993+00:00,False,data/raw/wta/stats/_httpcache/2024/4c08ef0a60c792207a7e5bcd98a2aed658410b10874e8879fa5f3ec00d1e4602.json,cbc0b738cd7448915795d8b41b5f798f9784134a6fbfe5020a5a667784eebac8,0,135094.0,True,2024-09-10,stats,False,False
2024,2072,LS019,Greet Minnen,Aliona Falei,321454,329250,R32,6-0 3-6 6-2,completed,present,2024-09-09,2024-09-15,2024-09-10T17:50:44.58+00:00,False,2024-09-10T19:50:29.3+00:00,False,data/raw/wta/stats/_httpcache/2024/4c08ef0a60c792207a7e5bcd98a2aed658410b10874e8879fa5f3ec00d1e4602.json,cbc0b738cd7448915795d8b41b5f798f9784134a6fbfe5020a5a667784eebac8,0,135091.0,True,2024-09-10,stats,False,False
2024,2072,LS020,Diane Parry,Chiraz Bechri,327077,321000,R32,6-3 6-0,completed,present,2024-09-09,2024-09-15,2024-09-09T14:45:24.577+00:00,False,2024-09-09T16:09:19.75+00:00,False,data/raw/wta/stats/_httpcache/2024/4c08ef0a60c792207a7e5bcd98a2aed658410b10874e8879fa5f3ec00d1e4602.json,cbc0b738cd7448915795d8b41b5f798f9784134a6fbfe5020a5a667784eebac8,0,135054.0,True,2024-09-09,stats,False,False
2024,2072,LS021,Yuliia Starodubtseva,Suzan Lamens,325338,324898,R32,6-2 3-6 6-4,completed,present,2024-09-09,2024-09-15,2024-09-10T14:39:33.23+00:00,False,2024-09-10T17:16:17.133+00:00,False,data/raw/wta/stats/_httpcache/2024/4c08ef0a60c792207a7e5bcd98a2aed658410b10874e8879fa5f3ec00d1e4602.json,cbc0b738cd7448915795d8b41b5f798f9784134a6fbfe5020a5a667784eebac8,0,135086.0,True,2024-09-10,stats,False,False
2024,2072,LS022,Mai Hontama,Priska Nugroho,324750,328797,R32,6-2 6-1,completed,present,2024-09-09,2024-09-15,2024-09-09T14:42:35.493+00:00,False,2024-09-09T16:22:05.62+00:00,False,data/raw/wta/stats/_httpcache/2024/4c08ef0a60c792207a7e5bcd98a2aed658410b10874e8879fa5f3ec00d1e4602.json,cbc0b738cd7448915795d8b41b5f798f9784134a6fbfe5020a5a667784eebac8,0,135053.0,True,2024-09-09,stats,False,False
2024,2072,LS023,Sonay Kartal,Jaqueline Cristian,329918,320319,R32,1-0 6-3 7-5,incomplete-or-invalid-score,present,2024-09-09,2024-09-15,2024-09-10T14:44:29.67+00:00,False,2025-01-28T16:22:27.29+00:00,False,data/raw/wta/stats/_httpcache/2024/4c08ef0a60c792207a7e5bcd98a2aed658410b10874e8879fa5f3ec00d1e4602.json,cbc0b738cd7448915795d8b41b5f798f9784134a6fbfe5020a5a667784eebac8,0,135088.0,True,2024-09-10,stats,False,False
2024,2072,LS024,Lucia Bronzetti,Dalma Galfi,322280,321106,R32,6-2 6-1,completed,present,2024-09-09,2024-09-15,2024-09-10T19:53:39.87+00:00,False,2024-09-10T21:22:15.77+00:00,False,data/raw/wta/stats/_httpcache/2024/4c08ef0a60c792207a7e5bcd98a2aed658410b10874e8879fa5f3ec00d1e4602.json,cbc0b738cd7448915795d8b41b5f798f9784134a6fbfe5020a5a667784eebac8,0,135093.0,True,2024-09-10,stats,False,False
2024,2072,LS025,Ann Li,Kristina Mladenovic,326096,315616,R32,6-2 6-1,completed,present,2024-09-09,2024-09-15,2024-09-10T20:47:23.433+00:00,False,2024-09-10T22:19:30.967+00:00,False,data/raw/wta/stats/_httpcache/2024/4c08ef0a60c792207a7e5bcd98a2aed658410b10874e8879fa5f3ec00d1e4602.json,cbc0b738cd7448915795d8b41b5f798f9784134a6fbfe5020a5a667784eebac8,0,135095.0,True,2024-09-10,stats,False,False
2024,2072,LS026,Yuriko Miyazaki,Alycia Parks,321495,326007,R32,6-3 5-7 6-3,completed,present,2024-09-09,2024-09-15,2024-09-09T14:52:04.643+00:00,False,2024-09-09T17:43:45.747+00:00,False,data/raw/wta/stats/_httpcache/2024/4c08ef0a60c792207a7e5bcd98a2aed658410b10874e8879fa5f3ec00d1e4602.json,cbc0b738cd7448915795d8b41b5f798f9784134a6fbfe5020a5a667784eebac8,0,135055.0,True,2024-09-09,stats,False,False
2024,2072,LS027,Antonia Ruzic,Nadia Podoroska,329505,319112,R32,1-6 6-2 6-4,completed,present,2024-09-09,2024-09-15,2024-09-10T14:41:08.917+00:00,False,2024-09-10T17:02:02.35+00:00,False,data/raw/wta/stats/_httpcache/2024/4c08ef0a60c792207a7e5bcd98a2aed658410b10874e8879fa5f3ec00d1e4602.json,cbc0b738cd7448915795d8b41b5f798f9784134a6fbfe5020a5a667784eebac8,0,135087.0,True,2024-09-10,stats,False,False
2024,2072,LS028,Sara Sorribes Tormo,Anna Blinkova,318872,324267,R32,6-4 6-4,completed,present,2024-09-09,2024-09-15,2024-09-09T17:50:14.573+00:00,False,2024-09-09T19:57:06.46+00:00,False,data/raw/wta/stats/_httpcache/2024/4c08ef0a60c792207a7e5bcd98a2aed658410b10874e8879fa5f3ec00d1e4602.json,cbc0b738cd7448915795d8b41b5f798f9784134a6fbfe5020a5a667784eebac8,0,135058.0,True,2024-09-09,stats,False,False
2024,2072,LS029,Jana Fett,Mayar Sherif,320945,318711,R32,1-6 6-3 6-4,completed,present,2024-09-09,2024-09-15,2024-09-10T18:29:22.84+00:00,False,2024-09-10T20:44:04.67+00:00,False,data/raw/wta/stats/_httpcache/2024/4c08ef0a60c792207a7e5bcd98a2aed658410b10874e8879fa5f3ec00d1e4602.json,cbc0b738cd7448915795d8b41b5f798f9784134a6fbfe5020a5a667784eebac8,0,135092.0,True,2024-09-10,stats,False,False
2024,2072,LS030,Rebecca Sramkova,Elsa Jacquemot,320228,328142,R32,2-6 7-5 6-3,completed,present,2024-09-09,2024-09-15,2024-09-10T17:19:46.623+00:00,False,2024-09-10T20:03:04.783+00:00,False,data/raw/wta/stats/_httpcache/2024/4c08ef0a60c792207a7e5bcd98a2aed658410b10874e8879fa5f3ec00d1e4602.json,cbc0b738cd7448915795d8b41b5f798f9784134a6fbfe5020a5a667784eebac8,0,135090.0,True,2024-09-10,stats,False,False
2024,2072,LS031,Clara Burel,Marina Bassols Ribera,325320,324128,R32,6-2 6-2,completed,present,2024-09-09,2024-09-15,2024-09-09T16:11:10.477+00:00,False,2024-09-09T17:47:32.333+00:00,False,data/raw/wta/stats/_httpcache/2024/4c08ef0a60c792207a7e5bcd98a2aed658410b10874e8879fa5f3ec00d1e4602.json,cbc0b738cd7448915795d8b41b5f798f9784134a6fbfe5020a5a667784eebac8,0,135056.0,True,2024-09-09,stats,False,False
2024,2074,LS001,Katie Boulter,Marta Kostyuk,319125,326482,F,5-7 6-2 6-2,completed,present,2024-02-26,2024-03-03,2024-03-04T01:39:03.387+00:00,False,2024-03-04T04:02:05.04+00:00,False,data/raw/wta/stats/_httpcache/2024/15fb06bc32b6a0c386eb346fd910f30963587b6182bd602ecdd5a4ab3dcf026a.json,5e1707c9c554bad78688f0b7671890756a47bb4a2e6221044c26431e634ca8f8,0,132873.0,True,2024-02-26,historical,False,False
2024,2074,LS002,Marta Kostyuk,Jessica Pegula,326482,316956,SF,7-6(4) 6-1,completed,present,2024-02-26,2024-03-03,2024-03-03T01:36:36.783+00:00,False,2024-03-03T03:40:16.397+00:00,False,data/raw/wta/stats/_httpcache/2024/15fb06bc32b6a0c386eb346fd910f30963587b6182bd602ecdd5a4ab3dcf026a.json,5e1707c9c554bad78688f0b7671890756a47bb4a2e6221044c26431e634ca8f8,0,132872.0,True,2024-02-26,historical,False,False
2024,2074,LS003,Katie Boulter,Emma Navarro,319125,325410,SF,6-3 6-1,completed,present,2024-02-26,2024-03-03,2024-03-02T23:31:36.407+00:00,False,2024-03-03T01:35:12.583+00:00,False,data/raw/wta/stats/_httpcache/2024/15fb06bc32b6a0c386eb346fd910f30963587b6182bd602ecdd5a4ab3dcf026a.json,5e1707c9c554bad78688f0b7671890756a47bb4a2e6221044c26431e634ca8f8,0,132871.0,True,2024-02-26,historical,False,False
2024,2074,LS004,Jessica Pegula,Anna Blinkova,316956,324267,QF,6-1 2-6 6-2,completed,present,2024-02-26,2024-03-03,2024-03-02T01:21:30.7+00:00,False,2024-03-02T03:11:41.17+00:00,False,data/raw/wta/stats/_httpcache/2024/15fb06bc32b6a0c386eb346fd910f30963587b6182bd602ecdd5a4ab3dcf026a.json,5e1707c9c554bad78688f0b7671890756a47bb4a2e6221044c26431e634ca8f8,0,132870.0,True,2024-02-26,historical,False,False
2024,2074,LS005,Marta Kostyuk,Anastasia Pavlyuchenkova,326482,313796,QF,3-6 6-4 6-3,completed,present,2024-02-26,2024-03-03,2024-03-02T03:24:58.323+00:00,False,2024-03-02T06:53:11.653+00:00,False,data/raw/wta/stats/_httpcache/2024/15fb06bc32b6a0c386eb346fd910f30963587b6182bd602ecdd5a4ab3dcf026a.json,5e1707c9c554bad78688f0b7671890756a47bb4a2e6221044c26431e634ca8f8,0,132869.0,True,2024-02-26,historical,False,False
2024,2074,LS006,Emma Navarro,Daria Saville,325410,315997,QF,6-4 6-2,completed,present,2024-02-26,2024-03-03,2024-03-01T21:18:52.657+00:00,False,2024-03-01T23:06:06.423+00:00,False,data/raw/wta/stats/_httpcache/2024/15fb06bc32b6a0c386eb346fd910f30963587b6182bd602ecdd5a4ab3dcf026a.json,5e1707c9c554bad78688f0b7671890756a47bb4a2e6221044c26431e634ca8f8,0,132868.0,True,2024-02-26,historical,False,False
2024,2074,LS007,Katie Boulter,Donna Vekic,319125,318516,QF,6-4 6-3,completed,present,2024-02-26,2024-03-03,2024-03-01T19:18:54.01+00:00,False,2024-03-01T21:15:45.35+00:00,False,data/raw/wta/stats/_httpcache/2024/15fb06bc32b6a0c386eb346fd910f30963587b6182bd602ecdd5a4ab3dcf026a.json,5e1707c9c554bad78688f0b7671890756a47bb4a2e6221044c26431e634ca8f8,0,132867.0,True,2024-02-26,historical,False,False
2024,2074,LS008,Jessica Pegula,Jule Niemeier,316956,325940,R16,6-0 6-4,completed,present,2024-02-26,2024-03-03,2024-02-29T04:59:42.353+00:00,False,2024-02-29T06:18:56.107+00:00,False,data/raw/wta/stats/_httpcache/2024/15fb06bc32b6a0c386eb346fd910f30963587b6182bd602ecdd5a4ab3dcf026a.json,5e1707c9c554bad78688f0b7671890756a47bb4a2e6221044c26431e634ca8f8,0,132866.0,True,2024-02-26,historical,False,False
2024,2074,LS009,Anna Blinkova,Dayana Yastremska,324267,324261,R16,7-6(6) 6-2,completed,present,2024-02-26,2024-03-03,2024-02-29T19:21:36.91+00:00,False,2024-02-29T21:06:30.6+00:00,False,data/raw/wta/stats/_httpcache/2024/15fb06bc32b6a0c386eb346fd910f30963587b6182bd602ecdd5a4ab3dcf026a.json,5e1707c9c554bad78688f0b7671890756a47bb4a2e6221044c26431e634ca8f8,0,132865.0,True,2024-02-26,historical,False,False
2024,2074,LS010,Anastasia Pavlyuchenkova,Xinyu Wang,313796,326376,R16,4-6 7-6(5) 6-2,completed,present,2024-02-26,2024-03-03,2024-03-01T03:27:07.383+00:00,False,2024-03-01T06:01:11.723+00:00,False,data/raw/wta/stats/_httpcache/2024/15fb06bc32b6a0c386eb346fd910f30963587b6182bd602ecdd5a4ab3dcf026a.json,5e1707c9c554bad78688f0b7671890756a47bb4a2e6221044c26431e634ca8f8,0,132907.0,True,2024-03-01,stats,False,False
2024,2074,LS011,Marta Kostyuk,Taylah Preston,326482,330291,R16,6-4 6-3,completed,present,2024-02-26,2024-03-03,2024-02-28T20:48:17.473+00:00,False,2024-02-28T22:41:31.97+00:00,False,data/raw/wta/stats/_httpcache/2024/15fb06bc32b6a0c386eb346fd910f30963587b6182bd602ecdd5a4ab3dcf026a.json,5e1707c9c554bad78688f0b7671890756a47bb4a2e6221044c26431e634ca8f8,0,132863.0,True,2024-02-26,historical,False,False
2024,2074,LS012,Daria Saville,Tatjana Maria,315997,310440,R16,5-7 7-6(2) 6-2,completed,present,2024-02-26,2024-03-03,2024-02-28T22:44:52.323+00:00,False,2024-02-29T02:15:35.4+00:00,False,data/raw/wta/stats/_httpcache/2024/15fb06bc32b6a0c386eb346fd910f30963587b6182bd602ecdd5a4ab3dcf026a.json,5e1707c9c554bad78688f0b7671890756a47bb4a2e6221044c26431e634ca8f8,0,132862.0,True,2024-02-26,historical,False,False
2024,2074,LS013,Emma Navarro,Katerina Siniakova,325410,320301,R16,6-3 3-6 6-1,completed,present,2024-02-26,2024-03-03,2024-03-01T01:27:00.46+00:00,False,2024-03-01T03:24:01.39+00:00,False,data/raw/wta/stats/_httpcache/2024/15fb06bc32b6a0c386eb346fd910f30963587b6182bd602ecdd5a4ab3dcf026a.json,5e1707c9c554bad78688f0b7671890756a47bb4a2e6221044c26431e634ca8f8,0,132861.0,True,2024-02-26,historical,False,False
2024,2074,LS014,Donna Vekic,Marina Stakusic,318516,329614,R16,6-4 3-6 6-3,completed,present,2024-02-26,2024-03-03,2024-02-29T21:09:00.657+00:00,False,2024-02-29T23:25:52.5+00:00,False,data/raw/wta/stats/_httpcache/2024/15fb06bc32b6a0c386eb346fd910f30963587b6182bd602ecdd5a4ab3dcf026a.json,5e1707c9c554bad78688f0b7671890756a47bb4a2e6221044c26431e634ca8f8,0,132860.0,True,2024-02-26,historical,False,False
2024,2074,LS015,Katie Boulter,Beatriz Haddad Maia,319125,318176,R16,3-6 6-3 6-4,completed,present,2024-02-26,2024-03-03,2024-02-29T02:18:26.347+00:00,False,2024-02-29T04:56:18.017+00:00,False,data/raw/wta/stats/_httpcache/2024/15fb06bc32b6a0c386eb346fd910f30963587b6182bd602ecdd5a4ab3dcf026a.json,5e1707c9c554bad78688f0b7671890756a47bb4a2e6221044c26431e634ca8f8,0,132859.0,True,2024-02-26,historical,False,False
2024,2074,LS017,Jule Niemeier,Varvara Gracheva,325940,325836,R32,6-3 6-0,completed,present,2024-02-26,2024-03-03,2024-02-26T22:11:12.547+00:00,False,2024-02-27T01:31:00.513+00:00,False,data/raw/wta/stats/_httpcache/2024/15fb06bc32b6a0c386eb346fd910f30963587b6182bd602ecdd5a4ab3dcf026a.json,5e1707c9c554bad78688f0b7671890756a47bb4a2e6221044c26431e634ca8f8,0,132858.0,True,2024-02-26,historical,False,False
2024,2074,LS018,Anna Blinkova,Caroline Wozniacki,324267,313402,R32,1-6 6-4 6-1,completed,present,2024-02-26,2024-03-03,2024-02-28T03:29:03.333+00:00,False,2024-02-28T05:46:07.613+00:00,False,data/raw/wta/stats/_httpcache/2024/15fb06bc32b6a0c386eb346fd910f30963587b6182bd602ecdd5a4ab3dcf026a.json,5e1707c9c554bad78688f0b7671890756a47bb4a2e6221044c26431e634ca8f8,0,132857.0,True,2024-02-26,historical,False,False
2024,2074,LS019,Dayana Yastremska,Caroline Dolehide,324261,322052,R32,6-4 5-7 6-1,completed,present,2024-02-26,2024-03-03,2024-02-27T20:49:42.373+00:00,False,2024-02-27T23:19:04.747+00:00,False,data/raw/wta/stats/_httpcache/2024/15fb06bc32b6a0c386eb346fd910f30963587b6182bd602ecdd5a4ab3dcf026a.json,5e1707c9c554bad78688f0b7671890756a47bb4a2e6221044c26431e634ca8f8,0,132856.0,True,2024-02-26,historical,False,False
2024,2074,LS021,Xinyu Wang,Clara Tauson,326376,327793,R32,6-2 2-6 6-1,completed,present,2024-02-26,2024-03-03,2024-02-27T02:01:16.53+00:00,False,2024-02-27T03:57:42.187+00:00,False,data/raw/wta/stats/_httpcache/2024/15fb06bc32b6a0c386eb346fd910f30963587b6182bd602ecdd5a4ab3dcf026a.json,5e1707c9c554bad78688f0b7671890756a47bb4a2e6221044c26431e634ca8f8,0,132905.0,True,2024-02-27,stats,False,False
2024,2074,LS022,Taylah Preston,Magdalena Frech,330291,320277,R32,6-4 4-6 6-1,completed,present,2024-02-26,2024-03-03,2024-02-27T23:27:09.203+00:00,False,2024-02-28T01:41:52.45+00:00,False,data/raw/wta/stats/_httpcache/2024/15fb06bc32b6a0c386eb346fd910f30963587b6182bd602ecdd5a4ab3dcf026a.json,5e1707c9c554bad78688f0b7671890756a47bb4a2e6221044c26431e634ca8f8,0,132854.0,True,2024-02-26,historical,False,False
2024,2074,LS023,Marta Kostyuk,Ann Li,326482,326096,R32,6-4 4-6 6-2,completed,present,2024-02-26,2024-03-03,2024-02-27T03:59:05.21+00:00,False,2024-02-27T06:30:37.47+00:00,False,data/raw/wta/stats/_httpcache/2024/15fb06bc32b6a0c386eb346fd910f30963587b6182bd602ecdd5a4ab3dcf026a.json,5e1707c9c554bad78688f0b7671890756a47bb4a2e6221044c26431e634ca8f8,0,132853.0,True,2024-02-26,historical,False,False
2024,2074,LS025,Daria Saville,Lin Zhu,315997,317306,R32,6-3 6-3,completed,present,2024-02-26,2024-03-03,2024-02-26T22:24:16.723+00:00,False,2024-02-27T01:59:09.193+00:00,False,data/raw/wta/stats/_httpcache/2024/15fb06bc32b6a0c386eb346fd910f30963587b6182bd602ecdd5a4ab3dcf026a.json,5e1707c9c554bad78688f0b7671890756a47bb4a2e6221044c26431e634ca8f8,0,132851.0,True,2024-02-26,historical,False,False
2024,2074,LS026,Katerina Siniakova,Mai Hontama,320301,324750,R32,6-3 6-1,completed,present,2024-02-26,2024-03-03,2024-02-27T21:56:32.253+00:00,False,2024-02-27T23:23:42.25+00:00,False,data/raw/wta/stats/_httpcache/2024/15fb06bc32b6a0c386eb346fd910f30963587b6182bd602ecdd5a4ab3dcf026a.json,5e1707c9c554bad78688f0b7671890756a47bb4a2e6221044c26431e634ca8f8,0,132850.0,True,2024-02-26,historical,False,False
2024,2074,LS028,Donna Vekic,Katherine Hui,318516,330053,R32,7-5 6-2,completed,present,2024-02-26,2024-03-03,2024-02-28T01:37:05.13+00:00,False,2024-02-28T03:25:58.683+00:00,False,data/raw/wta/stats/_httpcache/2024/15fb06bc32b6a0c386eb346fd910f30963587b6182bd602ecdd5a4ab3dcf026a.json,5e1707c9c554bad78688f0b7671890756a47bb4a2e6221044c26431e634ca8f8,0,132849.0,True,2024-02-26,historical,False,False
2024,2074,LS029,Marina Stakusic,Marina Melnikova,329614,314527,R32,6-4 5-7 6-1,completed,present,2024-02-26,2024-03-03,2024-02-27T01:34:03.093+00:00,False,2024-02-27T03:55:23.447+00:00,False,data/raw/wta/stats/_httpcache/2024/15fb06bc32b6a0c386eb346fd910f30963587b6182bd602ecdd5a4ab3dcf026a.json,5e1707c9c554bad78688f0b7671890756a47bb4a2e6221044c26431e634ca8f8,0,132848.0,True,2024-02-26,historical,False,False
2024,2074,LS030,Katie Boulter,Lesia Tsurenko,319125,315295,R32,6-3 6-1,completed,present,2024-02-26,2024-03-03,2024-02-26T20:53:32.437+00:00,False,2024-02-26T22:19:27.907+00:00,False,data/raw/wta/stats/_httpcache/2024/15fb06bc32b6a0c386eb346fd910f30963587b6182bd602ecdd5a4ab3dcf026a.json,5e1707c9c554bad78688f0b7671890756a47bb4a2e6221044c26431e634ca8f8,0,132847.0,True,2024-02-26,historical,False,False
2024,2075,LS001,Magdalena Frech,Olivia Gadecki,320277,326653,F,7-6(5) 6-4,completed,present,2024-09-09,2024-09-15,2024-09-15T23:20:02.81+00:00,False,2024-09-16T01:35:30.76+00:00,False,data/raw/wta/stats/_httpcache/2024/7c8565cb79390bfbe99bf6c2c8fb9e3e759b43af598ec39fd2b145f79757dab4.json,96c721c4c076c4aa8fc7987bb85c6be842c7f429575b492b17d0785d0a49513c,0,135196.0,True,2024-09-15,stats,False,False
2024,2075,LS002,Magdalena Frech,Caroline Garcia,320277,315391,SF,7-6(4) 7-5,completed,present,2024-09-09,2024-09-15,2024-09-15T00:53:32.073+00:00,False,2024-09-15T03:15:51.507+00:00,False,data/raw/wta/stats/_httpcache/2024/7c8565cb79390bfbe99bf6c2c8fb9e3e759b43af598ec39fd2b145f79757dab4.json,96c721c4c076c4aa8fc7987bb85c6be842c7f429575b492b17d0785d0a49513c,0,135195.0,True,2024-09-15,stats,False,False
2024,2075,LS003,Olivia Gadecki,Camila Osorio,326653,325898,SF,6-2 6-3,completed,present,2024-09-09,2024-09-15,2024-09-14T22:49:04.453+00:00,False,2024-09-15T00:28:59.113+00:00,False,data/raw/wta/stats/_httpcache/2024/7c8565cb79390bfbe99bf6c2c8fb9e3e759b43af598ec39fd2b145f79757dab4.json,96c721c4c076c4aa8fc7987bb85c6be842c7f429575b492b17d0785d0a49513c,0,135181.0,True,2024-09-14,stats,False,False
2024,2075,LS004,Magdalena Frech,Marina Stakusic,320277,329614,QF,6-4 6-3,completed,present,2024-09-09,2024-09-15,2024-09-13T23:49:23.133+00:00,False,2024-09-14T01:55:04.807+00:00,False,data/raw/wta/stats/_httpcache/2024/7c8565cb79390bfbe99bf6c2c8fb9e3e759b43af598ec39fd2b145f79757dab4.json,96c721c4c076c4aa8fc7987bb85c6be842c7f429575b492b17d0785d0a49513c,0,135153.0,True,2024-09-13,stats,False,False
2024,2075,LS006,Camila Osorio,Kamilla Rakhimova,325898,325936,QF,7-6(6) 6-2,completed,present,2024-09-09,2024-09-15,2024-09-13T21:01:40.767+00:00,False,2024-09-13T23:04:19.9+00:00,False,data/raw/wta/stats/_httpcache/2024/7c8565cb79390bfbe99bf6c2c8fb9e3e759b43af598ec39fd2b145f79757dab4.json,96c721c4c076c4aa8fc7987bb85c6be842c7f429575b492b17d0785d0a49513c,0,135152.0,True,2024-09-13,stats,False,False
2024,2075,LS007,Olivia Gadecki,Martina Trevisan,326653,316266,QF,6-2 3-6 6-1,completed,present,2024-09-09,2024-09-15,2024-09-13T18:48:25.877+00:00,False,2024-09-13T20:57:59.843+00:00,False,data/raw/wta/stats/_httpcache/2024/7c8565cb79390bfbe99bf6c2c8fb9e3e759b43af598ec39fd2b145f79757dab4.json,96c721c4c076c4aa8fc7987bb85c6be842c7f429575b492b17d0785d0a49513c,0,135151.0,True,2024-09-13,stats,False,False
2024,2075,LS008,Marina Stakusic,Jelena Ostapenko,329614,319939,R16,6-3 5-7 7-6(0),completed,present,2024-09-09,2024-09-15,2024-09-12T23:50:02.907+00:00,False,2024-09-13T03:15:16+00:00,False,data/raw/wta/stats/_httpcache/2024/7c8565cb79390bfbe99bf6c2c8fb9e3e759b43af598ec39fd2b145f79757dab4.json,96c721c4c076c4aa8fc7987bb85c6be842c7f429575b492b17d0785d0a49513c,0,135138.0,True,2024-09-12,stats,False,False
2024,2075,LS009,Magdalena Frech,Ashlyn Krueger,320277,329409,R16,3-6 6-3 6-1,completed,present,2024-09-09,2024-09-15,2024-09-13T03:18:09.07+00:00,False,2024-09-13T05:29:37.633+00:00,False,data/raw/wta/stats/_httpcache/2024/7c8565cb79390bfbe99bf6c2c8fb9e3e759b43af598ec39fd2b145f79757dab4.json,96c721c4c076c4aa8fc7987bb85c6be842c7f429575b492b17d0785d0a49513c,0,135150.0,True,2024-09-13,stats,False,False
2024,2075,LS010,Caroline Garcia,Ena Shibahara,315391,322527,R16,7-6(3) 7-6(5),completed,present,2024-09-09,2024-09-15,2024-09-12T20:41:43.873+00:00,False,2024-09-12T22:56:33.657+00:00,False,data/raw/wta/stats/_httpcache/2024/7c8565cb79390bfbe99bf6c2c8fb9e3e759b43af598ec39fd2b145f79757dab4.json,96c721c4c076c4aa8fc7987bb85c6be842c7f429575b492b17d0785d0a49513c,0,135137.0,True,2024-09-12,stats,False,False
2024,2075,LS011,Marie Bouzkova,Lucrezia Stefanini,320983,323149,R16,6-2 6-1,completed,present,2024-09-09,2024-09-15,2024-09-12T18:54:22.833+00:00,False,2024-09-12T20:39:38.597+00:00,False,data/raw/wta/stats/_httpcache/2024/7c8565cb79390bfbe99bf6c2c8fb9e3e759b43af598ec39fd2b145f79757dab4.json,96c721c4c076c4aa8fc7987bb85c6be842c7f429575b492b17d0785d0a49513c,0,135136.0,True,2024-09-12,stats,False,False
2024,2075,LS012,Camila Osorio,Veronika Kudermetova,325898,319526,R16,7-6 6-7(2) 7-5,completed,present,2024-09-09,2024-09-15,2024-09-11T20:23:20.52+00:00,False,2024-09-12T00:00:08.757+00:00,False,data/raw/wta/stats/_httpcache/2024/7c8565cb79390bfbe99bf6c2c8fb9e3e759b43af598ec39fd2b145f79757dab4.json,96c721c4c076c4aa8fc7987bb85c6be842c7f429575b492b17d0785d0a49513c,0,135122.0,True,2024-09-11,stats,False,False
2024,2075,LS014,Martina Trevisan,Renata Zarazua,316266,320716,R16,6-4 6-3,completed,present,2024-09-09,2024-09-15,2024-09-12T01:45:24.863+00:00,False,2024-09-12T04:02:23.93+00:00,False,data/raw/wta/stats/_httpcache/2024/7c8565cb79390bfbe99bf6c2c8fb9e3e759b43af598ec39fd2b145f79757dab4.json,96c721c4c076c4aa8fc7987bb85c6be842c7f429575b492b17d0785d0a49513c,0,135135.0,True,2024-09-12,stats,False,False
2024,2075,LS015,Olivia Gadecki,Danielle Collins,326653,316925,R16,6-3 6-3,completed,present,2024-09-09,2024-09-15,2024-09-12T00:03:32.223+00:00,False,2024-09-12T01:43:04.75+00:00,False,data/raw/wta/stats/_httpcache/2024/7c8565cb79390bfbe99bf6c2c8fb9e3e759b43af598ec39fd2b145f79757dab4.json,96c721c4c076c4aa8fc7987bb85c6be842c7f429575b492b17d0785d0a49513c,0,135134.0,True,2024-09-12,stats,False,False
2024,2075,LS017,Marina Stakusic,Anna Karolina Schmiedlova,329614,318203,R32,6-2 6-4,completed,present,2024-09-09,2024-09-15,2024-09-11T02:06:12.14+00:00,False,2024-09-11T03:50:11.14+00:00,False,data/raw/wta/stats/_httpcache/2024/7c8565cb79390bfbe99bf6c2c8fb9e3e759b43af598ec39fd2b145f79757dab4.json,96c721c4c076c4aa8fc7987bb85c6be842c7f429575b492b17d0785d0a49513c,0,135120.0,True,2024-09-11,stats,False,False
2024,2075,LS018,Ashlyn Krueger,Tatjana Maria,329409,310440,R32,7-5 6-2,completed,present,2024-09-09,2024-09-15,2024-09-10T18:46:15.007+00:00,False,2024-09-10T20:48:35.67+00:00,False,data/raw/wta/stats/_httpcache/2024/7c8565cb79390bfbe99bf6c2c8fb9e3e759b43af598ec39fd2b145f79757dab4.json,96c721c4c076c4aa8fc7987bb85c6be842c7f429575b492b17d0785d0a49513c,0,135098.0,True,2024-09-10,stats,False,False
2024,2075,LS019,Magdalena Frech,Emina Bektas,320277,316464,R32,6-4 6-4,completed,present,2024-09-09,2024-09-15,2024-09-11T02:50:19.397+00:00,False,2024-09-11T04:29:14.4+00:00,False,data/raw/wta/stats/_httpcache/2024/7c8565cb79390bfbe99bf6c2c8fb9e3e759b43af598ec39fd2b145f79757dab4.json,96c721c4c076c4aa8fc7987bb85c6be842c7f429575b492b17d0785d0a49513c,0,135121.0,True,2024-09-11,stats,False,False
2024,2075,LS021,Ena Shibahara,Kimberly Birrell,322527,320728,R32,6-4 7-6(4),completed,present,2024-09-09,2024-09-15,2024-09-10T18:44:50.19+00:00,False,2024-09-10T20:49:19.277+00:00,False,data/raw/wta/stats/_httpcache/2024/7c8565cb79390bfbe99bf6c2c8fb9e3e759b43af598ec39fd2b145f79757dab4.json,96c721c4c076c4aa8fc7987bb85c6be842c7f429575b492b17d0785d0a49513c,0,135097.0,True,2024-09-10,stats,False,False
2024,2075,LS022,Lucrezia Stefanini,Ana Sofia Sanchez,323149,316694,R32,6-0 3-6 6-2,completed,present,2024-09-09,2024-09-15,2024-09-10T20:51:21.27+00:00,False,2024-09-11T02:03:17.64+00:00,False,data/raw/wta/stats/_httpcache/2024/7c8565cb79390bfbe99bf6c2c8fb9e3e759b43af598ec39fd2b145f79757dab4.json,96c721c4c076c4aa8fc7987bb85c6be842c7f429575b492b17d0785d0a49513c,0,135100.0,True,2024-09-10,stats,False,False
2024,2075,LS023,Marie Bouzkova,Alexandra Eala,320983,330332,R32,6-2 6-2,completed,present,2024-09-09,2024-09-15,2024-09-11T00:56:22.493+00:00,False,2024-09-11T02:49:48.75+00:00,False,data/raw/wta/stats/_httpcache/2024/7c8565cb79390bfbe99bf6c2c8fb9e3e759b43af598ec39fd2b145f79757dab4.json,96c721c4c076c4aa8fc7987bb85c6be842c7f429575b492b17d0785d0a49513c,0,135119.0,True,2024-09-11,stats,False,False
2024,2075,LS024,Veronika Kudermetova,Sachia Vickery,319526,317443,R32,6-4 6-4,completed,present,2024-09-09,2024-09-15,2024-09-09T18:40:59.783+00:00,False,2024-09-09T20:48:59.643+00:00,False,data/raw/wta/stats/_httpcache/2024/7c8565cb79390bfbe99bf6c2c8fb9e3e759b43af598ec39fd2b145f79757dab4.json,96c721c4c076c4aa8fc7987bb85c6be842c7f429575b492b17d0785d0a49513c,0,135059.0,True,2024-09-09,stats,False,False
2024,2075,LS025,Camila Osorio,Hailey Baptiste,325898,327101,R32,6-3 6-2,completed,present,2024-09-09,2024-09-15,2024-09-10T02:17:30.767+00:00,False,2024-09-10T03:34:13.87+00:00,False,data/raw/wta/stats/_httpcache/2024/7c8565cb79390bfbe99bf6c2c8fb9e3e759b43af598ec39fd2b145f79757dab4.json,96c721c4c076c4aa8fc7987bb85c6be842c7f429575b492b17d0785d0a49513c,0,135096.0,True,2024-09-10,stats,False,False
2024,2075,LS026,Kamilla Rakhimova,Aleksandra Krunic,325936,316344,R32,7-5 6-0,completed,present,2024-09-09,2024-09-15,2024-09-09T21:46:59.963+00:00,False,2024-09-09T23:23:53.68+00:00,False,data/raw/wta/stats/_httpcache/2024/7c8565cb79390bfbe99bf6c2c8fb9e3e759b43af598ec39fd2b145f79757dab4.json,96c721c4c076c4aa8fc7987bb85c6be842c7f429575b492b17d0785d0a49513c,0,135061.0,True,2024-09-09,stats,False,False
2024,2075,LS028,Martina Trevisan,Caroline Dolehide,316266,322052,R32,6-3 6-2,completed,present,2024-09-09,2024-09-15,2024-09-10T20:51:16.977+00:00,False,2024-09-11T00:54:42.117+00:00,False,data/raw/wta/stats/_httpcache/2024/7c8565cb79390bfbe99bf6c2c8fb9e3e759b43af598ec39fd2b145f79757dab4.json,96c721c4c076c4aa8fc7987bb85c6be842c7f429575b492b17d0785d0a49513c,0,135099.0,True,2024-09-10,stats,False,False
2024,2075,LS029,Renata Zarazua,Anhelina Kalinina,320716,320567,R32,6-1 3-6 6-1,completed,present,2024-09-09,2024-09-15,2024-09-09T23:52:00.553+00:00,False,2024-09-10T02:00:59.017+00:00,False,data/raw/wta/stats/_httpcache/2024/7c8565cb79390bfbe99bf6c2c8fb9e3e759b43af598ec39fd2b145f79757dab4.json,96c721c4c076c4aa8fc7987bb85c6be842c7f429575b492b17d0785d0a49513c,0,135062.0,True,2024-09-09,stats,False,False
2024,2075,LS030,Olivia Gadecki,Sloane Stephens,326653,315683,R32,6-4 6-3,completed,present,2024-09-09,2024-09-15,2024-09-09T20:50:53.73+00:00,False,2024-09-09T22:31:42.507+00:00,False,data/raw/wta/stats/_httpcache/2024/7c8565cb79390bfbe99bf6c2c8fb9e3e759b43af598ec39fd2b145f79757dab4.json,96c721c4c076c4aa8fc7987bb85c6be842c7f429575b492b17d0785d0a49513c,0,135060.0,True,2024-09-09,stats,False,False
2024,2082,LS001,Yue Yuan,Xiyu Wang,324325,326160,F,6-4 7-6(4),completed,present,2024-02-26,2024-03-03,2024-03-03T19:38:42.933+00:00,False,2024-03-03T22:25:51.233+00:00,False,data/raw/wta/stats/_httpcache/2024/4e86b1b7276682e42900aa71b7dc46d9ffca353aeddc484f61048d95f36f2e09.json,16ae6a359974e61f645e48a679699b895619050fe8ef1edb52e104d143991dd1,0,132904.0,True,2024-02-26,historical,False,False
2024,2082,LS002,Xiyu Wang,Anhelina Kalinina,326160,320567,SF,6-3 7-6(4),completed,present,2024-02-26,2024-03-03,2024-03-02T20:14:47.49+00:00,False,2024-03-02T22:25:00.543+00:00,False,data/raw/wta/stats/_httpcache/2024/4e86b1b7276682e42900aa71b7dc46d9ffca353aeddc484f61048d95f36f2e09.json,16ae6a359974e61f645e48a679699b895619050fe8ef1edb52e104d143991dd1,0,132903.0,True,2024-02-26,historical,False,False
2024,2082,LS003,Yue Yuan,Anna Karolina Schmiedlova,324325,318203,SF,6-0 6-3,completed,present,2024-02-26,2024-03-03,2024-03-02T23:48:11.97+00:00,False,2024-03-03T01:17:54.43+00:00,False,data/raw/wta/stats/_httpcache/2024/4e86b1b7276682e42900aa71b7dc46d9ffca353aeddc484f61048d95f36f2e09.json,16ae6a359974e61f645e48a679699b895619050fe8ef1edb52e104d143991dd1,0,132902.0,True,2024-02-26,historical,False,False
2024,2082,LS004,Anhelina Kalinina,Diane Parry,320567,327077,QF,1-6 6-4 6-2,completed,present,2024-02-26,2024-03-03,2024-03-01T17:43:37.35+00:00,False,2024-03-01T20:27:09.247+00:00,False,data/raw/wta/stats/_httpcache/2024/4e86b1b7276682e42900aa71b7dc46d9ffca353aeddc484f61048d95f36f2e09.json,16ae6a359974e61f645e48a679699b895619050fe8ef1edb52e104d143991dd1,0,132901.0,True,2024-02-26,historical,False,False
2024,2082,LS006,Yue Yuan,Yafan Wang,324325,317510,QF,6-3 7-5,completed,present,2024-02-26,2024-03-03,2024-03-02T01:28:49.003+00:00,False,2024-03-02T04:10:22.553+00:00,False,data/raw/wta/stats/_httpcache/2024/4e86b1b7276682e42900aa71b7dc46d9ffca353aeddc484f61048d95f36f2e09.json,16ae6a359974e61f645e48a679699b895619050fe8ef1edb52e104d143991dd1,0,132899.0,True,2024-02-26,historical,False,False
2024,2082,LS008,Anhelina Kalinina,Camila Osorio,320567,325898,R16,6-1 6-2,completed,present,2024-02-26,2024-03-03,2024-02-28T23:50:10.177+00:00,False,2024-02-29T01:14:52.447+00:00,False,data/raw/wta/stats/_httpcache/2024/4e86b1b7276682e42900aa71b7dc46d9ffca353aeddc484f61048d95f36f2e09.json,16ae6a359974e61f645e48a679699b895619050fe8ef1edb52e104d143991dd1,0,132897.0,True,2024-02-26,historical,False,False
2024,2082,LS009,Diane Parry,Kamilla Rakhimova,327077,325936,R16,6-3 6-3,completed,present,2024-02-26,2024-03-03,2024-02-29T01:18:13.38+00:00,False,2024-02-29T03:04:30.607+00:00,False,data/raw/wta/stats/_httpcache/2024/4e86b1b7276682e42900aa71b7dc46d9ffca353aeddc484f61048d95f36f2e09.json,16ae6a359974e61f645e48a679699b895619050fe8ef1edb52e104d143991dd1,0,132896.0,True,2024-02-26,historical,False,False
2024,2082,LS010,Danielle Collins,Katie Volynets,316925,327391,R16,4-6 7-6(3) 6-0,completed,present,2024-02-26,2024-03-03,2024-02-29T20:01:54.917+00:00,False,2024-02-29T22:34:46.043+00:00,False,data/raw/wta/stats/_httpcache/2024/4e86b1b7276682e42900aa71b7dc46d9ffca353aeddc484f61048d95f36f2e09.json,16ae6a359974e61f645e48a679699b895619050fe8ef1edb52e104d143991dd1,0,132895.0,True,2024-02-26,historical,False,False
2024,2082,LS011,Xiyu Wang,Darja Semenistaja,326160,329457,R16,6-1 6-2,completed,present,2024-02-26,2024-03-03,2024-02-29T18:26:15.29+00:00,False,2024-02-29T19:59:14.903+00:00,False,data/raw/wta/stats/_httpcache/2024/4e86b1b7276682e42900aa71b7dc46d9ffca353aeddc484f61048d95f36f2e09.json,16ae6a359974e61f645e48a679699b895619050fe8ef1edb52e104d143991dd1,0,132894.0,True,2024-02-26,historical,False,False
2024,2082,LS012,Yue Yuan,Taylor Townsend,324325,318609,R16,6-3 7-6(5),completed,present,2024-02-26,2024-03-03,2024-02-28T18:36:56.653+00:00,False,2024-02-28T20:28:20.37+00:00,False,data/raw/wta/stats/_httpcache/2024/4e86b1b7276682e42900aa71b7dc46d9ffca353aeddc484f61048d95f36f2e09.json,16ae6a359974e61f645e48a679699b895619050fe8ef1edb52e104d143991dd1,0,132893.0,True,2024-02-26,historical,False,False
2024,2082,LS013,Yafan Wang,Emiliana Arango,317510,324789,R16,6-2 6-2,completed,present,2024-02-26,2024-03-03,2024-02-28T16:51:02.52+00:00,False,2024-02-28T18:33:07.863+00:00,False,data/raw/wta/stats/_httpcache/2024/4e86b1b7276682e42900aa71b7dc46d9ffca353aeddc484f61048d95f36f2e09.json,16ae6a359974e61f645e48a679699b895619050fe8ef1edb52e104d143991dd1,0,132892.0,True,2024-02-26,historical,False,False
2024,2082,LS014,Anna Karolina Schmiedlova,Sachia Vickery,318203,317443,R16,5-7 7-6(5) 7-5,completed,present,2024-02-26,2024-03-03,2024-03-01T02:30:59.537+00:00,False,2024-03-01T05:34:01.123+00:00,False,data/raw/wta/stats/_httpcache/2024/4e86b1b7276682e42900aa71b7dc46d9ffca353aeddc484f61048d95f36f2e09.json,16ae6a359974e61f645e48a679699b895619050fe8ef1edb52e104d143991dd1,0,132891.0,True,2024-02-26,historical,False,False
2024,2082,LS015,Anastasija Sevastova,Sloane Stephens,313987,315683,R16,6-3 6-2,completed,present,2024-02-26,2024-03-03,2024-02-29T23:54:16.573+00:00,False,2024-03-01T02:26:57.513+00:00,False,data/raw/wta/stats/_httpcache/2024/4e86b1b7276682e42900aa71b7dc46d9ffca353aeddc484f61048d95f36f2e09.json,16ae6a359974e61f645e48a679699b895619050fe8ef1edb52e104d143991dd1,0,132890.0,True,2024-02-26,historical,False,False
2024,2082,LS016,Anhelina Kalinina,Sara Bejlek,320567,330375,R32,6-3 6-2,completed,present,2024-02-26,2024-03-03,2024-02-27T20:51:09.873+00:00,False,2024-02-27T22:09:37.94+00:00,False,data/raw/wta/stats/_httpcache/2024/4e86b1b7276682e42900aa71b7dc46d9ffca353aeddc484f61048d95f36f2e09.json,16ae6a359974e61f645e48a679699b895619050fe8ef1edb52e104d143991dd1,0,132889.0,True,2024-02-26,historical,False,False
2024,2082,LS017,Camila Osorio,Alizé Cornet,325898,312121,R32,6-3 6-2,completed,present,2024-02-26,2024-03-03,2024-02-27T01:32:10.897+00:00,False,2024-02-27T03:15:07.383+00:00,False,data/raw/wta/stats/_httpcache/2024/4e86b1b7276682e42900aa71b7dc46d9ffca353aeddc484f61048d95f36f2e09.json,16ae6a359974e61f645e48a679699b895619050fe8ef1edb52e104d143991dd1,0,132888.0,True,2024-02-26,historical,False,False
2024,2082,LS018,Kamilla Rakhimova,Yanina Wickmayer,325936,312536,R32,6-3 6-7(4) 7-6(5),completed,present,2024-02-26,2024-03-03,2024-02-27T16:19:12.39+00:00,False,2024-02-27T19:54:34.547+00:00,False,data/raw/wta/stats/_httpcache/2024/4e86b1b7276682e42900aa71b7dc46d9ffca353aeddc484f61048d95f36f2e09.json,16ae6a359974e61f645e48a679699b895619050fe8ef1edb52e104d143991dd1,0,132887.0,True,2024-02-26,historical,False,False
2024,2082,LS019,Diane Parry,Jessika Ponchet,327077,319421,R32,6-3 7-6(4),completed,present,2024-02-26,2024-03-03,2024-02-26T19:23:57.233+00:00,False,2024-02-26T21:08:18.783+00:00,False,data/raw/wta/stats/_httpcache/2024/4e86b1b7276682e42900aa71b7dc46d9ffca353aeddc484f61048d95f36f2e09.json,16ae6a359974e61f645e48a679699b895619050fe8ef1edb52e104d143991dd1,0,132886.0,True,2024-02-26,historical,False,False
2024,2082,LS020,Danielle Collins,Olivia Gadecki,316925,326653,R32,7-5 6-3,completed,present,2024-02-26,2024-03-03,2024-02-28T02:53:40.63+00:00,False,2024-02-28T04:44:24.863+00:00,False,data/raw/wta/stats/_httpcache/2024/4e86b1b7276682e42900aa71b7dc46d9ffca353aeddc484f61048d95f36f2e09.json,16ae6a359974e61f645e48a679699b895619050fe8ef1edb52e104d143991dd1,0,132885.0,True,2024-02-26,historical,False,False
2024,2082,LS021,Katie Volynets,Renata Zarazua,327391,320716,R32,6-4 7-6(6),completed,present,2024-02-26,2024-03-03,2024-02-27T21:25:15.617+00:00,False,2024-02-27T23:53:39.517+00:00,False,data/raw/wta/stats/_httpcache/2024/4e86b1b7276682e42900aa71b7dc46d9ffca353aeddc484f61048d95f36f2e09.json,16ae6a359974e61f645e48a679699b895619050fe8ef1edb52e104d143991dd1,0,132884.0,True,2024-02-26,historical,False,False
2024,2082,LS022,Darja Semenistaja,Victoria Jimenez Kasintseva,329457,330352,R32,6-7(2) 6-2 6-4,completed,present,2024-02-26,2024-03-03,2024-02-27T16:47:26.117+00:00,False,2024-02-27T19:36:48.25+00:00,False,data/raw/wta/stats/_httpcache/2024/4e86b1b7276682e42900aa71b7dc46d9ffca353aeddc484f61048d95f36f2e09.json,16ae6a359974e61f645e48a679699b895619050fe8ef1edb52e104d143991dd1,0,132883.0,True,2024-02-26,historical,False,False
2024,2082,LS023,Xiyu Wang,Nadia Podoroska,326160,319112,R32,7-5 6-4,completed,present,2024-02-26,2024-03-03,2024-02-27T19:57:59.603+00:00,False,2024-02-27T22:00:14.657+00:00,False,data/raw/wta/stats/_httpcache/2024/4e86b1b7276682e42900aa71b7dc46d9ffca353aeddc484f61048d95f36f2e09.json,16ae6a359974e61f645e48a679699b895619050fe8ef1edb52e104d143991dd1,0,132882.0,True,2024-02-26,historical,False,False
2024,2082,LS024,Yue Yuan,Arina Rodionova,324325,312413,R32,3-6 6-3 6-1,completed,present,2024-02-26,2024-03-03,2024-02-26T16:54:19.073+00:00,False,2024-02-26T19:37:56.913+00:00,False,data/raw/wta/stats/_httpcache/2024/4e86b1b7276682e42900aa71b7dc46d9ffca353aeddc484f61048d95f36f2e09.json,16ae6a359974e61f645e48a679699b895619050fe8ef1edb52e104d143991dd1,0,132881.0,True,2024-02-26,historical,False,False
2024,2082,LS025,Taylor Townsend,Fernanda Contreras,318609,323582,R32,3-6 6-2 6-3,completed,present,2024-02-26,2024-03-03,2024-02-27T17:57:16.403+00:00,False,2024-02-27T20:48:10.783+00:00,False,data/raw/wta/stats/_httpcache/2024/4e86b1b7276682e42900aa71b7dc46d9ffca353aeddc484f61048d95f36f2e09.json,16ae6a359974e61f645e48a679699b895619050fe8ef1edb52e104d143991dd1,0,132906.0,True,2024-02-27,stats,False,False
2024,2082,LS026,Emiliana Arango,Alycia Parks,324789,326007,R32,6-2 6-3,completed,present,2024-02-26,2024-03-03,2024-02-27T16:18:37.737+00:00,False,2024-02-27T17:54:24.36+00:00,False,data/raw/wta/stats/_httpcache/2024/4e86b1b7276682e42900aa71b7dc46d9ffca353aeddc484f61048d95f36f2e09.json,16ae6a359974e61f645e48a679699b895619050fe8ef1edb52e104d143991dd1,0,132879.0,True,2024-02-26,historical,False,False
2024,2082,LS027,Yafan Wang,Lucia Bronzetti,317510,322280,R32,7-6(5) 6-4,completed,present,2024-02-26,2024-03-03,2024-02-26T19:42:37.22+00:00,False,2024-02-26T21:50:23.317+00:00,False,data/raw/wta/stats/_httpcache/2024/4e86b1b7276682e42900aa71b7dc46d9ffca353aeddc484f61048d95f36f2e09.json,16ae6a359974e61f645e48a679699b895619050fe8ef1edb52e104d143991dd1,0,132878.0,True,2024-02-26,historical,False,False
2024,2082,LS028,Anna Karolina Schmiedlova,Peyton Stearns,318203,327573,R32,6-2 4-6 7-5,completed,present,2024-02-26,2024-03-03,2024-02-28T00:02:17.187+00:00,False,2024-02-28T02:51:29.923+00:00,False,data/raw/wta/stats/_httpcache/2024/4e86b1b7276682e42900aa71b7dc46d9ffca353aeddc484f61048d95f36f2e09.json,16ae6a359974e61f645e48a679699b895619050fe8ef1edb52e104d143991dd1,0,132877.0,True,2024-02-26,historical,False,False
2024,2082,LS029,Sachia Vickery,Rebecca Marino,317443,313485,R32,6-2 6-4,completed,present,2024-02-26,2024-03-03,2024-02-27T22:03:17.067+00:00,False,2024-02-27T23:31:16.187+00:00,False,data/raw/wta/stats/_httpcache/2024/4e86b1b7276682e42900aa71b7dc46d9ffca353aeddc484f61048d95f36f2e09.json,16ae6a359974e61f645e48a679699b895619050fe8ef1edb52e104d143991dd1,0,132876.0,True,2024-02-26,historical,False,False
2024,2082,LS030,Anastasija Sevastova,Julia Riera,313987,327287,R32,6-4 6-3,completed,present,2024-02-26,2024-03-03,2024-02-27T22:12:37.827+00:00,False,2024-02-27T23:29:25.713+00:00,False,data/raw/wta/stats/_httpcache/2024/4e86b1b7276682e42900aa71b7dc46d9ffca353aeddc484f61048d95f36f2e09.json,16ae6a359974e61f645e48a679699b895619050fe8ef1edb52e104d143991dd1,0,132875.0,True,2024-02-26,historical,False,False
2024,2082,LS031,Sloane Stephens,Tereza Martincova,315683,318060,R32,6-4 6-0,completed,present,2024-02-26,2024-03-03,2024-02-27T19:39:54.5+00:00,False,2024-02-27T21:21:58.56+00:00,False,data/raw/wta/stats/_httpcache/2024/4e86b1b7276682e42900aa71b7dc46d9ffca353aeddc484f61048d95f36f2e09.json,16ae6a359974e61f645e48a679699b895619050fe8ef1edb52e104d143991dd1,0,132874.0,True,2024-02-26,historical,False,False
2024,2085,LS001,Zeynep Sonmez,Ann Li,326907,326096,F,6-2 6-1,completed,present,2024-10-28,2024-11-03,2024-11-03T23:52:08.583+00:00,False,2024-11-04T01:19:07.75+00:00,False,data/raw/wta/stats/_httpcache/2024/bfc6d06c4e60d664a034a227bb2a327fe3722aa18d51ac906b354254f4309910.json,ccc2422904ddbae9c48c793062f95548e92bed53f5c81ca9b890e4e2f7e61bd9,0,135879.0,True,2024-11-03,stats,False,False
2024,2085,LS002,Zeynep Sonmez,Alina Korneeva,326907,331330,SF,7-6(5) 6-2,completed,present,2024-10-28,2024-11-03,2024-11-03T16:49:14.53+00:00,False,2024-11-03T18:50:01.643+00:00,False,data/raw/wta/stats/_httpcache/2024/bfc6d06c4e60d664a034a227bb2a327fe3722aa18d51ac906b354254f4309910.json,ccc2422904ddbae9c48c793062f95548e92bed53f5c81ca9b890e4e2f7e61bd9,0,135878.0,True,2024-11-03,stats,False,False
2024,2085,LS003,Ann Li,Polina Kudermetova,326096,328897,SF,6-3 4-6 6-2,completed,present,2024-10-28,2024-11-03,2024-11-03T00:46:07.8+00:00,False,2024-11-03T19:25:24.07+00:00,False,data/raw/wta/stats/_httpcache/2024/bfc6d06c4e60d664a034a227bb2a327fe3722aa18d51ac906b354254f4309910.json,ccc2422904ddbae9c48c793062f95548e92bed53f5c81ca9b890e4e2f7e61bd9,0,135877.0,True,2024-11-03,stats,False,False
2024,2085,LS004,Zeynep Sonmez,Renata Zarazua,326907,320716,QF,3-6 6-3 6-4,completed,present,2024-10-28,2024-11-03,2024-11-01T22:15:23.17+00:00,False,2024-11-02T01:20:02.73+00:00,False,data/raw/wta/stats/_httpcache/2024/bfc6d06c4e60d664a034a227bb2a327fe3722aa18d51ac906b354254f4309910.json,ccc2422904ddbae9c48c793062f95548e92bed53f5c81ca9b890e4e2f7e61bd9,0,135850.0,True,2024-11-01,stats,False,False
2024,2085,LS005,Alina Korneeva,Sara Sorribes Tormo,331330,318872,QF,6-3 6-1,completed,present,2024-10-28,2024-11-03,2024-11-02T04:04:47.017+00:00,False,2024-11-02T05:53:15.263+00:00,False,data/raw/wta/stats/_httpcache/2024/bfc6d06c4e60d664a034a227bb2a327fe3722aa18d51ac906b354254f4309910.json,ccc2422904ddbae9c48c793062f95548e92bed53f5c81ca9b890e4e2f7e61bd9,0,135858.0,True,2024-11-02,stats,False,False
2024,2085,LS006,Ann Li,Jil Teichmann,326096,320926,QF,6-1 6-1,completed,present,2024-10-28,2024-11-03,2024-11-01T19:57:00.91+00:00,False,2024-11-01T21:32:11.28+00:00,False,data/raw/wta/stats/_httpcache/2024/bfc6d06c4e60d664a034a227bb2a327fe3722aa18d51ac906b354254f4309910.json,ccc2422904ddbae9c48c793062f95548e92bed53f5c81ca9b890e4e2f7e61bd9,0,135849.0,True,2024-11-01,stats,False,False
2024,2085,LS007,Polina Kudermetova,Nina Stojanovic,328897,319709,QF,5-7 6-4 6-3,completed,present,2024-10-28,2024-11-03,2024-11-02T01:25:25.26+00:00,False,2024-11-02T04:02:23.81+00:00,False,data/raw/wta/stats/_httpcache/2024/bfc6d06c4e60d664a034a227bb2a327fe3722aa18d51ac906b354254f4309910.json,ccc2422904ddbae9c48c793062f95548e92bed53f5c81ca9b890e4e2f7e61bd9,0,135857.0,True,2024-11-02,stats,False,False
2024,2085,LS008,Renata Zarazua,Maja Chwalinska,320716,325639,R16,2-6 6-2 6-1,completed,present,2024-10-28,2024-11-03,2024-11-01T04:22:08.1+00:00,False,2024-11-01T07:07:55.49+00:00,False,data/raw/wta/stats/_httpcache/2024/bfc6d06c4e60d664a034a227bb2a327fe3722aa18d51ac906b354254f4309910.json,ccc2422904ddbae9c48c793062f95548e92bed53f5c81ca9b890e4e2f7e61bd9,0,135847.0,True,2024-11-01,stats,False,False
2024,2085,LS009,Zeynep Sonmez,Elsa Jacquemot,326907,328142,R16,7-6(3) 6-3,completed,present,2024-10-28,2024-11-03,2024-10-31T03:54:05.43+00:00,False,2024-11-01T04:19:34.53+00:00,False,data/raw/wta/stats/_httpcache/2024/bfc6d06c4e60d664a034a227bb2a327fe3722aa18d51ac906b354254f4309910.json,ccc2422904ddbae9c48c793062f95548e92bed53f5c81ca9b890e4e2f7e61bd9,0,135831.0,True,2024-10-31,stats,False,False
2024,2085,LS010,Sara Sorribes Tormo,Lucrezia Stefanini,318872,323149,R16,6-4 1-6 6-4,completed,present,2024-10-28,2024-11-03,2024-11-01T02:35:47.84+00:00,False,2024-11-01T06:29:43.47+00:00,False,data/raw/wta/stats/_httpcache/2024/bfc6d06c4e60d664a034a227bb2a327fe3722aa18d51ac906b354254f4309910.json,ccc2422904ddbae9c48c793062f95548e92bed53f5c81ca9b890e4e2f7e61bd9,0,135846.0,True,2024-11-01,stats,False,False
2024,2085,LS011,Alina Korneeva,Anna Blinkova,331330,324267,R16,7-5 6-2,completed,present,2024-10-28,2024-11-03,2024-11-01T18:55:19.007+00:00,False,2024-11-01T20:36:13.203+00:00,False,data/raw/wta/stats/_httpcache/2024/bfc6d06c4e60d664a034a227bb2a327fe3722aa18d51ac906b354254f4309910.json,ccc2422904ddbae9c48c793062f95548e92bed53f5c81ca9b890e4e2f7e61bd9,0,135848.0,True,2024-11-01,stats,False,False
2024,2085,LS012,Ann Li,Antonia Ruzic,326096,329505,R16,6-2 6-2,completed,present,2024-10-28,2024-11-03,2024-10-30T20:22:30.687+00:00,False,2024-10-30T21:43:25.003+00:00,False,data/raw/wta/stats/_httpcache/2024/bfc6d06c4e60d664a034a227bb2a327fe3722aa18d51ac906b354254f4309910.json,ccc2422904ddbae9c48c793062f95548e92bed53f5c81ca9b890e4e2f7e61bd9,0,135820.0,True,2024-10-30,stats,False,False
2024,2085,LS014,Nina Stojanovic,Marina Stakusic,319709,329614,R16,6-3 6-3,completed,present,2024-10-28,2024-11-03,2024-10-31T19:48:05.847+00:00,False,2024-10-31T23:26:49.263+00:00,False,data/raw/wta/stats/_httpcache/2024/bfc6d06c4e60d664a034a227bb2a327fe3722aa18d51ac906b354254f4309910.json,ccc2422904ddbae9c48c793062f95548e92bed53f5c81ca9b890e4e2f7e61bd9,0,135832.0,True,2024-10-31,stats,False,False
2024,2085,LS015,Polina Kudermetova,Varvara Lepchenko,328897,120420,R16,6-3 6-4,completed,present,2024-10-28,2024-11-03,2024-10-31T19:51:46.363+00:00,False,2024-10-31T23:27:34.73+00:00,False,data/raw/wta/stats/_httpcache/2024/bfc6d06c4e60d664a034a227bb2a327fe3722aa18d51ac906b354254f4309910.json,ccc2422904ddbae9c48c793062f95548e92bed53f5c81ca9b890e4e2f7e61bd9,0,135833.0,True,2024-10-31,stats,False,False
2024,2085,LS016,Renata Zarazua,Akasha Urhobo,320716,331856,R32,7-5 6-2,completed,present,2024-10-28,2024-11-03,2024-10-30T18:22:35.33+00:00,False,2024-10-30T20:16:09.6+00:00,False,data/raw/wta/stats/_httpcache/2024/bfc6d06c4e60d664a034a227bb2a327fe3722aa18d51ac906b354254f4309910.json,ccc2422904ddbae9c48c793062f95548e92bed53f5c81ca9b890e4e2f7e61bd9,0,135819.0,True,2024-10-30,stats,False,False
2024,2085,LS017,Maja Chwalinska,Rebecca Marino,325639,313485,R32,1-1 6-4 6-3,incomplete-or-invalid-score,present,2024-10-28,2024-11-03,2024-10-28T23:03:26.003+00:00,False,2025-01-28T20:22:09.187+00:00,False,data/raw/wta/stats/_httpcache/2024/bfc6d06c4e60d664a034a227bb2a327fe3722aa18d51ac906b354254f4309910.json,ccc2422904ddbae9c48c793062f95548e92bed53f5c81ca9b890e4e2f7e61bd9,0,135768.0,True,2024-10-28,stats,False,False
2024,2085,LS018,Elsa Jacquemot,Robin Montgomery,328142,329408,R32,4-6 6-3 7-6(4),completed,present,2024-10-28,2024-11-03,2024-10-28T18:53:55.773+00:00,False,2024-10-28T21:37:59.427+00:00,False,data/raw/wta/stats/_httpcache/2024/bfc6d06c4e60d664a034a227bb2a327fe3722aa18d51ac906b354254f4309910.json,ccc2422904ddbae9c48c793062f95548e92bed53f5c81ca9b890e4e2f7e61bd9,0,135764.0,True,2024-10-28,stats,False,False
2024,2085,LS019,Zeynep Sonmez,Maria Lourdes Carle,326907,322638,R32,5-7 6-1 6-2,completed,present,2024-10-28,2024-11-03,2024-10-29T20:25:31.443+00:00,False,2024-10-29T22:53:22.653+00:00,False,data/raw/wta/stats/_httpcache/2024/bfc6d06c4e60d664a034a227bb2a327fe3722aa18d51ac906b354254f4309910.json,ccc2422904ddbae9c48c793062f95548e92bed53f5c81ca9b890e4e2f7e61bd9,0,135802.0,True,2024-10-29,stats,False,False
2024,2085,LS020,Lucrezia Stefanini,Jule Niemeier,323149,325940,R32,6-3 6-2,completed,present,2024-10-28,2024-11-03,2024-10-29T19:44:18.65+00:00,False,2024-10-29T21:45:42.933+00:00,False,data/raw/wta/stats/_httpcache/2024/bfc6d06c4e60d664a034a227bb2a327fe3722aa18d51ac906b354254f4309910.json,ccc2422904ddbae9c48c793062f95548e92bed53f5c81ca9b890e4e2f7e61bd9,0,135801.0,True,2024-10-29,stats,False,False
2024,2085,LS021,Sara Sorribes Tormo,Ana Sofia Sanchez,318872,316694,R32,6-2 6-1,completed,present,2024-10-28,2024-11-03,2024-10-29T21:49:22.67+00:00,False,2024-10-30T18:20:19.593+00:00,False,data/raw/wta/stats/_httpcache/2024/bfc6d06c4e60d664a034a227bb2a327fe3722aa18d51ac906b354254f4309910.json,ccc2422904ddbae9c48c793062f95548e92bed53f5c81ca9b890e4e2f7e61bd9,0,135803.0,True,2024-10-29,stats,False,False
2024,2085,LS022,Alina Korneeva,Alycia Parks,331330,326007,R32,6-3 6-1,completed,present,2024-10-28,2024-11-03,2024-10-28T21:41:09.46+00:00,False,2024-10-28T23:02:07.217+00:00,False,data/raw/wta/stats/_httpcache/2024/bfc6d06c4e60d664a034a227bb2a327fe3722aa18d51ac906b354254f4309910.json,ccc2422904ddbae9c48c793062f95548e92bed53f5c81ca9b890e4e2f7e61bd9,0,135767.0,True,2024-10-28,stats,False,False
2024,2085,LS024,Ann Li,Nuria Parrizas Diaz,326096,314359,R32,6-0 6-4,completed,present,2024-10-28,2024-11-03,2024-10-28T19:54:10.18+00:00,False,2024-10-28T21:13:38.683+00:00,False,data/raw/wta/stats/_httpcache/2024/bfc6d06c4e60d664a034a227bb2a327fe3722aa18d51ac906b354254f4309910.json,ccc2422904ddbae9c48c793062f95548e92bed53f5c81ca9b890e4e2f7e61bd9,0,135765.0,True,2024-10-28,stats,False,False
2024,2085,LS025,Antonia Ruzic,Laura Samson,329505,333944,R32,6-4 6-4,completed,present,2024-10-28,2024-11-03,2024-10-29T02:52:59.27+00:00,False,2024-10-29T04:40:29.64+00:00,False,data/raw/wta/stats/_httpcache/2024/bfc6d06c4e60d664a034a227bb2a327fe3722aa18d51ac906b354254f4309910.json,ccc2422904ddbae9c48c793062f95548e92bed53f5c81ca9b890e4e2f7e61bd9,0,135799.0,True,2024-10-29,stats,False,False
2024,2085,LS026,Jil Teichmann,Anastasia Tikhonova,320926,326961,R32,6-1 6-4,completed,present,2024-10-28,2024-11-03,2024-10-29T01:56:45.973+00:00,False,2024-10-29T03:26:57.81+00:00,False,data/raw/wta/stats/_httpcache/2024/bfc6d06c4e60d664a034a227bb2a327fe3722aa18d51ac906b354254f4309910.json,ccc2422904ddbae9c48c793062f95548e92bed53f5c81ca9b890e4e2f7e61bd9,0,135798.0,True,2024-10-29,stats,False,False
2024,2085,LS027,Ajla Tomljanovic,Elizabeth Mandlik,315232,326379,R32,7-6(9) 6-1,completed,present,2024-10-28,2024-11-03,2024-10-29T00:52:26.13+00:00,False,2024-10-29T02:49:23.257+00:00,False,data/raw/wta/stats/_httpcache/2024/bfc6d06c4e60d664a034a227bb2a327fe3722aa18d51ac906b354254f4309910.json,ccc2422904ddbae9c48c793062f95548e92bed53f5c81ca9b890e4e2f7e61bd9,0,135797.0,True,2024-10-29,stats,False,False
2024,2085,LS028,Nina Stojanovic,Tatjana Maria,319709,310440,R32,6-4 6-4,completed,present,2024-10-28,2024-11-03,2024-10-28T21:17:04.817+00:00,False,2024-10-28T23:31:31.537+00:00,False,data/raw/wta/stats/_httpcache/2024/bfc6d06c4e60d664a034a227bb2a327fe3722aa18d51ac906b354254f4309910.json,ccc2422904ddbae9c48c793062f95548e92bed53f5c81ca9b890e4e2f7e61bd9,0,135766.0,True,2024-10-28,stats,False,False
2024,2085,LS029,Marina Stakusic,Maya Joint,329614,330544,R32,2-6 7-6(2) 7-6(2),completed,present,2024-10-28,2024-11-03,2024-10-30T16:13:29.65+00:00,False,2024-10-30T19:02:10.51+00:00,False,data/raw/wta/stats/_httpcache/2024/bfc6d06c4e60d664a034a227bb2a327fe3722aa18d51ac906b354254f4309910.json,ccc2422904ddbae9c48c793062f95548e92bed53f5c81ca9b890e4e2f7e61bd9,0,135818.0,True,2024-10-30,stats,False,False
2024,2085,LS030,Varvara Lepchenko,Tamara Zidansek,120420,323079,R32,6-2 6-2,completed,present,2024-10-28,2024-11-03,2024-10-29T18:50:29.777+00:00,False,2024-10-29T20:21:48.11+00:00,False,data/raw/wta/stats/_httpcache/2024/bfc6d06c4e60d664a034a227bb2a327fe3722aa18d51ac906b354254f4309910.json,ccc2422904ddbae9c48c793062f95548e92bed53f5c81ca9b890e4e2f7e61bd9,0,135800.0,True,2024-10-29,stats,False,False
2024,2085,LS031,Polina Kudermetova,Nadia Podoroska,328897,319112,R32,6-1 6-1,completed,present,2024-10-28,2024-11-03,2024-10-30T16:10:50.717+00:00,False,2024-10-30T17:27:58.9+00:00,False,data/raw/wta/stats/_httpcache/2024/bfc6d06c4e60d664a034a227bb2a327fe3722aa18d51ac906b354254f4309910.json,ccc2422904ddbae9c48c793062f95548e92bed53f5c81ca9b890e4e2f7e61bd9,0,135817.0,True,2024-10-30,stats,False,False
2024,2088,LS001,Elena Rybakina,Daria Kasatkina,324166,322082,F,6-1 6-4,completed,present,2024-02-05,2024-02-11,2024-02-11T12:35:31.747+00:00,False,2024-02-11T14:20:19.913+00:00,False,data/raw/wta/stats/_httpcache/2024/431a9bc98a239e7d3ad7c5255c996cd959ac32cebdeef0776081555efe1dbd3b.json,ccae9b82815de7b2b5a11b60a1bc8d97816a863287238a263e22b05952d0cf92,0,132588.0,True,2024-02-05,historical,False,False
2024,2088,LS002,Elena Rybakina,Liudmila Samsonova,324166,322222,SF,6-0 4-6 6-2,completed,present,2024-02-05,2024-02-11,2024-02-10T14:10:15.493+00:00,False,2024-02-10T16:17:33.393+00:00,False,data/raw/wta/stats/_httpcache/2024/431a9bc98a239e7d3ad7c5255c996cd959ac32cebdeef0776081555efe1dbd3b.json,ccae9b82815de7b2b5a11b60a1bc8d97816a863287238a263e22b05952d0cf92,0,132587.0,True,2024-02-05,historical,False,False
2024,2088,LS003,Daria Kasatkina,Beatriz Haddad Maia,322082,318176,SF,6-3 4-6 7-6(2),completed,present,2024-02-05,2024-02-11,2024-02-10T10:49:53.857+00:00,False,2024-02-10T14:07:44.86+00:00,False,data/raw/wta/stats/_httpcache/2024/431a9bc98a239e7d3ad7c5255c996cd959ac32cebdeef0776081555efe1dbd3b.json,ccae9b82815de7b2b5a11b60a1bc8d97816a863287238a263e22b05952d0cf92,0,132586.0,True,2024-02-05,historical,False,False
2024,2088,LS004,Elena Rybakina,Cristina Bucsa,324166,321158,QF,6-1 6-4,completed,present,2024-02-05,2024-02-11,2024-02-09T10:54:55.82+00:00,False,2024-02-09T12:13:22.55+00:00,False,data/raw/wta/stats/_httpcache/2024/431a9bc98a239e7d3ad7c5255c996cd959ac32cebdeef0776081555efe1dbd3b.json,ccae9b82815de7b2b5a11b60a1bc8d97816a863287238a263e22b05952d0cf92,0,132585.0,True,2024-02-05,historical,False,False
2024,2088,LS005,Liudmila Samsonova,Barbora Krejcikova,322222,318314,QF,7-5 6-4,completed,present,2024-02-05,2024-02-11,2024-02-09T08:45:52.077+00:00,False,2024-02-09T10:53:08.31+00:00,False,data/raw/wta/stats/_httpcache/2024/431a9bc98a239e7d3ad7c5255c996cd959ac32cebdeef0776081555efe1dbd3b.json,ccae9b82815de7b2b5a11b60a1bc8d97816a863287238a263e22b05952d0cf92,0,132584.0,True,2024-02-05,historical,False,False
2024,2088,LS006,Daria Kasatkina,Sorana Cirstea,322082,312469,QF,6-2 6-0,completed,present,2024-02-05,2024-02-11,2024-02-09T14:40:46.643+00:00,False,2024-02-09T16:10:34.343+00:00,False,data/raw/wta/stats/_httpcache/2024/431a9bc98a239e7d3ad7c5255c996cd959ac32cebdeef0776081555efe1dbd3b.json,ccae9b82815de7b2b5a11b60a1bc8d97816a863287238a263e22b05952d0cf92,0,132583.0,True,2024-02-05,historical,False,False
2024,2088,LS007,Beatriz Haddad Maia,Ons Jabeur,318176,316847,QF,6-3 6-4,completed,present,2024-02-05,2024-02-11,2024-02-09T12:48:10.31+00:00,False,2024-02-09T14:39:02.18+00:00,False,data/raw/wta/stats/_httpcache/2024/431a9bc98a239e7d3ad7c5255c996cd959ac32cebdeef0776081555efe1dbd3b.json,ccae9b82815de7b2b5a11b60a1bc8d97816a863287238a263e22b05952d0cf92,0,132582.0,True,2024-02-05,historical,False,False
2024,2088,LS008,Elena Rybakina,Danielle Collins,324166,316925,R16,4-6 6-3 6-3,completed,present,2024-02-05,2024-02-11,2024-02-08T12:51:56.163+00:00,False,2024-02-08T15:25:47.947+00:00,False,data/raw/wta/stats/_httpcache/2024/431a9bc98a239e7d3ad7c5255c996cd959ac32cebdeef0776081555efe1dbd3b.json,ccae9b82815de7b2b5a11b60a1bc8d97816a863287238a263e22b05952d0cf92,0,132581.0,True,2024-02-05,historical,False,False
2024,2088,LS009,Cristina Bucsa,Heather Watson,321158,316981,R16,7-6(1) 7-5,completed,present,2024-02-05,2024-02-11,2024-02-08T15:27:17.493+00:00,False,2024-02-08T17:25:06.033+00:00,False,data/raw/wta/stats/_httpcache/2024/431a9bc98a239e7d3ad7c5255c996cd959ac32cebdeef0776081555efe1dbd3b.json,ccae9b82815de7b2b5a11b60a1bc8d97816a863287238a263e22b05952d0cf92,0,132580.0,True,2024-02-05,historical,False,False
2024,2088,LS011,Liudmila Samsonova,Anhelina Kalinina,322222,320567,R16,6-1 6-3,completed,present,2024-02-05,2024-02-11,2024-02-08T10:07:35.177+00:00,False,2024-02-08T11:37:41.183+00:00,False,data/raw/wta/stats/_httpcache/2024/431a9bc98a239e7d3ad7c5255c996cd959ac32cebdeef0776081555efe1dbd3b.json,ccae9b82815de7b2b5a11b60a1bc8d97816a863287238a263e22b05952d0cf92,0,132578.0,True,2024-02-05,historical,False,False
2024,2088,LS012,Daria Kasatkina,Ashlyn Krueger,322082,329409,R16,6-3 7-5,completed,present,2024-02-05,2024-02-11,2024-02-07T08:48:35.08+00:00,False,2024-02-07T10:41:16.053+00:00,False,data/raw/wta/stats/_httpcache/2024/431a9bc98a239e7d3ad7c5255c996cd959ac32cebdeef0776081555efe1dbd3b.json,ccae9b82815de7b2b5a11b60a1bc8d97816a863287238a263e22b05952d0cf92,0,132577.0,True,2024-02-05,historical,False,False
2024,2088,LS013,Sorana Cirstea,Maria Sakkari,312469,318312,R16,6-2 6-1,completed,present,2024-02-05,2024-02-11,2024-02-07T14:42:17.82+00:00,False,2024-02-07T16:14:06.053+00:00,False,data/raw/wta/stats/_httpcache/2024/431a9bc98a239e7d3ad7c5255c996cd959ac32cebdeef0776081555efe1dbd3b.json,ccae9b82815de7b2b5a11b60a1bc8d97816a863287238a263e22b05952d0cf92,0,132576.0,True,2024-02-05,historical,False,False
2024,2088,LS014,Beatriz Haddad Maia,Magda Linette,318176,315130,R16,7-6(6) 6-7(1) 6-1,completed,present,2024-02-05,2024-02-11,2024-02-07T10:43:47.307+00:00,False,2024-02-07T14:40:11.307+00:00,False,data/raw/wta/stats/_httpcache/2024/431a9bc98a239e7d3ad7c5255c996cd959ac32cebdeef0776081555efe1dbd3b.json,ccae9b82815de7b2b5a11b60a1bc8d97816a863287238a263e22b05952d0cf92,0,132575.0,True,2024-02-05,historical,False,False
2024,2088,LS015,Ons Jabeur,Emma Raducanu,316847,328366,R16,6-4 6-1,completed,present,2024-02-05,2024-02-11,2024-02-07T16:16:08.29+00:00,False,2024-02-07T17:48:16.707+00:00,False,data/raw/wta/stats/_httpcache/2024/431a9bc98a239e7d3ad7c5255c996cd959ac32cebdeef0776081555efe1dbd3b.json,ccae9b82815de7b2b5a11b60a1bc8d97816a863287238a263e22b05952d0cf92,0,132574.0,True,2024-02-05,historical,False,False
2024,2088,LS017,Danielle Collins,Naomi Osaka,316925,319998,R32,7-5 6-0,completed,present,2024-02-05,2024-02-11,2024-02-06T11:07:16.84+00:00,False,2024-02-06T12:48:05.687+00:00,False,data/raw/wta/stats/_httpcache/2024/431a9bc98a239e7d3ad7c5255c996cd959ac32cebdeef0776081555efe1dbd3b.json,ccae9b82815de7b2b5a11b60a1bc8d97816a863287238a263e22b05952d0cf92,0,132573.0,True,2024-02-05,historical,False,False
2024,2088,LS018,Cristina Bucsa,Xinyu Wang,321158,326376,R32,5-7 6-0 6-3,completed,present,2024-02-05,2024-02-11,2024-02-06T09:52:41.223+00:00,False,2024-02-06T11:56:28.7+00:00,False,data/raw/wta/stats/_httpcache/2024/431a9bc98a239e7d3ad7c5255c996cd959ac32cebdeef0776081555efe1dbd3b.json,ccae9b82815de7b2b5a11b60a1bc8d97816a863287238a263e22b05952d0cf92,0,132605.0,True,2024-02-06,stats,False,False
2024,2088,LS019,Heather Watson,Veronika Kudermetova,316981,319526,R32,6-3 7-5,completed,present,2024-02-05,2024-02-11,2024-02-06T12:52:18.183+00:00,False,2024-02-06T14:47:54.697+00:00,False,data/raw/wta/stats/_httpcache/2024/431a9bc98a239e7d3ad7c5255c996cd959ac32cebdeef0776081555efe1dbd3b.json,ccae9b82815de7b2b5a11b60a1bc8d97816a863287238a263e22b05952d0cf92,0,132571.0,True,2024-02-05,historical,False,False
2024,2088,LS021,Sara Sorribes Tormo,Linda Noskova,318872,329668,R32,6-3 3-6 6-3,completed,present,2024-02-05,2024-02-11,2024-02-06T07:22:39.42+00:00,False,2024-02-06T09:49:17.01+00:00,False,data/raw/wta/stats/_httpcache/2024/431a9bc98a239e7d3ad7c5255c996cd959ac32cebdeef0776081555efe1dbd3b.json,ccae9b82815de7b2b5a11b60a1bc8d97816a863287238a263e22b05952d0cf92,0,132570.0,True,2024-02-05,historical,False,False
2024,2088,LS022,Anhelina Kalinina,Lucia Bronzetti,320567,322280,R32,6-1 7-6(1),completed,present,2024-02-05,2024-02-11,2024-02-06T14:11:07.373+00:00,False,2024-02-06T16:09:33.727+00:00,False,data/raw/wta/stats/_httpcache/2024/431a9bc98a239e7d3ad7c5255c996cd959ac32cebdeef0776081555efe1dbd3b.json,ccae9b82815de7b2b5a11b60a1bc8d97816a863287238a263e22b05952d0cf92,0,132569.0,True,2024-02-05,historical,False,False
2024,2088,LS023,Liudmila Samsonova,Lesia Tsurenko,322222,315295,R32,6-0 6-1,completed,present,2024-02-05,2024-02-11,2024-02-06T14:49:36.46+00:00,False,2024-02-06T15:55:52.393+00:00,False,data/raw/wta/stats/_httpcache/2024/431a9bc98a239e7d3ad7c5255c996cd959ac32cebdeef0776081555efe1dbd3b.json,ccae9b82815de7b2b5a11b60a1bc8d97816a863287238a263e22b05952d0cf92,0,132568.0,True,2024-02-05,historical,False,False
2024,2088,LS024,Daria Kasatkina,Diane Parry,322082,327077,R32,6-4 5-7 6-4,completed,present,2024-02-05,2024-02-11,2024-02-05T14:19:50.12+00:00,False,2024-02-05T17:07:50.823+00:00,False,data/raw/wta/stats/_httpcache/2024/431a9bc98a239e7d3ad7c5255c996cd959ac32cebdeef0776081555efe1dbd3b.json,ccae9b82815de7b2b5a11b60a1bc8d97816a863287238a263e22b05952d0cf92,0,132567.0,True,2024-02-05,historical,False,False
2024,2088,LS025,Ashlyn Krueger,Bernarda Pera,329409,317708,R32,6-2 5-7 6-3,completed,present,2024-02-05,2024-02-11,2024-02-05T10:51:13.507+00:00,False,2024-02-05T13:27:10.427+00:00,False,data/raw/wta/stats/_httpcache/2024/431a9bc98a239e7d3ad7c5255c996cd959ac32cebdeef0776081555efe1dbd3b.json,ccae9b82815de7b2b5a11b60a1bc8d97816a863287238a263e22b05952d0cf92,0,132566.0,True,2024-02-05,historical,False,False
2024,2088,LS026,Sorana Cirstea,Caroline Garcia,312469,315391,R32,6-7(4) 6-4 6-4,completed,present,2024-02-05,2024-02-11,2024-02-05T08:47:18.923+00:00,False,2024-02-05T11:49:32.553+00:00,False,data/raw/wta/stats/_httpcache/2024/431a9bc98a239e7d3ad7c5255c996cd959ac32cebdeef0776081555efe1dbd3b.json,ccae9b82815de7b2b5a11b60a1bc8d97816a863287238a263e22b05952d0cf92,0,132565.0,True,2024-02-05,historical,False,False
2024,2088,LS028,Beatriz Haddad Maia,Xiyu Wang,318176,326160,R32,6-2 7-6(4),completed,present,2024-02-05,2024-02-11,2024-02-05T11:51:13.11+00:00,False,2024-02-05T14:17:20.803+00:00,False,data/raw/wta/stats/_httpcache/2024/431a9bc98a239e7d3ad7c5255c996cd959ac32cebdeef0776081555efe1dbd3b.json,ccae9b82815de7b2b5a11b60a1bc8d97816a863287238a263e22b05952d0cf92,0,132564.0,True,2024-02-05,historical,False,False
2024,2088,LS029,Magda Linette,Alexandra Eala,315130,330332,R32,7-6(4) 6-1,completed,present,2024-02-05,2024-02-11,2024-02-06T08:59:14.487+00:00,False,2024-02-06T11:04:34.833+00:00,False,data/raw/wta/stats/_httpcache/2024/431a9bc98a239e7d3ad7c5255c996cd959ac32cebdeef0776081555efe1dbd3b.json,ccae9b82815de7b2b5a11b60a1bc8d97816a863287238a263e22b05952d0cf92,0,132563.0,True,2024-02-05,historical,False,False
2024,2088,LS030,Emma Raducanu,Marie Bouzkova,328366,320983,R32,6-4 6-1,completed,present,2024-02-05,2024-02-11,2024-02-05T17:09:38.06+00:00,False,2024-02-05T18:47:14.743+00:00,False,data/raw/wta/stats/_httpcache/2024/431a9bc98a239e7d3ad7c5255c996cd959ac32cebdeef0776081555efe1dbd3b.json,ccae9b82815de7b2b5a11b60a1bc8d97816a863287238a263e22b05952d0cf92,0,132562.0,True,2024-02-05,historical,False,False
2024,2092,LS001,Daria Kasatkina,Mirra Andreeva,322082,331809,F,6-0 4-6 6-4,completed,present,2024-10-14,2024-10-20,2024-10-20T08:48:44.977+00:00,False,2024-10-20T11:02:27.383+00:00,False,data/raw/wta/stats/_httpcache/2024/72708839fa17c2093b06a416701e3ef118b6143d211c6d951a9b84e9554a4420.json,6edfe867f5ef6320758f386140f29345d563b9cb1b74d63e7f061e858c2a6b68,0,135610.0,True,2024-10-20,stats,False,False
2024,2092,LS004,Paula Badosa,Beatriz Haddad Maia,320124,318176,QF,6-3 6-2,completed,present,2024-10-14,2024-10-20,2024-10-18T10:49:51.27+00:00,False,2024-10-18T12:44:21.407+00:00,False,data/raw/wta/stats/_httpcache/2024/72708839fa17c2093b06a416701e3ef118b6143d211c6d951a9b84e9554a4420.json,6edfe867f5ef6320758f386140f29345d563b9cb1b74d63e7f061e858c2a6b68,0,135566.0,True,2024-10-18,stats,False,False
2024,2092,LS005,Daria Kasatkina,Yulia Putintseva,322082,317683,QF,6-4 1-6 7-6(6),completed,present,2024-10-14,2024-10-20,2024-10-18T05:45:23.527+00:00,False,2024-10-18T08:49:22.883+00:00,False,data/raw/wta/stats/_httpcache/2024/72708839fa17c2093b06a416701e3ef118b6143d211c6d951a9b84e9554a4420.json,6edfe867f5ef6320758f386140f29345d563b9cb1b74d63e7f061e858c2a6b68,0,135565.0,True,2024-10-18,stats,False,False
2024,2092,LS007,Karolina Muchova,Anna Kalinskaya,322191,323942,QF,2-6 6-2 6-3,completed,present,2024-10-14,2024-10-20,2024-10-18T12:47:53.873+00:00,False,2024-10-18T16:12:38.93+00:00,False,data/raw/wta/stats/_httpcache/2024/72708839fa17c2093b06a416701e3ef118b6143d211c6d951a9b84e9554a4420.json,6edfe867f5ef6320758f386140f29345d563b9cb1b74d63e7f061e858c2a6b68,0,135567.0,True,2024-10-18,stats,False,False
2024,2092,LS008,Beatriz Haddad Maia,Katie Boulter,318176,319125,R16,7-6(2) 7-5,completed,present,2024-10-14,2024-10-20,2024-10-17T06:15:59.533+00:00,False,2024-10-17T09:05:49.407+00:00,False,data/raw/wta/stats/_httpcache/2024/72708839fa17c2093b06a416701e3ef118b6143d211c6d951a9b84e9554a4420.json,6edfe867f5ef6320758f386140f29345d563b9cb1b74d63e7f061e858c2a6b68,0,135558.0,True,2024-10-17,stats,False,False
2024,2092,LS009,Paula Badosa,Xiyu Wang,320124,326160,R16,6-7(4) 6-1 6-2,completed,present,2024-10-14,2024-10-20,2024-10-16T13:09:47.08+00:00,False,2024-10-16T16:00:33.41+00:00,False,data/raw/wta/stats/_httpcache/2024/72708839fa17c2093b06a416701e3ef118b6143d211c6d951a9b84e9554a4420.json,6edfe867f5ef6320758f386140f29345d563b9cb1b74d63e7f061e858c2a6b68,0,135553.0,True,2024-10-16,stats,False,False
2024,2092,LS010,Daria Kasatkina,Katerina Siniakova,322082,320301,R16,1-6 6-3 6-2,completed,present,2024-10-14,2024-10-20,2024-10-16T09:05:11.217+00:00,False,2024-10-16T11:24:09.94+00:00,False,data/raw/wta/stats/_httpcache/2024/72708839fa17c2093b06a416701e3ef118b6143d211c6d951a9b84e9554a4420.json,6edfe867f5ef6320758f386140f29345d563b9cb1b74d63e7f061e858c2a6b68,0,135551.0,True,2024-10-16,stats,False,False
2024,2092,LS011,Yulia Putintseva,Ella Seidel,317683,330548,R16,6-4 6-4,completed,present,2024-10-14,2024-10-20,2024-10-16T05:52:58.773+00:00,False,2024-10-16T07:39:05.74+00:00,False,data/raw/wta/stats/_httpcache/2024/72708839fa17c2093b06a416701e3ef118b6143d211c6d951a9b84e9554a4420.json,6edfe867f5ef6320758f386140f29345d563b9cb1b74d63e7f061e858c2a6b68,0,135550.0,True,2024-10-16,stats,False,False
2024,2092,LS012,Mirra Andreeva,Tamara Korpatsch,331809,319571,R16,6-0 6-4,completed,present,2024-10-14,2024-10-20,2024-10-16T11:27:16.97+00:00,False,2024-10-16T13:07:52.717+00:00,False,data/raw/wta/stats/_httpcache/2024/72708839fa17c2093b06a416701e3ef118b6143d211c6d951a9b84e9554a4420.json,6edfe867f5ef6320758f386140f29345d563b9cb1b74d63e7f061e858c2a6b68,0,135552.0,True,2024-10-16,stats,False,False
2024,2092,LS013,Barbora Krejcikova,Ye-Xin Ma,318314,322417,R16,7-6(5) 6-3,completed,present,2024-10-14,2024-10-20,2024-10-17T09:08:51.39+00:00,False,2024-10-17T11:18:55.017+00:00,False,data/raw/wta/stats/_httpcache/2024/72708839fa17c2093b06a416701e3ef118b6143d211c6d951a9b84e9554a4420.json,6edfe867f5ef6320758f386140f29345d563b9cb1b74d63e7f061e858c2a6b68,0,135559.0,True,2024-10-17,stats,False,False
2024,2092,LS014,Anna Kalinskaya,Yue Yuan,323942,324325,R16,6-3 6-3,completed,present,2024-10-14,2024-10-20,2024-10-17T11:22:29.997+00:00,False,2024-10-17T13:23:52.65+00:00,False,data/raw/wta/stats/_httpcache/2024/72708839fa17c2093b06a416701e3ef118b6143d211c6d951a9b84e9554a4420.json,6edfe867f5ef6320758f386140f29345d563b9cb1b74d63e7f061e858c2a6b68,0,135560.0,True,2024-10-17,stats,False,False
2024,2092,LS015,Karolina Muchova,Jaqueline Cristian,322191,320319,R16,6-2 6-1,completed,present,2024-10-14,2024-10-20,2024-10-17T13:27:20.027+00:00,False,2024-10-17T14:57:21.033+00:00,False,data/raw/wta/stats/_httpcache/2024/72708839fa17c2093b06a416701e3ef118b6143d211c6d951a9b84e9554a4420.json,6edfe867f5ef6320758f386140f29345d563b9cb1b74d63e7f061e858c2a6b68,0,135561.0,True,2024-10-17,stats,False,False
2024,2092,LS017,Katie Boulter,Sara Errani,319125,310761,R32,6-3 6-2,completed,present,2024-10-14,2024-10-20,2024-10-15T07:30:38.277+00:00,False,2024-10-15T12:31:32.157+00:00,False,data/raw/wta/stats/_httpcache/2024/72708839fa17c2093b06a416701e3ef118b6143d211c6d951a9b84e9554a4420.json,6edfe867f5ef6320758f386140f29345d563b9cb1b74d63e7f061e858c2a6b68,0,135536.0,True,2024-10-15,stats,False,False
2024,2092,LS018,Xiyu Wang,Kamilla Rakhimova,326160,325936,R32,6-2 6-0,completed,present,2024-10-14,2024-10-20,2024-10-14T07:18:46.033+00:00,False,2024-10-14T09:05:52.847+00:00,False,data/raw/wta/stats/_httpcache/2024/72708839fa17c2093b06a416701e3ef118b6143d211c6d951a9b84e9554a4420.json,6edfe867f5ef6320758f386140f29345d563b9cb1b74d63e7f061e858c2a6b68,0,135524.0,True,2024-10-14,stats,False,False
2024,2092,LS019,Paula Badosa,Diana Shnaider,320124,330482,R32,4-6 6-3 6-3,completed,present,2024-10-14,2024-10-20,2024-10-14T11:48:26.453+00:00,False,2024-10-14T14:18:16.513+00:00,False,data/raw/wta/stats/_httpcache/2024/72708839fa17c2093b06a416701e3ef118b6143d211c6d951a9b84e9554a4420.json,6edfe867f5ef6320758f386140f29345d563b9cb1b74d63e7f061e858c2a6b68,0,135526.0,True,2024-10-14,stats,False,False
2024,2092,LS021,Katerina Siniakova,Magda Linette,320301,315130,R32,6-2 6-4,completed,present,2024-10-14,2024-10-20,2024-10-15T05:47:27.887+00:00,False,2024-10-15T07:27:22.727+00:00,False,data/raw/wta/stats/_httpcache/2024/72708839fa17c2093b06a416701e3ef118b6143d211c6d951a9b84e9554a4420.json,6edfe867f5ef6320758f386140f29345d563b9cb1b74d63e7f061e858c2a6b68,0,135534.0,True,2024-10-15,stats,False,False
2024,2092,LS022,Yulia Putintseva,Caroline Dolehide,317683,322052,R32,6-2 6-0,completed,present,2024-10-14,2024-10-20,2024-10-14T05:48:11.657+00:00,False,2024-10-14T07:16:03.433+00:00,False,data/raw/wta/stats/_httpcache/2024/72708839fa17c2093b06a416701e3ef118b6143d211c6d951a9b84e9554a4420.json,6edfe867f5ef6320758f386140f29345d563b9cb1b74d63e7f061e858c2a6b68,0,135522.0,True,2024-10-14,stats,False,False
2024,2092,LS023,Ella Seidel,Kathinka Von Deichmann,330548,317286,R32,6-3 6-1,completed,present,2024-10-14,2024-10-20,2024-10-15T05:45:59.97+00:00,False,2024-10-15T07:18:59.983+00:00,False,data/raw/wta/stats/_httpcache/2024/72708839fa17c2093b06a416701e3ef118b6143d211c6d951a9b84e9554a4420.json,6edfe867f5ef6320758f386140f29345d563b9cb1b74d63e7f061e858c2a6b68,0,135533.0,True,2024-10-15,stats,False,False
2024,2092,LS024,Tamara Korpatsch,Anna Bondar,319571,322942,R32,6-7(4) 7-6(6) 6-4,completed,present,2024-10-14,2024-10-20,2024-10-14T05:49:53.537+00:00,False,2024-10-14T09:41:22.967+00:00,False,data/raw/wta/stats/_httpcache/2024/72708839fa17c2093b06a416701e3ef118b6143d211c6d951a9b84e9554a4420.json,6edfe867f5ef6320758f386140f29345d563b9cb1b74d63e7f061e858c2a6b68,0,135523.0,True,2024-10-14,stats,False,False
2024,2092,LS025,Mirra Andreeva,Varvara Lepchenko,331809,120420,R32,6-2 6-0,completed,present,2024-10-14,2024-10-20,2024-10-14T09:43:22.33+00:00,False,2024-10-14T10:52:08.32+00:00,False,data/raw/wta/stats/_httpcache/2024/72708839fa17c2093b06a416701e3ef118b6143d211c6d951a9b84e9554a4420.json,6edfe867f5ef6320758f386140f29345d563b9cb1b74d63e7f061e858c2a6b68,0,135525.0,True,2024-10-14,stats,False,False
2024,2092,LS026,Ye-Xin Ma,Xiaodi You,322417,322451,R32,6-2 6-2,completed,present,2024-10-14,2024-10-20,2024-10-15T11:33:48.723+00:00,False,2024-10-15T13:29:25.96+00:00,False,data/raw/wta/stats/_httpcache/2024/72708839fa17c2093b06a416701e3ef118b6143d211c6d951a9b84e9554a4420.json,6edfe867f5ef6320758f386140f29345d563b9cb1b74d63e7f061e858c2a6b68,0,135537.0,True,2024-10-15,stats,False,False
2024,2092,LS028,Anna Kalinskaya,Priscilla Hon,323942,320543,R32,3-6 6-3 6-4,completed,present,2024-10-14,2024-10-20,2024-10-15T07:21:34.493+00:00,False,2024-10-15T13:35:24.277+00:00,False,data/raw/wta/stats/_httpcache/2024/72708839fa17c2093b06a416701e3ef118b6143d211c6d951a9b84e9554a4420.json,6edfe867f5ef6320758f386140f29345d563b9cb1b74d63e7f061e858c2a6b68,0,135535.0,True,2024-10-15,stats,False,False
2024,2092,LS029,Yue Yuan,Ajla Tomljanovic,324325,315232,R32,6-4 6-2,completed,present,2024-10-14,2024-10-20,2024-10-15T13:39:10.313+00:00,False,2024-10-16T09:02:01.357+00:00,False,data/raw/wta/stats/_httpcache/2024/72708839fa17c2093b06a416701e3ef118b6143d211c6d951a9b84e9554a4420.json,6edfe867f5ef6320758f386140f29345d563b9cb1b74d63e7f061e858c2a6b68,0,135538.0,True,2024-10-15,stats,False,False
2024,2092,LS030,Karolina Muchova,Olivia Gadecki,322191,326653,R32,6-3 7-5,completed,present,2024-10-14,2024-10-20,2024-10-16T05:46:17.78+00:00,False,2024-10-16T07:54:46.237+00:00,False,data/raw/wta/stats/_httpcache/2024/72708839fa17c2093b06a416701e3ef118b6143d211c6d951a9b84e9554a4420.json,6edfe867f5ef6320758f386140f29345d563b9cb1b74d63e7f061e858c2a6b68,0,135549.0,True,2024-10-16,stats,False,False
2024,405,LS001,Suzan Lamens,Kimberly Birrell,324898,320728,F,6-0 6-4,completed,present,2024-10-14,2024-10-20,2024-10-20T05:44:50.15+00:00,False,2024-10-20T07:12:54.203+00:00,False,data/raw/wta/stats/_httpcache/2024/1612615308ad1e6ca94f6eb3f4819f67301d0fb81755bab48a07beb70d1d0407.json,7c9d23c667abf373342376e3a03f94ccd5fadb47368ce646d4a18b7add579ead,0,135613.0,True,2024-10-20,stats,False,False
2024,405,LS002,Kimberly Birrell,Aoi Ito,320728,329009,SF,6-4 6-3,completed,present,2024-10-14,2024-10-20,2024-10-20T01:44:52.23+00:00,False,2024-10-20T03:22:18.647+00:00,False,data/raw/wta/stats/_httpcache/2024/1612615308ad1e6ca94f6eb3f4819f67301d0fb81755bab48a07beb70d1d0407.json,7c9d23c667abf373342376e3a03f94ccd5fadb47368ce646d4a18b7add579ead,0,135612.0,True,2024-10-20,stats,False,False
2024,405,LS003,Suzan Lamens,Diane Parry,324898,327077,SF,6-2 6-4,completed,present,2024-10-14,2024-10-20,2024-10-20T01:41:57.147+00:00,False,2024-10-20T03:31:54.143+00:00,False,data/raw/wta/stats/_httpcache/2024/1612615308ad1e6ca94f6eb3f4819f67301d0fb81755bab48a07beb70d1d0407.json,7c9d23c667abf373342376e3a03f94ccd5fadb47368ce646d4a18b7add579ead,0,135611.0,True,2024-10-20,stats,False,False
2024,405,LS004,Aoi Ito,Eva Lys,329009,325826,QF,6-7(8) 6-2 6-3,completed,present,2024-10-14,2024-10-20,2024-10-18T04:05:18.073+00:00,False,2024-10-18T07:15:15.227+00:00,False,data/raw/wta/stats/_httpcache/2024/1612615308ad1e6ca94f6eb3f4819f67301d0fb81755bab48a07beb70d1d0407.json,7c9d23c667abf373342376e3a03f94ccd5fadb47368ce646d4a18b7add579ead,0,135569.0,True,2024-10-18,stats,False,False
2024,405,LS005,Kimberly Birrell,Sara Saito,320728,332175,QF,7-5 6-4,completed,present,2024-10-14,2024-10-20,2024-10-18T09:53:59.027+00:00,False,2024-10-18T11:45:07.537+00:00,False,data/raw/wta/stats/_httpcache/2024/1612615308ad1e6ca94f6eb3f4819f67301d0fb81755bab48a07beb70d1d0407.json,7c9d23c667abf373342376e3a03f94ccd5fadb47368ce646d4a18b7add579ead,0,135571.0,True,2024-10-18,stats,False,False
2024,405,LS006,Suzan Lamens,Ana Bogdan,324898,315427,QF,4-6 6-3 6-3,completed,present,2024-10-14,2024-10-20,2024-10-18T01:18:01.8+00:00,False,2024-10-18T04:02:22.213+00:00,False,data/raw/wta/stats/_httpcache/2024/1612615308ad1e6ca94f6eb3f4819f67301d0fb81755bab48a07beb70d1d0407.json,7c9d23c667abf373342376e3a03f94ccd5fadb47368ce646d4a18b7add579ead,0,135568.0,True,2024-10-18,stats,False,False
2024,405,LS007,Diane Parry,Clara Tauson,327077,327793,QF,6-3 1-6 6-3,completed,present,2024-10-14,2024-10-20,2024-10-18T07:19:17.01+00:00,False,2024-10-18T09:49:28.243+00:00,False,data/raw/wta/stats/_httpcache/2024/1612615308ad1e6ca94f6eb3f4819f67301d0fb81755bab48a07beb70d1d0407.json,7c9d23c667abf373342376e3a03f94ccd5fadb47368ce646d4a18b7add579ead,0,135570.0,True,2024-10-18,stats,False,False
2024,405,LS008,Eva Lys,McCartney Kessler,325826,326678,R16,7-6(7) 3-6 7-5,completed,present,2024-10-14,2024-10-20,2024-10-16T01:20:30.957+00:00,False,2024-10-16T04:44:14.547+00:00,False,data/raw/wta/stats/_httpcache/2024/1612615308ad1e6ca94f6eb3f4819f67301d0fb81755bab48a07beb70d1d0407.json,7c9d23c667abf373342376e3a03f94ccd5fadb47368ce646d4a18b7add579ead,0,135555.0,True,2024-10-16,stats,False,False
2024,405,LS009,Aoi Ito,Elisabetta Cocciaretto,329009,327909,R16,6-4 6-3,completed,present,2024-10-14,2024-10-20,2024-10-16T05:19:55.05+00:00,False,2024-10-16T07:00:14.667+00:00,False,data/raw/wta/stats/_httpcache/2024/1612615308ad1e6ca94f6eb3f4819f67301d0fb81755bab48a07beb70d1d0407.json,7c9d23c667abf373342376e3a03f94ccd5fadb47368ce646d4a18b7add579ead,0,135557.0,True,2024-10-16,stats,False,False
2024,405,LS011,Sara Saito,Elina Avanesyan,332175,327620,R16,7-6(2) 6-4,completed,present,2024-10-14,2024-10-20,2024-10-17T06:48:51.06+00:00,False,2024-10-17T09:02:05.77+00:00,False,data/raw/wta/stats/_httpcache/2024/1612615308ad1e6ca94f6eb3f4819f67301d0fb81755bab48a07beb70d1d0407.json,7c9d23c667abf373342376e3a03f94ccd5fadb47368ce646d4a18b7add579ead,0,135564.0,True,2024-10-17,stats,False,False
2024,405,LS012,Suzan Lamens,Lucia Bronzetti,324898,322280,R16,6-3 6-4,completed,present,2024-10-14,2024-10-20,2024-10-16T01:16:50.69+00:00,False,2024-10-16T02:56:09.933+00:00,False,data/raw/wta/stats/_httpcache/2024/1612615308ad1e6ca94f6eb3f4819f67301d0fb81755bab48a07beb70d1d0407.json,7c9d23c667abf373342376e3a03f94ccd5fadb47368ce646d4a18b7add579ead,0,135554.0,True,2024-10-16,stats,False,False
2024,405,LS013,Ana Bogdan,Marie Bouzkova,315427,320983,R16,6-0 7-6(5),completed,present,2024-10-14,2024-10-20,2024-10-17T01:19:56.987+00:00,False,2024-10-17T03:36:40.72+00:00,False,data/raw/wta/stats/_httpcache/2024/1612615308ad1e6ca94f6eb3f4819f67301d0fb81755bab48a07beb70d1d0407.json,7c9d23c667abf373342376e3a03f94ccd5fadb47368ce646d4a18b7add579ead,0,135562.0,True,2024-10-17,stats,False,False
2024,405,LS014,Diane Parry,Greet Minnen,327077,321454,R16,6-4 6-2,completed,present,2024-10-14,2024-10-20,2024-10-17T02:15:41.877+00:00,False,2024-10-17T04:05:31.143+00:00,False,data/raw/wta/stats/_httpcache/2024/1612615308ad1e6ca94f6eb3f4819f67301d0fb81755bab48a07beb70d1d0407.json,7c9d23c667abf373342376e3a03f94ccd5fadb47368ce646d4a18b7add579ead,0,135563.0,True,2024-10-17,stats,False,False
2024,405,LS015,Clara Tauson,Harriet Dart,327793,319489,R16,6-3 6-2,completed,present,2024-10-14,2024-10-20,2024-10-16T02:59:50.993+00:00,False,2024-10-16T05:17:34.243+00:00,False,data/raw/wta/stats/_httpcache/2024/1612615308ad1e6ca94f6eb3f4819f67301d0fb81755bab48a07beb70d1d0407.json,7c9d23c667abf373342376e3a03f94ccd5fadb47368ce646d4a18b7add579ead,0,135556.0,True,2024-10-16,stats,False,False
2024,405,LS016,Eva Lys,Camila Osorio,325826,325898,R32,6-2 6-3,completed,present,2024-10-14,2024-10-20,2024-10-15T01:20:11.863+00:00,False,2024-10-15T03:09:41.527+00:00,False,data/raw/wta/stats/_httpcache/2024/1612615308ad1e6ca94f6eb3f4819f67301d0fb81755bab48a07beb70d1d0407.json,7c9d23c667abf373342376e3a03f94ccd5fadb47368ce646d4a18b7add579ead,0,135541.0,True,2024-10-15,stats,False,False
2024,405,LS017,McCartney Kessler,Ena Shibahara,326678,322527,R32,6-4 6-1,completed,present,2024-10-14,2024-10-20,2024-10-14T03:07:27.883+00:00,False,2024-10-14T04:47:22.9+00:00,False,data/raw/wta/stats/_httpcache/2024/1612615308ad1e6ca94f6eb3f4819f67301d0fb81755bab48a07beb70d1d0407.json,7c9d23c667abf373342376e3a03f94ccd5fadb47368ce646d4a18b7add579ead,0,135530.0,True,2024-10-14,stats,False,False
2024,405,LS018,Aoi Ito,Sofia Kenin,329009,320942,R32,6-2 3-6 7-5,completed,present,2024-10-14,2024-10-20,2024-10-14T04:50:22.503+00:00,False,2024-10-14T06:50:00.28+00:00,False,data/raw/wta/stats/_httpcache/2024/1612615308ad1e6ca94f6eb3f4819f67301d0fb81755bab48a07beb70d1d0407.json,7c9d23c667abf373342376e3a03f94ccd5fadb47368ce646d4a18b7add579ead,0,135532.0,True,2024-10-14,stats,False,False
2024,405,LS019,Elisabetta Cocciaretto,Jessika Ponchet,327909,319421,R32,6-4 5-7 7-6(3),completed,present,2024-10-14,2024-10-20,2024-10-14T04:26:00.283+00:00,False,2024-10-14T07:40:56.077+00:00,False,data/raw/wta/stats/_httpcache/2024/1612615308ad1e6ca94f6eb3f4819f67301d0fb81755bab48a07beb70d1d0407.json,7c9d23c667abf373342376e3a03f94ccd5fadb47368ce646d4a18b7add579ead,0,135531.0,True,2024-10-14,stats,False,False
2024,405,LS020,Elise Mertens,Mai Hontama,317964,324750,R32,6-1 6-1,completed,present,2024-10-14,2024-10-20,2024-10-15T07:31:31.287+00:00,False,2024-10-15T08:46:43.137+00:00,False,data/raw/wta/stats/_httpcache/2024/1612615308ad1e6ca94f6eb3f4819f67301d0fb81755bab48a07beb70d1d0407.json,7c9d23c667abf373342376e3a03f94ccd5fadb47368ce646d4a18b7add579ead,0,135546.0,True,2024-10-15,stats,False,False
2024,405,LS021,Kimberly Birrell,Saisai Zheng,320728,316286,R32,6-2 6-3,completed,present,2024-10-14,2024-10-20,2024-10-15T09:22:03.233+00:00,False,2024-10-15T10:48:25.377+00:00,False,data/raw/wta/stats/_httpcache/2024/1612615308ad1e6ca94f6eb3f4819f67301d0fb81755bab48a07beb70d1d0407.json,7c9d23c667abf373342376e3a03f94ccd5fadb47368ce646d4a18b7add579ead,0,135548.0,True,2024-10-15,stats,False,False
2024,405,LS022,Sara Saito,Jessica Bouzas Maneiro,332175,328139,R32,6-3 6-2,completed,present,2024-10-14,2024-10-20,2024-10-15T07:54:30.737+00:00,False,2024-10-15T09:20:42.673+00:00,False,data/raw/wta/stats/_httpcache/2024/1612615308ad1e6ca94f6eb3f4819f67301d0fb81755bab48a07beb70d1d0407.json,7c9d23c667abf373342376e3a03f94ccd5fadb47368ce646d4a18b7add579ead,0,135547.0,True,2024-10-15,stats,False,False
2024,405,LS023,Elina Avanesyan,Ashlyn Krueger,327620,329409,R32,7-6(1) 6-3,completed,present,2024-10-14,2024-10-20,2024-10-15T05:44:18.857+00:00,False,2024-10-15T07:29:05.443+00:00,False,data/raw/wta/stats/_httpcache/2024/1612615308ad1e6ca94f6eb3f4819f67301d0fb81755bab48a07beb70d1d0407.json,7c9d23c667abf373342376e3a03f94ccd5fadb47368ce646d4a18b7add579ead,0,135545.0,True,2024-10-15,stats,False,False
2024,405,LS024,Suzan Lamens,Viktoriya Tomova,324898,317584,R32,6-1 6-2,completed,present,2024-10-14,2024-10-20,2024-10-14T01:18:38.4+00:00,False,2024-10-14T02:40:20.55+00:00,False,data/raw/wta/stats/_httpcache/2024/1612615308ad1e6ca94f6eb3f4819f67301d0fb81755bab48a07beb70d1d0407.json,7c9d23c667abf373342376e3a03f94ccd5fadb47368ce646d4a18b7add579ead,0,135528.0,True,2024-10-14,stats,False,False
2024,405,LS025,Lucia Bronzetti,Cristina Bucsa,322280,321158,R32,6-3 6-4,completed,present,2024-10-14,2024-10-20,2024-10-14T02:43:01.943+00:00,False,2024-10-14T04:23:03.337+00:00,False,data/raw/wta/stats/_httpcache/2024/1612615308ad1e6ca94f6eb3f4819f67301d0fb81755bab48a07beb70d1d0407.json,7c9d23c667abf373342376e3a03f94ccd5fadb47368ce646d4a18b7add579ead,0,135529.0,True,2024-10-14,stats,False,False
2024,405,LS026,Ana Bogdan,Veronika Kudermetova,315427,319526,R32,6-2 6-2,completed,present,2024-10-14,2024-10-20,2024-10-15T04:45:35.283+00:00,False,2024-10-15T06:12:33.24+00:00,False,data/raw/wta/stats/_httpcache/2024/1612615308ad1e6ca94f6eb3f4819f67301d0fb81755bab48a07beb70d1d0407.json,7c9d23c667abf373342376e3a03f94ccd5fadb47368ce646d4a18b7add579ead,0,135544.0,True,2024-10-15,stats,False,False
2024,405,LS027,Marie Bouzkova,Moyuka Uchijima,320983,327241,R32,7-6(6) 2-6 6-3,completed,present,2024-10-14,2024-10-20,2024-10-15T02:42:29.36+00:00,False,2024-10-15T05:41:51.48+00:00,False,data/raw/wta/stats/_httpcache/2024/1612615308ad1e6ca94f6eb3f4819f67301d0fb81755bab48a07beb70d1d0407.json,7c9d23c667abf373342376e3a03f94ccd5fadb47368ce646d4a18b7add579ead,0,135542.0,True,2024-10-15,stats,False,False
2024,405,LS028,Diane Parry,Erika Andreeva,327077,330151,R32,4-6 7-6(4) 6-1,completed,present,2024-10-14,2024-10-20,2024-10-15T03:14:09.487+00:00,False,2024-10-15T05:58:43.11+00:00,False,data/raw/wta/stats/_httpcache/2024/1612615308ad1e6ca94f6eb3f4819f67301d0fb81755bab48a07beb70d1d0407.json,7c9d23c667abf373342376e3a03f94ccd5fadb47368ce646d4a18b7add579ead,0,135543.0,True,2024-10-15,stats,False,False
2024,405,LS029,Greet Minnen,Bianca Andreescu,321454,325088,R32,6-3 6-0,completed,present,2024-10-14,2024-10-20,2024-10-15T01:19:38.85+00:00,False,2024-10-15T02:40:07.03+00:00,False,data/raw/wta/stats/_httpcache/2024/1612615308ad1e6ca94f6eb3f4819f67301d0fb81755bab48a07beb70d1d0407.json,7c9d23c667abf373342376e3a03f94ccd5fadb47368ce646d4a18b7add579ead,0,135540.0,True,2024-10-15,stats,False,False
2024,405,LS030,Harriet Dart,Laura Siegemund,319489,310926,R32,3-6 7-5 7-5,completed,present,2024-10-14,2024-10-20,2024-10-15T01:19:27.24+00:00,False,2024-10-15T04:40:40.097+00:00,False,data/raw/wta/stats/_httpcache/2024/1612615308ad1e6ca94f6eb3f4819f67301d0fb81755bab48a07beb70d1d0407.json,7c9d23c667abf373342376e3a03f94ccd5fadb47368ce646d4a18b7add579ead,0,135539.0,True,2024-10-15,stats,False,False
2024,405,LS031,Clara Tauson,Katie Volynets,327793,327391,R32,6-1 6-4,completed,present,2024-10-14,2024-10-20,2024-10-14T01:17:27.2+00:00,False,2024-10-14T03:05:22.66+00:00,False,data/raw/wta/stats/_httpcache/2024/1612615308ad1e6ca94f6eb3f4819f67301d0fb81755bab48a07beb70d1d0407.json,7c9d23c667abf373342376e3a03f94ccd5fadb47368ce646d4a18b7add579ead,0,135527.0,True,2024-10-14,stats,False,False
2024,406,LS001,Madison Keys,Danielle Collins,316959,316925,F,6-1 6-2,completed,present,2024-05-19,2024-05-25,2024-05-25T12:48:35.65+00:00,False,2024-05-25T14:21:18+00:00,False,data/raw/wta/stats/_httpcache/2024/aac1fbff9cecf0db0818769192263d7af1aa68b00955d6a2c1aed94425e12f69.json,dac7fdd3293ed8012410f1a3c0c78b17823e8c7b6572f53dade49b2cf15eb9ce,0,134073.0,True,2024-05-20,historical,False,False
2024,406,LS002,Danielle Collins,Anhelina Kalinina,316925,320567,SF,7-6(3) 6-2,completed,present,2024-05-19,2024-05-25,2024-05-24T16:18:36.883+00:00,False,2024-05-24T18:09:57.863+00:00,False,data/raw/wta/stats/_httpcache/2024/aac1fbff9cecf0db0818769192263d7af1aa68b00955d6a2c1aed94425e12f69.json,dac7fdd3293ed8012410f1a3c0c78b17823e8c7b6572f53dade49b2cf15eb9ce,0,134072.0,True,2024-05-20,historical,False,False
2024,406,LS003,Madison Keys,Liudmila Samsonova,316959,322222,SF,6-1 6-3,completed,present,2024-05-19,2024-05-25,2024-05-24T12:32:59.463+00:00,False,2024-05-24T16:15:21.357+00:00,False,data/raw/wta/stats/_httpcache/2024/aac1fbff9cecf0db0818769192263d7af1aa68b00955d6a2c1aed94425e12f69.json,dac7fdd3293ed8012410f1a3c0c78b17823e8c7b6572f53dade49b2cf15eb9ce,0,134071.0,True,2024-05-20,historical,False,False
2024,406,LS004,Anhelina Kalinina,Marketa Vondrousova,320567,323027,QF,5-7 6-3 6-2,completed,present,2024-05-19,2024-05-25,2024-05-24T08:23:16.337+00:00,False,2024-05-24T11:12:57.78+00:00,False,data/raw/wta/stats/_httpcache/2024/aac1fbff9cecf0db0818769192263d7af1aa68b00955d6a2c1aed94425e12f69.json,dac7fdd3293ed8012410f1a3c0c78b17823e8c7b6572f53dade49b2cf15eb9ce,0,134070.0,True,2024-05-20,historical,False,False
2024,406,LS005,Danielle Collins,Clara Burel,316925,325320,QF,6-1 6-3,completed,present,2024-05-19,2024-05-25,2024-05-23T16:59:49.703+00:00,False,2024-05-23T18:17:15.61+00:00,False,data/raw/wta/stats/_httpcache/2024/aac1fbff9cecf0db0818769192263d7af1aa68b00955d6a2c1aed94425e12f69.json,dac7fdd3293ed8012410f1a3c0c78b17823e8c7b6572f53dade49b2cf15eb9ce,0,134069.0,True,2024-05-20,historical,False,False
2024,406,LS006,Madison Keys,Magda Linette,316959,315130,QF,6-1 6-3,completed,present,2024-05-19,2024-05-25,2024-05-23T10:44:06.723+00:00,False,2024-05-23T16:57:29.72+00:00,False,data/raw/wta/stats/_httpcache/2024/aac1fbff9cecf0db0818769192263d7af1aa68b00955d6a2c1aed94425e12f69.json,dac7fdd3293ed8012410f1a3c0c78b17823e8c7b6572f53dade49b2cf15eb9ce,0,134068.0,True,2024-05-20,historical,False,False
2024,406,LS007,Liudmila Samsonova,Beatriz Haddad Maia,322222,318176,QF,6-3 6-0,completed,present,2024-05-19,2024-05-25,2024-05-23T08:51:28.287+00:00,False,2024-05-23T10:38:24.213+00:00,False,data/raw/wta/stats/_httpcache/2024/aac1fbff9cecf0db0818769192263d7af1aa68b00955d6a2c1aed94425e12f69.json,dac7fdd3293ed8012410f1a3c0c78b17823e8c7b6572f53dade49b2cf15eb9ce,0,134067.0,True,2024-05-20,historical,False,False
2024,406,LS008,Marketa Vondrousova,Magdalena Frech,323027,320277,R16,5-7 6-1 6-0,completed,present,2024-05-19,2024-05-25,2024-05-22T11:31:26.97+00:00,False,2024-05-22T14:01:59.587+00:00,False,data/raw/wta/stats/_httpcache/2024/aac1fbff9cecf0db0818769192263d7af1aa68b00955d6a2c1aed94425e12f69.json,dac7fdd3293ed8012410f1a3c0c78b17823e8c7b6572f53dade49b2cf15eb9ce,0,134066.0,True,2024-05-20,historical,False,False
2024,406,LS009,Anhelina Kalinina,Fiona Ferro,320567,319969,R16,6-3 3-6 6-0,completed,present,2024-05-19,2024-05-25,2024-05-22T13:47:49.37+00:00,False,2024-05-22T16:16:11.343+00:00,False,data/raw/wta/stats/_httpcache/2024/aac1fbff9cecf0db0818769192263d7af1aa68b00955d6a2c1aed94425e12f69.json,dac7fdd3293ed8012410f1a3c0c78b17823e8c7b6572f53dade49b2cf15eb9ce,0,134065.0,True,2024-05-20,historical,False,False
2024,406,LS010,Danielle Collins,Katerina Siniakova,316925,320301,R16,6-1 6-2,completed,present,2024-05-19,2024-05-25,2024-05-22T16:46:09.24+00:00,False,2024-05-22T18:02:29.08+00:00,False,data/raw/wta/stats/_httpcache/2024/aac1fbff9cecf0db0818769192263d7af1aa68b00955d6a2c1aed94425e12f69.json,dac7fdd3293ed8012410f1a3c0c78b17823e8c7b6572f53dade49b2cf15eb9ce,0,134064.0,True,2024-05-20,historical,False,False
2024,406,LS011,Clara Burel,Elina Svitolina,325320,316738,R16,7-6(1) 4-6 6-1,completed,present,2024-05-19,2024-05-25,2024-05-22T14:04:14.747+00:00,False,2024-05-22T16:39:36.207+00:00,False,data/raw/wta/stats/_httpcache/2024/aac1fbff9cecf0db0818769192263d7af1aa68b00955d6a2c1aed94425e12f69.json,dac7fdd3293ed8012410f1a3c0c78b17823e8c7b6572f53dade49b2cf15eb9ce,0,134063.0,True,2024-05-20,historical,False,False
2024,406,LS012,Magda Linette,Ekaterina Alexandrova,315130,319007,R16,6-7(5) 6-3 6-3,completed,present,2024-05-19,2024-05-25,2024-05-22T10:37:53.713+00:00,False,2024-05-22T13:44:54.383+00:00,False,data/raw/wta/stats/_httpcache/2024/aac1fbff9cecf0db0818769192263d7af1aa68b00955d6a2c1aed94425e12f69.json,dac7fdd3293ed8012410f1a3c0c78b17823e8c7b6572f53dade49b2cf15eb9ce,0,134062.0,True,2024-05-20,historical,False,False
2024,406,LS013,Madison Keys,Xinyu Wang,316959,326376,R16,7-5 6-0,completed,present,2024-05-19,2024-05-25,2024-05-22T08:57:18.45+00:00,False,2024-05-22T10:33:02.31+00:00,False,data/raw/wta/stats/_httpcache/2024/aac1fbff9cecf0db0818769192263d7af1aa68b00955d6a2c1aed94425e12f69.json,dac7fdd3293ed8012410f1a3c0c78b17823e8c7b6572f53dade49b2cf15eb9ce,0,134075.0,True,2024-05-22,stats,False,False
2024,406,LS014,Liudmila Samsonova,Leylah Fernandez,322222,326735,R16,4-6 6-4 6-2,completed,present,2024-05-19,2024-05-25,2024-05-21T14:50:41.06+00:00,False,2024-05-21T18:33:17.937+00:00,False,data/raw/wta/stats/_httpcache/2024/aac1fbff9cecf0db0818769192263d7af1aa68b00955d6a2c1aed94425e12f69.json,dac7fdd3293ed8012410f1a3c0c78b17823e8c7b6572f53dade49b2cf15eb9ce,0,134060.0,True,2024-05-20,historical,False,False
2024,406,LS015,Beatriz Haddad Maia,Emma Navarro,318176,325410,R16,6-4 7-6(1),completed,present,2024-05-19,2024-05-25,2024-05-22T08:52:33.81+00:00,False,2024-05-22T11:26:40.233+00:00,False,data/raw/wta/stats/_httpcache/2024/aac1fbff9cecf0db0818769192263d7af1aa68b00955d6a2c1aed94425e12f69.json,dac7fdd3293ed8012410f1a3c0c78b17823e8c7b6572f53dade49b2cf15eb9ce,0,134059.0,True,2024-05-20,historical,False,False
2024,406,LS017,Magdalena Frech,Sloane Stephens,320277,315683,R32,6-3 6-3,completed,present,2024-05-19,2024-05-25,2024-05-20T12:53:34.17+00:00,False,2024-05-20T14:32:16.987+00:00,False,data/raw/wta/stats/_httpcache/2024/aac1fbff9cecf0db0818769192263d7af1aa68b00955d6a2c1aed94425e12f69.json,dac7fdd3293ed8012410f1a3c0c78b17823e8c7b6572f53dade49b2cf15eb9ce,0,134058.0,True,2024-05-20,historical,False,False
2024,406,LS018,Fiona Ferro,Erika Andreeva,319969,330151,R32,6-2 6-2,completed,present,2024-05-19,2024-05-25,2024-05-20T14:37:26.93+00:00,False,2024-05-20T16:22:31.263+00:00,False,data/raw/wta/stats/_httpcache/2024/aac1fbff9cecf0db0818769192263d7af1aa68b00955d6a2c1aed94425e12f69.json,dac7fdd3293ed8012410f1a3c0c78b17823e8c7b6572f53dade49b2cf15eb9ce,0,134057.0,True,2024-05-20,historical,False,False
2024,406,LS019,Anhelina Kalinina,Anastasia Pavlyuchenkova,320567,313796,R32,6-3 3-6 6-4,completed,present,2024-05-19,2024-05-25,2024-05-19T10:53:24.38+00:00,False,2024-05-19T15:19:24.693+00:00,False,data/raw/wta/stats/_httpcache/2024/aac1fbff9cecf0db0818769192263d7af1aa68b00955d6a2c1aed94425e12f69.json,dac7fdd3293ed8012410f1a3c0c78b17823e8c7b6572f53dade49b2cf15eb9ce,0,134056.0,True,2024-05-20,historical,False,False
2024,406,LS021,Katerina Siniakova,Yulia Putintseva,320301,317683,R32,6-0 3-2,incomplete-or-invalid-score,score-conflict,2024-05-19,2024-05-25,2024-05-20T10:31:17.833+00:00,False,2025-01-28T20:19:56.59+00:00,False,data/raw/wta/stats/_httpcache/2024/aac1fbff9cecf0db0818769192263d7af1aa68b00955d6a2c1aed94425e12f69.json,dac7fdd3293ed8012410f1a3c0c78b17823e8c7b6572f53dade49b2cf15eb9ce,0,134055.0,True,2024-05-20,historical,False,False
2024,406,LS022,Clara Burel,Karolina Pliskova,325320,313974,R32,7-5 0-6 6-1,completed,present,2024-05-19,2024-05-25,2024-05-19T15:21:25.647+00:00,False,2024-05-19T17:30:38.5+00:00,False,data/raw/wta/stats/_httpcache/2024/aac1fbff9cecf0db0818769192263d7af1aa68b00955d6a2c1aed94425e12f69.json,dac7fdd3293ed8012410f1a3c0c78b17823e8c7b6572f53dade49b2cf15eb9ce,0,134054.0,True,2024-05-20,historical,False,False
2024,406,LS023,Elina Svitolina,Diane Parry,316738,327077,R32,6-3 6-4,completed,present,2024-05-19,2024-05-25,2024-05-19T17:33:51.3+00:00,False,2024-05-20T12:45:17.657+00:00,False,data/raw/wta/stats/_httpcache/2024/aac1fbff9cecf0db0818769192263d7af1aa68b00955d6a2c1aed94425e12f69.json,dac7fdd3293ed8012410f1a3c0c78b17823e8c7b6572f53dade49b2cf15eb9ce,0,134053.0,True,2024-05-20,historical,False,False
2024,406,LS024,Ekaterina Alexandrova,Cristina Bucsa,319007,321158,R32,6-0 7-5,completed,present,2024-05-19,2024-05-25,2024-05-20T10:38:02.413+00:00,False,2024-05-20T12:14:11.493+00:00,False,data/raw/wta/stats/_httpcache/2024/aac1fbff9cecf0db0818769192263d7af1aa68b00955d6a2c1aed94425e12f69.json,dac7fdd3293ed8012410f1a3c0c78b17823e8c7b6572f53dade49b2cf15eb9ce,0,134052.0,True,2024-05-20,historical,False,False
2024,406,LS025,Magda Linette,Sorana Cirstea,315130,312469,R32,7-5 7-5,completed,present,2024-05-19,2024-05-25,2024-05-20T08:20:01.86+00:00,False,2024-05-20T10:34:12.403+00:00,False,data/raw/wta/stats/_httpcache/2024/aac1fbff9cecf0db0818769192263d7af1aa68b00955d6a2c1aed94425e12f69.json,dac7fdd3293ed8012410f1a3c0c78b17823e8c7b6572f53dade49b2cf15eb9ce,0,134051.0,True,2024-05-20,historical,False,False
2024,406,LS026,Xinyu Wang,Anna Kalinskaya,326376,323942,R32,6-4 7-6(3),completed,present,2024-05-19,2024-05-25,2024-05-20T08:19:35.237+00:00,False,2024-05-20T10:30:29.083+00:00,False,data/raw/wta/stats/_httpcache/2024/aac1fbff9cecf0db0818769192263d7af1aa68b00955d6a2c1aed94425e12f69.json,dac7fdd3293ed8012410f1a3c0c78b17823e8c7b6572f53dade49b2cf15eb9ce,0,134074.0,True,2024-05-20,stats,False,False
2024,406,LS028,Liudmila Samsonova,Barbora Krejcikova,322222,318314,R32,6-2 6-7(5) 6-4,completed,present,2024-05-19,2024-05-25,2024-05-20T08:55:33.757+00:00,False,2024-05-20T12:09:12.037+00:00,False,data/raw/wta/stats/_httpcache/2024/aac1fbff9cecf0db0818769192263d7af1aa68b00955d6a2c1aed94425e12f69.json,dac7fdd3293ed8012410f1a3c0c78b17823e8c7b6572f53dade49b2cf15eb9ce,0,134049.0,True,2024-05-20,historical,False,False
2024,406,LS029,Leylah Fernandez,Anastasia Potapova,326735,325601,R32,4-6 7-6(4) 6-3,completed,present,2024-05-19,2024-05-25,2024-05-19T09:55:21.657+00:00,False,2024-05-19T12:58:45+00:00,False,data/raw/wta/stats/_httpcache/2024/aac1fbff9cecf0db0818769192263d7af1aa68b00955d6a2c1aed94425e12f69.json,dac7fdd3293ed8012410f1a3c0c78b17823e8c7b6572f53dade49b2cf15eb9ce,0,134048.0,True,2024-05-20,historical,False,False
2024,406,LS030,Emma Navarro,Alizé Cornet,325410,312121,R32,6-4 6-1,completed,present,2024-05-19,2024-05-25,2024-05-20T16:24:39.993+00:00,False,2024-05-20T18:03:43.777+00:00,False,data/raw/wta/stats/_httpcache/2024/aac1fbff9cecf0db0818769192263d7af1aa68b00955d6a2c1aed94425e12f69.json,dac7fdd3293ed8012410f1a3c0c78b17823e8c7b6572f53dade49b2cf15eb9ce,0,134047.0,True,2024-05-20,historical,False,False
2024,466,LS001,Qinwen Zheng,Karolina Muchova,328120,322191,F,6-4 4-6 6-2,completed,present,2024-07-15,2024-07-21,2024-07-21T18:15:26.953+00:00,False,2024-07-21T21:27:28.107+00:00,False,data/raw/wta/stats/_httpcache/2024/1ad4c94ca081164a49142e722300f34dc6e2482fec143411699ce93076eaa1a7.json,8290ee0c4fb73262c39dd9f7ddf3b98301d7f103eb769abd6795c27108e9b6d9,0,134524.0,True,2024-07-21,stats,False,False
2024,466,LS002,Qinwen Zheng,Diane Parry,328120,327077,SF,7-5 6-4,completed,present,2024-07-15,2024-07-21,2024-07-20T17:45:29.75+00:00,False,2024-07-20T19:46:10.157+00:00,False,data/raw/wta/stats/_httpcache/2024/1ad4c94ca081164a49142e722300f34dc6e2482fec143411699ce93076eaa1a7.json,8290ee0c4fb73262c39dd9f7ddf3b98301d7f103eb769abd6795c27108e9b6d9,0,134495.0,True,2024-07-20,stats,False,False
2024,466,LS003,Karolina Muchova,Irina-Camelia Begu,322191,313169,SF,6-1 6-1,completed,present,2024-07-15,2024-07-21,2024-07-20T19:50:01.067+00:00,False,2024-07-20T21:16:46.977+00:00,False,data/raw/wta/stats/_httpcache/2024/1ad4c94ca081164a49142e722300f34dc6e2482fec143411699ce93076eaa1a7.json,8290ee0c4fb73262c39dd9f7ddf3b98301d7f103eb769abd6795c27108e9b6d9,0,134496.0,True,2024-07-20,stats,False,False
2024,466,LS004,Qinwen Zheng,Jaqueline Cristian,328120,320319,QF,6-1 6-1,completed,present,2024-07-15,2024-07-21,2024-07-19T19:44:29.553+00:00,False,2024-07-19T21:14:02.407+00:00,False,data/raw/wta/stats/_httpcache/2024/1ad4c94ca081164a49142e722300f34dc6e2482fec143411699ce93076eaa1a7.json,8290ee0c4fb73262c39dd9f7ddf3b98301d7f103eb769abd6795c27108e9b6d9,0,134468.0,True,2024-07-19,stats,False,False
2024,466,LS005,Diane Parry,Chloe Paquet,327077,318839,QF,7-5 1-6 6-4,completed,present,2024-07-15,2024-07-21,2024-07-19T14:22:07.977+00:00,False,2024-07-19T17:38:13.963+00:00,False,data/raw/wta/stats/_httpcache/2024/1ad4c94ca081164a49142e722300f34dc6e2482fec143411699ce93076eaa1a7.json,8290ee0c4fb73262c39dd9f7ddf3b98301d7f103eb769abd6795c27108e9b6d9,0,134466.0,True,2024-07-19,stats,False,False
2024,466,LS006,Irina-Camelia Begu,Ann Li,313169,326096,QF,6-3 6-4,completed,present,2024-07-15,2024-07-21,2024-07-19T17:41:45.537+00:00,False,2024-07-19T19:41:44.83+00:00,False,data/raw/wta/stats/_httpcache/2024/1ad4c94ca081164a49142e722300f34dc6e2482fec143411699ce93076eaa1a7.json,8290ee0c4fb73262c39dd9f7ddf3b98301d7f103eb769abd6795c27108e9b6d9,0,134467.0,True,2024-07-19,stats,False,False
2024,466,LS007,Karolina Muchova,Astra Sharma,322191,319696,QF,7-6(5) 7-6(6),completed,present,2024-07-15,2024-07-21,2024-07-19T20:33:02.51+00:00,False,2024-07-19T22:59:48.577+00:00,False,data/raw/wta/stats/_httpcache/2024/1ad4c94ca081164a49142e722300f34dc6e2482fec143411699ce93076eaa1a7.json,8290ee0c4fb73262c39dd9f7ddf3b98301d7f103eb769abd6795c27108e9b6d9,0,134469.0,True,2024-07-19,stats,False,False
2024,466,LS008,Qinwen Zheng,Petra Martic,328120,313711,R16,6-4 6-4,completed,present,2024-07-15,2024-07-21,2024-07-18T20:15:37.013+00:00,False,2024-07-18T21:50:39.563+00:00,False,data/raw/wta/stats/_httpcache/2024/1ad4c94ca081164a49142e722300f34dc6e2482fec143411699ce93076eaa1a7.json,8290ee0c4fb73262c39dd9f7ddf3b98301d7f103eb769abd6795c27108e9b6d9,0,134461.0,True,2024-07-18,stats,False,False
2024,466,LS009,Jaqueline Cristian,Lucia Bronzetti,320319,322280,R16,6-3 6-2,completed,present,2024-07-15,2024-07-21,2024-07-18T17:55:46.743+00:00,False,2024-07-18T19:58:19.59+00:00,False,data/raw/wta/stats/_httpcache/2024/1ad4c94ca081164a49142e722300f34dc6e2482fec143411699ce93076eaa1a7.json,8290ee0c4fb73262c39dd9f7ddf3b98301d7f103eb769abd6795c27108e9b6d9,0,134460.0,True,2024-07-18,stats,False,False
2024,466,LS010,Diane Parry,Jil Teichmann,327077,320926,R16,6-2 6-7(4) 6-2,completed,present,2024-07-15,2024-07-21,2024-07-17T16:18:57.847+00:00,False,2024-07-17T19:30:59.107+00:00,False,data/raw/wta/stats/_httpcache/2024/1ad4c94ca081164a49142e722300f34dc6e2482fec143411699ce93076eaa1a7.json,8290ee0c4fb73262c39dd9f7ddf3b98301d7f103eb769abd6795c27108e9b6d9,0,134452.0,True,2024-07-17,stats,False,False
2024,466,LS011,Chloe Paquet,Maria Lourdes Carle,318839,322638,R16,6-3 6-1,completed,present,2024-07-15,2024-07-21,2024-07-18T16:55:20.13+00:00,False,2024-07-18T18:40:29.877+00:00,False,data/raw/wta/stats/_httpcache/2024/1ad4c94ca081164a49142e722300f34dc6e2482fec143411699ce93076eaa1a7.json,8290ee0c4fb73262c39dd9f7ddf3b98301d7f103eb769abd6795c27108e9b6d9,0,134459.0,True,2024-07-18,stats,False,False
2024,466,LS012,Irina-Camelia Begu,Arantxa Rus,313169,313349,R16,6-2 7-5,completed,present,2024-07-15,2024-07-21,2024-07-17T15:22:19.417+00:00,False,2024-07-17T17:32:58.853+00:00,False,data/raw/wta/stats/_httpcache/2024/1ad4c94ca081164a49142e722300f34dc6e2482fec143411699ce93076eaa1a7.json,8290ee0c4fb73262c39dd9f7ddf3b98301d7f103eb769abd6795c27108e9b6d9,0,134451.0,True,2024-07-17,stats,False,False
2024,466,LS013,Ann Li,Erika Andreeva,326096,330151,R16,6-3 4-6 6-4,completed,present,2024-07-15,2024-07-21,2024-07-18T15:22:03.43+00:00,False,2024-07-18T17:52:33.347+00:00,False,data/raw/wta/stats/_httpcache/2024/1ad4c94ca081164a49142e722300f34dc6e2482fec143411699ce93076eaa1a7.json,8290ee0c4fb73262c39dd9f7ddf3b98301d7f103eb769abd6795c27108e9b6d9,0,134458.0,True,2024-07-18,stats,False,False
2024,466,LS014,Astra Sharma,Ajla Tomljanovic,319696,315232,R16,6-4 3-6 6-1,completed,present,2024-07-15,2024-07-21,2024-07-17T20:47:53.463+00:00,False,2024-07-17T23:04:23.767+00:00,False,data/raw/wta/stats/_httpcache/2024/1ad4c94ca081164a49142e722300f34dc6e2482fec143411699ce93076eaa1a7.json,8290ee0c4fb73262c39dd9f7ddf3b98301d7f103eb769abd6795c27108e9b6d9,0,134454.0,True,2024-07-17,stats,False,False
2024,466,LS015,Karolina Muchova,Noma Noha Akugue,322191,328631,R16,6-7(0) 6-2 6-3,completed,present,2024-07-15,2024-07-21,2024-07-17T17:47:12.283+00:00,False,2024-07-17T20:45:28.487+00:00,False,data/raw/wta/stats/_httpcache/2024/1ad4c94ca081164a49142e722300f34dc6e2482fec143411699ce93076eaa1a7.json,8290ee0c4fb73262c39dd9f7ddf3b98301d7f103eb769abd6795c27108e9b6d9,0,134453.0,True,2024-07-17,stats,False,False
2024,466,LS016,Qinwen Zheng,Sara Errani,328120,310761,R32,6-3 6-2,completed,present,2024-07-15,2024-07-21,2024-07-16T19:59:49.65+00:00,False,2024-07-16T21:28:32.82+00:00,False,data/raw/wta/stats/_httpcache/2024/1ad4c94ca081164a49142e722300f34dc6e2482fec143411699ce93076eaa1a7.json,8290ee0c4fb73262c39dd9f7ddf3b98301d7f103eb769abd6795c27108e9b6d9,0,134441.0,True,2024-07-16,stats,False,False
2024,466,LS017,Petra Martic,Emiliana Arango,313711,324789,R32,6-2 6-3,completed,present,2024-07-15,2024-07-21,2024-07-16T20:02:35.357+00:00,False,2024-07-16T21:33:15.137+00:00,False,data/raw/wta/stats/_httpcache/2024/1ad4c94ca081164a49142e722300f34dc6e2482fec143411699ce93076eaa1a7.json,8290ee0c4fb73262c39dd9f7ddf3b98301d7f103eb769abd6795c27108e9b6d9,0,134442.0,True,2024-07-16,stats,False,False
2024,466,LS018,Lucia Bronzetti,Elsa Jacquemot,322280,328142,R32,7-5 3-6 6-3,completed,present,2024-07-15,2024-07-21,2024-07-16T21:31:28.22+00:00,False,2024-07-17T00:10:17.727+00:00,False,data/raw/wta/stats/_httpcache/2024/1ad4c94ca081164a49142e722300f34dc6e2482fec143411699ce93076eaa1a7.json,8290ee0c4fb73262c39dd9f7ddf3b98301d7f103eb769abd6795c27108e9b6d9,0,134444.0,True,2024-07-16,stats,False,False
2024,466,LS019,Jaqueline Cristian,Julia Riera,320319,327287,R32,6-3 6-2,completed,present,2024-07-15,2024-07-21,2024-07-16T21:35:09.86+00:00,False,2024-07-16T22:58:43.027+00:00,False,data/raw/wta/stats/_httpcache/2024/1ad4c94ca081164a49142e722300f34dc6e2482fec143411699ce93076eaa1a7.json,8290ee0c4fb73262c39dd9f7ddf3b98301d7f103eb769abd6795c27108e9b6d9,0,134445.0,True,2024-07-16,stats,False,False
2024,466,LS020,Diane Parry,Olivia Gadecki,327077,326653,R32,4-6 6-4 6-4,completed,present,2024-07-15,2024-07-21,2024-07-16T16:13:32.18+00:00,False,2024-07-16T20:01:02.65+00:00,False,data/raw/wta/stats/_httpcache/2024/1ad4c94ca081164a49142e722300f34dc6e2482fec143411699ce93076eaa1a7.json,8290ee0c4fb73262c39dd9f7ddf3b98301d7f103eb769abd6795c27108e9b6d9,0,134439.0,True,2024-07-16,stats,False,False
2024,466,LS021,Jil Teichmann,Mia Ristic,320926,330926,R32,6-1 6-1,completed,present,2024-07-15,2024-07-21,2024-07-15T17:18:40.487+00:00,False,2024-07-15T18:39:40.417+00:00,False,data/raw/wta/stats/_httpcache/2024/1ad4c94ca081164a49142e722300f34dc6e2482fec143411699ce93076eaa1a7.json,8290ee0c4fb73262c39dd9f7ddf3b98301d7f103eb769abd6795c27108e9b6d9,0,134427.0,True,2024-07-15,stats,False,False
2024,466,LS022,Chloe Paquet,Saisai Zheng,318839,316286,R32,6-3 6-3,completed,present,2024-07-15,2024-07-21,2024-07-16T14:22:12.58+00:00,False,2024-07-16T16:09:49.217+00:00,False,data/raw/wta/stats/_httpcache/2024/1ad4c94ca081164a49142e722300f34dc6e2482fec143411699ce93076eaa1a7.json,8290ee0c4fb73262c39dd9f7ddf3b98301d7f103eb769abd6795c27108e9b6d9,0,134437.0,True,2024-07-16,stats,False,False
2024,466,LS023,Maria Lourdes Carle,Tatjana Maria,322638,310440,R32,5-7 6-1 6-1,completed,present,2024-07-15,2024-07-21,2024-07-16T14:15:44.703+00:00,False,2024-07-16T16:57:55.6+00:00,False,data/raw/wta/stats/_httpcache/2024/1ad4c94ca081164a49142e722300f34dc6e2482fec143411699ce93076eaa1a7.json,8290ee0c4fb73262c39dd9f7ddf3b98301d7f103eb769abd6795c27108e9b6d9,0,134436.0,True,2024-07-16,stats,False,False
2024,466,LS024,Arantxa Rus,Martina Trevisan,313349,316266,R32,6-7(5) 6-4 6-2,completed,present,2024-07-15,2024-07-21,2024-07-16T15:32:11.423+00:00,False,2024-07-16T19:56:11.843+00:00,False,data/raw/wta/stats/_httpcache/2024/1ad4c94ca081164a49142e722300f34dc6e2482fec143411699ce93076eaa1a7.json,8290ee0c4fb73262c39dd9f7ddf3b98301d7f103eb769abd6795c27108e9b6d9,0,134438.0,True,2024-07-16,stats,False,False
2024,466,LS025,Irina-Camelia Begu,Marina Bassols Ribera,313169,324128,R32,6-0 6-0,completed,present,2024-07-15,2024-07-21,2024-07-15T20:00:10.703+00:00,False,2024-07-15T21:10:21.613+00:00,False,data/raw/wta/stats/_httpcache/2024/1ad4c94ca081164a49142e722300f34dc6e2482fec143411699ce93076eaa1a7.json,8290ee0c4fb73262c39dd9f7ddf3b98301d7f103eb769abd6795c27108e9b6d9,0,134428.0,True,2024-07-15,stats,False,False
2024,466,LS026,Erika Andreeva,Darja Semenistaja,330151,329457,R32,6-1 6-2,completed,present,2024-07-15,2024-07-21,2024-07-17T14:17:39.037+00:00,False,2024-07-17T16:01:07.583+00:00,False,data/raw/wta/stats/_httpcache/2024/1ad4c94ca081164a49142e722300f34dc6e2482fec143411699ce93076eaa1a7.json,8290ee0c4fb73262c39dd9f7ddf3b98301d7f103eb769abd6795c27108e9b6d9,0,134450.0,True,2024-07-17,stats,False,False
2024,466,LS027,Ann Li,Peyton Stearns,326096,327573,R32,3-6 7-6(7) 6-2,completed,present,2024-07-15,2024-07-21,2024-07-16T21:04:15.313+00:00,False,2024-07-16T23:33:58.537+00:00,False,data/raw/wta/stats/_httpcache/2024/1ad4c94ca081164a49142e722300f34dc6e2482fec143411699ce93076eaa1a7.json,8290ee0c4fb73262c39dd9f7ddf3b98301d7f103eb769abd6795c27108e9b6d9,0,134443.0,True,2024-07-16,stats,False,False
2024,466,LS028,Astra Sharma,Anna Blinkova,319696,324267,R32,6-0 7-5,completed,present,2024-07-15,2024-07-21,2024-07-15T15:16:33.127+00:00,False,2024-07-15T17:08:00.143+00:00,False,data/raw/wta/stats/_httpcache/2024/1ad4c94ca081164a49142e722300f34dc6e2482fec143411699ce93076eaa1a7.json,8290ee0c4fb73262c39dd9f7ddf3b98301d7f103eb769abd6795c27108e9b6d9,0,134426.0,True,2024-07-15,stats,False,False
2024,466,LS029,Ajla Tomljanovic,Mayar Sherif,315232,318711,R32,3-6 7-5 6-3,completed,present,2024-07-15,2024-07-21,2024-07-16T17:02:23.58+00:00,False,2024-07-16T21:01:44.15+00:00,False,data/raw/wta/stats/_httpcache/2024/1ad4c94ca081164a49142e722300f34dc6e2482fec143411699ce93076eaa1a7.json,8290ee0c4fb73262c39dd9f7ddf3b98301d7f103eb769abd6795c27108e9b6d9,0,134440.0,True,2024-07-16,stats,False,False
2024,466,LS030,Noma Noha Akugue,Mona Barthel,328631,315365,R32,6-4 2-6 6-2,completed,present,2024-07-15,2024-07-21,2024-07-15T14:51:47.323+00:00,False,2024-07-15T17:16:04.743+00:00,False,data/raw/wta/stats/_httpcache/2024/1ad4c94ca081164a49142e722300f34dc6e2482fec143411699ce93076eaa1a7.json,8290ee0c4fb73262c39dd9f7ddf3b98301d7f103eb769abd6795c27108e9b6d9,0,134425.0,True,2024-07-15,stats,False,False
2024,528,LS001,Jelena Ostapenko,Ekaterina Alexandrova,319939,319007,F,6-2 6-3,completed,present,2024-01-29,2024-02-04,2024-02-04T12:49:40.86+00:00,False,2024-02-04T14:18:38.6+00:00,False,data/raw/wta/stats/_httpcache/2024/81da7ba1925fe3a1966b3c5de5383914ca07cd0c8f7450c9ddf3e9c0c2e668c9.json,304ae463c6bc856749d6f2961baf78ea36014ca31e076cee4f4a1486f2b98b17,0,132472.0,True,2024-01-29,historical,False,False
2024,528,LS002,Jelena Ostapenko,Anastasia Pavlyuchenkova,319939,313796,SF,6-2 6-3,completed,present,2024-01-29,2024-02-04,2024-02-03T16:19:45.577+00:00,False,2024-02-03T17:46:16.227+00:00,False,data/raw/wta/stats/_httpcache/2024/81da7ba1925fe3a1966b3c5de5383914ca07cd0c8f7450c9ddf3e9c0c2e668c9.json,304ae463c6bc856749d6f2961baf78ea36014ca31e076cee4f4a1486f2b98b17,0,132471.0,True,2024-01-29,historical,False,False
2024,528,LS003,Ekaterina Alexandrova,Donna Vekic,319007,318516,SF,5-7 7-6(4) 7-6(6),completed,present,2024-01-29,2024-02-04,2024-02-03T12:49:56.95+00:00,False,2024-02-03T16:15:41.29+00:00,False,data/raw/wta/stats/_httpcache/2024/81da7ba1925fe3a1966b3c5de5383914ca07cd0c8f7450c9ddf3e9c0c2e668c9.json,304ae463c6bc856749d6f2961baf78ea36014ca31e076cee4f4a1486f2b98b17,0,132470.0,True,2024-01-29,historical,False,False
2024,528,LS004,Jelena Ostapenko,Jodie Burrage,319939,323802,QF,6-1 6-2,completed,present,2024-01-29,2024-02-04,2024-02-02T15:49:53.373+00:00,False,2024-02-02T17:19:13.343+00:00,False,data/raw/wta/stats/_httpcache/2024/81da7ba1925fe3a1966b3c5de5383914ca07cd0c8f7450c9ddf3e9c0c2e668c9.json,304ae463c6bc856749d6f2961baf78ea36014ca31e076cee4f4a1486f2b98b17,0,132469.0,True,2024-01-29,historical,False,False
2024,528,LS005,Anastasia Pavlyuchenkova,Elise Mertens,313796,317964,QF,6-3 6-2,completed,present,2024-01-29,2024-02-04,2024-02-02T17:21:35.917+00:00,False,2024-02-02T18:53:43.303+00:00,False,data/raw/wta/stats/_httpcache/2024/81da7ba1925fe3a1966b3c5de5383914ca07cd0c8f7450c9ddf3e9c0c2e668c9.json,304ae463c6bc856749d6f2961baf78ea36014ca31e076cee4f4a1486f2b98b17,0,132468.0,True,2024-01-29,historical,False,False
2024,528,LS006,Donna Vekic,Clara Burel,318516,325320,QF,6-0 7-6(3),completed,present,2024-01-29,2024-02-04,2024-02-02T11:50:16.837+00:00,False,2024-02-02T13:39:14.12+00:00,False,data/raw/wta/stats/_httpcache/2024/81da7ba1925fe3a1966b3c5de5383914ca07cd0c8f7450c9ddf3e9c0c2e668c9.json,304ae463c6bc856749d6f2961baf78ea36014ca31e076cee4f4a1486f2b98b17,0,132467.0,True,2024-01-29,historical,False,False
2024,528,LS007,Ekaterina Alexandrova,Anastasia Potapova,319007,325601,QF,6-2 7-6(8),completed,present,2024-01-29,2024-02-04,2024-02-02T13:43:56.113+00:00,False,2024-02-02T15:22:30.433+00:00,False,data/raw/wta/stats/_httpcache/2024/81da7ba1925fe3a1966b3c5de5383914ca07cd0c8f7450c9ddf3e9c0c2e668c9.json,304ae463c6bc856749d6f2961baf78ea36014ca31e076cee4f4a1486f2b98b17,0,132466.0,True,2024-01-29,historical,False,False
2024,528,LS008,Jelena Ostapenko,Clara Tauson,319939,327793,R16,3-6 6-4 7-6(7),completed,present,2024-01-29,2024-02-04,2024-02-01T20:34:07.207+00:00,False,2024-02-01T23:10:58.363+00:00,False,data/raw/wta/stats/_httpcache/2024/81da7ba1925fe3a1966b3c5de5383914ca07cd0c8f7450c9ddf3e9c0c2e668c9.json,304ae463c6bc856749d6f2961baf78ea36014ca31e076cee4f4a1486f2b98b17,0,132465.0,True,2024-01-29,historical,False,False
2024,528,LS009,Jodie Burrage,Jaqueline Cristian,323802,320319,R16,6-3 7-6(5),completed,present,2024-01-29,2024-02-04,2024-01-31T10:47:28.803+00:00,False,2024-01-31T12:42:49.277+00:00,False,data/raw/wta/stats/_httpcache/2024/81da7ba1925fe3a1966b3c5de5383914ca07cd0c8f7450c9ddf3e9c0c2e668c9.json,304ae463c6bc856749d6f2961baf78ea36014ca31e076cee4f4a1486f2b98b17,0,132464.0,True,2024-01-29,historical,False,False
2024,528,LS010,Elise Mertens,Lucia Bronzetti,317964,322280,R16,6-1 6-3,completed,present,2024-01-29,2024-02-04,2024-02-01T12:43:30.897+00:00,False,2024-02-01T14:25:40.843+00:00,False,data/raw/wta/stats/_httpcache/2024/81da7ba1925fe3a1966b3c5de5383914ca07cd0c8f7450c9ddf3e9c0c2e668c9.json,304ae463c6bc856749d6f2961baf78ea36014ca31e076cee4f4a1486f2b98b17,0,132463.0,True,2024-01-29,historical,False,False
2024,528,LS011,Anastasia Pavlyuchenkova,Katie Boulter,313796,319125,R16,7-6(2) 6-4,completed,present,2024-01-29,2024-02-04,2024-01-31T19:23:00.997+00:00,False,2024-01-31T21:13:48.32+00:00,False,data/raw/wta/stats/_httpcache/2024/81da7ba1925fe3a1966b3c5de5383914ca07cd0c8f7450c9ddf3e9c0c2e668c9.json,304ae463c6bc856749d6f2961baf78ea36014ca31e076cee4f4a1486f2b98b17,0,132462.0,True,2024-01-29,historical,False,False
2024,528,LS012,Clara Burel,Katerina Siniakova,325320,320301,R16,6-3 5-7 6-4,completed,present,2024-01-29,2024-02-04,2024-02-01T12:50:38.86+00:00,False,2024-02-01T15:33:12.007+00:00,False,data/raw/wta/stats/_httpcache/2024/81da7ba1925fe3a1966b3c5de5383914ca07cd0c8f7450c9ddf3e9c0c2e668c9.json,304ae463c6bc856749d6f2961baf78ea36014ca31e076cee4f4a1486f2b98b17,0,132461.0,True,2024-01-29,historical,False,False
2024,528,LS013,Donna Vekic,Dayana Yastremska,318516,324261,R16,6-1 6-1,completed,present,2024-01-29,2024-02-04,2024-02-01T14:50:48.853+00:00,False,2024-02-01T16:13:06.843+00:00,False,data/raw/wta/stats/_httpcache/2024/81da7ba1925fe3a1966b3c5de5383914ca07cd0c8f7450c9ddf3e9c0c2e668c9.json,304ae463c6bc856749d6f2961baf78ea36014ca31e076cee4f4a1486f2b98b17,0,132460.0,True,2024-01-29,historical,False,False
2024,528,LS014,Anastasia Potapova,Elisabetta Cocciaretto,325601,327909,R16,2-6 7-6(9) 7-5,completed,present,2024-01-29,2024-02-04,2024-02-01T17:19:29.893+00:00,False,2024-02-01T20:32:05.513+00:00,False,data/raw/wta/stats/_httpcache/2024/81da7ba1925fe3a1966b3c5de5383914ca07cd0c8f7450c9ddf3e9c0c2e668c9.json,304ae463c6bc856749d6f2961baf78ea36014ca31e076cee4f4a1486f2b98b17,0,132459.0,True,2024-01-29,historical,False,False
2024,528,LS015,Ekaterina Alexandrova,Jule Niemeier,319007,325940,R16,6-3 6-0,completed,present,2024-01-29,2024-02-04,2024-01-31T18:00:23.7+00:00,False,2024-01-31T19:19:45.35+00:00,False,data/raw/wta/stats/_httpcache/2024/81da7ba1925fe3a1966b3c5de5383914ca07cd0c8f7450c9ddf3e9c0c2e668c9.json,304ae463c6bc856749d6f2961baf78ea36014ca31e076cee4f4a1486f2b98b17,0,132458.0,True,2024-01-29,historical,False,False
2024,528,LS017,Clara Tauson,Camila Giorgi,327793,314610,R32,3-6 6-3 6-3,completed,present,2024-01-29,2024-02-04,2024-01-30T12:48:36.16+00:00,False,2024-01-30T15:14:32.463+00:00,False,data/raw/wta/stats/_httpcache/2024/81da7ba1925fe3a1966b3c5de5383914ca07cd0c8f7450c9ddf3e9c0c2e668c9.json,304ae463c6bc856749d6f2961baf78ea36014ca31e076cee4f4a1486f2b98b17,0,132457.0,True,2024-01-29,historical,False,False
2024,528,LS018,Jaqueline Cristian,Nadia Podoroska,320319,319112,R32,6-3 6-4,completed,present,2024-01-29,2024-02-04,2024-01-30T12:48:53.333+00:00,False,2024-01-30T14:36:13.023+00:00,False,data/raw/wta/stats/_httpcache/2024/81da7ba1925fe3a1966b3c5de5383914ca07cd0c8f7450c9ddf3e9c0c2e668c9.json,304ae463c6bc856749d6f2961baf78ea36014ca31e076cee4f4a1486f2b98b17,0,132456.0,True,2024-01-29,historical,False,False
2024,528,LS019,Jodie Burrage,Varvara Gracheva,323802,325836,R32,6-4 6-0,completed,present,2024-01-29,2024-02-04,2024-01-30T10:46:49.797+00:00,False,2024-01-30T12:16:38.137+00:00,False,data/raw/wta/stats/_httpcache/2024/81da7ba1925fe3a1966b3c5de5383914ca07cd0c8f7450c9ddf3e9c0c2e668c9.json,304ae463c6bc856749d6f2961baf78ea36014ca31e076cee4f4a1486f2b98b17,0,132455.0,True,2024-01-29,historical,False,False
2024,528,LS021,Lucia Bronzetti,Angelique Kerber,322280,311470,R32,6-1 6-3,completed,present,2024-01-29,2024-02-04,2024-01-30T17:17:22.867+00:00,False,2024-01-30T18:41:13.9+00:00,False,data/raw/wta/stats/_httpcache/2024/81da7ba1925fe3a1966b3c5de5383914ca07cd0c8f7450c9ddf3e9c0c2e668c9.json,304ae463c6bc856749d6f2961baf78ea36014ca31e076cee4f4a1486f2b98b17,0,132454.0,True,2024-01-29,historical,False,False
2024,528,LS022,Anastasia Pavlyuchenkova,Martina Trevisan,313796,316266,R32,6-4 6-0,completed,present,2024-01-29,2024-02-04,2024-01-29T13:42:27.88+00:00,False,2024-01-29T15:02:23.247+00:00,False,data/raw/wta/stats/_httpcache/2024/81da7ba1925fe3a1966b3c5de5383914ca07cd0c8f7450c9ddf3e9c0c2e668c9.json,304ae463c6bc856749d6f2961baf78ea36014ca31e076cee4f4a1486f2b98b17,0,132453.0,True,2024-01-29,historical,False,False
2024,528,LS023,Katie Boulter,Jasmine Paolini,319125,319280,R32,6-2 6-2,completed,present,2024-01-29,2024-02-04,2024-01-29T15:06:37.287+00:00,False,2024-01-29T16:34:49.207+00:00,False,data/raw/wta/stats/_httpcache/2024/81da7ba1925fe3a1966b3c5de5383914ca07cd0c8f7450c9ddf3e9c0c2e668c9.json,304ae463c6bc856749d6f2961baf78ea36014ca31e076cee4f4a1486f2b98b17,0,132452.0,True,2024-01-29,historical,False,False
2024,528,LS024,Katerina Siniakova,Petra Martic,320301,313711,R32,4-6 6-3 7-5,completed,present,2024-01-29,2024-02-04,2024-01-31T15:17:29.533+00:00,False,2024-01-31T17:58:18.89+00:00,False,data/raw/wta/stats/_httpcache/2024/81da7ba1925fe3a1966b3c5de5383914ca07cd0c8f7450c9ddf3e9c0c2e668c9.json,304ae463c6bc856749d6f2961baf78ea36014ca31e076cee4f4a1486f2b98b17,0,132451.0,True,2024-01-29,historical,False,False
2024,528,LS025,Clara Burel,Sinja Kraus,325320,327061,R32,6-1 6-4,completed,present,2024-01-29,2024-02-04,2024-01-30T18:45:41.143+00:00,False,2024-01-30T20:19:12.637+00:00,False,data/raw/wta/stats/_httpcache/2024/81da7ba1925fe3a1966b3c5de5383914ca07cd0c8f7450c9ddf3e9c0c2e668c9.json,304ae463c6bc856749d6f2961baf78ea36014ca31e076cee4f4a1486f2b98b17,0,132450.0,True,2024-01-29,historical,False,False
2024,528,LS026,Dayana Yastremska,Erika Andreeva,324261,330151,R32,7-6(4) 3-6 6-2,completed,present,2024-01-29,2024-02-04,2024-01-31T12:35:27.14+00:00,False,2024-01-31T15:14:28.917+00:00,False,data/raw/wta/stats/_httpcache/2024/81da7ba1925fe3a1966b3c5de5383914ca07cd0c8f7450c9ddf3e9c0c2e668c9.json,304ae463c6bc856749d6f2961baf78ea36014ca31e076cee4f4a1486f2b98b17,0,132449.0,True,2024-01-29,historical,False,False
2024,528,LS028,Anastasia Potapova,Sara Errani,325601,310761,R32,6-4 6-3,completed,present,2024-01-29,2024-02-04,2024-01-31T10:41:06.843+00:00,False,2024-01-31T12:31:23.193+00:00,False,data/raw/wta/stats/_httpcache/2024/81da7ba1925fe3a1966b3c5de5383914ca07cd0c8f7450c9ddf3e9c0c2e668c9.json,304ae463c6bc856749d6f2961baf78ea36014ca31e076cee4f4a1486f2b98b17,0,132448.0,True,2024-01-29,historical,False,False
2024,528,LS029,Elisabetta Cocciaretto,Lucrezia Stefanini,327909,323149,R32,6-2 6-0,completed,present,2024-01-29,2024-02-04,2024-01-30T14:40:26.62+00:00,False,2024-01-30T16:13:49.82+00:00,False,data/raw/wta/stats/_httpcache/2024/81da7ba1925fe3a1966b3c5de5383914ca07cd0c8f7450c9ddf3e9c0c2e668c9.json,304ae463c6bc856749d6f2961baf78ea36014ca31e076cee4f4a1486f2b98b17,0,132447.0,True,2024-01-29,historical,False,False
2024,528,LS030,Jule Niemeier,Anna Blinkova,325940,324267,R32,6-3 6-4,completed,present,2024-01-29,2024-02-04,2024-01-30T15:17:30.5+00:00,False,2024-01-30T16:51:26.747+00:00,False,data/raw/wta/stats/_httpcache/2024/81da7ba1925fe3a1966b3c5de5383914ca07cd0c8f7450c9ddf3e9c0c2e668c9.json,304ae463c6bc856749d6f2961baf78ea36014ca31e076cee4f4a1486f2b98b17,0,132446.0,True,2024-01-29,historical,False,False
2024,609,LS001,Iga Swiatek,Maria Sakkari,326408,318312,F,6-4 6-0,completed,present,2024-03-06,2024-03-17,2024-03-17T17:50:04.203+00:00,False,2024-03-17T19:17:04.893+00:00,False,data/raw/wta/stats/_httpcache/2024/3453809bb278a6d779dd31c05d1c5c63872fe2c858e98a30e82af9391e7cb11c.json,dba8553c6fea6c6c37d2d84075b99a9abfdd8970b7c9c75469cd46094354653a,1,133038.0,True,2024-03-06,historical,False,False
2024,609,LS002,Iga Swiatek,Marta Kostyuk,326408,326482,SF,6-2 6-1,completed,present,2024-03-06,2024-03-17,2024-03-15T22:49:47.743+00:00,False,2024-03-16T00:17:25.857+00:00,False,data/raw/wta/stats/_httpcache/2024/3453809bb278a6d779dd31c05d1c5c63872fe2c858e98a30e82af9391e7cb11c.json,dba8553c6fea6c6c37d2d84075b99a9abfdd8970b7c9c75469cd46094354653a,1,133037.0,True,2024-03-06,historical,False,False
2024,609,LS003,Maria Sakkari,Coco Gauff,318312,328560,SF,6-4 6-7(5) 6-2,completed,present,2024-03-06,2024-03-17,2024-03-16T00:49:11.767+00:00,False,2024-03-16T06:12:09.283+00:00,False,data/raw/wta/stats/_httpcache/2024/3453809bb278a6d779dd31c05d1c5c63872fe2c858e98a30e82af9391e7cb11c.json,dba8553c6fea6c6c37d2d84075b99a9abfdd8970b7c9c75469cd46094354653a,1,133036.0,True,2024-03-06,historical,False,False
2024,609,LS005,Marta Kostyuk,Anastasia Potapova,326482,325601,QF,6-0 7-5,completed,present,2024-03-06,2024-03-17,2024-03-14T17:46:46.197+00:00,False,2024-03-14T19:16:51.437+00:00,False,data/raw/wta/stats/_httpcache/2024/3453809bb278a6d779dd31c05d1c5c63872fe2c858e98a30e82af9391e7cb11c.json,dba8553c6fea6c6c37d2d84075b99a9abfdd8970b7c9c75469cd46094354653a,1,133034.0,True,2024-03-06,historical,False,False
2024,609,LS006,Coco Gauff,Yue Yuan,328560,324325,QF,6-4 6-3,completed,present,2024-03-06,2024-03-17,2024-03-14T22:11:17.43+00:00,False,2024-03-14T23:59:33.78+00:00,False,data/raw/wta/stats/_httpcache/2024/3453809bb278a6d779dd31c05d1c5c63872fe2c858e98a30e82af9391e7cb11c.json,dba8553c6fea6c6c37d2d84075b99a9abfdd8970b7c9c75469cd46094354653a,1,133033.0,True,2024-03-06,historical,False,False
2024,609,LS007,Maria Sakkari,Emma Navarro,318312,325410,QF,5-7 6-2 6-4,completed,present,2024-03-06,2024-03-17,2024-03-15T00:45:11.773+00:00,False,2024-03-15T04:02:25.29+00:00,False,data/raw/wta/stats/_httpcache/2024/3453809bb278a6d779dd31c05d1c5c63872fe2c858e98a30e82af9391e7cb11c.json,dba8553c6fea6c6c37d2d84075b99a9abfdd8970b7c9c75469cd46094354653a,1,133032.0,True,2024-03-06,historical,False,False
2024,609,LS008,Iga Swiatek,Yulia Putintseva,326408,317683,R16,6-1 6-2,completed,present,2024-03-06,2024-03-17,2024-03-13T02:54:33.723+00:00,False,2024-03-13T04:21:50.08+00:00,False,data/raw/wta/stats/_httpcache/2024/3453809bb278a6d779dd31c05d1c5c63872fe2c858e98a30e82af9391e7cb11c.json,dba8553c6fea6c6c37d2d84075b99a9abfdd8970b7c9c75469cd46094354653a,1,133031.0,True,2024-03-06,historical,False,False
2024,609,LS009,Caroline Wozniacki,Angelique Kerber,313402,311470,R16,6-4 6-2,completed,present,2024-03-06,2024-03-17,2024-03-13T00:54:53.647+00:00,False,2024-03-13T02:38:21.667+00:00,False,data/raw/wta/stats/_httpcache/2024/3453809bb278a6d779dd31c05d1c5c63872fe2c858e98a30e82af9391e7cb11c.json,dba8553c6fea6c6c37d2d84075b99a9abfdd8970b7c9c75469cd46094354653a,1,133030.0,True,2024-03-06,historical,False,False
2024,609,LS010,Anastasia Potapova,Jasmine Paolini,325601,319280,R16,7-5 0-6 6-3,completed,present,2024-03-06,2024-03-17,2024-03-12T17:51:51.91+00:00,False,2024-03-12T19:54:51.367+00:00,False,data/raw/wta/stats/_httpcache/2024/3453809bb278a6d779dd31c05d1c5c63872fe2c858e98a30e82af9391e7cb11c.json,dba8553c6fea6c6c37d2d84075b99a9abfdd8970b7c9c75469cd46094354653a,1,133029.0,True,2024-03-06,historical,False,False
2024,609,LS011,Marta Kostyuk,Anastasia Pavlyuchenkova,326482,313796,R16,6-4 6-1,completed,present,2024-03-06,2024-03-17,2024-03-12T19:45:12.22+00:00,False,2024-03-12T21:28:32.217+00:00,False,data/raw/wta/stats/_httpcache/2024/3453809bb278a6d779dd31c05d1c5c63872fe2c858e98a30e82af9391e7cb11c.json,dba8553c6fea6c6c37d2d84075b99a9abfdd8970b7c9c75469cd46094354653a,1,133028.0,True,2024-03-06,historical,False,False
2024,609,LS012,Yue Yuan,Daria Kasatkina,324325,322082,R16,4-6 6-4 6-3,completed,present,2024-03-06,2024-03-17,2024-03-14T00:59:37.937+00:00,False,2024-03-14T03:46:37.79+00:00,False,data/raw/wta/stats/_httpcache/2024/3453809bb278a6d779dd31c05d1c5c63872fe2c858e98a30e82af9391e7cb11c.json,dba8553c6fea6c6c37d2d84075b99a9abfdd8970b7c9c75469cd46094354653a,1,133027.0,True,2024-03-06,historical,False,False
2024,609,LS013,Coco Gauff,Elise Mertens,328560,317964,R16,6-0 6-2,completed,present,2024-03-06,2024-03-17,2024-03-13T20:06:34.857+00:00,False,2024-03-13T21:27:17.62+00:00,False,data/raw/wta/stats/_httpcache/2024/3453809bb278a6d779dd31c05d1c5c63872fe2c858e98a30e82af9391e7cb11c.json,dba8553c6fea6c6c37d2d84075b99a9abfdd8970b7c9c75469cd46094354653a,1,133026.0,True,2024-03-06,historical,False,False
2024,609,LS014,Maria Sakkari,Diane Parry,318312,327077,R16,6-2 3-6 6-3,completed,present,2024-03-06,2024-03-17,2024-03-13T22:26:26.45+00:00,False,2024-03-14T00:56:08.497+00:00,False,data/raw/wta/stats/_httpcache/2024/3453809bb278a6d779dd31c05d1c5c63872fe2c858e98a30e82af9391e7cb11c.json,dba8553c6fea6c6c37d2d84075b99a9abfdd8970b7c9c75469cd46094354653a,1,133025.0,True,2024-03-06,historical,False,False
2024,609,LS015,Emma Navarro,Aryna Sabalenka,325410,320760,R16,6-3 3-6 6-2,completed,present,2024-03-06,2024-03-17,2024-03-13T17:45:54.117+00:00,False,2024-03-13T20:03:24.727+00:00,False,data/raw/wta/stats/_httpcache/2024/3453809bb278a6d779dd31c05d1c5c63872fe2c858e98a30e82af9391e7cb11c.json,dba8553c6fea6c6c37d2d84075b99a9abfdd8970b7c9c75469cd46094354653a,1,133024.0,True,2024-03-06,historical,False,False
2024,609,LS016,Iga Swiatek,Linda Noskova,326408,329668,R32,6-4 6-0,completed,present,2024-03-06,2024-03-17,2024-03-10T17:45:59.247+00:00,False,2024-03-10T19:21:54.1+00:00,False,data/raw/wta/stats/_httpcache/2024/3453809bb278a6d779dd31c05d1c5c63872fe2c858e98a30e82af9391e7cb11c.json,dba8553c6fea6c6c37d2d84075b99a9abfdd8970b7c9c75469cd46094354653a,1,133023.0,True,2024-03-06,historical,False,False
2024,609,LS017,Yulia Putintseva,Madison Keys,317683,316959,R32,6-4 6-1,completed,present,2024-03-06,2024-03-17,2024-03-10T19:34:17.243+00:00,False,2024-03-10T21:12:11.963+00:00,False,data/raw/wta/stats/_httpcache/2024/3453809bb278a6d779dd31c05d1c5c63872fe2c858e98a30e82af9391e7cb11c.json,dba8553c6fea6c6c37d2d84075b99a9abfdd8970b7c9c75469cd46094354653a,1,133022.0,True,2024-03-06,historical,False,False
2024,609,LS018,Angelique Kerber,Veronika Kudermetova,311470,319526,R32,6-4 7-5,completed,present,2024-03-06,2024-03-17,2024-03-10T22:17:25.637+00:00,False,2024-03-11T00:21:23.893+00:00,False,data/raw/wta/stats/_httpcache/2024/3453809bb278a6d779dd31c05d1c5c63872fe2c858e98a30e82af9391e7cb11c.json,dba8553c6fea6c6c37d2d84075b99a9abfdd8970b7c9c75469cd46094354653a,1,133021.0,True,2024-03-06,historical,False,False
2024,609,LS019,Caroline Wozniacki,Katie Volynets,313402,327391,R32,6-2 4-6 6-0,completed,present,2024-03-06,2024-03-17,2024-03-11T00:46:13.71+00:00,False,2024-03-11T03:18:38.15+00:00,False,data/raw/wta/stats/_httpcache/2024/3453809bb278a6d779dd31c05d1c5c63872fe2c858e98a30e82af9391e7cb11c.json,dba8553c6fea6c6c37d2d84075b99a9abfdd8970b7c9c75469cd46094354653a,1,133020.0,True,2024-03-06,historical,False,False
2024,609,LS020,Anastasia Potapova,Nadia Podoroska,325601,319112,R32,6-1 6-1,completed,present,2024-03-06,2024-03-17,2024-03-10T21:14:30.797+00:00,False,2024-03-10T22:29:47.68+00:00,False,data/raw/wta/stats/_httpcache/2024/3453809bb278a6d779dd31c05d1c5c63872fe2c858e98a30e82af9391e7cb11c.json,dba8553c6fea6c6c37d2d84075b99a9abfdd8970b7c9c75469cd46094354653a,1,133019.0,True,2024-03-06,historical,False,False
2024,609,LS021,Jasmine Paolini,Anna Kalinskaya,319280,323942,R32,6-3 3-6 6-4,completed,present,2024-03-06,2024-03-17,2024-03-10T19:48:40.66+00:00,False,2024-03-10T22:13:49.3+00:00,False,data/raw/wta/stats/_httpcache/2024/3453809bb278a6d779dd31c05d1c5c63872fe2c858e98a30e82af9391e7cb11c.json,dba8553c6fea6c6c37d2d84075b99a9abfdd8970b7c9c75469cd46094354653a,1,133018.0,True,2024-03-06,historical,False,False
2024,609,LS022,Anastasia Pavlyuchenkova,Beatriz Haddad Maia,313796,318176,R32,2-6 6-4 6-3,completed,present,2024-03-06,2024-03-17,2024-03-11T02:59:50.21+00:00,False,2024-03-11T05:59:31.39+00:00,False,data/raw/wta/stats/_httpcache/2024/3453809bb278a6d779dd31c05d1c5c63872fe2c858e98a30e82af9391e7cb11c.json,dba8553c6fea6c6c37d2d84075b99a9abfdd8970b7c9c75469cd46094354653a,1,133017.0,True,2024-03-06,historical,False,False
2024,609,LS024,Yue Yuan,Caroline Dolehide,324325,322052,R32,1-6 6-4 7-6(2),completed,present,2024-03-06,2024-03-17,2024-03-11T17:45:37.153+00:00,False,2024-03-11T20:36:22.267+00:00,False,data/raw/wta/stats/_httpcache/2024/3453809bb278a6d779dd31c05d1c5c63872fe2c858e98a30e82af9391e7cb11c.json,dba8553c6fea6c6c37d2d84075b99a9abfdd8970b7c9c75469cd46094354653a,1,133015.0,True,2024-03-06,historical,False,False
2024,609,LS025,Daria Kasatkina,Sloane Stephens,322082,315683,R32,2-6 6-4 6-4,completed,present,2024-03-06,2024-03-17,2024-03-11T20:39:11.433+00:00,False,2024-03-11T23:05:32.02+00:00,False,data/raw/wta/stats/_httpcache/2024/3453809bb278a6d779dd31c05d1c5c63872fe2c858e98a30e82af9391e7cb11c.json,dba8553c6fea6c6c37d2d84075b99a9abfdd8970b7c9c75469cd46094354653a,1,133014.0,True,2024-03-06,historical,False,False
2024,609,LS026,Elise Mertens,Naomi Osaka,317964,319998,R32,7-5 6-4,completed,present,2024-03-06,2024-03-17,2024-03-11T21:47:46.74+00:00,False,2024-03-12T00:00:45.8+00:00,False,data/raw/wta/stats/_httpcache/2024/3453809bb278a6d779dd31c05d1c5c63872fe2c858e98a30e82af9391e7cb11c.json,dba8553c6fea6c6c37d2d84075b99a9abfdd8970b7c9c75469cd46094354653a,1,133013.0,True,2024-03-06,historical,False,False
2024,609,LS027,Coco Gauff,Lucia Bronzetti,328560,322280,R32,6-2 7-6(5),completed,present,2024-03-06,2024-03-17,2024-03-11T17:49:06.23+00:00,False,2024-03-11T19:56:42.417+00:00,False,data/raw/wta/stats/_httpcache/2024/3453809bb278a6d779dd31c05d1c5c63872fe2c858e98a30e82af9391e7cb11c.json,dba8553c6fea6c6c37d2d84075b99a9abfdd8970b7c9c75469cd46094354653a,1,133012.0,True,2024-03-06,historical,False,False
2024,609,LS028,Diane Parry,Anna Blinkova,327077,324267,R32,6-4 6-3,completed,present,2024-03-06,2024-03-17,2024-03-11T23:09:20.213+00:00,False,2024-03-12T01:15:45.513+00:00,False,data/raw/wta/stats/_httpcache/2024/3453809bb278a6d779dd31c05d1c5c63872fe2c858e98a30e82af9391e7cb11c.json,dba8553c6fea6c6c37d2d84075b99a9abfdd8970b7c9c75469cd46094354653a,1,133011.0,True,2024-03-06,historical,False,False
2024,609,LS029,Maria Sakkari,Caroline Garcia,318312,315391,R32,6-3 6-4,completed,present,2024-03-06,2024-03-17,2024-03-11T19:57:44.137+00:00,False,2024-03-12T02:27:32.427+00:00,False,data/raw/wta/stats/_httpcache/2024/3453809bb278a6d779dd31c05d1c5c63872fe2c858e98a30e82af9391e7cb11c.json,dba8553c6fea6c6c37d2d84075b99a9abfdd8970b7c9c75469cd46094354653a,1,133010.0,True,2024-03-06,historical,False,False
2024,609,LS030,Emma Navarro,Elina Svitolina,325410,316738,R32,6-1 4-6 6-3,completed,present,2024-03-06,2024-03-17,2024-03-12T03:34:24.717+00:00,False,2024-03-12T05:56:19.953+00:00,False,data/raw/wta/stats/_httpcache/2024/3453809bb278a6d779dd31c05d1c5c63872fe2c858e98a30e82af9391e7cb11c.json,dba8553c6fea6c6c37d2d84075b99a9abfdd8970b7c9c75469cd46094354653a,1,133009.0,True,2024-03-06,historical,False,False
2024,609,LS031,Aryna Sabalenka,Emma Raducanu,320760,328366,R32,6-3 7-5,completed,present,2024-03-06,2024-03-17,2024-03-11T19:54:48.01+00:00,False,2024-03-11T21:45:03.987+00:00,False,data/raw/wta/stats/_httpcache/2024/3453809bb278a6d779dd31c05d1c5c63872fe2c858e98a30e82af9391e7cb11c.json,dba8553c6fea6c6c37d2d84075b99a9abfdd8970b7c9c75469cd46094354653a,1,133008.0,True,2024-03-06,historical,False,False
2024,609,LS032,Iga Swiatek,Danielle Collins,326408,316925,R64,6-3 6-0,completed,present,2024-03-06,2024-03-17,2024-03-08T20:50:05.557+00:00,False,2024-03-08T22:34:39.823+00:00,False,data/raw/wta/stats/_httpcache/2024/3453809bb278a6d779dd31c05d1c5c63872fe2c858e98a30e82af9391e7cb11c.json,dba8553c6fea6c6c37d2d84075b99a9abfdd8970b7c9c75469cd46094354653a,1,133007.0,True,2024-03-06,historical,False,False
2024,609,LS033,Linda Noskova,Camila Giorgi,329668,314610,R64,6-3 7-5,completed,present,2024-03-06,2024-03-17,2024-03-09T03:36:14.973+00:00,False,2024-03-09T05:25:04.123+00:00,False,data/raw/wta/stats/_httpcache/2024/3453809bb278a6d779dd31c05d1c5c63872fe2c858e98a30e82af9391e7cb11c.json,dba8553c6fea6c6c37d2d84075b99a9abfdd8970b7c9c75469cd46094354653a,1,133006.0,True,2024-03-06,historical,False,False
2024,609,LS034,Madison Keys,Hailey Baptiste,316959,327101,R64,6-4 4-6 7-6(4),completed,present,2024-03-06,2024-03-17,2024-03-09T04:30:05.257+00:00,False,2024-03-09T07:37:03.35+00:00,False,data/raw/wta/stats/_httpcache/2024/3453809bb278a6d779dd31c05d1c5c63872fe2c858e98a30e82af9391e7cb11c.json,dba8553c6fea6c6c37d2d84075b99a9abfdd8970b7c9c75469cd46094354653a,1,133005.0,True,2024-03-06,historical,False,False
2024,609,LS035,Yulia Putintseva,Ekaterina Alexandrova,317683,319007,R64,7-5 6-1,completed,present,2024-03-06,2024-03-17,2024-03-08T18:46:13.167+00:00,False,2024-03-08T20:37:45.693+00:00,False,data/raw/wta/stats/_httpcache/2024/3453809bb278a6d779dd31c05d1c5c63872fe2c858e98a30e82af9391e7cb11c.json,dba8553c6fea6c6c37d2d84075b99a9abfdd8970b7c9c75469cd46094354653a,1,133004.0,True,2024-03-06,historical,False,False
2024,609,LS036,Angelique Kerber,Jelena Ostapenko,311470,319939,R64,5-7 6-3 6-3,completed,present,2024-03-06,2024-03-17,2024-03-08T18:47:47.697+00:00,False,2024-03-08T21:21:28.1+00:00,False,data/raw/wta/stats/_httpcache/2024/3453809bb278a6d779dd31c05d1c5c63872fe2c858e98a30e82af9391e7cb11c.json,dba8553c6fea6c6c37d2d84075b99a9abfdd8970b7c9c75469cd46094354653a,1,133003.0,True,2024-03-06,historical,False,False
2024,609,LS037,Veronika Kudermetova,Nao Hibino,319526,320238,R64,6-1 7-5,completed,present,2024-03-06,2024-03-17,2024-03-08T21:38:40.47+00:00,False,2024-03-08T23:25:57.087+00:00,False,data/raw/wta/stats/_httpcache/2024/3453809bb278a6d779dd31c05d1c5c63872fe2c858e98a30e82af9391e7cb11c.json,dba8553c6fea6c6c37d2d84075b99a9abfdd8970b7c9c75469cd46094354653a,1,133002.0,True,2024-03-06,historical,False,False
2024,609,LS038,Caroline Wozniacki,Donna Vekic,313402,318516,R64,7-6(5) 6-3,completed,present,2024-03-06,2024-03-17,2024-03-08T22:37:46.793+00:00,False,2024-03-09T00:38:09.27+00:00,False,data/raw/wta/stats/_httpcache/2024/3453809bb278a6d779dd31c05d1c5c63872fe2c858e98a30e82af9391e7cb11c.json,dba8553c6fea6c6c37d2d84075b99a9abfdd8970b7c9c75469cd46094354653a,1,133001.0,True,2024-03-06,historical,False,False
2024,609,LS039,Katie Volynets,Ons Jabeur,327391,316847,R64,6-4 6-4,completed,present,2024-03-06,2024-03-17,2024-03-09T02:06:24.17+00:00,False,2024-03-09T03:44:54.557+00:00,False,data/raw/wta/stats/_httpcache/2024/3453809bb278a6d779dd31c05d1c5c63872fe2c858e98a30e82af9391e7cb11c.json,dba8553c6fea6c6c37d2d84075b99a9abfdd8970b7c9c75469cd46094354653a,1,133000.0,True,2024-03-06,historical,False,False
2024,609,LS040,Nadia Podoroska,Kayla Day,319112,322534,R64,7-6(3) 6-4,completed,present,2024-03-06,2024-03-17,2024-03-09T04:09:09.787+00:00,False,2024-03-09T06:41:18.907+00:00,False,data/raw/wta/stats/_httpcache/2024/3453809bb278a6d779dd31c05d1c5c63872fe2c858e98a30e82af9391e7cb11c.json,dba8553c6fea6c6c37d2d84075b99a9abfdd8970b7c9c75469cd46094354653a,1,132999.0,True,2024-03-06,historical,False,False
2024,609,LS041,Anastasia Potapova,Marie Bouzkova,325601,320983,R64,0-0 6-1,incomplete-or-invalid-score,score-conflict,2024-03-06,2024-03-17,2024-03-09T01:42:35.077+00:00,False,2025-01-28T20:19:01.64+00:00,False,data/raw/wta/stats/_httpcache/2024/3453809bb278a6d779dd31c05d1c5c63872fe2c858e98a30e82af9391e7cb11c.json,dba8553c6fea6c6c37d2d84075b99a9abfdd8970b7c9c75469cd46094354653a,1,132998.0,True,2024-03-06,historical,False,False
2024,609,LS042,Anna Kalinskaya,Taylor Townsend,323942,318609,R64,7-5 3-6 6-4,completed,present,2024-03-06,2024-03-17,2024-03-09T02:23:13.507+00:00,False,2024-03-09T05:00:41.83+00:00,False,data/raw/wta/stats/_httpcache/2024/3453809bb278a6d779dd31c05d1c5c63872fe2c858e98a30e82af9391e7cb11c.json,dba8553c6fea6c6c37d2d84075b99a9abfdd8970b7c9c75469cd46094354653a,1,132997.0,True,2024-03-06,historical,False,False
2024,609,LS043,Jasmine Paolini,Tatjana Maria,319280,310440,R64,6-3 6-3,completed,present,2024-03-06,2024-03-17,2024-03-09T00:50:44.88+00:00,False,2024-03-09T02:20:23.533+00:00,False,data/raw/wta/stats/_httpcache/2024/3453809bb278a6d779dd31c05d1c5c63872fe2c858e98a30e82af9391e7cb11c.json,dba8553c6fea6c6c37d2d84075b99a9abfdd8970b7c9c75469cd46094354653a,1,132996.0,True,2024-03-06,historical,False,False
2024,609,LS044,Beatriz Haddad Maia,Rebecca Sramkova,318176,320228,R64,7-5 6-2,completed,present,2024-03-06,2024-03-17,2024-03-09T01:44:57.537+00:00,False,2024-03-09T04:05:33.817+00:00,False,data/raw/wta/stats/_httpcache/2024/3453809bb278a6d779dd31c05d1c5c63872fe2c858e98a30e82af9391e7cb11c.json,dba8553c6fea6c6c37d2d84075b99a9abfdd8970b7c9c75469cd46094354653a,1,132995.0,True,2024-03-06,historical,False,False
2024,609,LS045,Anastasia Pavlyuchenkova,Nuria Parrizas Diaz,313796,314359,R64,6-3 6-1,completed,present,2024-03-06,2024-03-17,2024-03-08T18:48:20.74+00:00,False,2024-03-08T20:15:10.313+00:00,False,data/raw/wta/stats/_httpcache/2024/3453809bb278a6d779dd31c05d1c5c63872fe2c858e98a30e82af9391e7cb11c.json,dba8553c6fea6c6c37d2d84075b99a9abfdd8970b7c9c75469cd46094354653a,1,132994.0,True,2024-03-06,historical,False,False
2024,609,LS046,Marta Kostyuk,Mai Hontama,326482,324750,R64,6-4 6-2,completed,present,2024-03-06,2024-03-17,2024-03-08T23:28:28.617+00:00,False,2024-03-09T01:00:54.143+00:00,False,data/raw/wta/stats/_httpcache/2024/3453809bb278a6d779dd31c05d1c5c63872fe2c858e98a30e82af9391e7cb11c.json,dba8553c6fea6c6c37d2d84075b99a9abfdd8970b7c9c75469cd46094354653a,1,132993.0,True,2024-03-06,historical,False,False
2024,609,LS047,Marketa Vondrousova,Bernarda Pera,323027,317708,R64,6-0 6-2,completed,present,2024-03-06,2024-03-17,2024-03-08T18:41:30.37+00:00,False,2024-03-08T20:12:57.97+00:00,False,data/raw/wta/stats/_httpcache/2024/3453809bb278a6d779dd31c05d1c5c63872fe2c858e98a30e82af9391e7cb11c.json,dba8553c6fea6c6c37d2d84075b99a9abfdd8970b7c9c75469cd46094354653a,1,132992.0,True,2024-03-06,historical,False,False
2024,609,LS048,Yue Yuan,Qinwen Zheng,324325,328120,R64,6-4 6-3,completed,present,2024-03-06,2024-03-17,2024-03-10T03:49:38.04+00:00,False,2024-03-10T05:50:28.577+00:00,False,data/raw/wta/stats/_httpcache/2024/3453809bb278a6d779dd31c05d1c5c63872fe2c858e98a30e82af9391e7cb11c.json,dba8553c6fea6c6c37d2d84075b99a9abfdd8970b7c9c75469cd46094354653a,1,132991.0,True,2024-03-06,historical,False,False
2024,609,LS049,Caroline Dolehide,Victoria Azarenka,322052,312001,R64,7-5 2-6 6-3,completed,present,2024-03-06,2024-03-17,2024-03-09T22:40:34.987+00:00,False,2024-03-10T01:23:38.13+00:00,False,data/raw/wta/stats/_httpcache/2024/3453809bb278a6d779dd31c05d1c5c63872fe2c858e98a30e82af9391e7cb11c.json,dba8553c6fea6c6c37d2d84075b99a9abfdd8970b7c9c75469cd46094354653a,1,132990.0,True,2024-03-06,historical,False,False
2024,609,LS050,Sloane Stephens,Sorana Cirstea,315683,312469,R64,6-0 7-5,completed,present,2024-03-06,2024-03-17,2024-03-09T22:30:48.32+00:00,False,2024-03-10T00:03:33.257+00:00,False,data/raw/wta/stats/_httpcache/2024/3453809bb278a6d779dd31c05d1c5c63872fe2c858e98a30e82af9391e7cb11c.json,dba8553c6fea6c6c37d2d84075b99a9abfdd8970b7c9c75469cd46094354653a,1,132989.0,True,2024-03-06,historical,False,False
2024,609,LS051,Daria Kasatkina,Oceane Dodin,322082,319436,R64,6-3 7-6(5),completed,present,2024-03-06,2024-03-17,2024-03-09T18:45:59.207+00:00,False,2024-03-09T20:37:35.353+00:00,False,data/raw/wta/stats/_httpcache/2024/3453809bb278a6d779dd31c05d1c5c63872fe2c858e98a30e82af9391e7cb11c.json,dba8553c6fea6c6c37d2d84075b99a9abfdd8970b7c9c75469cd46094354653a,1,132988.0,True,2024-03-06,historical,False,False
2024,609,LS052,Naomi Osaka,Liudmila Samsonova,319998,322222,R64,7-5 6-3,completed,present,2024-03-06,2024-03-17,2024-03-09T23:23:32.79+00:00,False,2024-03-10T01:18:20.173+00:00,False,data/raw/wta/stats/_httpcache/2024/3453809bb278a6d779dd31c05d1c5c63872fe2c858e98a30e82af9391e7cb11c.json,dba8553c6fea6c6c37d2d84075b99a9abfdd8970b7c9c75469cd46094354653a,1,132987.0,True,2024-03-06,historical,False,False
2024,609,LS053,Elise Mertens,Xinyu Wang,317964,326376,R64,6-1 6-4,completed,present,2024-03-06,2024-03-17,2024-03-09T20:39:56.17+00:00,False,2024-03-09T22:13:44.013+00:00,False,data/raw/wta/stats/_httpcache/2024/3453809bb278a6d779dd31c05d1c5c63872fe2c858e98a30e82af9391e7cb11c.json,dba8553c6fea6c6c37d2d84075b99a9abfdd8970b7c9c75469cd46094354653a,1,133040.0,True,2024-03-09,stats,False,False
2024,609,LS054,Lucia Bronzetti,Anhelina Kalinina,322280,320567,R64,6-3 6-4,completed,present,2024-03-06,2024-03-17,2024-03-09T18:43:11.033+00:00,False,2024-03-09T20:37:17.133+00:00,False,data/raw/wta/stats/_httpcache/2024/3453809bb278a6d779dd31c05d1c5c63872fe2c858e98a30e82af9391e7cb11c.json,dba8553c6fea6c6c37d2d84075b99a9abfdd8970b7c9c75469cd46094354653a,1,132985.0,True,2024-03-06,historical,False,False
2024,609,LS055,Coco Gauff,Clara Burel,328560,325320,R64,2-6 6-3 7-6(4),completed,present,2024-03-06,2024-03-17,2024-03-09T18:47:44.923+00:00,False,2024-03-09T21:25:53.867+00:00,False,data/raw/wta/stats/_httpcache/2024/3453809bb278a6d779dd31c05d1c5c63872fe2c858e98a30e82af9391e7cb11c.json,dba8553c6fea6c6c37d2d84075b99a9abfdd8970b7c9c75469cd46094354653a,1,132984.0,True,2024-03-06,historical,False,False
2024,609,LS056,Anna Blinkova,Jessica Pegula,324267,316956,R64,6-2 3-6 6-3,completed,present,2024-03-06,2024-03-17,2024-03-09T20:52:20.91+00:00,False,2024-03-09T23:20:28.577+00:00,False,data/raw/wta/stats/_httpcache/2024/3453809bb278a6d779dd31c05d1c5c63872fe2c858e98a30e82af9391e7cb11c.json,dba8553c6fea6c6c37d2d84075b99a9abfdd8970b7c9c75469cd46094354653a,1,132983.0,True,2024-03-06,historical,False,False
2024,609,LS057,Diane Parry,Leylah Fernandez,327077,326735,R64,7-5 5-7 6-2,completed,present,2024-03-06,2024-03-17,2024-03-09T18:51:10.63+00:00,False,2024-03-09T22:10:13.957+00:00,False,data/raw/wta/stats/_httpcache/2024/3453809bb278a6d779dd31c05d1c5c63872fe2c858e98a30e82af9391e7cb11c.json,dba8553c6fea6c6c37d2d84075b99a9abfdd8970b7c9c75469cd46094354653a,1,132982.0,True,2024-03-06,historical,False,False
2024,609,LS058,Caroline Garcia,Viktoriya Tomova,315391,317584,R64,6-1 3-6 6-3,completed,present,2024-03-06,2024-03-17,2024-03-09T20:39:55.38+00:00,False,2024-03-09T22:28:59.01+00:00,False,data/raw/wta/stats/_httpcache/2024/3453809bb278a6d779dd31c05d1c5c63872fe2c858e98a30e82af9391e7cb11c.json,dba8553c6fea6c6c37d2d84075b99a9abfdd8970b7c9c75469cd46094354653a,1,132981.0,True,2024-03-06,historical,False,False
2024,609,LS059,Maria Sakkari,Diana Shnaider,318312,330482,R64,5-7 6-4 6-0,completed,present,2024-03-06,2024-03-17,2024-03-09T19:47:40.633+00:00,False,2024-03-09T22:36:22.313+00:00,False,data/raw/wta/stats/_httpcache/2024/3453809bb278a6d779dd31c05d1c5c63872fe2c858e98a30e82af9391e7cb11c.json,dba8553c6fea6c6c37d2d84075b99a9abfdd8970b7c9c75469cd46094354653a,1,132980.0,True,2024-03-06,historical,False,False
2024,609,LS060,Elina Svitolina,Katerina Siniakova,316738,320301,R64,6-3 2-6 6-1,completed,present,2024-03-06,2024-03-17,2024-03-10T00:32:15.693+00:00,False,2024-03-10T02:40:33.553+00:00,False,data/raw/wta/stats/_httpcache/2024/3453809bb278a6d779dd31c05d1c5c63872fe2c858e98a30e82af9391e7cb11c.json,dba8553c6fea6c6c37d2d84075b99a9abfdd8970b7c9c75469cd46094354653a,1,132979.0,True,2024-03-06,historical,False,False
2024,609,LS061,Emma Navarro,Lesia Tsurenko,325410,315295,R64,4-6 7-5 7-5,completed,present,2024-03-06,2024-03-17,2024-03-10T02:43:20.173+00:00,False,2024-03-10T05:23:30.027+00:00,False,data/raw/wta/stats/_httpcache/2024/3453809bb278a6d779dd31c05d1c5c63872fe2c858e98a30e82af9391e7cb11c.json,dba8553c6fea6c6c37d2d84075b99a9abfdd8970b7c9c75469cd46094354653a,1,132978.0,True,2024-03-06,historical,False,False
2024,609,LS063,Aryna Sabalenka,Peyton Stearns,320760,327573,R64,6-7(2) 6-2 7-6(6),completed,present,2024-03-06,2024-03-17,2024-03-10T01:43:42.96+00:00,False,2024-03-10T05:02:24.017+00:00,False,data/raw/wta/stats/_httpcache/2024/3453809bb278a6d779dd31c05d1c5c63872fe2c858e98a30e82af9391e7cb11c.json,dba8553c6fea6c6c37d2d84075b99a9abfdd8970b7c9c75469cd46094354653a,1,132976.0,True,2024-03-06,historical,False,False
2024,609,LS065,Danielle Collins,Erika Andreeva,316925,330151,R128,7-6(3) 7-6(6),completed,present,2024-03-06,2024-03-17,2024-03-06T22:35:02.267+00:00,False,2024-03-07T21:14:05.553+00:00,False,data/raw/wta/stats/_httpcache/2024/3453809bb278a6d779dd31c05d1c5c63872fe2c858e98a30e82af9391e7cb11c.json,dba8553c6fea6c6c37d2d84075b99a9abfdd8970b7c9c75469cd46094354653a,1,132975.0,True,2024-03-06,historical,False,False
2024,609,LS066,Camila Giorgi,Katie Boulter,314610,319125,R128,6-3 6-2,completed,present,2024-03-06,2024-03-17,2024-03-06T20:48:52.517+00:00,False,2024-03-06T22:33:54.773+00:00,False,data/raw/wta/stats/_httpcache/2024/3453809bb278a6d779dd31c05d1c5c63872fe2c858e98a30e82af9391e7cb11c.json,dba8553c6fea6c6c37d2d84075b99a9abfdd8970b7c9c75469cd46094354653a,1,132974.0,True,2024-03-06,historical,False,False
2024,609,LS069,Hailey Baptiste,Robin Montgomery,327101,329408,R128,6-2 4-6 6-1,completed,present,2024-03-06,2024-03-17,2024-03-07T21:46:47.02+00:00,False,2024-03-08T00:01:11.08+00:00,False,data/raw/wta/stats/_httpcache/2024/3453809bb278a6d779dd31c05d1c5c63872fe2c858e98a30e82af9391e7cb11c.json,dba8553c6fea6c6c37d2d84075b99a9abfdd8970b7c9c75469cd46094354653a,1,132973.0,True,2024-03-06,historical,False,False
2024,609,LS070,Yulia Putintseva,Tamara Korpatsch,317683,319571,R128,6-2 6-3,completed,present,2024-03-06,2024-03-17,2024-03-06T22:46:08.947+00:00,False,2024-03-07T00:35:10.677+00:00,False,data/raw/wta/stats/_httpcache/2024/3453809bb278a6d779dd31c05d1c5c63872fe2c858e98a30e82af9391e7cb11c.json,dba8553c6fea6c6c37d2d84075b99a9abfdd8970b7c9c75469cd46094354653a,1,132972.0,True,2024-03-06,historical,False,False
2024,609,LS073,Angelique Kerber,Petra Martic,311470,313711,R128,6-3 6-4,completed,present,2024-03-06,2024-03-17,2024-03-06T18:42:14.007+00:00,False,2024-03-06T20:37:46.803+00:00,False,data/raw/wta/stats/_httpcache/2024/3453809bb278a6d779dd31c05d1c5c63872fe2c858e98a30e82af9391e7cb11c.json,dba8553c6fea6c6c37d2d84075b99a9abfdd8970b7c9c75469cd46094354653a,1,132971.0,True,2024-03-06,historical,False,False
2024,609,LS074,Nao Hibino,Venus Williams,320238,230220,R128,2-6 6-3 6-0,completed,present,2024-03-06,2024-03-17,2024-03-07T03:43:47.783+00:00,False,2024-03-07T23:26:53.18+00:00,False,data/raw/wta/stats/_httpcache/2024/3453809bb278a6d779dd31c05d1c5c63872fe2c858e98a30e82af9391e7cb11c.json,dba8553c6fea6c6c37d2d84075b99a9abfdd8970b7c9c75469cd46094354653a,1,132970.0,True,2024-03-06,historical,False,False
2024,609,LS077,Caroline Wozniacki,Lin Zhu,313402,317306,R128,7-6(6) 6-1,completed,present,2024-03-06,2024-03-17,2024-03-06T23:19:28.99+00:00,False,2024-03-07T21:35:42.45+00:00,False,data/raw/wta/stats/_httpcache/2024/3453809bb278a6d779dd31c05d1c5c63872fe2c858e98a30e82af9391e7cb11c.json,dba8553c6fea6c6c37d2d84075b99a9abfdd8970b7c9c75469cd46094354653a,1,132969.0,True,2024-03-06,historical,False,False
2024,609,LS078,Katie Volynets,Mirra Andreeva,327391,331809,R128,7-5 7-5,completed,present,2024-03-06,2024-03-17,2024-03-06T20:54:05.33+00:00,False,2024-03-06T23:16:39.417+00:00,False,data/raw/wta/stats/_httpcache/2024/3453809bb278a6d779dd31c05d1c5c63872fe2c858e98a30e82af9391e7cb11c.json,dba8553c6fea6c6c37d2d84075b99a9abfdd8970b7c9c75469cd46094354653a,1,132968.0,True,2024-03-06,historical,False,False
2024,609,LS081,Nadia Podoroska,Ashlyn Krueger,319112,329409,R128,3-6 6-3 6-3,completed,present,2024-03-06,2024-03-17,2024-03-07T20:19:31.2+00:00,False,2024-03-07T22:34:06.897+00:00,False,data/raw/wta/stats/_httpcache/2024/3453809bb278a6d779dd31c05d1c5c63872fe2c858e98a30e82af9391e7cb11c.json,dba8553c6fea6c6c37d2d84075b99a9abfdd8970b7c9c75469cd46094354653a,1,132967.0,True,2024-03-06,historical,False,False
2024,609,LS082,Marie Bouzkova,Sara Sorribes Tormo,320983,318872,R128,6-1 6-1,completed,present,2024-03-06,2024-03-17,2024-03-06T18:52:14.667+00:00,False,2024-03-06T20:24:49.127+00:00,False,data/raw/wta/stats/_httpcache/2024/3453809bb278a6d779dd31c05d1c5c63872fe2c858e98a30e82af9391e7cb11c.json,dba8553c6fea6c6c37d2d84075b99a9abfdd8970b7c9c75469cd46094354653a,1,132966.0,True,2024-03-06,historical,False,False
2024,609,LS085,Taylor Townsend,Magda Linette,318609,315130,R128,3-6 7-6(3) 6-1,completed,present,2024-03-06,2024-03-17,2024-03-07T04:09:47.973+00:00,False,2024-03-08T01:14:55.26+00:00,False,data/raw/wta/stats/_httpcache/2024/3453809bb278a6d779dd31c05d1c5c63872fe2c858e98a30e82af9391e7cb11c.json,dba8553c6fea6c6c37d2d84075b99a9abfdd8970b7c9c75469cd46094354653a,1,132965.0,True,2024-03-06,historical,False,False
2024,609,LS086,Tatjana Maria,Arantxa Rus,310440,313349,R128,7-6(5) 6-2,completed,present,2024-03-06,2024-03-17,2024-03-06T18:44:24.587+00:00,False,2024-03-06T21:02:17.087+00:00,False,data/raw/wta/stats/_httpcache/2024/3453809bb278a6d779dd31c05d1c5c63872fe2c858e98a30e82af9391e7cb11c.json,dba8553c6fea6c6c37d2d84075b99a9abfdd8970b7c9c75469cd46094354653a,1,132964.0,True,2024-03-06,historical,False,False
2024,609,LS089,Rebecca Sramkova,Yafan Wang,320228,317510,R128,6-4 6-0,completed,present,2024-03-06,2024-03-17,2024-03-06T18:49:23.667+00:00,False,2024-03-06T20:40:05.02+00:00,False,data/raw/wta/stats/_httpcache/2024/3453809bb278a6d779dd31c05d1c5c63872fe2c858e98a30e82af9391e7cb11c.json,dba8553c6fea6c6c37d2d84075b99a9abfdd8970b7c9c75469cd46094354653a,1,132963.0,True,2024-03-06,historical,False,False
2024,609,LS090,Nuria Parrizas Diaz,McCartney Kessler,314359,326678,R128,6-3 7-6(3),completed,present,2024-03-06,2024-03-17,2024-03-07T00:31:32.813+00:00,False,2024-03-07T22:27:49.133+00:00,False,data/raw/wta/stats/_httpcache/2024/3453809bb278a6d779dd31c05d1c5c63872fe2c858e98a30e82af9391e7cb11c.json,dba8553c6fea6c6c37d2d84075b99a9abfdd8970b7c9c75469cd46094354653a,1,132962.0,True,2024-03-06,historical,False,False
2024,609,LS093,Mai Hontama,Shuai Zhang,324750,311779,R128,5-7 6-2 6-0,completed,present,2024-03-06,2024-03-17,2024-03-06T20:42:35.167+00:00,False,2024-03-06T22:43:27.137+00:00,False,data/raw/wta/stats/_httpcache/2024/3453809bb278a6d779dd31c05d1c5c63872fe2c858e98a30e82af9391e7cb11c.json,dba8553c6fea6c6c37d2d84075b99a9abfdd8970b7c9c75469cd46094354653a,1,132961.0,True,2024-03-06,historical,False,False
2024,609,LS094,Bernarda Pera,Daria Saville,317708,315997,R128,7-5 4-6 7-6(5),completed,present,2024-03-06,2024-03-17,2024-03-06T21:05:45.077+00:00,False,2024-03-07T00:28:50.123+00:00,False,data/raw/wta/stats/_httpcache/2024/3453809bb278a6d779dd31c05d1c5c63872fe2c858e98a30e82af9391e7cb11c.json,dba8553c6fea6c6c37d2d84075b99a9abfdd8970b7c9c75469cd46094354653a,1,132960.0,True,2024-03-06,historical,False,False
2024,609,LS097,Yue Yuan,Varvara Gracheva,324325,325836,R128,6-4 6-1,completed,present,2024-03-06,2024-03-17,2024-03-08T02:22:11.607+00:00,False,2024-03-08T21:35:29.847+00:00,False,data/raw/wta/stats/_httpcache/2024/3453809bb278a6d779dd31c05d1c5c63872fe2c858e98a30e82af9391e7cb11c.json,dba8553c6fea6c6c37d2d84075b99a9abfdd8970b7c9c75469cd46094354653a,1,132959.0,True,2024-03-06,historical,False,False
2024,609,LS098,Caroline Dolehide,Cristina Bucsa,322052,321158,R128,6-2 6-0,completed,present,2024-03-06,2024-03-17,2024-03-08T01:33:08.27+00:00,False,2024-03-08T02:42:36.823+00:00,False,data/raw/wta/stats/_httpcache/2024/3453809bb278a6d779dd31c05d1c5c63872fe2c858e98a30e82af9391e7cb11c.json,dba8553c6fea6c6c37d2d84075b99a9abfdd8970b7c9c75469cd46094354653a,1,132958.0,True,2024-03-06,historical,False,False
2024,609,LS101,Sloane Stephens,Mayar Sherif,315683,318711,R128,7-5 6-3,completed,present,2024-03-06,2024-03-17,2024-03-08T01:49:19.62+00:00,False,2024-03-08T06:27:18.28+00:00,False,data/raw/wta/stats/_httpcache/2024/3453809bb278a6d779dd31c05d1c5c63872fe2c858e98a30e82af9391e7cb11c.json,dba8553c6fea6c6c37d2d84075b99a9abfdd8970b7c9c75469cd46094354653a,1,132957.0,True,2024-03-06,historical,False,False
2024,609,LS102,Oceane Dodin,Elina Avanesyan,319436,327620,R128,1-6 6-3 7-6(4),completed,present,2024-03-06,2024-03-17,2024-03-08T00:29:50.047+00:00,False,2024-03-08T02:43:47.497+00:00,False,data/raw/wta/stats/_httpcache/2024/3453809bb278a6d779dd31c05d1c5c63872fe2c858e98a30e82af9391e7cb11c.json,dba8553c6fea6c6c37d2d84075b99a9abfdd8970b7c9c75469cd46094354653a,1,132956.0,True,2024-03-06,historical,False,False
2024,609,LS105,Naomi Osaka,Sara Errani,319998,310761,R128,6-3 6-1,completed,present,2024-03-06,2024-03-17,2024-03-07T23:33:58.867+00:00,False,2024-03-08T00:55:22.897+00:00,False,data/raw/wta/stats/_httpcache/2024/3453809bb278a6d779dd31c05d1c5c63872fe2c858e98a30e82af9391e7cb11c.json,dba8553c6fea6c6c37d2d84075b99a9abfdd8970b7c9c75469cd46094354653a,1,132955.0,True,2024-03-06,historical,False,False
2024,609,LS106,Xinyu Wang,Anna Karolina Schmiedlova,326376,318203,R128,6-0 6-4,completed,present,2024-03-06,2024-03-17,2024-03-08T00:07:25.853+00:00,False,2024-03-08T01:28:22.907+00:00,False,data/raw/wta/stats/_httpcache/2024/3453809bb278a6d779dd31c05d1c5c63872fe2c858e98a30e82af9391e7cb11c.json,dba8553c6fea6c6c37d2d84075b99a9abfdd8970b7c9c75469cd46094354653a,1,133039.0,True,2024-03-08,stats,False,False
2024,609,LS109,Lucia Bronzetti,Magdalena Frech,322280,320277,R128,6-2 6-4,completed,present,2024-03-06,2024-03-17,2024-03-07T18:44:11.11+00:00,False,2024-03-07T20:48:23.557+00:00,False,data/raw/wta/stats/_httpcache/2024/3453809bb278a6d779dd31c05d1c5c63872fe2c858e98a30e82af9391e7cb11c.json,dba8553c6fea6c6c37d2d84075b99a9abfdd8970b7c9c75469cd46094354653a,1,132953.0,True,2024-03-06,historical,False,False
2024,609,LS110,Clara Burel,Xiyu Wang,325320,326160,R128,4-6 6-2 6-4,completed,present,2024-03-06,2024-03-17,2024-03-07T18:44:24.267+00:00,False,2024-03-07T21:44:28.87+00:00,False,data/raw/wta/stats/_httpcache/2024/3453809bb278a6d779dd31c05d1c5c63872fe2c858e98a30e82af9391e7cb11c.json,dba8553c6fea6c6c37d2d84075b99a9abfdd8970b7c9c75469cd46094354653a,1,132952.0,True,2024-03-06,historical,False,False
2024,609,LS113,Anna Blinkova,Karolina Pliskova,324267,313974,R128,6-1 2-6 6-4,completed,present,2024-03-06,2024-03-17,2024-03-07T22:05:41.1+00:00,False,2024-03-08T00:02:29.903+00:00,False,data/raw/wta/stats/_httpcache/2024/3453809bb278a6d779dd31c05d1c5c63872fe2c858e98a30e82af9391e7cb11c.json,dba8553c6fea6c6c37d2d84075b99a9abfdd8970b7c9c75469cd46094354653a,1,132951.0,True,2024-03-06,historical,False,False
2024,609,LS114,Diane Parry,Martina Trevisan,327077,316266,R128,7-5 6-3,completed,present,2024-03-06,2024-03-17,2024-03-08T00:03:27.477+00:00,False,2024-03-08T02:20:41.76+00:00,False,data/raw/wta/stats/_httpcache/2024/3453809bb278a6d779dd31c05d1c5c63872fe2c858e98a30e82af9391e7cb11c.json,dba8553c6fea6c6c37d2d84075b99a9abfdd8970b7c9c75469cd46094354653a,1,132950.0,True,2024-03-06,historical,False,False
2024,609,LS117,Viktoriya Tomova,Sofia Kenin,317584,320942,R128,6-4 7-6(5),completed,present,2024-03-06,2024-03-17,2024-03-08T23:00:32.76+00:00,False,2024-03-09T00:48:41.077+00:00,False,data/raw/wta/stats/_httpcache/2024/3453809bb278a6d779dd31c05d1c5c63872fe2c858e98a30e82af9391e7cb11c.json,dba8553c6fea6c6c37d2d84075b99a9abfdd8970b7c9c75469cd46094354653a,1,132949.0,True,2024-03-06,historical,False,False
2024,609,LS118,Diana Shnaider,Ana Bogdan,330482,315427,R128,5-7 7-6(6) 6-3,completed,present,2024-03-06,2024-03-17,2024-03-08T20:43:11.297+00:00,False,2024-03-08T23:34:04.103+00:00,False,data/raw/wta/stats/_httpcache/2024/3453809bb278a6d779dd31c05d1c5c63872fe2c858e98a30e82af9391e7cb11c.json,dba8553c6fea6c6c37d2d84075b99a9abfdd8970b7c9c75469cd46094354653a,1,132948.0,True,2024-03-06,historical,False,False
2024,609,LS121,Katerina Siniakova,Greet Minnen,320301,321454,R128,7-5 7-6(3),completed,present,2024-03-06,2024-03-17,2024-03-07T18:41:52.907+00:00,False,2024-03-07T21:08:19.53+00:00,False,data/raw/wta/stats/_httpcache/2024/3453809bb278a6d779dd31c05d1c5c63872fe2c858e98a30e82af9391e7cb11c.json,dba8553c6fea6c6c37d2d84075b99a9abfdd8970b7c9c75469cd46094354653a,1,132947.0,True,2024-03-06,historical,False,False
2024,609,LS122,Lesia Tsurenko,Liv Hovde,315295,330642,R128,6-3 6-1,completed,present,2024-03-06,2024-03-17,2024-03-08T01:17:02.627+00:00,False,2024-03-08T02:32:50.83+00:00,False,data/raw/wta/stats/_httpcache/2024/3453809bb278a6d779dd31c05d1c5c63872fe2c858e98a30e82af9391e7cb11c.json,dba8553c6fea6c6c37d2d84075b99a9abfdd8970b7c9c75469cd46094354653a,1,132946.0,True,2024-03-06,historical,False,False
2024,609,LS125,Emma Raducanu,Rebeka Masarova,328366,322087,R128,6-2 6-3,completed,present,2024-03-06,2024-03-17,2024-03-07T18:47:10.203+00:00,False,2024-03-07T20:56:18.803+00:00,False,data/raw/wta/stats/_httpcache/2024/3453809bb278a6d779dd31c05d1c5c63872fe2c858e98a30e82af9391e7cb11c.json,dba8553c6fea6c6c37d2d84075b99a9abfdd8970b7c9c75469cd46094354653a,1,132945.0,True,2024-03-06,historical,False,False
2024,609,LS126,Peyton Stearns,Elisabetta Cocciaretto,327573,327909,R128,6-3 6-2,completed,present,2024-03-06,2024-03-17,2024-03-08T02:46:32.71+00:00,False,2024-03-08T22:00:10.367+00:00,False,data/raw/wta/stats/_httpcache/2024/3453809bb278a6d779dd31c05d1c5c63872fe2c858e98a30e82af9391e7cb11c.json,dba8553c6fea6c6c37d2d84075b99a9abfdd8970b7c9c75469cd46094354653a,1,132944.0,True,2024-03-06,historical,False,False
2024,709,LS001,Iga Swiatek,Aryna Sabalenka,326408,320760,F,6-2 6-3,completed,absent,2024-05-07,2024-05-19,2024-05-18T14:47:03.573+00:00,False,2024-05-18T16:37:16.56+00:00,False,data/raw/wta/stats/_httpcache/2024/798d9cad4927c02506e5eb48c1f0525c863cc74a40e04060fef3642115497546.json,55c4d88d35a1280679fb2a529e208286333082feca4b0608d7abd7edba09d460,1,,,,,False,False
2024,709,LS002,Iga Swiatek,Coco Gauff,326408,328560,SF,6-4 6-3,completed,absent,2024-05-07,2024-05-19,2024-05-16T14:01:08.013+00:00,False,2024-05-16T16:03:47.413+00:00,False,data/raw/wta/stats/_httpcache/2024/798d9cad4927c02506e5eb48c1f0525c863cc74a40e04060fef3642115497546.json,55c4d88d35a1280679fb2a529e208286333082feca4b0608d7abd7edba09d460,1,,,,,False,False
2024,709,LS003,Aryna Sabalenka,Danielle Collins,320760,316925,SF,7-5 6-2,completed,absent,2024-05-07,2024-05-19,2024-05-16T19:54:30.82+00:00,False,2024-05-16T21:34:33.623+00:00,False,data/raw/wta/stats/_httpcache/2024/798d9cad4927c02506e5eb48c1f0525c863cc74a40e04060fef3642115497546.json,55c4d88d35a1280679fb2a529e208286333082feca4b0608d7abd7edba09d460,1,,,,,False,False
2024,709,LS004,Iga Swiatek,Madison Keys,326408,316959,QF,6-1 6-3,completed,absent,2024-05-07,2024-05-19,2024-05-14T12:00:26.82+00:00,False,2024-05-14T13:33:49.12+00:00,False,data/raw/wta/stats/_httpcache/2024/798d9cad4927c02506e5eb48c1f0525c863cc74a40e04060fef3642115497546.json,55c4d88d35a1280679fb2a529e208286333082feca4b0608d7abd7edba09d460,1,,,,,False,False
2024,709,LS005,Coco Gauff,Qinwen Zheng,328560,328120,QF,7-6(4) 6-1,completed,absent,2024-05-07,2024-05-19,2024-05-14T18:18:32.58+00:00,False,2024-05-14T20:26:36.167+00:00,False,data/raw/wta/stats/_httpcache/2024/798d9cad4927c02506e5eb48c1f0525c863cc74a40e04060fef3642115497546.json,55c4d88d35a1280679fb2a529e208286333082feca4b0608d7abd7edba09d460,1,,,,,False,False
2024,709,LS006,Danielle Collins,Victoria Azarenka,316925,312001,QF,6-4 6-3,completed,absent,2024-05-07,2024-05-19,2024-05-15T16:43:24.61+00:00,False,2024-05-15T18:51:59.057+00:00,False,data/raw/wta/stats/_httpcache/2024/798d9cad4927c02506e5eb48c1f0525c863cc74a40e04060fef3642115497546.json,55c4d88d35a1280679fb2a529e208286333082feca4b0608d7abd7edba09d460,1,,,,,False,False
2024,709,LS007,Aryna Sabalenka,Jelena Ostapenko,320760,319939,QF,6-2 6-4,completed,absent,2024-05-07,2024-05-19,2024-05-15T10:46:16.55+00:00,False,2024-05-15T12:19:59.33+00:00,False,data/raw/wta/stats/_httpcache/2024/798d9cad4927c02506e5eb48c1f0525c863cc74a40e04060fef3642115497546.json,55c4d88d35a1280679fb2a529e208286333082feca4b0608d7abd7edba09d460,1,,,,,False,False
2024,709,LS008,Iga Swiatek,Angelique Kerber,326408,311470,R16,7-5 6-3,completed,absent,2024-05-07,2024-05-19,2024-05-13T12:41:35.797+00:00,False,2024-05-13T14:46:34.08+00:00,False,data/raw/wta/stats/_httpcache/2024/798d9cad4927c02506e5eb48c1f0525c863cc74a40e04060fef3642115497546.json,55c4d88d35a1280679fb2a529e208286333082feca4b0608d7abd7edba09d460,1,,,,,False,False
2024,709,LS009,Madison Keys,Sorana Cirstea,316959,312469,R16,6-2 6-1,completed,absent,2024-05-07,2024-05-19,2024-05-13T08:47:05.057+00:00,False,2024-05-13T10:57:45.88+00:00,False,data/raw/wta/stats/_httpcache/2024/798d9cad4927c02506e5eb48c1f0525c863cc74a40e04060fef3642115497546.json,55c4d88d35a1280679fb2a529e208286333082feca4b0608d7abd7edba09d460,1,,,,,False,False
2024,709,LS010,Coco Gauff,Paula Badosa,328560,320124,R16,5-7 6-4 6-1,completed,absent,2024-05-07,2024-05-19,2024-05-13T12:15:45.393+00:00,False,2024-05-13T14:58:51.053+00:00,False,data/raw/wta/stats/_httpcache/2024/798d9cad4927c02506e5eb48c1f0525c863cc74a40e04060fef3642115497546.json,55c4d88d35a1280679fb2a529e208286333082feca4b0608d7abd7edba09d460,1,,,,,False,False
2024,709,LS011,Qinwen Zheng,Naomi Osaka,328120,319998,R16,6-2 6-4,completed,absent,2024-05-07,2024-05-19,2024-05-13T08:47:30.417+00:00,False,2024-05-13T10:32:23.663+00:00,False,data/raw/wta/stats/_httpcache/2024/798d9cad4927c02506e5eb48c1f0525c863cc74a40e04060fef3642115497546.json,55c4d88d35a1280679fb2a529e208286333082feca4b0608d7abd7edba09d460,1,,,,,False,False
2024,709,LS012,Victoria Azarenka,Maria Sakkari,312001,318312,R16,6-4 6-1,completed,absent,2024-05-07,2024-05-19,2024-05-13T19:52:28.243+00:00,False,2024-05-13T21:27:43.787+00:00,False,data/raw/wta/stats/_httpcache/2024/798d9cad4927c02506e5eb48c1f0525c863cc74a40e04060fef3642115497546.json,55c4d88d35a1280679fb2a529e208286333082feca4b0608d7abd7edba09d460,1,,,,,False,False
2024,709,LS013,Danielle Collins,Irina-Camelia Begu,316925,313169,R16,6-0 6-3,completed,absent,2024-05-07,2024-05-19,2024-05-13T18:38:21.877+00:00,False,2024-05-13T20:05:10.25+00:00,False,data/raw/wta/stats/_httpcache/2024/798d9cad4927c02506e5eb48c1f0525c863cc74a40e04060fef3642115497546.json,55c4d88d35a1280679fb2a529e208286333082feca4b0608d7abd7edba09d460,1,,,,,False,False
2024,709,LS014,Jelena Ostapenko,Rebecca Sramkova,319939,320228,R16,4-6 6-4 7-6(3),completed,absent,2024-05-07,2024-05-19,2024-05-13T13:11:08.523+00:00,False,2024-05-13T16:11:57.06+00:00,False,data/raw/wta/stats/_httpcache/2024/798d9cad4927c02506e5eb48c1f0525c863cc74a40e04060fef3642115497546.json,55c4d88d35a1280679fb2a529e208286333082feca4b0608d7abd7edba09d460,1,,,,,False,False
2024,709,LS015,Aryna Sabalenka,Elina Svitolina,320760,316738,R16,4-6 6-1 7-6(7),completed,absent,2024-05-07,2024-05-19,2024-05-13T20:03:46.13+00:00,False,2024-05-13T22:45:26.157+00:00,False,data/raw/wta/stats/_httpcache/2024/798d9cad4927c02506e5eb48c1f0525c863cc74a40e04060fef3642115497546.json,55c4d88d35a1280679fb2a529e208286333082feca4b0608d7abd7edba09d460,1,,,,,False,False
2024,709,LS016,Iga Swiatek,Yulia Putintseva,326408,317683,R32,6-3 6-4,completed,absent,2024-05-07,2024-05-19,2024-05-11T08:41:54.863+00:00,False,2024-05-11T10:55:17.7+00:00,False,data/raw/wta/stats/_httpcache/2024/798d9cad4927c02506e5eb48c1f0525c863cc74a40e04060fef3642115497546.json,55c4d88d35a1280679fb2a529e208286333082feca4b0608d7abd7edba09d460,1,,,,,False,False
2024,709,LS017,Angelique Kerber,Aliaksandra Sasnovich,311470,317790,R32,6-3 7-6(4),completed,absent,2024-05-07,2024-05-19,2024-05-11T11:01:09.23+00:00,False,2024-05-11T12:41:50.49+00:00,False,data/raw/wta/stats/_httpcache/2024/798d9cad4927c02506e5eb48c1f0525c863cc74a40e04060fef3642115497546.json,55c4d88d35a1280679fb2a529e208286333082feca4b0608d7abd7edba09d460,1,,,,,False,False
2024,709,LS018,Madison Keys,Beatriz Haddad Maia,316959,318176,R32,6-4 4-6 6-3,completed,absent,2024-05-07,2024-05-19,2024-05-11T14:28:55.07+00:00,False,2024-05-11T17:13:25.92+00:00,False,data/raw/wta/stats/_httpcache/2024/798d9cad4927c02506e5eb48c1f0525c863cc74a40e04060fef3642115497546.json,55c4d88d35a1280679fb2a529e208286333082feca4b0608d7abd7edba09d460,1,,,,,False,False
2024,709,LS019,Sorana Cirstea,Marketa Vondrousova,312469,323027,R32,7-6(1) 6-3,completed,absent,2024-05-07,2024-05-19,2024-05-11T15:07:41.153+00:00,False,2024-05-11T17:03:05.82+00:00,False,data/raw/wta/stats/_httpcache/2024/798d9cad4927c02506e5eb48c1f0525c863cc74a40e04060fef3642115497546.json,55c4d88d35a1280679fb2a529e208286333082feca4b0608d7abd7edba09d460,1,,,,,False,False
2024,709,LS020,Coco Gauff,Jaqueline Cristian,328560,320319,R32,6-1 0-6 6-3,completed,absent,2024-05-07,2024-05-19,2024-05-11T16:49:23.34+00:00,False,2024-05-11T19:12:26.457+00:00,False,data/raw/wta/stats/_httpcache/2024/798d9cad4927c02506e5eb48c1f0525c863cc74a40e04060fef3642115497546.json,55c4d88d35a1280679fb2a529e208286333082feca4b0608d7abd7edba09d460,1,,,,,False,False
2024,709,LS021,Paula Badosa,Diana Shnaider,320124,330482,R32,5-7 6-4 6-4,completed,absent,2024-05-07,2024-05-19,2024-05-11T08:43:22.867+00:00,False,2024-05-11T11:43:39.347+00:00,False,data/raw/wta/stats/_httpcache/2024/798d9cad4927c02506e5eb48c1f0525c863cc74a40e04060fef3642115497546.json,55c4d88d35a1280679fb2a529e208286333082feca4b0608d7abd7edba09d460,1,,,,,False,False
2024,709,LS022,Naomi Osaka,Daria Kasatkina,319998,322082,R32,6-3 6-3,completed,absent,2024-05-07,2024-05-19,2024-05-11T11:29:55.907+00:00,False,2024-05-11T12:58:15.257+00:00,False,data/raw/wta/stats/_httpcache/2024/798d9cad4927c02506e5eb48c1f0525c863cc74a40e04060fef3642115497546.json,55c4d88d35a1280679fb2a529e208286333082feca4b0608d7abd7edba09d460,1,,,,,False,False
2024,709,LS023,Qinwen Zheng,Linda Noskova,328120,329668,R32,3-6 6-1 6-2,completed,absent,2024-05-07,2024-05-19,2024-05-11T13:00:30.64+00:00,False,2024-05-11T15:06:25.35+00:00,False,data/raw/wta/stats/_httpcache/2024/798d9cad4927c02506e5eb48c1f0525c863cc74a40e04060fef3642115497546.json,55c4d88d35a1280679fb2a529e208286333082feca4b0608d7abd7edba09d460,1,,,,,False,False
2024,709,LS024,Maria Sakkari,Anhelina Kalinina,318312,320567,R32,7-6(4) 6-0,completed,absent,2024-05-07,2024-05-19,2024-05-12T08:54:36.813+00:00,False,2024-05-12T10:57:30.75+00:00,False,data/raw/wta/stats/_httpcache/2024/798d9cad4927c02506e5eb48c1f0525c863cc74a40e04060fef3642115497546.json,55c4d88d35a1280679fb2a529e208286333082feca4b0608d7abd7edba09d460,1,,,,,False,False
2024,709,LS025,Victoria Azarenka,Mayar Sherif,312001,318711,R32,6-2 6-7(6) 6-3,completed,absent,2024-05-07,2024-05-19,2024-05-12T15:17:42.893+00:00,False,2024-05-12T18:27:59.37+00:00,False,data/raw/wta/stats/_httpcache/2024/798d9cad4927c02506e5eb48c1f0525c863cc74a40e04060fef3642115497546.json,55c4d88d35a1280679fb2a529e208286333082feca4b0608d7abd7edba09d460,1,,,,,False,False
2024,709,LS026,Danielle Collins,Caroline Garcia,316925,315391,R32,6-3 6-3,completed,absent,2024-05-07,2024-05-19,2024-05-12T17:21:48.367+00:00,False,2024-05-12T18:59:11.033+00:00,False,data/raw/wta/stats/_httpcache/2024/798d9cad4927c02506e5eb48c1f0525c863cc74a40e04060fef3642115497546.json,55c4d88d35a1280679fb2a529e208286333082feca4b0608d7abd7edba09d460,1,,,,,False,False
2024,709,LS027,Irina-Camelia Begu,Elise Mertens,313169,317964,R32,6-2 6-0,completed,absent,2024-05-07,2024-05-19,2024-05-12T08:55:34.11+00:00,False,2024-05-12T10:25:33.613+00:00,False,data/raw/wta/stats/_httpcache/2024/798d9cad4927c02506e5eb48c1f0525c863cc74a40e04060fef3642115497546.json,55c4d88d35a1280679fb2a529e208286333082feca4b0608d7abd7edba09d460,1,,,,,False,False
2024,709,LS028,Rebecca Sramkova,Sofia Kenin,320228,320942,R32,6-4 4-6 6-4,completed,absent,2024-05-07,2024-05-19,2024-05-12T10:29:02.733+00:00,False,2024-05-12T13:02:54.183+00:00,False,data/raw/wta/stats/_httpcache/2024/798d9cad4927c02506e5eb48c1f0525c863cc74a40e04060fef3642115497546.json,55c4d88d35a1280679fb2a529e208286333082feca4b0608d7abd7edba09d460,1,,,,,False,False
2024,709,LS029,Jelena Ostapenko,Sara Sorribes Tormo,319939,318872,R32,6-4 5-7 6-1,completed,absent,2024-05-07,2024-05-19,2024-05-12T14:31:21.31+00:00,False,2024-05-12T17:20:15.943+00:00,False,data/raw/wta/stats/_httpcache/2024/798d9cad4927c02506e5eb48c1f0525c863cc74a40e04060fef3642115497546.json,55c4d88d35a1280679fb2a529e208286333082feca4b0608d7abd7edba09d460,1,,,,,False,False
2024,709,LS030,Elina Svitolina,Anna Kalinskaya,316738,323942,R32,6-3 6-3,completed,absent,2024-05-07,2024-05-19,2024-05-12T16:46:22.093+00:00,False,2024-05-12T18:21:40.183+00:00,False,data/raw/wta/stats/_httpcache/2024/798d9cad4927c02506e5eb48c1f0525c863cc74a40e04060fef3642115497546.json,55c4d88d35a1280679fb2a529e208286333082feca4b0608d7abd7edba09d460,1,,,,,False,False
2024,709,LS031,Aryna Sabalenka,Dayana Yastremska,320760,324261,R32,6-4 6-2,completed,absent,2024-05-07,2024-05-19,2024-05-12T10:59:21.46+00:00,False,2024-05-12T12:43:49.07+00:00,False,data/raw/wta/stats/_httpcache/2024/798d9cad4927c02506e5eb48c1f0525c863cc74a40e04060fef3642115497546.json,55c4d88d35a1280679fb2a529e208286333082feca4b0608d7abd7edba09d460,1,,,,,False,False
2024,709,LS032,Iga Swiatek,Bernarda Pera,326408,317708,R64,6-0 6-2,completed,absent,2024-05-07,2024-05-19,2024-05-09T18:38:27.847+00:00,False,2024-05-09T20:23:42.97+00:00,False,data/raw/wta/stats/_httpcache/2024/798d9cad4927c02506e5eb48c1f0525c863cc74a40e04060fef3642115497546.json,55c4d88d35a1280679fb2a529e208286333082feca4b0608d7abd7edba09d460,1,,,,,False,False
2024,709,LS033,Yulia Putintseva,Sloane Stephens,317683,315683,R64,6-3 6-2,completed,absent,2024-05-07,2024-05-19,2024-05-09T18:17:27.687+00:00,False,2024-05-09T19:47:12.837+00:00,False,data/raw/wta/stats/_httpcache/2024/798d9cad4927c02506e5eb48c1f0525c863cc74a40e04060fef3642115497546.json,55c4d88d35a1280679fb2a529e208286333082feca4b0608d7abd7edba09d460,1,,,,,False,False
2024,709,LS034,Angelique Kerber,Veronika Kudermetova,311470,319526,R64,6-3 6-0,completed,absent,2024-05-07,2024-05-19,2024-05-09T08:44:44.917+00:00,False,2024-05-09T10:17:09.313+00:00,False,data/raw/wta/stats/_httpcache/2024/798d9cad4927c02506e5eb48c1f0525c863cc74a40e04060fef3642115497546.json,55c4d88d35a1280679fb2a529e208286333082feca4b0608d7abd7edba09d460,1,,,,,False,False
2024,709,LS035,Aliaksandra Sasnovich,Ekaterina Alexandrova,317790,319007,R64,6-0 6-1,completed,absent,2024-05-07,2024-05-19,2024-05-09T11:52:28.043+00:00,False,2024-05-09T13:07:47.713+00:00,False,data/raw/wta/stats/_httpcache/2024/798d9cad4927c02506e5eb48c1f0525c863cc74a40e04060fef3642115497546.json,55c4d88d35a1280679fb2a529e208286333082feca4b0608d7abd7edba09d460,1,,,,,False,False
2024,709,LS036,Beatriz Haddad Maia,Xinyu Wang,318176,326376,R64,4-6 6-3 6-4,completed,present,2024-05-07,2024-05-19,2024-05-09T14:19:37.117+00:00,False,2024-05-09T18:14:15.057+00:00,False,data/raw/wta/stats/_httpcache/2024/798d9cad4927c02506e5eb48c1f0525c863cc74a40e04060fef3642115497546.json,55c4d88d35a1280679fb2a529e208286333082feca4b0608d7abd7edba09d460,1,133928.0,True,2024-05-09,stats,False,False
2024,709,LS037,Madison Keys,Camila Osorio,316959,325898,R64,6-0 4-6 6-3,completed,absent,2024-05-07,2024-05-19,2024-05-09T13:53:06.253+00:00,False,2024-05-09T17:25:48.523+00:00,False,data/raw/wta/stats/_httpcache/2024/798d9cad4927c02506e5eb48c1f0525c863cc74a40e04060fef3642115497546.json,55c4d88d35a1280679fb2a529e208286333082feca4b0608d7abd7edba09d460,1,,,,,False,False
2024,709,LS038,Sorana Cirstea,Brenda Fruhvirtova,312469,331545,R64,7-5 6-0,completed,absent,2024-05-07,2024-05-19,2024-05-09T17:04:28.9+00:00,False,2024-05-09T18:45:33.553+00:00,False,data/raw/wta/stats/_httpcache/2024/798d9cad4927c02506e5eb48c1f0525c863cc74a40e04060fef3642115497546.json,55c4d88d35a1280679fb2a529e208286333082feca4b0608d7abd7edba09d460,1,,,,,False,False
2024,709,LS039,Marketa Vondrousova,Ana Bogdan,323027,315427,R64,6-2 3-6 6-4,completed,absent,2024-05-07,2024-05-19,2024-05-09T18:09:51.127+00:00,False,2024-05-09T20:49:15.663+00:00,False,data/raw/wta/stats/_httpcache/2024/798d9cad4927c02506e5eb48c1f0525c863cc74a40e04060fef3642115497546.json,55c4d88d35a1280679fb2a529e208286333082feca4b0608d7abd7edba09d460,1,,,,,False,False
2024,709,LS040,Coco Gauff,Magdalena Frech,328560,320277,R64,6-3 6-3,completed,absent,2024-05-07,2024-05-19,2024-05-09T16:18:43.767+00:00,False,2024-05-09T18:03:42.6+00:00,False,data/raw/wta/stats/_httpcache/2024/798d9cad4927c02506e5eb48c1f0525c863cc74a40e04060fef3642115497546.json,55c4d88d35a1280679fb2a529e208286333082feca4b0608d7abd7edba09d460,1,,,,,False,False
2024,709,LS041,Jaqueline Cristian,Elina Avanesyan,320319,327620,R64,5-7 6-2 6-2,completed,absent,2024-05-07,2024-05-19,2024-05-09T13:33:56.607+00:00,False,2024-05-09T18:21:48.797+00:00,False,data/raw/wta/stats/_httpcache/2024/798d9cad4927c02506e5eb48c1f0525c863cc74a40e04060fef3642115497546.json,55c4d88d35a1280679fb2a529e208286333082feca4b0608d7abd7edba09d460,1,,,,,False,False
2024,709,LS042,Paula Badosa,Emma Navarro,320124,325410,R64,1-6 6-4 6-2,completed,absent,2024-05-07,2024-05-19,2024-05-09T19:11:11.817+00:00,False,2024-05-09T21:17:55.003+00:00,False,data/raw/wta/stats/_httpcache/2024/798d9cad4927c02506e5eb48c1f0525c863cc74a40e04060fef3642115497546.json,55c4d88d35a1280679fb2a529e208286333082feca4b0608d7abd7edba09d460,1,,,,,False,False
2024,709,LS043,Diana Shnaider,Liudmila Samsonova,330482,322222,R64,6-1 6-3,completed,absent,2024-05-07,2024-05-19,2024-05-09T08:48:01.947+00:00,False,2024-05-09T10:36:25.917+00:00,False,data/raw/wta/stats/_httpcache/2024/798d9cad4927c02506e5eb48c1f0525c863cc74a40e04060fef3642115497546.json,55c4d88d35a1280679fb2a529e208286333082feca4b0608d7abd7edba09d460,1,,,,,False,False
2024,709,LS044,Daria Kasatkina,Tatjana Maria,322082,310440,R64,7-5 6-1,completed,absent,2024-05-07,2024-05-19,2024-05-09T08:43:46.01+00:00,False,2024-05-09T10:44:23.48+00:00,False,data/raw/wta/stats/_httpcache/2024/798d9cad4927c02506e5eb48c1f0525c863cc74a40e04060fef3642115497546.json,55c4d88d35a1280679fb2a529e208286333082feca4b0608d7abd7edba09d460,1,,,,,False,False
2024,709,LS045,Naomi Osaka,Marta Kostyuk,319998,326482,R64,6-3 6-2,completed,absent,2024-05-07,2024-05-19,2024-05-09T13:12:02.83+00:00,False,2024-05-09T16:16:43.473+00:00,False,data/raw/wta/stats/_httpcache/2024/798d9cad4927c02506e5eb48c1f0525c863cc74a40e04060fef3642115497546.json,55c4d88d35a1280679fb2a529e208286333082feca4b0608d7abd7edba09d460,1,,,,,False,False
2024,709,LS046,Linda Noskova,Lucrezia Stefanini,329668,323149,R64,6-3 7-6(1),completed,absent,2024-05-07,2024-05-19,2024-05-09T08:50:56.573+00:00,False,2024-05-09T11:03:23.69+00:00,False,data/raw/wta/stats/_httpcache/2024/798d9cad4927c02506e5eb48c1f0525c863cc74a40e04060fef3642115497546.json,55c4d88d35a1280679fb2a529e208286333082feca4b0608d7abd7edba09d460,1,,,,,False,False
2024,709,LS047,Qinwen Zheng,Shelby Rogers,328120,317421,R64,6-2 6-0,completed,absent,2024-05-07,2024-05-19,2024-05-09T10:19:52.353+00:00,False,2024-05-09T11:49:19.713+00:00,False,data/raw/wta/stats/_httpcache/2024/798d9cad4927c02506e5eb48c1f0525c863cc74a40e04060fef3642115497546.json,55c4d88d35a1280679fb2a529e208286333082feca4b0608d7abd7edba09d460,1,,,,,False,False
2024,709,LS048,Maria Sakkari,Varvara Gracheva,318312,325836,R64,6-2 6-2,completed,absent,2024-05-07,2024-05-19,2024-05-10T08:52:33.51+00:00,False,2024-05-10T10:31:44.057+00:00,False,data/raw/wta/stats/_httpcache/2024/798d9cad4927c02506e5eb48c1f0525c863cc74a40e04060fef3642115497546.json,55c4d88d35a1280679fb2a529e208286333082feca4b0608d7abd7edba09d460,1,,,,,False,False
2024,709,LS050,Victoria Azarenka,Magda Linette,312001,315130,R64,6-7(5) 6-4 6-3,completed,absent,2024-05-07,2024-05-19,2024-05-10T12:32:21.923+00:00,False,2024-05-10T15:39:52.56+00:00,False,data/raw/wta/stats/_httpcache/2024/798d9cad4927c02506e5eb48c1f0525c863cc74a40e04060fef3642115497546.json,55c4d88d35a1280679fb2a529e208286333082feca4b0608d7abd7edba09d460,1,,,,,False,False
2024,709,LS051,Mayar Sherif,Jasmine Paolini,318711,319280,R64,7-6(4) 2-6 6-4,completed,absent,2024-05-07,2024-05-19,2024-05-10T18:39:38.227+00:00,False,2024-05-10T21:38:06.117+00:00,False,data/raw/wta/stats/_httpcache/2024/798d9cad4927c02506e5eb48c1f0525c863cc74a40e04060fef3642115497546.json,55c4d88d35a1280679fb2a529e208286333082feca4b0608d7abd7edba09d460,1,,,,,False,False
2024,709,LS053,Caroline Garcia,Elisabetta Cocciaretto,315391,327909,R64,6-2 7-6(5),completed,absent,2024-05-07,2024-05-19,2024-05-10T13:26:26.673+00:00,False,2024-05-10T15:20:17.313+00:00,False,data/raw/wta/stats/_httpcache/2024/798d9cad4927c02506e5eb48c1f0525c863cc74a40e04060fef3642115497546.json,55c4d88d35a1280679fb2a529e208286333082feca4b0608d7abd7edba09d460,1,,,,,False,False
2024,709,LS054,Elise Mertens,Katerina Siniakova,317964,320301,R64,6-1 6-4,completed,absent,2024-05-07,2024-05-19,2024-05-10T08:46:58.437+00:00,False,2024-05-10T10:45:39.603+00:00,False,data/raw/wta/stats/_httpcache/2024/798d9cad4927c02506e5eb48c1f0525c863cc74a40e04060fef3642115497546.json,55c4d88d35a1280679fb2a529e208286333082feca4b0608d7abd7edba09d460,1,,,,,False,False
2024,709,LS056,Sofia Kenin,Ons Jabeur,320942,316847,R64,7-5 2-6 6-4,completed,absent,2024-05-07,2024-05-19,2024-05-10T10:50:14.283+00:00,False,2024-05-10T13:24:52.4+00:00,False,data/raw/wta/stats/_httpcache/2024/798d9cad4927c02506e5eb48c1f0525c863cc74a40e04060fef3642115497546.json,55c4d88d35a1280679fb2a529e208286333082feca4b0608d7abd7edba09d460,1,,,,,False,False
2024,709,LS057,Rebecca Sramkova,Katie Boulter,320228,319125,R64,6-4 7-6(8),completed,absent,2024-05-07,2024-05-19,2024-05-10T18:23:59.357+00:00,False,2024-05-10T20:42:27.997+00:00,False,data/raw/wta/stats/_httpcache/2024/798d9cad4927c02506e5eb48c1f0525c863cc74a40e04060fef3642115497546.json,55c4d88d35a1280679fb2a529e208286333082feca4b0608d7abd7edba09d460,1,,,,,False,False
2024,709,LS058,Sara Sorribes Tormo,Anastasia Pavlyuchenkova,318872,313796,R64,6-3 1-6 7-5,completed,absent,2024-05-07,2024-05-19,2024-05-10T08:47:59.783+00:00,False,2024-05-10T11:30:26.057+00:00,False,data/raw/wta/stats/_httpcache/2024/798d9cad4927c02506e5eb48c1f0525c863cc74a40e04060fef3642115497546.json,55c4d88d35a1280679fb2a529e208286333082feca4b0608d7abd7edba09d460,1,,,,,False,False
2024,709,LS059,Jelena Ostapenko,Anastasia Potapova,319939,325601,R64,6-4 6-2,completed,absent,2024-05-07,2024-05-19,2024-05-10T10:49:03.787+00:00,False,2024-05-10T12:46:34.423+00:00,False,data/raw/wta/stats/_httpcache/2024/798d9cad4927c02506e5eb48c1f0525c863cc74a40e04060fef3642115497546.json,55c4d88d35a1280679fb2a529e208286333082feca4b0608d7abd7edba09d460,1,,,,,False,False
2024,709,LS060,Elina Svitolina,Sara Errani,316738,310761,R64,6-0 6-2,completed,absent,2024-05-07,2024-05-19,2024-05-10T14:30:22.84+00:00,False,2024-05-10T16:03:07.12+00:00,False,data/raw/wta/stats/_httpcache/2024/798d9cad4927c02506e5eb48c1f0525c863cc74a40e04060fef3642115497546.json,55c4d88d35a1280679fb2a529e208286333082feca4b0608d7abd7edba09d460,1,,,,,False,False
2024,709,LS061,Anna Kalinskaya,Clara Tauson,323942,327793,R64,6-1 6-2,completed,absent,2024-05-07,2024-05-19,2024-05-10T11:33:10.78+00:00,False,2024-05-10T13:13:22.557+00:00,False,data/raw/wta/stats/_httpcache/2024/798d9cad4927c02506e5eb48c1f0525c863cc74a40e04060fef3642115497546.json,55c4d88d35a1280679fb2a529e208286333082feca4b0608d7abd7edba09d460,1,,,,,False,False
2024,709,LS062,Dayana Yastremska,Laura Siegemund,324261,310926,R64,4-6 7-5 6-2,completed,absent,2024-05-07,2024-05-19,2024-05-10T12:20:52.83+00:00,False,2024-05-10T15:31:19.25+00:00,False,data/raw/wta/stats/_httpcache/2024/798d9cad4927c02506e5eb48c1f0525c863cc74a40e04060fef3642115497546.json,55c4d88d35a1280679fb2a529e208286333082feca4b0608d7abd7edba09d460,1,,,,,False,False
2024,709,LS063,Aryna Sabalenka,Katie Volynets,320760,327391,R64,4-6 6-3 6-2,completed,absent,2024-05-07,2024-05-19,2024-05-10T17:17:40.217+00:00,False,2024-05-10T19:47:09.963+00:00,False,data/raw/wta/stats/_httpcache/2024/798d9cad4927c02506e5eb48c1f0525c863cc74a40e04060fef3642115497546.json,55c4d88d35a1280679fb2a529e208286333082feca4b0608d7abd7edba09d460,1,,,,,False,False
2024,709,LS065,Bernarda Pera,Caroline Dolehide,317708,322052,R128,7-6(6) 6-3,completed,absent,2024-05-07,2024-05-19,2024-05-08T11:42:34.187+00:00,False,2024-05-08T13:38:13.863+00:00,False,data/raw/wta/stats/_httpcache/2024/798d9cad4927c02506e5eb48c1f0525c863cc74a40e04060fef3642115497546.json,55c4d88d35a1280679fb2a529e208286333082feca4b0608d7abd7edba09d460,1,,,,,False,False
2024,709,LS066,Yulia Putintseva,Martina Trevisan,317683,316266,R128,6-3 6-4,completed,absent,2024-05-07,2024-05-19,2024-05-07T12:56:56.84+00:00,False,2024-05-07T14:53:36.24+00:00,False,data/raw/wta/stats/_httpcache/2024/798d9cad4927c02506e5eb48c1f0525c863cc74a40e04060fef3642115497546.json,55c4d88d35a1280679fb2a529e208286333082feca4b0608d7abd7edba09d460,1,,,,,False,False
2024,709,LS069,Angelique Kerber,Lauren Davis,311470,317414,R128,6-1 6-0,completed,absent,2024-05-07,2024-05-19,2024-05-07T16:39:15.083+00:00,False,2024-05-07T17:55:59.627+00:00,False,data/raw/wta/stats/_httpcache/2024/798d9cad4927c02506e5eb48c1f0525c863cc74a40e04060fef3642115497546.json,55c4d88d35a1280679fb2a529e208286333082feca4b0608d7abd7edba09d460,1,,,,,False,False
2024,709,LS070,Aliaksandra Sasnovich,Anna Karolina Schmiedlova,317790,318203,R128,6-2 7-6(6),completed,absent,2024-05-07,2024-05-19,2024-05-08T11:33:52.07+00:00,False,2024-05-08T13:43:11.747+00:00,False,data/raw/wta/stats/_httpcache/2024/798d9cad4927c02506e5eb48c1f0525c863cc74a40e04060fef3642115497546.json,55c4d88d35a1280679fb2a529e208286333082feca4b0608d7abd7edba09d460,1,,,,,False,False
2024,709,LS073,Xinyu Wang,Yue Yuan,326376,324325,R128,4-6 6-1 6-2,completed,present,2024-05-07,2024-05-19,2024-05-07T14:47:59.793+00:00,False,2024-05-07T17:24:34.583+00:00,False,data/raw/wta/stats/_httpcache/2024/798d9cad4927c02506e5eb48c1f0525c863cc74a40e04060fef3642115497546.json,55c4d88d35a1280679fb2a529e208286333082feca4b0608d7abd7edba09d460,1,133926.0,True,2024-05-07,stats,False,False
2024,709,LS074,Camila Osorio,Arantxa Rus,325898,313349,R128,4-6 6-3 6-4,completed,absent,2024-05-07,2024-05-19,2024-05-07T14:09:18.167+00:00,False,2024-05-07T16:53:42.223+00:00,False,data/raw/wta/stats/_httpcache/2024/798d9cad4927c02506e5eb48c1f0525c863cc74a40e04060fef3642115497546.json,55c4d88d35a1280679fb2a529e208286333082feca4b0608d7abd7edba09d460,1,,,,,False,False
2024,709,LS077,Brenda Fruhvirtova,Taylor Townsend,331545,318609,R128,3-6 6-2 6-0,completed,absent,2024-05-07,2024-05-19,2024-05-08T11:39:56.91+00:00,False,2024-05-08T13:54:19.967+00:00,False,data/raw/wta/stats/_httpcache/2024/798d9cad4927c02506e5eb48c1f0525c863cc74a40e04060fef3642115497546.json,55c4d88d35a1280679fb2a529e208286333082feca4b0608d7abd7edba09d460,1,,,,,False,False
2024,709,LS078,Ana Bogdan,Leylah Fernandez,315427,326735,R128,6-4 6-1,completed,absent,2024-05-07,2024-05-19,2024-05-07T14:56:47.367+00:00,False,2024-05-07T16:53:36.57+00:00,False,data/raw/wta/stats/_httpcache/2024/798d9cad4927c02506e5eb48c1f0525c863cc74a40e04060fef3642115497546.json,55c4d88d35a1280679fb2a529e208286333082feca4b0608d7abd7edba09d460,1,,,,,False,False
2024,709,LS081,Magdalena Frech,Ashlyn Krueger,320277,329409,R128,7-6(2) 6-3,completed,absent,2024-05-07,2024-05-19,2024-05-07T16:44:19.957+00:00,False,2024-05-07T19:13:09.507+00:00,False,data/raw/wta/stats/_httpcache/2024/798d9cad4927c02506e5eb48c1f0525c863cc74a40e04060fef3642115497546.json,55c4d88d35a1280679fb2a529e208286333082feca4b0608d7abd7edba09d460,1,,,,,False,False
2024,709,LS082,Elina Avanesyan,Cristina Bucsa,327620,321158,R128,6-7(3) 6-0 7-5,completed,absent,2024-05-07,2024-05-19,2024-05-08T08:54:09.663+00:00,False,2024-05-08T11:39:44.773+00:00,False,data/raw/wta/stats/_httpcache/2024/798d9cad4927c02506e5eb48c1f0525c863cc74a40e04060fef3642115497546.json,55c4d88d35a1280679fb2a529e208286333082feca4b0608d7abd7edba09d460,1,,,,,False,False
2024,709,LS085,Paula Badosa,Mirra Andreeva,320124,331809,R128,6-2 6-3,completed,absent,2024-05-07,2024-05-19,2024-05-07T10:13:52.78+00:00,False,2024-05-07T12:53:31.297+00:00,False,data/raw/wta/stats/_httpcache/2024/798d9cad4927c02506e5eb48c1f0525c863cc74a40e04060fef3642115497546.json,55c4d88d35a1280679fb2a529e208286333082feca4b0608d7abd7edba09d460,1,,,,,False,False
2024,709,LS086,Diana Shnaider,Greet Minnen,330482,321454,R128,6-2 6-3,completed,score-conflict,2024-05-07,2024-05-19,2024-05-07T17:26:26.607+00:00,False,2024-05-07T19:02:21.393+00:00,False,data/raw/wta/stats/_httpcache/2024/798d9cad4927c02506e5eb48c1f0525c863cc74a40e04060fef3642115497546.json,55c4d88d35a1280679fb2a529e208286333082feca4b0608d7abd7edba09d460,1,133956.0,True,2024-05-14,lower,False,False
2024,709,LS089,Tatjana Maria,Linda Fruhvirtova,310440,329627,R128,7-6(5) 3-6 6-2,completed,absent,2024-05-07,2024-05-19,2024-05-08T08:45:17.097+00:00,False,2024-05-08T11:36:55.503+00:00,False,data/raw/wta/stats/_httpcache/2024/798d9cad4927c02506e5eb48c1f0525c863cc74a40e04060fef3642115497546.json,55c4d88d35a1280679fb2a529e208286333082feca4b0608d7abd7edba09d460,1,,,,,False,False
2024,709,LS090,Naomi Osaka,Clara Burel,319998,325320,R128,7-6(2) 6-1,completed,absent,2024-05-07,2024-05-19,2024-05-08T12:27:33.84+00:00,False,2024-05-08T14:09:47.857+00:00,False,data/raw/wta/stats/_httpcache/2024/798d9cad4927c02506e5eb48c1f0525c863cc74a40e04060fef3642115497546.json,55c4d88d35a1280679fb2a529e208286333082feca4b0608d7abd7edba09d460,1,,,,,False,False
2024,709,LS093,Lucrezia Stefanini,Vittoria Paganetti,323149,332494,R128,7-5 6-3,completed,absent,2024-05-07,2024-05-19,2024-05-07T15:17:26.613+00:00,False,2024-05-07T17:21:19.773+00:00,False,data/raw/wta/stats/_httpcache/2024/798d9cad4927c02506e5eb48c1f0525c863cc74a40e04060fef3642115497546.json,55c4d88d35a1280679fb2a529e208286333082feca4b0608d7abd7edba09d460,1,,,,,False,False
2024,709,LS094,Shelby Rogers,Lisa Pigato,317421,328193,R128,6-1 6-0,completed,absent,2024-05-07,2024-05-19,2024-05-07T08:43:09.137+00:00,False,2024-05-07T10:10:51.79+00:00,False,data/raw/wta/stats/_httpcache/2024/798d9cad4927c02506e5eb48c1f0525c863cc74a40e04060fef3642115497546.json,55c4d88d35a1280679fb2a529e208286333082feca4b0608d7abd7edba09d460,1,,,,,False,False
2024,709,LS097,Varvara Gracheva,Federica Di Sarra,325836,312582,R128,6-1 6-3,completed,absent,2024-05-07,2024-05-19,2024-05-09T09:51:26.88+00:00,False,2024-05-09T11:17:28.777+00:00,False,data/raw/wta/stats/_httpcache/2024/798d9cad4927c02506e5eb48c1f0525c863cc74a40e04060fef3642115497546.json,55c4d88d35a1280679fb2a529e208286333082feca4b0608d7abd7edba09d460,1,,,,,False,False
2024,709,LS098,Lesia Tsurenko,Donna Vekic,315295,318516,R128,6-2 3-6 7-6(5),completed,absent,2024-05-07,2024-05-19,2024-05-08T08:48:33.6+00:00,False,2024-05-08T11:48:51.58+00:00,False,data/raw/wta/stats/_httpcache/2024/798d9cad4927c02506e5eb48c1f0525c863cc74a40e04060fef3642115497546.json,55c4d88d35a1280679fb2a529e208286333082feca4b0608d7abd7edba09d460,1,,,,,False,False
2024,709,LS101,Magda Linette,Lin Zhu,315130,317306,R128,6-3 6-2,completed,absent,2024-05-07,2024-05-19,2024-05-08T12:34:06.437+00:00,False,2024-05-08T14:06:52.837+00:00,False,data/raw/wta/stats/_httpcache/2024/798d9cad4927c02506e5eb48c1f0525c863cc74a40e04060fef3642115497546.json,55c4d88d35a1280679fb2a529e208286333082feca4b0608d7abd7edba09d460,1,,,,,False,False
2024,709,LS102,Mayar Sherif,Petra Martic,318711,313711,R128,6-2 6-2,completed,absent,2024-05-07,2024-05-19,2024-05-08T13:45:24.05+00:00,False,2024-05-08T16:59:10.597+00:00,False,data/raw/wta/stats/_httpcache/2024/798d9cad4927c02506e5eb48c1f0525c863cc74a40e04060fef3642115497546.json,55c4d88d35a1280679fb2a529e208286333082feca4b0608d7abd7edba09d460,1,,,,,False,False
2024,709,LS105,Anna Blinkova,Diane Parry,324267,327077,R128,6-2 6-3,completed,absent,2024-05-07,2024-05-19,2024-05-08T10:40:00.917+00:00,False,2024-05-08T12:11:31.94+00:00,False,data/raw/wta/stats/_httpcache/2024/798d9cad4927c02506e5eb48c1f0525c863cc74a40e04060fef3642115497546.json,55c4d88d35a1280679fb2a529e208286333082feca4b0608d7abd7edba09d460,1,,,,,False,False
2024,709,LS106,Elisabetta Cocciaretto,Renata Zarazua,327909,320716,R128,4-6 7-5 6-3,completed,absent,2024-05-07,2024-05-19,2024-05-08T17:12:17.44+00:00,False,2024-05-09T13:08:55.563+00:00,False,data/raw/wta/stats/_httpcache/2024/798d9cad4927c02506e5eb48c1f0525c863cc74a40e04060fef3642115497546.json,55c4d88d35a1280679fb2a529e208286333082feca4b0608d7abd7edba09d460,1,,,,,False,False
2024,709,LS109,Katerina Siniakova,Nuria Brancaccio,320301,325433,R128,6-4 6-2,completed,absent,2024-05-07,2024-05-19,2024-05-08T13:28:23.37+00:00,False,2024-05-08T17:09:12.097+00:00,False,data/raw/wta/stats/_httpcache/2024/798d9cad4927c02506e5eb48c1f0525c863cc74a40e04060fef3642115497546.json,55c4d88d35a1280679fb2a529e208286333082feca4b0608d7abd7edba09d460,1,,,,,False,False
2024,709,LS110,Irina-Camelia Begu,Rebeka Masarova,313169,322087,R128,5-7 6-3 6-4,completed,absent,2024-05-07,2024-05-19,2024-05-08T13:58:21.76+00:00,False,2024-05-09T11:49:40.557+00:00,False,data/raw/wta/stats/_httpcache/2024/798d9cad4927c02506e5eb48c1f0525c863cc74a40e04060fef3642115497546.json,55c4d88d35a1280679fb2a529e208286333082feca4b0608d7abd7edba09d460,1,,,,,False,False
2024,709,LS113,Sofia Kenin,Lucia Bronzetti,320942,322280,R128,6-3 6-2,completed,absent,2024-05-07,2024-05-19,2024-05-08T14:12:03.617+00:00,False,2024-05-08T17:53:22.153+00:00,False,data/raw/wta/stats/_httpcache/2024/798d9cad4927c02506e5eb48c1f0525c863cc74a40e04060fef3642115497546.json,55c4d88d35a1280679fb2a529e208286333082feca4b0608d7abd7edba09d460,1,,,,,False,False
2024,709,LS114,Rebecca Sramkova,Giorgia Pedone,320228,330372,R128,6-4 6-1,completed,present,2024-05-07,2024-05-19,2024-05-09T10:47:55.89+00:00,False,2024-05-09T12:24:12.05+00:00,False,data/raw/wta/stats/_httpcache/2024/798d9cad4927c02506e5eb48c1f0525c863cc74a40e04060fef3642115497546.json,55c4d88d35a1280679fb2a529e208286333082feca4b0608d7abd7edba09d460,1,133927.0,True,2024-05-09,stats,False,False
2024,709,LS117,Sara Sorribes Tormo,Nadia Podoroska,318872,319112,R128,6-4 6-3,completed,absent,2024-05-07,2024-05-19,2024-05-08T17:03:21.69+00:00,False,2024-05-09T12:06:16.363+00:00,False,data/raw/wta/stats/_httpcache/2024/798d9cad4927c02506e5eb48c1f0525c863cc74a40e04060fef3642115497546.json,55c4d88d35a1280679fb2a529e208286333082feca4b0608d7abd7edba09d460,1,,,,,False,False
2024,709,LS118,Anastasia Potapova,Xiyu Wang,325601,326160,R128,6-1 7-5,completed,absent,2024-05-07,2024-05-19,2024-05-09T11:20:00.393+00:00,False,2024-05-09T13:08:08.603+00:00,False,data/raw/wta/stats/_httpcache/2024/798d9cad4927c02506e5eb48c1f0525c863cc74a40e04060fef3642115497546.json,55c4d88d35a1280679fb2a529e208286333082feca4b0608d7abd7edba09d460,1,,,,,False,False
2024,709,LS121,Sara Errani,Amanda Anisimova,310761,326384,R128,4-6 6-2 6-1,completed,absent,2024-05-07,2024-05-19,2024-05-09T12:09:27.027+00:00,False,2024-05-09T14:15:59.78+00:00,False,data/raw/wta/stats/_httpcache/2024/798d9cad4927c02506e5eb48c1f0525c863cc74a40e04060fef3642115497546.json,55c4d88d35a1280679fb2a529e208286333082feca4b0608d7abd7edba09d460,1,,,,,False,False
2024,709,LS122,Clara Tauson,Daria Saville,327793,315997,R128,6-2 6-3,completed,absent,2024-05-07,2024-05-19,2024-05-08T17:40:03.1+00:00,False,2024-05-09T13:32:17.447+00:00,False,data/raw/wta/stats/_httpcache/2024/798d9cad4927c02506e5eb48c1f0525c863cc74a40e04060fef3642115497546.json,55c4d88d35a1280679fb2a529e208286333082feca4b0608d7abd7edba09d460,1,,,,,False,False
2024,709,LS125,Laura Siegemund,Maria Lourdes Carle,310926,322638,R128,2-6 6-4 6-4,completed,absent,2024-05-07,2024-05-19,2024-05-08T13:40:18.743+00:00,False,2024-05-09T11:54:36.877+00:00,False,data/raw/wta/stats/_httpcache/2024/798d9cad4927c02506e5eb48c1f0525c863cc74a40e04060fef3642115497546.json,55c4d88d35a1280679fb2a529e208286333082feca4b0608d7abd7edba09d460,1,,,,,False,False
2024,709,LS126,Katie Volynets,Yafan Wang,327391,317510,R128,7-6(6) 6-1,completed,absent,2024-05-07,2024-05-19,2024-05-09T13:10:46.947+00:00,False,2024-05-09T16:56:11.033+00:00,False,data/raw/wta/stats/_httpcache/2024/798d9cad4927c02506e5eb48c1f0525c863cc74a40e04060fef3642115497546.json,55c4d88d35a1280679fb2a529e208286333082feca4b0608d7abd7edba09d460,1,,,,,False,False
2024,718,LS001,Jasmine Paolini,Anna Kalinskaya,319280,323942,F,4-6 7-5 7-5,completed,present,2024-02-18,2024-02-24,2024-02-24T14:52:44.357+00:00,False,2024-02-24T17:21:49.527+00:00,False,data/raw/wta/stats/_httpcache/2024/865531b0cee91a7740b81b626d7a78fe2bfa1e1f4d10397fae3d5eddf3e5a0ac.json,95e12a88ec1f9b32b659f7e1d31f69c1229fee7fdda4e4753cd43753b40d0f19,1,132778.0,True,2024-02-19,historical,False,False
2024,718,LS002,Anna Kalinskaya,Iga Swiatek,323942,326408,SF,6-4 6-4,completed,present,2024-02-18,2024-02-24,2024-02-23T15:08:10.63+00:00,False,2024-02-23T17:07:53.543+00:00,False,data/raw/wta/stats/_httpcache/2024/865531b0cee91a7740b81b626d7a78fe2bfa1e1f4d10397fae3d5eddf3e5a0ac.json,95e12a88ec1f9b32b659f7e1d31f69c1229fee7fdda4e4753cd43753b40d0f19,1,132777.0,True,2024-02-19,historical,False,False
2024,718,LS003,Jasmine Paolini,Sorana Cirstea,319280,312469,SF,6-2 7-6(6),completed,present,2024-02-18,2024-02-24,2024-02-23T12:46:14.03+00:00,False,2024-02-23T15:05:04.68+00:00,False,data/raw/wta/stats/_httpcache/2024/865531b0cee91a7740b81b626d7a78fe2bfa1e1f4d10397fae3d5eddf3e5a0ac.json,95e12a88ec1f9b32b659f7e1d31f69c1229fee7fdda4e4753cd43753b40d0f19,1,132776.0,True,2024-02-19,historical,False,False
2024,718,LS004,Iga Swiatek,Qinwen Zheng,326408,328120,QF,6-3 6-2,completed,present,2024-02-18,2024-02-24,2024-02-22T14:53:45.08+00:00,False,2024-02-22T16:36:31.027+00:00,False,data/raw/wta/stats/_httpcache/2024/865531b0cee91a7740b81b626d7a78fe2bfa1e1f4d10397fae3d5eddf3e5a0ac.json,95e12a88ec1f9b32b659f7e1d31f69c1229fee7fdda4e4753cd43753b40d0f19,1,132775.0,True,2024-02-19,historical,False,False
2024,718,LS005,Anna Kalinskaya,Coco Gauff,323942,328560,QF,2-6 6-4 6-2,completed,present,2024-02-18,2024-02-24,2024-02-22T16:41:39.633+00:00,False,2024-02-22T19:11:29.96+00:00,False,data/raw/wta/stats/_httpcache/2024/865531b0cee91a7740b81b626d7a78fe2bfa1e1f4d10397fae3d5eddf3e5a0ac.json,95e12a88ec1f9b32b659f7e1d31f69c1229fee7fdda4e4753cd43753b40d0f19,1,132774.0,True,2024-02-19,historical,False,False
2024,718,LS007,Sorana Cirstea,Marketa Vondrousova,312469,323027,QF,2-6 7-6(1) 6-2,completed,present,2024-02-18,2024-02-24,2024-02-22T09:46:39.7+00:00,False,2024-02-22T12:50:45.5+00:00,False,data/raw/wta/stats/_httpcache/2024/865531b0cee91a7740b81b626d7a78fe2bfa1e1f4d10397fae3d5eddf3e5a0ac.json,95e12a88ec1f9b32b659f7e1d31f69c1229fee7fdda4e4753cd43753b40d0f19,1,132772.0,True,2024-02-19,historical,False,False
2024,718,LS008,Iga Swiatek,Elina Svitolina,326408,316738,R16,6-1 6-4,completed,present,2024-02-18,2024-02-24,2024-02-21T14:47:37.453+00:00,False,2024-02-21T16:33:50.463+00:00,False,data/raw/wta/stats/_httpcache/2024/865531b0cee91a7740b81b626d7a78fe2bfa1e1f4d10397fae3d5eddf3e5a0ac.json,95e12a88ec1f9b32b659f7e1d31f69c1229fee7fdda4e4753cd43753b40d0f19,1,132771.0,True,2024-02-19,historical,False,False
2024,718,LS009,Qinwen Zheng,Anastasia Potapova,328120,325601,R16,6-3 6-2,completed,present,2024-02-18,2024-02-24,2024-02-21T16:36:32.713+00:00,False,2024-02-21T18:23:32.48+00:00,False,data/raw/wta/stats/_httpcache/2024/865531b0cee91a7740b81b626d7a78fe2bfa1e1f4d10397fae3d5eddf3e5a0ac.json,95e12a88ec1f9b32b659f7e1d31f69c1229fee7fdda4e4753cd43753b40d0f19,1,132770.0,True,2024-02-19,historical,False,False
2024,718,LS010,Coco Gauff,Karolina Pliskova,328560,313974,R16,2-6 6-4 6-3,completed,present,2024-02-18,2024-02-24,2024-02-21T12:28:23.56+00:00,False,2024-02-21T14:35:14.333+00:00,False,data/raw/wta/stats/_httpcache/2024/865531b0cee91a7740b81b626d7a78fe2bfa1e1f4d10397fae3d5eddf3e5a0ac.json,95e12a88ec1f9b32b659f7e1d31f69c1229fee7fdda4e4753cd43753b40d0f19,1,132769.0,True,2024-02-19,historical,False,False
2024,718,LS011,Anna Kalinskaya,Jelena Ostapenko,323942,319939,R16,6-4 7-5,completed,present,2024-02-18,2024-02-24,2024-02-21T09:26:18.587+00:00,False,2024-02-21T11:14:47.073+00:00,False,data/raw/wta/stats/_httpcache/2024/865531b0cee91a7740b81b626d7a78fe2bfa1e1f4d10397fae3d5eddf3e5a0ac.json,95e12a88ec1f9b32b659f7e1d31f69c1229fee7fdda4e4753cd43753b40d0f19,1,132768.0,True,2024-02-19,historical,False,False
2024,718,LS012,Jasmine Paolini,Maria Sakkari,319280,318312,R16,6-4 6-2,completed,present,2024-02-18,2024-02-24,2024-02-21T07:52:49.61+00:00,False,2024-02-21T09:29:14.08+00:00,False,data/raw/wta/stats/_httpcache/2024/865531b0cee91a7740b81b626d7a78fe2bfa1e1f4d10397fae3d5eddf3e5a0ac.json,95e12a88ec1f9b32b659f7e1d31f69c1229fee7fdda4e4753cd43753b40d0f19,1,132767.0,True,2024-02-19,historical,False,False
2024,718,LS013,Elena Rybakina,Magdalena Frech,324166,320277,R16,7-6(5) 3-6 6-4,completed,present,2024-02-18,2024-02-24,2024-02-21T09:32:04.763+00:00,False,2024-02-21T12:25:28.96+00:00,False,data/raw/wta/stats/_httpcache/2024/865531b0cee91a7740b81b626d7a78fe2bfa1e1f4d10397fae3d5eddf3e5a0ac.json,95e12a88ec1f9b32b659f7e1d31f69c1229fee7fdda4e4753cd43753b40d0f19,1,132766.0,True,2024-02-19,historical,False,False
2024,718,LS014,Marketa Vondrousova,Liudmila Samsonova,323027,322222,R16,6-2 6-2,completed,present,2024-02-18,2024-02-24,2024-02-21T07:51:31.21+00:00,False,2024-02-21T09:23:58.733+00:00,False,data/raw/wta/stats/_httpcache/2024/865531b0cee91a7740b81b626d7a78fe2bfa1e1f4d10397fae3d5eddf3e5a0ac.json,95e12a88ec1f9b32b659f7e1d31f69c1229fee7fdda4e4753cd43753b40d0f19,1,132765.0,True,2024-02-19,historical,False,False
2024,718,LS015,Sorana Cirstea,Donna Vekic,312469,318516,R16,3-6 6-3 7-5,completed,present,2024-02-18,2024-02-24,2024-02-21T11:18:15.047+00:00,False,2024-02-21T13:49:10.237+00:00,False,data/raw/wta/stats/_httpcache/2024/865531b0cee91a7740b81b626d7a78fe2bfa1e1f4d10397fae3d5eddf3e5a0ac.json,95e12a88ec1f9b32b659f7e1d31f69c1229fee7fdda4e4753cd43753b40d0f19,1,132764.0,True,2024-02-19,historical,False,False
2024,718,LS016,Iga Swiatek,Sloane Stephens,326408,315683,R32,6-4 6-4,completed,present,2024-02-18,2024-02-24,2024-02-20T14:49:43.477+00:00,False,2024-02-20T17:07:11.863+00:00,False,data/raw/wta/stats/_httpcache/2024/865531b0cee91a7740b81b626d7a78fe2bfa1e1f4d10397fae3d5eddf3e5a0ac.json,95e12a88ec1f9b32b659f7e1d31f69c1229fee7fdda4e4753cd43753b40d0f19,1,132763.0,True,2024-02-19,historical,False,False
2024,718,LS017,Elina Svitolina,Tatjana Maria,316738,310440,R32,6-3 6-3,completed,present,2024-02-18,2024-02-24,2024-02-20T10:41:51.657+00:00,False,2024-02-20T12:18:10.13+00:00,False,data/raw/wta/stats/_httpcache/2024/865531b0cee91a7740b81b626d7a78fe2bfa1e1f4d10397fae3d5eddf3e5a0ac.json,95e12a88ec1f9b32b659f7e1d31f69c1229fee7fdda4e4753cd43753b40d0f19,1,132762.0,True,2024-02-19,historical,False,False
2024,718,LS018,Anastasia Potapova,Lucia Bronzetti,325601,322280,R32,6-0 6-3,completed,present,2024-02-18,2024-02-24,2024-02-20T10:48:12.017+00:00,False,2024-02-20T12:13:00.44+00:00,False,data/raw/wta/stats/_httpcache/2024/865531b0cee91a7740b81b626d7a78fe2bfa1e1f4d10397fae3d5eddf3e5a0ac.json,95e12a88ec1f9b32b659f7e1d31f69c1229fee7fdda4e4753cd43753b40d0f19,1,132761.0,True,2024-02-19,historical,False,False
2024,718,LS019,Qinwen Zheng,Nao Hibino,328120,320238,R32,5-7 6-2 6-2,completed,present,2024-02-18,2024-02-24,2024-02-20T12:38:25.767+00:00,False,2024-02-20T15:08:09.357+00:00,False,data/raw/wta/stats/_httpcache/2024/865531b0cee91a7740b81b626d7a78fe2bfa1e1f4d10397fae3d5eddf3e5a0ac.json,95e12a88ec1f9b32b659f7e1d31f69c1229fee7fdda4e4753cd43753b40d0f19,1,132760.0,True,2024-02-19,historical,False,False
2024,718,LS020,Coco Gauff,Elisabetta Cocciaretto,328560,327909,R32,6-1 7-5,completed,present,2024-02-18,2024-02-24,2024-02-20T17:10:00.3+00:00,False,2024-02-20T19:04:55.533+00:00,False,data/raw/wta/stats/_httpcache/2024/865531b0cee91a7740b81b626d7a78fe2bfa1e1f4d10397fae3d5eddf3e5a0ac.json,95e12a88ec1f9b32b659f7e1d31f69c1229fee7fdda4e4753cd43753b40d0f19,1,132759.0,True,2024-02-19,historical,False,False
2024,718,LS021,Karolina Pliskova,Ashlyn Krueger,313974,329409,R32,6-7(2) 6-3 6-4,completed,present,2024-02-18,2024-02-24,2024-02-20T15:09:46.677+00:00,False,2024-02-20T17:40:39.56+00:00,False,data/raw/wta/stats/_httpcache/2024/865531b0cee91a7740b81b626d7a78fe2bfa1e1f4d10397fae3d5eddf3e5a0ac.json,95e12a88ec1f9b32b659f7e1d31f69c1229fee7fdda4e4753cd43753b40d0f19,1,132758.0,True,2024-02-19,historical,False,False
2024,718,LS022,Jelena Ostapenko,Lulu Sun,319939,324576,R32,6-4 6-3,completed,present,2024-02-18,2024-02-24,2024-02-20T11:03:09.787+00:00,False,2024-02-20T12:35:58.827+00:00,False,data/raw/wta/stats/_httpcache/2024/865531b0cee91a7740b81b626d7a78fe2bfa1e1f4d10397fae3d5eddf3e5a0ac.json,95e12a88ec1f9b32b659f7e1d31f69c1229fee7fdda4e4753cd43753b40d0f19,1,132757.0,True,2024-02-19,historical,False,False
2024,718,LS023,Anna Kalinskaya,Cristina Bucsa,323942,321158,R32,6-3 6-4,completed,present,2024-02-18,2024-02-24,2024-02-20T09:13:39.333+00:00,False,2024-02-20T10:42:54.443+00:00,False,data/raw/wta/stats/_httpcache/2024/865531b0cee91a7740b81b626d7a78fe2bfa1e1f4d10397fae3d5eddf3e5a0ac.json,95e12a88ec1f9b32b659f7e1d31f69c1229fee7fdda4e4753cd43753b40d0f19,1,132795.0,True,2024-02-20,stats,False,False
2024,718,LS024,Maria Sakkari,Emma Navarro,318312,325410,R32,6-2 6-4,completed,present,2024-02-18,2024-02-24,2024-02-20T06:51:34.97+00:00,False,2024-02-20T08:26:27.25+00:00,False,data/raw/wta/stats/_httpcache/2024/865531b0cee91a7740b81b626d7a78fe2bfa1e1f4d10397fae3d5eddf3e5a0ac.json,95e12a88ec1f9b32b659f7e1d31f69c1229fee7fdda4e4753cd43753b40d0f19,1,132756.0,True,2024-02-19,historical,False,False
2024,718,LS025,Jasmine Paolini,Leylah Fernandez,319280,326735,R32,6-3 6-4,completed,present,2024-02-18,2024-02-24,2024-02-20T06:50:09.493+00:00,False,2024-02-20T08:45:44.687+00:00,False,data/raw/wta/stats/_httpcache/2024/865531b0cee91a7740b81b626d7a78fe2bfa1e1f4d10397fae3d5eddf3e5a0ac.json,95e12a88ec1f9b32b659f7e1d31f69c1229fee7fdda4e4753cd43753b40d0f19,1,132755.0,True,2024-02-19,historical,False,False
2024,718,LS026,Magdalena Frech,Petra Martic,320277,313711,R32,6-4 1-6 6-2,completed,present,2024-02-18,2024-02-24,2024-02-20T06:42:43.047+00:00,False,2024-02-20T09:10:33.33+00:00,False,data/raw/wta/stats/_httpcache/2024/865531b0cee91a7740b81b626d7a78fe2bfa1e1f4d10397fae3d5eddf3e5a0ac.json,95e12a88ec1f9b32b659f7e1d31f69c1229fee7fdda4e4753cd43753b40d0f19,1,132754.0,True,2024-02-19,historical,False,False
2024,718,LS028,Marketa Vondrousova,Peyton Stearns,323027,327573,R32,6-1 5-7 6-2,completed,present,2024-02-18,2024-02-24,2024-02-20T06:43:55.69+00:00,False,2024-02-20T09:12:28.727+00:00,False,data/raw/wta/stats/_httpcache/2024/865531b0cee91a7740b81b626d7a78fe2bfa1e1f4d10397fae3d5eddf3e5a0ac.json,95e12a88ec1f9b32b659f7e1d31f69c1229fee7fdda4e4753cd43753b40d0f19,1,132752.0,True,2024-02-19,historical,False,False
2024,718,LS030,Sorana Cirstea,Veronika Kudermetova,312469,319526,R32,6-1 6-4,completed,present,2024-02-18,2024-02-24,2024-02-20T09:14:54.537+00:00,False,2024-02-20T10:58:59.197+00:00,False,data/raw/wta/stats/_httpcache/2024/865531b0cee91a7740b81b626d7a78fe2bfa1e1f4d10397fae3d5eddf3e5a0ac.json,95e12a88ec1f9b32b659f7e1d31f69c1229fee7fdda4e4753cd43753b40d0f19,1,132750.0,True,2024-02-19,historical,False,False
2024,718,LS031,Donna Vekic,Aryna Sabalenka,318516,320760,R32,6-7(5) 6-3 6-0,completed,present,2024-02-18,2024-02-24,2024-02-20T08:28:48.92+00:00,False,2024-02-20T11:06:36.88+00:00,False,data/raw/wta/stats/_httpcache/2024/865531b0cee91a7740b81b626d7a78fe2bfa1e1f4d10397fae3d5eddf3e5a0ac.json,95e12a88ec1f9b32b659f7e1d31f69c1229fee7fdda4e4753cd43753b40d0f19,1,132749.0,True,2024-02-19,historical,False,False
2024,718,LS033,Sloane Stephens,Clara Burel,315683,325320,R64,6-4 1-6 6-2,completed,present,2024-02-18,2024-02-24,2024-02-18T12:03:50.997+00:00,False,2024-02-18T14:20:22.593+00:00,False,data/raw/wta/stats/_httpcache/2024/865531b0cee91a7740b81b626d7a78fe2bfa1e1f4d10397fae3d5eddf3e5a0ac.json,95e12a88ec1f9b32b659f7e1d31f69c1229fee7fdda4e4753cd43753b40d0f19,1,132748.0,True,2024-02-19,historical,False,False
2024,718,LS034,Tatjana Maria,Varvara Gracheva,310440,325836,R64,6-2 6-1,completed,present,2024-02-18,2024-02-24,2024-02-18T06:44:22.77+00:00,False,2024-02-18T08:09:19.81+00:00,False,data/raw/wta/stats/_httpcache/2024/865531b0cee91a7740b81b626d7a78fe2bfa1e1f4d10397fae3d5eddf3e5a0ac.json,95e12a88ec1f9b32b659f7e1d31f69c1229fee7fdda4e4753cd43753b40d0f19,1,132747.0,True,2024-02-19,historical,False,False
2024,718,LS035,Elina Svitolina,Anhelina Kalinina,316738,320567,R64,6-3 7-6(7),completed,present,2024-02-18,2024-02-24,2024-02-19T14:50:34.167+00:00,False,2024-02-19T16:48:24.68+00:00,False,data/raw/wta/stats/_httpcache/2024/865531b0cee91a7740b81b626d7a78fe2bfa1e1f4d10397fae3d5eddf3e5a0ac.json,95e12a88ec1f9b32b659f7e1d31f69c1229fee7fdda4e4753cd43753b40d0f19,1,132746.0,True,2024-02-19,historical,False,False
2024,718,LS036,Lucia Bronzetti,Daria Kasatkina,322280,322082,R64,7-6(5) 4-6 7-5,completed,present,2024-02-18,2024-02-24,2024-02-19T16:52:54.107+00:00,False,2024-02-19T19:51:02.013+00:00,False,data/raw/wta/stats/_httpcache/2024/865531b0cee91a7740b81b626d7a78fe2bfa1e1f4d10397fae3d5eddf3e5a0ac.json,95e12a88ec1f9b32b659f7e1d31f69c1229fee7fdda4e4753cd43753b40d0f19,1,132745.0,True,2024-02-19,historical,False,False
2024,718,LS037,Anastasia Potapova,Lin Zhu,325601,317306,R64,0-1 6-2 6-4,incomplete-or-invalid-score,score-conflict,2024-02-18,2024-02-24,2024-02-19T08:31:42.38+00:00,False,2025-01-28T20:18:56.06+00:00,False,data/raw/wta/stats/_httpcache/2024/865531b0cee91a7740b81b626d7a78fe2bfa1e1f4d10397fae3d5eddf3e5a0ac.json,95e12a88ec1f9b32b659f7e1d31f69c1229fee7fdda4e4753cd43753b40d0f19,1,132744.0,True,2024-02-19,historical,False,False
2024,718,LS038,Nao Hibino,Magda Linette,320238,315130,R64,6-2 3-6 6-4,completed,present,2024-02-18,2024-02-24,2024-02-18T08:12:41.967+00:00,False,2024-02-18T11:05:41.7+00:00,False,data/raw/wta/stats/_httpcache/2024/865531b0cee91a7740b81b626d7a78fe2bfa1e1f4d10397fae3d5eddf3e5a0ac.json,95e12a88ec1f9b32b659f7e1d31f69c1229fee7fdda4e4753cd43753b40d0f19,1,132743.0,True,2024-02-19,historical,False,False
2024,718,LS041,Elisabetta Cocciaretto,Elise Mertens,327909,317964,R64,1-6 6-3 7-6(3),completed,present,2024-02-18,2024-02-24,2024-02-18T14:09:50.933+00:00,False,2024-02-18T16:49:26.443+00:00,False,data/raw/wta/stats/_httpcache/2024/865531b0cee91a7740b81b626d7a78fe2bfa1e1f4d10397fae3d5eddf3e5a0ac.json,95e12a88ec1f9b32b659f7e1d31f69c1229fee7fdda4e4753cd43753b40d0f19,1,132742.0,True,2024-02-19,historical,False,False
2024,718,LS042,Karolina Pliskova,Shuai Zhang,313974,311779,R64,6-3 7-5,completed,present,2024-02-18,2024-02-24,2024-02-19T08:34:19.3+00:00,False,2024-02-19T10:06:10.637+00:00,False,data/raw/wta/stats/_httpcache/2024/865531b0cee91a7740b81b626d7a78fe2bfa1e1f4d10397fae3d5eddf3e5a0ac.json,95e12a88ec1f9b32b659f7e1d31f69c1229fee7fdda4e4753cd43753b40d0f19,1,132741.0,True,2024-02-19,historical,False,False
2024,718,LS043,Ashlyn Krueger,Caroline Garcia,329409,315391,R64,3-6 6-3 6-3,completed,present,2024-02-18,2024-02-24,2024-02-18T14:38:58.39+00:00,False,2024-02-18T17:03:24.577+00:00,False,data/raw/wta/stats/_httpcache/2024/865531b0cee91a7740b81b626d7a78fe2bfa1e1f4d10397fae3d5eddf3e5a0ac.json,95e12a88ec1f9b32b659f7e1d31f69c1229fee7fdda4e4753cd43753b40d0f19,1,132740.0,True,2024-02-19,historical,False,False
2024,718,LS044,Jelena Ostapenko,Xiyu Wang,319939,326160,R64,5-7 6-2 6-3,completed,present,2024-02-18,2024-02-24,2024-02-19T10:12:05.53+00:00,False,2024-02-19T12:26:14.557+00:00,False,data/raw/wta/stats/_httpcache/2024/865531b0cee91a7740b81b626d7a78fe2bfa1e1f4d10397fae3d5eddf3e5a0ac.json,95e12a88ec1f9b32b659f7e1d31f69c1229fee7fdda4e4753cd43753b40d0f19,1,132739.0,True,2024-02-19,historical,False,False
2024,718,LS046,Anna Kalinskaya,Storm Hunter,323942,317810,R64,6-1 6-2,completed,present,2024-02-18,2024-02-24,2024-02-18T10:35:30.75+00:00,False,2024-02-18T11:42:45.163+00:00,False,data/raw/wta/stats/_httpcache/2024/865531b0cee91a7740b81b626d7a78fe2bfa1e1f4d10397fae3d5eddf3e5a0ac.json,95e12a88ec1f9b32b659f7e1d31f69c1229fee7fdda4e4753cd43753b40d0f19,1,132737.0,True,2024-02-19,historical,False,False
2024,718,LS049,Emma Navarro,Katerina Siniakova,325410,320301,R64,4-6 7-5 6-4,completed,present,2024-02-18,2024-02-24,2024-02-18T09:04:57+00:00,False,2024-02-18T12:01:06.513+00:00,False,data/raw/wta/stats/_httpcache/2024/865531b0cee91a7740b81b626d7a78fe2bfa1e1f4d10397fae3d5eddf3e5a0ac.json,95e12a88ec1f9b32b659f7e1d31f69c1229fee7fdda4e4753cd43753b40d0f19,1,132736.0,True,2024-02-19,historical,False,False
2024,718,LS050,Leylah Fernandez,Bernarda Pera,326735,317708,R64,6-3 6-2,completed,present,2024-02-18,2024-02-24,2024-02-19T06:47:02.753+00:00,False,2024-02-19T08:29:03.597+00:00,False,data/raw/wta/stats/_httpcache/2024/865531b0cee91a7740b81b626d7a78fe2bfa1e1f4d10397fae3d5eddf3e5a0ac.json,95e12a88ec1f9b32b659f7e1d31f69c1229fee7fdda4e4753cd43753b40d0f19,1,132735.0,True,2024-02-19,historical,False,False
2024,718,LS051,Jasmine Paolini,Beatriz Haddad Maia,319280,318176,R64,4-6 6-4 6-0,completed,present,2024-02-18,2024-02-24,2024-02-18T11:45:46.58+00:00,False,2024-02-18T14:06:10.317+00:00,False,data/raw/wta/stats/_httpcache/2024/865531b0cee91a7740b81b626d7a78fe2bfa1e1f4d10397fae3d5eddf3e5a0ac.json,95e12a88ec1f9b32b659f7e1d31f69c1229fee7fdda4e4753cd43753b40d0f19,1,132734.0,True,2024-02-19,historical,False,False
2024,718,LS052,Magdalena Frech,Ekaterina Alexandrova,320277,319007,R64,7-6(2) 6-3,completed,present,2024-02-18,2024-02-24,2024-02-18T06:51:36.453+00:00,False,2024-02-18T08:42:56.293+00:00,False,data/raw/wta/stats/_httpcache/2024/865531b0cee91a7740b81b626d7a78fe2bfa1e1f4d10397fae3d5eddf3e5a0ac.json,95e12a88ec1f9b32b659f7e1d31f69c1229fee7fdda4e4753cd43753b40d0f19,1,132733.0,True,2024-02-19,historical,False,False
2024,718,LS053,Petra Martic,Caroline Dolehide,313711,322052,R64,6-4 7-6(4),completed,present,2024-02-18,2024-02-24,2024-02-19T06:45:23.503+00:00,False,2024-02-19T09:05:48.313+00:00,False,data/raw/wta/stats/_httpcache/2024/865531b0cee91a7740b81b626d7a78fe2bfa1e1f4d10397fae3d5eddf3e5a0ac.json,95e12a88ec1f9b32b659f7e1d31f69c1229fee7fdda4e4753cd43753b40d0f19,1,132732.0,True,2024-02-19,historical,False,False
2024,718,LS054,Victoria Azarenka,Arantxa Rus,312001,313349,R64,6-2 6-4,completed,present,2024-02-18,2024-02-24,2024-02-19T06:46:44.797+00:00,False,2024-02-19T08:30:57.43+00:00,False,data/raw/wta/stats/_httpcache/2024/865531b0cee91a7740b81b626d7a78fe2bfa1e1f4d10397fae3d5eddf3e5a0ac.json,95e12a88ec1f9b32b659f7e1d31f69c1229fee7fdda4e4753cd43753b40d0f19,1,132731.0,True,2024-02-19,historical,False,False
2024,718,LS057,Peyton Stearns,Mirra Andreeva,327573,331809,R64,6-2 2-6 6-1,completed,present,2024-02-18,2024-02-24,2024-02-18T06:59:13.72+00:00,False,2024-02-18T09:01:56.71+00:00,False,data/raw/wta/stats/_httpcache/2024/865531b0cee91a7740b81b626d7a78fe2bfa1e1f4d10397fae3d5eddf3e5a0ac.json,95e12a88ec1f9b32b659f7e1d31f69c1229fee7fdda4e4753cd43753b40d0f19,1,132730.0,True,2024-02-19,historical,False,False
2024,718,LS058,Anastasia Pavlyuchenkova,Marie Bouzkova,313796,320983,R64,6-4 6-3,completed,present,2024-02-18,2024-02-24,2024-02-19T09:08:36.85+00:00,False,2024-02-19T10:52:53.33+00:00,False,data/raw/wta/stats/_httpcache/2024/865531b0cee91a7740b81b626d7a78fe2bfa1e1f4d10397fae3d5eddf3e5a0ac.json,95e12a88ec1f9b32b659f7e1d31f69c1229fee7fdda4e4753cd43753b40d0f19,1,132729.0,True,2024-02-19,historical,False,False
2024,718,LS059,Liudmila Samsonova,Viktoriya Tomova,322222,317584,R64,7-6(2) 6-3,completed,present,2024-02-18,2024-02-24,2024-02-19T12:52:41.47+00:00,False,2024-02-19T14:42:54.477+00:00,False,data/raw/wta/stats/_httpcache/2024/865531b0cee91a7740b81b626d7a78fe2bfa1e1f4d10397fae3d5eddf3e5a0ac.json,95e12a88ec1f9b32b659f7e1d31f69c1229fee7fdda4e4753cd43753b40d0f19,1,132728.0,True,2024-02-19,historical,False,False
2024,718,LS060,Veronika Kudermetova,Dayana Yastremska,319526,324261,R64,6-0 1-6 6-0,completed,present,2024-02-18,2024-02-24,2024-02-19T10:58:45.24+00:00,False,2024-02-19T12:49:14.793+00:00,False,data/raw/wta/stats/_httpcache/2024/865531b0cee91a7740b81b626d7a78fe2bfa1e1f4d10397fae3d5eddf3e5a0ac.json,95e12a88ec1f9b32b659f7e1d31f69c1229fee7fdda4e4753cd43753b40d0f19,1,132727.0,True,2024-02-19,historical,False,False
2024,718,LS061,Sorana Cirstea,Sofia Kenin,312469,320942,R64,6-3 7-6(2),completed,present,2024-02-18,2024-02-24,2024-02-18T17:06:29.897+00:00,False,2024-02-18T19:05:59.953+00:00,False,data/raw/wta/stats/_httpcache/2024/865531b0cee91a7740b81b626d7a78fe2bfa1e1f4d10397fae3d5eddf3e5a0ac.json,95e12a88ec1f9b32b659f7e1d31f69c1229fee7fdda4e4753cd43753b40d0f19,1,132726.0,True,2024-02-19,historical,False,False
2024,718,LS062,Donna Vekic,Xinyu Wang,318516,326376,R64,6-2 6-4,completed,present,2024-02-18,2024-02-24,2024-02-18T08:46:10.937+00:00,False,2024-02-18T10:32:53.957+00:00,False,data/raw/wta/stats/_httpcache/2024/865531b0cee91a7740b81b626d7a78fe2bfa1e1f4d10397fae3d5eddf3e5a0ac.json,95e12a88ec1f9b32b659f7e1d31f69c1229fee7fdda4e4753cd43753b40d0f19,1,132724.0,True,2024-02-18,stats,False,False
2024,800,LS001,Elena Rybakina,Aryna Sabalenka,324166,320760,F,6-0 6-3,completed,present,2023-12-31,2024-01-07,2024-01-07T04:49:06.007+00:00,False,2024-01-07T06:21:41.25+00:00,False,data/raw/wta/stats/_httpcache/2024/81330dfd8dc8fd1730f6151f418daa32318aae53459978ecaedb8f9bc6705213.json,b463d098e01098c5a0544d9ce50755c4fa55a76d3c1748575ccc94d6fc972045,0,132098.0,True,2024-01-01,historical,False,False
2024,800,LS002,Aryna Sabalenka,Victoria Azarenka,320760,312001,SF,6-2 6-4,completed,present,2023-12-31,2024-01-07,2024-01-06T08:20:34.197+00:00,False,2024-01-06T10:08:56.873+00:00,False,data/raw/wta/stats/_httpcache/2024/81330dfd8dc8fd1730f6151f418daa32318aae53459978ecaedb8f9bc6705213.json,b463d098e01098c5a0544d9ce50755c4fa55a76d3c1748575ccc94d6fc972045,0,132097.0,True,2024-01-01,historical,False,False
2024,800,LS003,Elena Rybakina,Linda Noskova,324166,329668,SF,6-3 6-2,completed,present,2023-12-31,2024-01-07,2024-01-06T02:52:28.86+00:00,False,2024-01-06T04:12:16.193+00:00,False,data/raw/wta/stats/_httpcache/2024/81330dfd8dc8fd1730f6151f418daa32318aae53459978ecaedb8f9bc6705213.json,b463d098e01098c5a0544d9ce50755c4fa55a76d3c1748575ccc94d6fc972045,0,132096.0,True,2024-01-01,historical,False,False
2024,800,LS004,Aryna Sabalenka,Daria Kasatkina,320760,322082,QF,6-1 6-4,completed,present,2023-12-31,2024-01-07,2024-01-05T08:12:39.54+00:00,False,2024-01-05T10:06:00.533+00:00,False,data/raw/wta/stats/_httpcache/2024/81330dfd8dc8fd1730f6151f418daa32318aae53459978ecaedb8f9bc6705213.json,b463d098e01098c5a0544d9ce50755c4fa55a76d3c1748575ccc94d6fc972045,0,132095.0,True,2024-01-01,historical,False,False
2024,800,LS005,Victoria Azarenka,Jelena Ostapenko,312001,319939,QF,6-3 3-6 7-5,completed,present,2023-12-31,2024-01-07,2024-01-05T00:54:45.57+00:00,False,2024-01-05T03:39:58.463+00:00,False,data/raw/wta/stats/_httpcache/2024/81330dfd8dc8fd1730f6151f418daa32318aae53459978ecaedb8f9bc6705213.json,b463d098e01098c5a0544d9ce50755c4fa55a76d3c1748575ccc94d6fc972045,0,132094.0,True,2024-01-01,historical,False,False
2024,800,LS006,Linda Noskova,Mirra Andreeva,329668,331809,QF,7-5 6-3,completed,present,2023-12-31,2024-01-07,2024-01-05T04:57:47.387+00:00,False,2024-01-05T06:48:59.26+00:00,False,data/raw/wta/stats/_httpcache/2024/81330dfd8dc8fd1730f6151f418daa32318aae53459978ecaedb8f9bc6705213.json,b463d098e01098c5a0544d9ce50755c4fa55a76d3c1748575ccc94d6fc972045,0,132093.0,True,2024-01-01,historical,False,False
2024,800,LS008,Aryna Sabalenka,Lin Zhu,320760,317306,R16,6-1 6-0,completed,present,2023-12-31,2024-01-07,2024-01-04T10:13:35.223+00:00,False,2024-01-04T11:37:55.497+00:00,False,data/raw/wta/stats/_httpcache/2024/81330dfd8dc8fd1730f6151f418daa32318aae53459978ecaedb8f9bc6705213.json,b463d098e01098c5a0544d9ce50755c4fa55a76d3c1748575ccc94d6fc972045,0,132091.0,True,2024-01-01,historical,False,False
2024,800,LS009,Daria Kasatkina,Magda Linette,322082,315130,R16,6-4 6-2,completed,present,2023-12-31,2024-01-07,2024-01-04T04:49:01.51+00:00,False,2024-01-04T06:27:35.673+00:00,False,data/raw/wta/stats/_httpcache/2024/81330dfd8dc8fd1730f6151f418daa32318aae53459978ecaedb8f9bc6705213.json,b463d098e01098c5a0544d9ce50755c4fa55a76d3c1748575ccc94d6fc972045,0,132090.0,True,2024-01-01,historical,False,False
2024,800,LS010,Jelena Ostapenko,Karolina Pliskova,319939,313974,R16,6-2 4-6 6-3,completed,present,2023-12-31,2024-01-07,2024-01-04T02:47:08.65+00:00,False,2024-01-04T05:20:27.313+00:00,False,data/raw/wta/stats/_httpcache/2024/81330dfd8dc8fd1730f6151f418daa32318aae53459978ecaedb8f9bc6705213.json,b463d098e01098c5a0544d9ce50755c4fa55a76d3c1748575ccc94d6fc972045,0,132089.0,True,2024-01-01,historical,False,False
2024,800,LS011,Victoria Azarenka,Clara Burel,312001,325320,R16,7-5 6-2,completed,present,2023-12-31,2024-01-07,2024-01-04T00:46:27.823+00:00,False,2024-01-04T02:42:41.483+00:00,False,data/raw/wta/stats/_httpcache/2024/81330dfd8dc8fd1730f6151f418daa32318aae53459978ecaedb8f9bc6705213.json,b463d098e01098c5a0544d9ce50755c4fa55a76d3c1748575ccc94d6fc972045,0,132088.0,True,2024-01-01,historical,False,False
2024,800,LS012,Linda Noskova,Julia Riera,329668,327287,R16,6-1 6-7(4) 6-3,completed,present,2023-12-31,2024-01-07,2024-01-04T02:37:45.297+00:00,False,2024-01-04T04:46:54.507+00:00,False,data/raw/wta/stats/_httpcache/2024/81330dfd8dc8fd1730f6151f418daa32318aae53459978ecaedb8f9bc6705213.json,b463d098e01098c5a0544d9ce50755c4fa55a76d3c1748575ccc94d6fc972045,0,132087.0,True,2024-01-01,historical,False,False
2024,800,LS013,Mirra Andreeva,Arina Rodionova,331809,312413,R16,6-1 6-1,completed,present,2023-12-31,2024-01-07,2024-01-04T05:39:23.487+00:00,False,2024-01-04T06:51:50.563+00:00,False,data/raw/wta/stats/_httpcache/2024/81330dfd8dc8fd1730f6151f418daa32318aae53459978ecaedb8f9bc6705213.json,b463d098e01098c5a0544d9ce50755c4fa55a76d3c1748575ccc94d6fc972045,0,132086.0,True,2024-01-01,historical,False,False
2024,800,LS014,Anastasia Potapova,Veronika Kudermetova,325601,319526,R16,7-5 6-7(7) 6-4,completed,present,2023-12-31,2024-01-07,2024-01-04T06:31:38.29+00:00,False,2024-01-04T10:10:52.417+00:00,False,data/raw/wta/stats/_httpcache/2024/81330dfd8dc8fd1730f6151f418daa32318aae53459978ecaedb8f9bc6705213.json,b463d098e01098c5a0544d9ce50755c4fa55a76d3c1748575ccc94d6fc972045,0,132085.0,True,2024-01-01,historical,False,False
2024,800,LS015,Elena Rybakina,Elise Mertens,324166,317964,R16,6-1 6-0,completed,present,2023-12-31,2024-01-07,2024-01-04T06:54:35.473+00:00,False,2024-01-04T08:04:33.78+00:00,False,data/raw/wta/stats/_httpcache/2024/81330dfd8dc8fd1730f6151f418daa32318aae53459978ecaedb8f9bc6705213.json,b463d098e01098c5a0544d9ce50755c4fa55a76d3c1748575ccc94d6fc972045,0,132084.0,True,2024-01-01,historical,False,False
2024,800,LS016,Aryna Sabalenka,Lucia Bronzetti,320760,322280,R32,6-3 6-0,completed,present,2023-12-31,2024-01-07,2024-01-03T03:29:54.973+00:00,False,2024-01-03T04:42:59.61+00:00,False,data/raw/wta/stats/_httpcache/2024/81330dfd8dc8fd1730f6151f418daa32318aae53459978ecaedb8f9bc6705213.json,b463d098e01098c5a0544d9ce50755c4fa55a76d3c1748575ccc94d6fc972045,0,132083.0,True,2024-01-01,historical,False,False
2024,800,LS017,Lin Zhu,Danielle Collins,317306,316925,R32,1-6 6-3 7-6(7),completed,present,2023-12-31,2024-01-07,2024-01-03T09:04:25.4+00:00,False,2024-01-03T11:46:34.927+00:00,False,data/raw/wta/stats/_httpcache/2024/81330dfd8dc8fd1730f6151f418daa32318aae53459978ecaedb8f9bc6705213.json,b463d098e01098c5a0544d9ce50755c4fa55a76d3c1748575ccc94d6fc972045,0,132082.0,True,2024-01-01,historical,False,False
2024,800,LS018,Magda Linette,Cristina Bucsa,315130,321158,R32,6-3 7-5,completed,present,2023-12-31,2024-01-07,2024-01-03T07:24:00.883+00:00,False,2024-01-03T09:03:17.07+00:00,False,data/raw/wta/stats/_httpcache/2024/81330dfd8dc8fd1730f6151f418daa32318aae53459978ecaedb8f9bc6705213.json,b463d098e01098c5a0544d9ce50755c4fa55a76d3c1748575ccc94d6fc972045,0,132081.0,True,2024-01-01,historical,False,False
2024,800,LS019,Daria Kasatkina,Marta Kostyuk,322082,326482,R32,6-3 6-4,completed,present,2023-12-31,2024-01-07,2024-01-03T04:06:40.333+00:00,False,2024-01-03T05:44:21.05+00:00,False,data/raw/wta/stats/_httpcache/2024/81330dfd8dc8fd1730f6151f418daa32318aae53459978ecaedb8f9bc6705213.json,b463d098e01098c5a0544d9ce50755c4fa55a76d3c1748575ccc94d6fc972045,0,132080.0,True,2024-01-01,historical,False,False
2024,800,LS020,Jelena Ostapenko,Camila Giorgi,319939,314610,R32,6-1 6-4,completed,present,2023-12-31,2024-01-07,2024-01-03T05:32:02.57+00:00,False,2024-01-03T07:01:29.293+00:00,False,data/raw/wta/stats/_httpcache/2024/81330dfd8dc8fd1730f6151f418daa32318aae53459978ecaedb8f9bc6705213.json,b463d098e01098c5a0544d9ce50755c4fa55a76d3c1748575ccc94d6fc972045,0,132079.0,True,2024-01-01,historical,False,False
2024,800,LS021,Karolina Pliskova,Naomi Osaka,313974,319998,R32,3-6 7-6(4) 6-4,completed,present,2023-12-31,2024-01-07,2024-01-03T00:47:53.16+00:00,False,2024-01-03T03:25:40.92+00:00,False,data/raw/wta/stats/_httpcache/2024/81330dfd8dc8fd1730f6151f418daa32318aae53459978ecaedb8f9bc6705213.json,b463d098e01098c5a0544d9ce50755c4fa55a76d3c1748575ccc94d6fc972045,0,132078.0,True,2024-01-01,historical,False,False
2024,800,LS022,Clara Burel,Anhelina Kalinina,325320,320567,R32,6-4 6-1,completed,present,2023-12-31,2024-01-07,2024-01-03T05:47:46.393+00:00,False,2024-01-03T07:21:32.687+00:00,False,data/raw/wta/stats/_httpcache/2024/81330dfd8dc8fd1730f6151f418daa32318aae53459978ecaedb8f9bc6705213.json,b463d098e01098c5a0544d9ce50755c4fa55a76d3c1748575ccc94d6fc972045,0,132077.0,True,2024-01-01,historical,False,False
2024,800,LS023,Victoria Azarenka,Anna Kalinskaya,312001,323942,R32,6-1 7-6(8),completed,present,2023-12-31,2024-01-07,2024-01-02T05:40:13.543+00:00,False,2024-01-02T08:12:49.383+00:00,False,data/raw/wta/stats/_httpcache/2024/81330dfd8dc8fd1730f6151f418daa32318aae53459978ecaedb8f9bc6705213.json,b463d098e01098c5a0544d9ce50755c4fa55a76d3c1748575ccc94d6fc972045,0,132076.0,True,2024-01-01,historical,False,False
2024,800,LS024,Julia Riera,Ekaterina Alexandrova,327287,319007,R32,6-3 6-4,completed,present,2023-12-31,2024-01-07,2024-01-03T05:02:53.933+00:00,False,2024-01-03T06:34:43.417+00:00,False,data/raw/wta/stats/_httpcache/2024/81330dfd8dc8fd1730f6151f418daa32318aae53459978ecaedb8f9bc6705213.json,b463d098e01098c5a0544d9ce50755c4fa55a76d3c1748575ccc94d6fc972045,0,132075.0,True,2024-01-01,historical,False,False
2024,800,LS025,Linda Noskova,Sorana Cirstea,329668,312469,R32,6-4 4-6 6-4,completed,present,2023-12-31,2024-01-07,2024-01-03T02:25:42.11+00:00,False,2024-01-03T04:58:23.03+00:00,False,data/raw/wta/stats/_httpcache/2024/81330dfd8dc8fd1730f6151f418daa32318aae53459978ecaedb8f9bc6705213.json,b463d098e01098c5a0544d9ce50755c4fa55a76d3c1748575ccc94d6fc972045,0,132074.0,True,2024-01-01,historical,False,False
2024,800,LS026,Arina Rodionova,Sofia Kenin,312413,320942,R32,7-5 7-6(7),completed,present,2023-12-31,2024-01-07,2024-01-02T02:51:39.66+00:00,False,2024-01-02T05:36:52.42+00:00,False,data/raw/wta/stats/_httpcache/2024/81330dfd8dc8fd1730f6151f418daa32318aae53459978ecaedb8f9bc6705213.json,b463d098e01098c5a0544d9ce50755c4fa55a76d3c1748575ccc94d6fc972045,0,132073.0,True,2024-01-01,historical,False,False
2024,800,LS027,Mirra Andreeva,Liudmila Samsonova,331809,322222,R32,6-2 6-1,completed,present,2023-12-31,2024-01-07,2024-01-03T07:05:02.407+00:00,False,2024-01-03T08:22:21.417+00:00,False,data/raw/wta/stats/_httpcache/2024/81330dfd8dc8fd1730f6151f418daa32318aae53459978ecaedb8f9bc6705213.json,b463d098e01098c5a0544d9ce50755c4fa55a76d3c1748575ccc94d6fc972045,0,132072.0,True,2024-01-01,historical,False,False
2024,800,LS028,Veronika Kudermetova,Anna Karolina Schmiedlova,319526,318203,R32,6-2 6-3,completed,present,2023-12-31,2024-01-07,2024-01-03T00:49:21.33+00:00,False,2024-01-03T02:22:42.457+00:00,False,data/raw/wta/stats/_httpcache/2024/81330dfd8dc8fd1730f6151f418daa32318aae53459978ecaedb8f9bc6705213.json,b463d098e01098c5a0544d9ce50755c4fa55a76d3c1748575ccc94d6fc972045,0,132071.0,True,2024-01-01,historical,False,False
2024,800,LS029,Anastasia Potapova,Daria Saville,325601,315997,R32,6-4 3-6 6-4,completed,present,2023-12-31,2024-01-07,2024-01-03T00:47:42.72+00:00,False,2024-01-03T04:02:07.917+00:00,False,data/raw/wta/stats/_httpcache/2024/81330dfd8dc8fd1730f6151f418daa32318aae53459978ecaedb8f9bc6705213.json,b463d098e01098c5a0544d9ce50755c4fa55a76d3c1748575ccc94d6fc972045,0,132070.0,True,2024-01-01,historical,False,False
2024,800,LS030,Elise Mertens,Sloane Stephens,317964,315683,R32,2-6 6-1 6-3,completed,present,2023-12-31,2024-01-07,2024-01-03T08:25:00.61+00:00,False,2024-01-03T10:19:24.573+00:00,False,data/raw/wta/stats/_httpcache/2024/81330dfd8dc8fd1730f6151f418daa32318aae53459978ecaedb8f9bc6705213.json,b463d098e01098c5a0544d9ce50755c4fa55a76d3c1748575ccc94d6fc972045,0,132069.0,True,2024-01-01,historical,False,False
2024,800,LS031,Elena Rybakina,Olivia Gadecki,324166,326653,R32,6-4 6-1,completed,present,2023-12-31,2024-01-07,2024-01-03T08:27:50.987+00:00,False,2024-01-03T10:00:13.807+00:00,False,data/raw/wta/stats/_httpcache/2024/81330dfd8dc8fd1730f6151f418daa32318aae53459978ecaedb8f9bc6705213.json,b463d098e01098c5a0544d9ce50755c4fa55a76d3c1748575ccc94d6fc972045,0,132068.0,True,2024-01-01,historical,False,False
2024,800,LS033,Lucia Bronzetti,Ashlyn Krueger,322280,329409,R64,6-4 7-5,completed,present,2023-12-31,2024-01-07,2024-01-01T02:58:08.823+00:00,False,2024-01-02T08:15:50.667+00:00,False,data/raw/wta/stats/_httpcache/2024/81330dfd8dc8fd1730f6151f418daa32318aae53459978ecaedb8f9bc6705213.json,b463d098e01098c5a0544d9ce50755c4fa55a76d3c1748575ccc94d6fc972045,0,132067.0,True,2024-01-01,historical,False,False
2024,800,LS034,Danielle Collins,Hailey Baptiste,316925,327101,R64,6-1 4-6 6-3,completed,present,2023-12-31,2024-01-07,2024-01-02T12:41:58.837+00:00,False,2024-01-02T14:51:26.77+00:00,False,data/raw/wta/stats/_httpcache/2024/81330dfd8dc8fd1730f6151f418daa32318aae53459978ecaedb8f9bc6705213.json,b463d098e01098c5a0544d9ce50755c4fa55a76d3c1748575ccc94d6fc972045,0,132066.0,True,2024-01-01,historical,False,False
2024,800,LS037,Cristina Bucsa,Greet Minnen,321158,321454,R64,5-7 6-3 6-1,completed,ambiguous,2023-12-31,2024-01-07,2023-12-31T07:10:24.573+00:00,False,2023-12-31T09:29:59.523+00:00,False,data/raw/wta/stats/_httpcache/2024/81330dfd8dc8fd1730f6151f418daa32318aae53459978ecaedb8f9bc6705213.json,b463d098e01098c5a0544d9ce50755c4fa55a76d3c1748575ccc94d6fc972045,0,,,,,False,False
2024,800,LS038,Marta Kostyuk,Ana Bogdan,326482,315427,R64,4-6 6-3 6-3,completed,ambiguous,2023-12-31,2024-01-07,2023-12-31T04:48:27.327+00:00,False,2023-12-31T07:05:56.233+00:00,False,data/raw/wta/stats/_httpcache/2024/81330dfd8dc8fd1730f6151f418daa32318aae53459978ecaedb8f9bc6705213.json,b463d098e01098c5a0544d9ce50755c4fa55a76d3c1748575ccc94d6fc972045,0,,,,,False,False
2024,800,LS041,Camila Giorgi,Peyton Stearns,314610,327573,R64,5-7 6-2 6-3,completed,ambiguous,2023-12-31,2024-01-07,2023-12-31T02:28:40.597+00:00,False,2023-12-31T05:21:11.183+00:00,False,data/raw/wta/stats/_httpcache/2024/81330dfd8dc8fd1730f6151f418daa32318aae53459978ecaedb8f9bc6705213.json,b463d098e01098c5a0544d9ce50755c4fa55a76d3c1748575ccc94d6fc972045,0,,,,,False,False
2024,800,LS042,Naomi Osaka,Tamara Korpatsch,319998,319571,R64,6-3 7-6(9),completed,present,2023-12-31,2024-01-07,2024-01-01T00:43:41.88+00:00,False,2024-01-01T02:58:52.767+00:00,False,data/raw/wta/stats/_httpcache/2024/81330dfd8dc8fd1730f6151f418daa32318aae53459978ecaedb8f9bc6705213.json,b463d098e01098c5a0544d9ce50755c4fa55a76d3c1748575ccc94d6fc972045,0,132062.0,True,2024-01-01,historical,False,False
2024,800,LS045,Clara Burel,Zeynep Sonmez,325320,326907,R64,6-4 6-2,completed,present,2023-12-31,2024-01-07,2024-01-02T11:21:18.08+00:00,False,2024-01-02T12:36:32.613+00:00,False,data/raw/wta/stats/_httpcache/2024/81330dfd8dc8fd1730f6151f418daa32318aae53459978ecaedb8f9bc6705213.json,b463d098e01098c5a0544d9ce50755c4fa55a76d3c1748575ccc94d6fc972045,0,132061.0,True,2024-01-01,historical,False,False
2024,800,LS046,Anna Kalinskaya,Bernarda Pera,323942,317708,R64,6-2 6-1,completed,ambiguous,2023-12-31,2024-01-07,2023-12-31T00:49:32.41+00:00,False,2023-12-31T02:06:38.783+00:00,False,data/raw/wta/stats/_httpcache/2024/81330dfd8dc8fd1730f6151f418daa32318aae53459978ecaedb8f9bc6705213.json,b463d098e01098c5a0544d9ce50755c4fa55a76d3c1748575ccc94d6fc972045,0,,,,,False,False
2024,800,LS049,Julia Riera,Viktoriya Tomova,327287,317584,R64,6-2 6-4,completed,present,2023-12-31,2024-01-07,2024-01-02T12:39:04.633+00:00,False,2024-01-02T14:07:52.517+00:00,False,data/raw/wta/stats/_httpcache/2024/81330dfd8dc8fd1730f6151f418daa32318aae53459978ecaedb8f9bc6705213.json,b463d098e01098c5a0544d9ce50755c4fa55a76d3c1748575ccc94d6fc972045,0,132059.0,True,2024-01-01,historical,False,False
2024,800,LS050,Linda Noskova,Timea Babos,329668,317070,R64,5-7 7-6(8) 7-6(2),completed,present,2023-12-31,2024-01-07,2024-01-02T05:04:41.363+00:00,False,2024-01-02T08:28:19.967+00:00,False,data/raw/wta/stats/_httpcache/2024/81330dfd8dc8fd1730f6151f418daa32318aae53459978ecaedb8f9bc6705213.json,b463d098e01098c5a0544d9ce50755c4fa55a76d3c1748575ccc94d6fc972045,0,132058.0,True,2024-01-01,historical,False,False
2024,800,LS053,Arina Rodionova,Martina Trevisan,312413,316266,R64,6-3 6-2,completed,ambiguous,2023-12-31,2024-01-07,2023-12-31T00:44:36.847+00:00,False,2023-12-31T02:37:16.177+00:00,False,data/raw/wta/stats/_httpcache/2024/81330dfd8dc8fd1730f6151f418daa32318aae53459978ecaedb8f9bc6705213.json,b463d098e01098c5a0544d9ce50755c4fa55a76d3c1748575ccc94d6fc972045,0,,,,,False,False
2024,800,LS054,Mirra Andreeva,Diana Shnaider,331809,330482,R64,6-2 6-3,completed,ambiguous,2023-12-31,2024-01-07,2023-12-31T00:50:37.14+00:00,False,2023-12-31T02:25:10.787+00:00,False,data/raw/wta/stats/_httpcache/2024/81330dfd8dc8fd1730f6151f418daa32318aae53459978ecaedb8f9bc6705213.json,b463d098e01098c5a0544d9ce50755c4fa55a76d3c1748575ccc94d6fc972045,0,,,,,False,False
2024,800,LS057,Anna Karolina Schmiedlova,Caroline Dolehide,318203,322052,R64,3-6 6-4 6-2,completed,ambiguous,2023-12-31,2024-01-07,2023-12-31T02:09:29.02+00:00,False,2023-12-31T04:46:43.537+00:00,False,data/raw/wta/stats/_httpcache/2024/81330dfd8dc8fd1730f6151f418daa32318aae53459978ecaedb8f9bc6705213.json,b463d098e01098c5a0544d9ce50755c4fa55a76d3c1748575ccc94d6fc972045,0,,,,,False,False
2024,800,LS058,Daria Saville,Dayana Yastremska,315997,324261,R64,6-0 6-4,completed,present,2023-12-31,2024-01-07,2024-01-01T11:21:57.757+00:00,False,2024-01-01T13:08:55.91+00:00,False,data/raw/wta/stats/_httpcache/2024/81330dfd8dc8fd1730f6151f418daa32318aae53459978ecaedb8f9bc6705213.json,b463d098e01098c5a0544d9ce50755c4fa55a76d3c1748575ccc94d6fc972045,0,132054.0,True,2024-01-01,historical,False,False
2024,800,LS061,Sloane Stephens,Katerina Siniakova,315683,320301,R64,7-5 6-3,completed,ambiguous,2023-12-31,2024-01-07,2023-12-31T02:43:01.613+00:00,False,2023-12-31T04:38:31.72+00:00,False,data/raw/wta/stats/_httpcache/2024/81330dfd8dc8fd1730f6151f418daa32318aae53459978ecaedb8f9bc6705213.json,b463d098e01098c5a0544d9ce50755c4fa55a76d3c1748575ccc94d6fc972045,0,,,,,False,False
2024,800,LS062,Olivia Gadecki,Kimberly Birrell,326653,320728,R64,4-6 6-0 6-4,completed,present,2023-12-31,2024-01-07,2024-01-02T10:44:41.1+00:00,False,2024-01-02T13:03:05.48+00:00,False,data/raw/wta/stats/_httpcache/2024/81330dfd8dc8fd1730f6151f418daa32318aae53459978ecaedb8f9bc6705213.json,b463d098e01098c5a0544d9ce50755c4fa55a76d3c1748575ccc94d6fc972045,0,132052.0,True,2024-01-01,historical,False,False
2024,804,LS001,Danielle Collins,Daria Kasatkina,316925,322082,F,6-2 6-1,completed,present,2024-04-01,2024-04-07,2024-04-07T18:16:30.037+00:00,False,2024-04-07T19:55:50.093+00:00,False,data/raw/wta/stats/_httpcache/2024/4e7ec706ae72c88399cf1f00748043c6db4c1a676028633315830cf38833aecd.json,1d2dd94c47dcfbc163e0eced65b9c1e206f4459de74572936e9fc17ee5a7f98c,0,133376.0,True,2024-04-01,historical,False,False
2024,804,LS002,Daria Kasatkina,Jessica Pegula,322082,316956,SF,6-4 4-6 7-6(5),completed,present,2024-04-01,2024-04-07,2024-04-06T16:48:18.813+00:00,False,2024-04-06T19:56:12.1+00:00,False,data/raw/wta/stats/_httpcache/2024/4e7ec706ae72c88399cf1f00748043c6db4c1a676028633315830cf38833aecd.json,1d2dd94c47dcfbc163e0eced65b9c1e206f4459de74572936e9fc17ee5a7f98c,0,133375.0,True,2024-04-01,historical,False,False
2024,804,LS003,Danielle Collins,Maria Sakkari,316925,318312,SF,6-3 6-3,completed,present,2024-04-01,2024-04-07,2024-04-06T19:58:50.483+00:00,False,2024-04-06T21:38:11.947+00:00,False,data/raw/wta/stats/_httpcache/2024/4e7ec706ae72c88399cf1f00748043c6db4c1a676028633315830cf38833aecd.json,1d2dd94c47dcfbc163e0eced65b9c1e206f4459de74572936e9fc17ee5a7f98c,0,133374.0,True,2024-04-01,historical,False,False
2024,804,LS004,Jessica Pegula,Victoria Azarenka,316956,312001,QF,6-4 3-6 7-6(7),completed,present,2024-04-01,2024-04-07,2024-04-05T17:50:49.773+00:00,False,2024-04-05T20:44:32.653+00:00,False,data/raw/wta/stats/_httpcache/2024/4e7ec706ae72c88399cf1f00748043c6db4c1a676028633315830cf38833aecd.json,1d2dd94c47dcfbc163e0eced65b9c1e206f4459de74572936e9fc17ee5a7f98c,0,133373.0,True,2024-04-01,historical,False,False
2024,804,LS005,Daria Kasatkina,Jaqueline Cristian,322082,320319,QF,6-7(4) 6-2 6-3,completed,present,2024-04-01,2024-04-07,2024-04-05T14:48:03.613+00:00,False,2024-04-05T17:49:54.987+00:00,False,data/raw/wta/stats/_httpcache/2024/4e7ec706ae72c88399cf1f00748043c6db4c1a676028633315830cf38833aecd.json,1d2dd94c47dcfbc163e0eced65b9c1e206f4459de74572936e9fc17ee5a7f98c,0,133372.0,True,2024-04-01,historical,False,False
2024,804,LS006,Maria Sakkari,Veronika Kudermetova,318312,319526,QF,6-2 6-4,completed,present,2024-04-01,2024-04-07,2024-04-05T22:32:07.433+00:00,False,2024-04-06T00:34:41.81+00:00,False,data/raw/wta/stats/_httpcache/2024/4e7ec706ae72c88399cf1f00748043c6db4c1a676028633315830cf38833aecd.json,1d2dd94c47dcfbc163e0eced65b9c1e206f4459de74572936e9fc17ee5a7f98c,0,133371.0,True,2024-04-01,historical,False,False
2024,804,LS007,Danielle Collins,Elise Mertens,316925,317964,QF,6-3 6-4,completed,present,2024-04-01,2024-04-07,2024-04-05T20:50:58.22+00:00,False,2024-04-05T22:27:27.613+00:00,False,data/raw/wta/stats/_httpcache/2024/4e7ec706ae72c88399cf1f00748043c6db4c1a676028633315830cf38833aecd.json,1d2dd94c47dcfbc163e0eced65b9c1e206f4459de74572936e9fc17ee5a7f98c,0,133370.0,True,2024-04-01,historical,False,False
2024,804,LS008,Jessica Pegula,Magda Linette,316956,315130,R16,6-2 6-2,completed,present,2024-04-01,2024-04-07,2024-04-04T17:14:09.077+00:00,False,2024-04-04T18:28:59.89+00:00,False,data/raw/wta/stats/_httpcache/2024/4e7ec706ae72c88399cf1f00748043c6db4c1a676028633315830cf38833aecd.json,1d2dd94c47dcfbc163e0eced65b9c1e206f4459de74572936e9fc17ee5a7f98c,0,133369.0,True,2024-04-01,historical,False,False
2024,804,LS009,Victoria Azarenka,Taylor Townsend,312001,318609,R16,6-7(5) 6-3 6-4,completed,present,2024-04-01,2024-04-07,2024-04-04T18:36:10.693+00:00,False,2024-04-04T21:37:26.577+00:00,False,data/raw/wta/stats/_httpcache/2024/4e7ec706ae72c88399cf1f00748043c6db4c1a676028633315830cf38833aecd.json,1d2dd94c47dcfbc163e0eced65b9c1e206f4459de74572936e9fc17ee5a7f98c,0,133368.0,True,2024-04-01,historical,False,False
2024,804,LS010,Daria Kasatkina,Anhelina Kalinina,322082,320567,R16,6-1 6-4,completed,present,2024-04-01,2024-04-07,2024-04-04T18:41:03.39+00:00,False,2024-04-04T20:17:01.01+00:00,False,data/raw/wta/stats/_httpcache/2024/4e7ec706ae72c88399cf1f00748043c6db4c1a676028633315830cf38833aecd.json,1d2dd94c47dcfbc163e0eced65b9c1e206f4459de74572936e9fc17ee5a7f98c,0,133367.0,True,2024-04-01,historical,False,False
2024,804,LS011,Jaqueline Cristian,Emma Navarro,320319,325410,R16,6-3 5-7 6-1,completed,present,2024-04-01,2024-04-07,2024-04-04T18:31:30.827+00:00,False,2024-04-04T21:13:10.713+00:00,False,data/raw/wta/stats/_httpcache/2024/4e7ec706ae72c88399cf1f00748043c6db4c1a676028633315830cf38833aecd.json,1d2dd94c47dcfbc163e0eced65b9c1e206f4459de74572936e9fc17ee5a7f98c,0,133366.0,True,2024-04-01,historical,False,False
2024,804,LS012,Veronika Kudermetova,Beatriz Haddad Maia,319526,318176,R16,7-5 6-1,completed,present,2024-04-01,2024-04-07,2024-04-04T21:37:46.747+00:00,False,2024-04-04T23:32:45.407+00:00,False,data/raw/wta/stats/_httpcache/2024/4e7ec706ae72c88399cf1f00748043c6db4c1a676028633315830cf38833aecd.json,1d2dd94c47dcfbc163e0eced65b9c1e206f4459de74572936e9fc17ee5a7f98c,0,133365.0,True,2024-04-01,historical,False,False
2024,804,LS013,Maria Sakkari,Astra Sharma,318312,319696,R16,6-4 6-1,completed,present,2024-04-01,2024-04-07,2024-04-04T23:25:18.383+00:00,False,2024-04-05T01:09:30.217+00:00,False,data/raw/wta/stats/_httpcache/2024/4e7ec706ae72c88399cf1f00748043c6db4c1a676028633315830cf38833aecd.json,1d2dd94c47dcfbc163e0eced65b9c1e206f4459de74572936e9fc17ee5a7f98c,0,133364.0,True,2024-04-01,historical,False,False
2024,804,LS014,Elise Mertens,Elina Svitolina,317964,316738,R16,6-4 6-1,completed,present,2024-04-01,2024-04-07,2024-04-04T23:33:24.393+00:00,False,2024-04-05T00:54:05.427+00:00,False,data/raw/wta/stats/_httpcache/2024/4e7ec706ae72c88399cf1f00748043c6db4c1a676028633315830cf38833aecd.json,1d2dd94c47dcfbc163e0eced65b9c1e206f4459de74572936e9fc17ee5a7f98c,0,133363.0,True,2024-04-01,historical,False,False
2024,804,LS015,Danielle Collins,Sloane Stephens,316925,315683,R16,6-2 6-2,completed,present,2024-04-01,2024-04-07,2024-04-04T21:47:51.257+00:00,False,2024-04-04T23:19:42.347+00:00,False,data/raw/wta/stats/_httpcache/2024/4e7ec706ae72c88399cf1f00748043c6db4c1a676028633315830cf38833aecd.json,1d2dd94c47dcfbc163e0eced65b9c1e206f4459de74572936e9fc17ee5a7f98c,0,133362.0,True,2024-04-01,historical,False,False
2024,804,LS016,Jessica Pegula,Amanda Anisimova,316956,326384,R32,3-6 6-4 7-6(3),completed,present,2024-04-01,2024-04-07,2024-04-02T21:49:14.337+00:00,False,2024-04-03T00:35:29.373+00:00,False,data/raw/wta/stats/_httpcache/2024/4e7ec706ae72c88399cf1f00748043c6db4c1a676028633315830cf38833aecd.json,1d2dd94c47dcfbc163e0eced65b9c1e206f4459de74572936e9fc17ee5a7f98c,0,133361.0,True,2024-04-01,historical,False,False
2024,804,LS017,Magda Linette,Dayana Yastremska,315130,324261,R32,0-6 6-4 6-3,completed,present,2024-04-01,2024-04-07,2024-04-02T20:54:07.463+00:00,False,2024-04-02T22:55:32.04+00:00,False,data/raw/wta/stats/_httpcache/2024/4e7ec706ae72c88399cf1f00748043c6db4c1a676028633315830cf38833aecd.json,1d2dd94c47dcfbc163e0eced65b9c1e206f4459de74572936e9fc17ee5a7f98c,0,133360.0,True,2024-04-01,historical,False,False
2024,804,LS018,Victoria Azarenka,Elisabetta Cocciaretto,312001,327909,R32,6-1 6-2,completed,present,2024-04-01,2024-04-07,2024-04-03T21:24:10.34+00:00,False,2024-04-03T23:03:49.843+00:00,False,data/raw/wta/stats/_httpcache/2024/4e7ec706ae72c88399cf1f00748043c6db4c1a676028633315830cf38833aecd.json,1d2dd94c47dcfbc163e0eced65b9c1e206f4459de74572936e9fc17ee5a7f98c,0,133359.0,True,2024-04-01,historical,False,False
2024,804,LS019,Taylor Townsend,Ekaterina Alexandrova,318609,319007,R32,7-5 6-2,completed,present,2024-04-01,2024-04-07,2024-04-04T01:11:35.46+00:00,False,2024-04-04T03:02:45.073+00:00,False,data/raw/wta/stats/_httpcache/2024/4e7ec706ae72c88399cf1f00748043c6db4c1a676028633315830cf38833aecd.json,1d2dd94c47dcfbc163e0eced65b9c1e206f4459de74572936e9fc17ee5a7f98c,0,133358.0,True,2024-04-01,historical,False,False
2024,804,LS020,Daria Kasatkina,Ashlyn Krueger,322082,329409,R32,6-3 0-6 6-1,completed,present,2024-04-01,2024-04-07,2024-04-03T23:07:39.343+00:00,False,2024-04-04T01:08:17.75+00:00,False,data/raw/wta/stats/_httpcache/2024/4e7ec706ae72c88399cf1f00748043c6db4c1a676028633315830cf38833aecd.json,1d2dd94c47dcfbc163e0eced65b9c1e206f4459de74572936e9fc17ee5a7f98c,0,133357.0,True,2024-04-01,historical,False,False
2024,804,LS021,Anhelina Kalinina,Caroline Wozniacki,320567,313402,R32,6-2 6-3,completed,present,2024-04-01,2024-04-07,2024-04-03T20:50:13.233+00:00,False,2024-04-03T23:05:35.173+00:00,False,data/raw/wta/stats/_httpcache/2024/4e7ec706ae72c88399cf1f00748043c6db4c1a676028633315830cf38833aecd.json,1d2dd94c47dcfbc163e0eced65b9c1e206f4459de74572936e9fc17ee5a7f98c,0,133356.0,True,2024-04-01,historical,False,False
2024,804,LS022,Emma Navarro,Katie Volynets,325410,327391,R32,6-1 6-1,completed,present,2024-04-01,2024-04-07,2024-04-03T23:07:47.137+00:00,False,2024-04-04T00:31:40.08+00:00,False,data/raw/wta/stats/_httpcache/2024/4e7ec706ae72c88399cf1f00748043c6db4c1a676028633315830cf38833aecd.json,1d2dd94c47dcfbc163e0eced65b9c1e206f4459de74572936e9fc17ee5a7f98c,0,133355.0,True,2024-04-01,historical,False,False
2024,804,LS023,Jaqueline Cristian,Madison Keys,320319,316959,R32,3-6 6-3 6-3,completed,present,2024-04-01,2024-04-07,2024-04-03T00:38:44.39+00:00,False,2024-04-03T02:55:08.713+00:00,False,data/raw/wta/stats/_httpcache/2024/4e7ec706ae72c88399cf1f00748043c6db4c1a676028633315830cf38833aecd.json,1d2dd94c47dcfbc163e0eced65b9c1e206f4459de74572936e9fc17ee5a7f98c,0,133354.0,True,2024-04-01,historical,False,False
2024,804,LS024,Beatriz Haddad Maia,Caroline Dolehide,318176,322052,R32,6-2 7-5,completed,present,2024-04-01,2024-04-07,2024-04-04T02:43:37.733+00:00,False,2024-04-04T04:40:06.04+00:00,False,data/raw/wta/stats/_httpcache/2024/4e7ec706ae72c88399cf1f00748043c6db4c1a676028633315830cf38833aecd.json,1d2dd94c47dcfbc163e0eced65b9c1e206f4459de74572936e9fc17ee5a7f98c,0,133353.0,True,2024-04-01,historical,False,False
2024,804,LS025,Veronika Kudermetova,Shelby Rogers,319526,317421,R32,7-6(5) 6-4,completed,present,2024-04-01,2024-04-07,2024-04-04T00:34:46.34+00:00,False,2024-04-04T02:40:43.423+00:00,False,data/raw/wta/stats/_httpcache/2024/4e7ec706ae72c88399cf1f00748043c6db4c1a676028633315830cf38833aecd.json,1d2dd94c47dcfbc163e0eced65b9c1e206f4459de74572936e9fc17ee5a7f98c,0,133352.0,True,2024-04-01,historical,False,False
2024,804,LS026,Astra Sharma,Lesia Tsurenko,319696,315295,R32,6-4 6-0,completed,present,2024-04-01,2024-04-07,2024-04-03T21:24:17.94+00:00,False,2024-04-03T23:19:16.69+00:00,False,data/raw/wta/stats/_httpcache/2024/4e7ec706ae72c88399cf1f00748043c6db4c1a676028633315830cf38833aecd.json,1d2dd94c47dcfbc163e0eced65b9c1e206f4459de74572936e9fc17ee5a7f98c,0,133351.0,True,2024-04-01,historical,False,False
2024,804,LS027,Maria Sakkari,Viktoriya Tomova,318312,317584,R32,6-3 6-3,completed,present,2024-04-01,2024-04-07,2024-04-02T18:02:51.37+00:00,False,2024-04-02T19:37:25.247+00:00,False,data/raw/wta/stats/_httpcache/2024/4e7ec706ae72c88399cf1f00748043c6db4c1a676028633315830cf38833aecd.json,1d2dd94c47dcfbc163e0eced65b9c1e206f4459de74572936e9fc17ee5a7f98c,0,133350.0,True,2024-04-01,historical,False,False
2024,804,LS028,Elina Svitolina,Daria Saville,316738,315997,R32,6-2 6-4,completed,present,2024-04-01,2024-04-07,2024-04-04T16:56:35.457+00:00,False,2024-04-04T18:32:27.29+00:00,False,data/raw/wta/stats/_httpcache/2024/4e7ec706ae72c88399cf1f00748043c6db4c1a676028633315830cf38833aecd.json,1d2dd94c47dcfbc163e0eced65b9c1e206f4459de74572936e9fc17ee5a7f98c,0,133349.0,True,2024-04-01,historical,False,False
2024,804,LS029,Elise Mertens,Varvara Gracheva,317964,325836,R32,6-4 3-6 6-2,completed,present,2024-04-01,2024-04-07,2024-04-04T15:45:39.083+00:00,False,2024-04-04T18:38:58.343+00:00,False,data/raw/wta/stats/_httpcache/2024/4e7ec706ae72c88399cf1f00748043c6db4c1a676028633315830cf38833aecd.json,1d2dd94c47dcfbc163e0eced65b9c1e206f4459de74572936e9fc17ee5a7f98c,0,133348.0,True,2024-04-01,historical,False,False
2024,804,LS030,Sloane Stephens,Leylah Fernandez,315683,326735,R32,6-4 6-4,completed,present,2024-04-01,2024-04-07,2024-04-04T14:46:44.577+00:00,False,2024-04-04T16:55:56.263+00:00,False,data/raw/wta/stats/_httpcache/2024/4e7ec706ae72c88399cf1f00748043c6db4c1a676028633315830cf38833aecd.json,1d2dd94c47dcfbc163e0eced65b9c1e206f4459de74572936e9fc17ee5a7f98c,0,133347.0,True,2024-04-01,historical,False,False
2024,804,LS031,Danielle Collins,Ons Jabeur,316925,316847,R32,6-3 1-6 6-3,completed,present,2024-04-01,2024-04-07,2024-04-04T14:51:37.083+00:00,False,2024-04-04T17:10:13.39+00:00,False,data/raw/wta/stats/_httpcache/2024/4e7ec706ae72c88399cf1f00748043c6db4c1a676028633315830cf38833aecd.json,1d2dd94c47dcfbc163e0eced65b9c1e206f4459de74572936e9fc17ee5a7f98c,0,133346.0,True,2024-04-01,historical,False,False
2024,804,LS033,Amanda Anisimova,Alizé Cornet,326384,312121,R64,6-3 6-0,completed,present,2024-04-01,2024-04-07,2024-04-01T18:04:54.167+00:00,False,2024-04-01T19:43:29.253+00:00,False,data/raw/wta/stats/_httpcache/2024/4e7ec706ae72c88399cf1f00748043c6db4c1a676028633315830cf38833aecd.json,1d2dd94c47dcfbc163e0eced65b9c1e206f4459de74572936e9fc17ee5a7f98c,0,133345.0,True,2024-04-01,historical,False,False
2024,804,LS034,Magda Linette,Petra Martic,315130,313711,R64,6-3 6-4,completed,present,2024-04-01,2024-04-07,2024-04-01T14:42:26.03+00:00,False,2024-04-01T16:42:01.863+00:00,False,data/raw/wta/stats/_httpcache/2024/4e7ec706ae72c88399cf1f00748043c6db4c1a676028633315830cf38833aecd.json,1d2dd94c47dcfbc163e0eced65b9c1e206f4459de74572936e9fc17ee5a7f98c,0,133344.0,True,2024-04-01,historical,False,False
2024,804,LS037,Elisabetta Cocciaretto,Ana Bogdan,327909,315427,R64,2-6 6-1 7-6(6),completed,present,2024-04-01,2024-04-07,2024-04-02T16:24:28.557+00:00,False,2024-04-02T19:02:13.977+00:00,False,data/raw/wta/stats/_httpcache/2024/4e7ec706ae72c88399cf1f00748043c6db4c1a676028633315830cf38833aecd.json,1d2dd94c47dcfbc163e0eced65b9c1e206f4459de74572936e9fc17ee5a7f98c,0,133343.0,True,2024-04-01,historical,False,False
2024,804,LS038,Taylor Townsend,Sofia Kenin,318609,320942,R64,6-3 6-3,completed,present,2024-04-01,2024-04-07,2024-04-02T14:42:56.577+00:00,False,2024-04-02T16:30:41.017+00:00,False,data/raw/wta/stats/_httpcache/2024/4e7ec706ae72c88399cf1f00748043c6db4c1a676028633315830cf38833aecd.json,1d2dd94c47dcfbc163e0eced65b9c1e206f4459de74572936e9fc17ee5a7f98c,0,133342.0,True,2024-04-01,historical,False,False
2024,804,LS041,Ashlyn Krueger,Gabriela Lee,329409,319454,R64,7-6(0) 6-3,completed,present,2024-04-01,2024-04-07,2024-04-02T18:53:36.523+00:00,False,2024-04-02T20:50:20.01+00:00,False,data/raw/wta/stats/_httpcache/2024/4e7ec706ae72c88399cf1f00748043c6db4c1a676028633315830cf38833aecd.json,1d2dd94c47dcfbc163e0eced65b9c1e206f4459de74572936e9fc17ee5a7f98c,0,133341.0,True,2024-04-01,historical,False,False
2024,804,LS042,Caroline Wozniacki,McCartney Kessler,313402,326678,R64,6-0 6-1,completed,present,2024-04-01,2024-04-07,2024-04-01T16:47:54.86+00:00,False,2024-04-01T18:01:05.92+00:00,False,data/raw/wta/stats/_httpcache/2024/4e7ec706ae72c88399cf1f00748043c6db4c1a676028633315830cf38833aecd.json,1d2dd94c47dcfbc163e0eced65b9c1e206f4459de74572936e9fc17ee5a7f98c,0,133340.0,True,2024-04-01,historical,False,False
2024,804,LS045,Katie Volynets,Arantxa Rus,327391,313349,R64,6-2 6-7(6) 7-6(6),completed,present,2024-04-01,2024-04-07,2024-04-01T18:56:40.47+00:00,False,2024-04-01T22:52:47.907+00:00,False,data/raw/wta/stats/_httpcache/2024/4e7ec706ae72c88399cf1f00748043c6db4c1a676028633315830cf38833aecd.json,1d2dd94c47dcfbc163e0eced65b9c1e206f4459de74572936e9fc17ee5a7f98c,0,133339.0,True,2024-04-01,historical,False,False
2024,804,LS046,Jaqueline Cristian,Sachia Vickery,320319,317443,R64,6-1 6-4,completed,present,2024-04-01,2024-04-07,2024-04-01T17:48:38.01+00:00,False,2024-04-01T19:34:36.763+00:00,False,data/raw/wta/stats/_httpcache/2024/4e7ec706ae72c88399cf1f00748043c6db4c1a676028633315830cf38833aecd.json,1d2dd94c47dcfbc163e0eced65b9c1e206f4459de74572936e9fc17ee5a7f98c,0,133338.0,True,2024-04-01,historical,False,False
2024,804,LS049,Caroline Dolehide,Kayla Day,322052,322534,R64,6-3 0-6 6-4,completed,present,2024-04-01,2024-04-07,2024-04-02T16:32:30.24+00:00,False,2024-04-02T18:51:10.217+00:00,False,data/raw/wta/stats/_httpcache/2024/4e7ec706ae72c88399cf1f00748043c6db4c1a676028633315830cf38833aecd.json,1d2dd94c47dcfbc163e0eced65b9c1e206f4459de74572936e9fc17ee5a7f98c,0,133337.0,True,2024-04-01,historical,False,False
2024,804,LS050,Shelby Rogers,Claire Liu,317421,323966,R64,6-1 6-1,completed,present,2024-04-01,2024-04-07,2024-04-01T21:41:18.6+00:00,False,2024-04-01T23:21:29.457+00:00,False,data/raw/wta/stats/_httpcache/2024/4e7ec706ae72c88399cf1f00748043c6db4c1a676028633315830cf38833aecd.json,1d2dd94c47dcfbc163e0eced65b9c1e206f4459de74572936e9fc17ee5a7f98c,0,133336.0,True,2024-04-01,historical,False,False
2024,804,LS053,Astra Sharma,Arina Rodionova,319696,312413,R64,6-4 6-1,completed,present,2024-04-01,2024-04-07,2024-04-02T14:39:36.843+00:00,False,2024-04-02T16:19:54.063+00:00,False,data/raw/wta/stats/_httpcache/2024/4e7ec706ae72c88399cf1f00748043c6db4c1a676028633315830cf38833aecd.json,1d2dd94c47dcfbc163e0eced65b9c1e206f4459de74572936e9fc17ee5a7f98c,0,133335.0,True,2024-04-01,historical,False,False
2024,804,LS054,Viktoriya Tomova,Mayar Sherif,317584,318711,R64,6-4 3-6 6-2,completed,present,2024-04-01,2024-04-07,2024-04-01T14:46:35.803+00:00,False,2024-04-01T17:43:58.003+00:00,False,data/raw/wta/stats/_httpcache/2024/4e7ec706ae72c88399cf1f00748043c6db4c1a676028633315830cf38833aecd.json,1d2dd94c47dcfbc163e0eced65b9c1e206f4459de74572936e9fc17ee5a7f98c,0,133334.0,True,2024-04-01,historical,False,False
2024,804,LS057,Daria Saville,Tamara Korpatsch,315997,319571,R64,6-4 3-6 6-2,completed,present,2024-04-01,2024-04-07,2024-04-01T16:26:19.377+00:00,False,2024-04-01T18:53:47.383+00:00,False,data/raw/wta/stats/_httpcache/2024/4e7ec706ae72c88399cf1f00748043c6db4c1a676028633315830cf38833aecd.json,1d2dd94c47dcfbc163e0eced65b9c1e206f4459de74572936e9fc17ee5a7f98c,0,133333.0,True,2024-04-01,historical,False,False
2024,804,LS058,Varvara Gracheva,Clervie Ngounoue,325836,330788,R64,6-2 6-1,completed,present,2024-04-01,2024-04-07,2024-04-01T23:25:12.313+00:00,False,2024-04-02T00:56:12.577+00:00,False,data/raw/wta/stats/_httpcache/2024/4e7ec706ae72c88399cf1f00748043c6db4c1a676028633315830cf38833aecd.json,1d2dd94c47dcfbc163e0eced65b9c1e206f4459de74572936e9fc17ee5a7f98c,0,133332.0,True,2024-04-01,historical,False,False
2024,804,LS061,Sloane Stephens,Magdalena Frech,315683,320277,R64,6-0 6-2,completed,present,2024-04-01,2024-04-07,2024-04-02T14:51:32.61+00:00,False,2024-04-02T16:15:07.06+00:00,False,data/raw/wta/stats/_httpcache/2024/4e7ec706ae72c88399cf1f00748043c6db4c1a676028633315830cf38833aecd.json,1d2dd94c47dcfbc163e0eced65b9c1e206f4459de74572936e9fc17ee5a7f98c,0,133331.0,True,2024-04-01,historical,False,False
2024,804,LS062,Danielle Collins,Paula Badosa,316925,320124,R64,6-1 6-4,completed,present,2024-04-01,2024-04-07,2024-04-02T16:18:04.953+00:00,False,2024-04-02T18:00:00.503+00:00,False,data/raw/wta/stats/_httpcache/2024/4e7ec706ae72c88399cf1f00748043c6db4c1a676028633315830cf38833aecd.json,1d2dd94c47dcfbc163e0eced65b9c1e206f4459de74572936e9fc17ee5a7f98c,0,133330.0,True,2024-04-01,historical,False,False
2024,806,LS001,Jessica Pegula,Amanda Anisimova,316956,326384,F,6-3 2-6 6-1,completed,present,2024-08-06,2024-08-12,2024-08-12T21:46:35.32+00:00,False,2024-08-12T23:36:05.117+00:00,False,data/raw/wta/stats/_httpcache/2024/6ab45df137f9347ead14616473bd3213c7b0f4b7e0855330ef6bfbddf771b46d.json,e882a5792d53ae63b5cc2c592c83220a7865886aeb43661bbd3eea98b2b917c2,1,134774.0,True,2024-08-12,stats,False,False
2024,806,LS002,Jessica Pegula,Diana Shnaider,316956,330482,SF,6-4 6-3,completed,present,2024-08-06,2024-08-12,2024-08-11T21:45:41.98+00:00,False,2024-08-11T23:31:30.33+00:00,False,data/raw/wta/stats/_httpcache/2024/6ab45df137f9347ead14616473bd3213c7b0f4b7e0855330ef6bfbddf771b46d.json,e882a5792d53ae63b5cc2c592c83220a7865886aeb43661bbd3eea98b2b917c2,1,134759.0,True,2024-08-11,stats,False,False
2024,806,LS003,Amanda Anisimova,Emma Navarro,326384,325410,SF,6-3 2-6 6-2,completed,present,2024-08-06,2024-08-12,2024-08-11T17:42:02.243+00:00,False,2024-08-11T19:57:41.773+00:00,False,data/raw/wta/stats/_httpcache/2024/6ab45df137f9347ead14616473bd3213c7b0f4b7e0855330ef6bfbddf771b46d.json,e882a5792d53ae63b5cc2c592c83220a7865886aeb43661bbd3eea98b2b917c2,1,134758.0,True,2024-08-11,stats,False,False
2024,806,LS004,Diana Shnaider,Liudmila Samsonova,330482,322222,QF,4-6 6-1 6-4,completed,present,2024-08-06,2024-08-12,2024-08-11T00:41:06.077+00:00,False,2024-08-11T03:11:44.553+00:00,False,data/raw/wta/stats/_httpcache/2024/6ab45df137f9347ead14616473bd3213c7b0f4b7e0855330ef6bfbddf771b46d.json,e882a5792d53ae63b5cc2c592c83220a7865886aeb43661bbd3eea98b2b917c2,1,134757.0,True,2024-08-11,stats,False,False
2024,806,LS005,Jessica Pegula,Peyton Stearns,316956,327573,QF,6-4 7-5,completed,present,2024-08-06,2024-08-12,2024-08-10T22:51:57.003+00:00,False,2024-08-11T00:38:29.06+00:00,False,data/raw/wta/stats/_httpcache/2024/6ab45df137f9347ead14616473bd3213c7b0f4b7e0855330ef6bfbddf771b46d.json,e882a5792d53ae63b5cc2c592c83220a7865886aeb43661bbd3eea98b2b917c2,1,134737.0,True,2024-08-10,stats,False,False
2024,806,LS006,Emma Navarro,Taylor Townsend,325410,318609,QF,6-3 7-6(5),completed,present,2024-08-06,2024-08-12,2024-08-10T16:54:36.873+00:00,False,2024-08-10T18:49:47.07+00:00,False,data/raw/wta/stats/_httpcache/2024/6ab45df137f9347ead14616473bd3213c7b0f4b7e0855330ef6bfbddf771b46d.json,e882a5792d53ae63b5cc2c592c83220a7865886aeb43661bbd3eea98b2b917c2,1,134735.0,True,2024-08-10,stats,False,False
2024,806,LS007,Amanda Anisimova,Aryna Sabalenka,326384,320760,QF,6-4 6-2,completed,present,2024-08-06,2024-08-12,2024-08-10T19:49:39.237+00:00,False,2024-08-10T21:35:18.717+00:00,False,data/raw/wta/stats/_httpcache/2024/6ab45df137f9347ead14616473bd3213c7b0f4b7e0855330ef6bfbddf771b46d.json,e882a5792d53ae63b5cc2c592c83220a7865886aeb43661bbd3eea98b2b917c2,1,134736.0,True,2024-08-10,stats,False,False
2024,806,LS008,Diana Shnaider,Coco Gauff,330482,328560,R16,6-4 6-1,completed,present,2024-08-06,2024-08-12,2024-08-09T22:51:03.393+00:00,False,2024-08-10T00:18:56.31+00:00,False,data/raw/wta/stats/_httpcache/2024/6ab45df137f9347ead14616473bd3213c7b0f4b7e0855330ef6bfbddf771b46d.json,e882a5792d53ae63b5cc2c592c83220a7865886aeb43661bbd3eea98b2b917c2,1,134732.0,True,2024-08-09,stats,False,False
2024,806,LS009,Liudmila Samsonova,Elise Mertens,322222,317964,R16,6-2 6-4,completed,present,2024-08-06,2024-08-12,2024-08-09T20:50:23.993+00:00,False,2024-08-09T22:55:37.513+00:00,False,data/raw/wta/stats/_httpcache/2024/6ab45df137f9347ead14616473bd3213c7b0f4b7e0855330ef6bfbddf771b46d.json,e882a5792d53ae63b5cc2c592c83220a7865886aeb43661bbd3eea98b2b917c2,1,134731.0,True,2024-08-09,stats,False,False
2024,806,LS010,Jessica Pegula,Ashlyn Krueger,316956,329409,R16,6-2 6-4,completed,present,2024-08-06,2024-08-12,2024-08-09T17:55:14.473+00:00,False,2024-08-09T19:42:42.833+00:00,False,data/raw/wta/stats/_httpcache/2024/6ab45df137f9347ead14616473bd3213c7b0f4b7e0855330ef6bfbddf771b46d.json,e882a5792d53ae63b5cc2c592c83220a7865886aeb43661bbd3eea98b2b917c2,1,134730.0,True,2024-08-09,stats,False,False
2024,806,LS012,Emma Navarro,Marta Kostyuk,325410,326482,R16,7-5 7-5,completed,present,2024-08-06,2024-08-12,2024-08-09T16:40:29.94+00:00,False,2024-08-09T18:44:21.503+00:00,False,data/raw/wta/stats/_httpcache/2024/6ab45df137f9347ead14616473bd3213c7b0f4b7e0855330ef6bfbddf771b46d.json,e882a5792d53ae63b5cc2c592c83220a7865886aeb43661bbd3eea98b2b917c2,1,134729.0,True,2024-08-09,stats,False,False
2024,806,LS013,Taylor Townsend,Jelena Ostapenko,318609,319939,R16,6-2 6-1,completed,present,2024-08-06,2024-08-12,2024-08-09T16:30:48.56+00:00,False,2024-08-09T17:50:26.82+00:00,False,data/raw/wta/stats/_httpcache/2024/6ab45df137f9347ead14616473bd3213c7b0f4b7e0855330ef6bfbddf771b46d.json,e882a5792d53ae63b5cc2c592c83220a7865886aeb43661bbd3eea98b2b917c2,1,134728.0,True,2024-08-09,stats,False,False
2024,806,LS015,Aryna Sabalenka,Katie Boulter,320760,319125,R16,6-3 6-3,completed,present,2024-08-06,2024-08-12,2024-08-10T00:22:24.813+00:00,False,2024-08-10T02:02:32.977+00:00,False,data/raw/wta/stats/_httpcache/2024/6ab45df137f9347ead14616473bd3213c7b0f4b7e0855330ef6bfbddf771b46d.json,e882a5792d53ae63b5cc2c592c83220a7865886aeb43661bbd3eea98b2b917c2,1,134734.0,True,2024-08-10,stats,False,False
2024,806,LS016,Coco Gauff,Yafan Wang,328560,317510,R32,6-4 6-4,completed,present,2024-08-06,2024-08-12,2024-08-08T16:23:56.903+00:00,False,2024-08-08T18:08:17.957+00:00,False,data/raw/wta/stats/_httpcache/2024/6ab45df137f9347ead14616473bd3213c7b0f4b7e0855330ef6bfbddf771b46d.json,e882a5792d53ae63b5cc2c592c83220a7865886aeb43661bbd3eea98b2b917c2,1,134716.0,True,2024-08-08,stats,False,False
2024,806,LS017,Diana Shnaider,Magdalena Frech,330482,320277,R32,2-6 6-3 7-6(5),completed,present,2024-08-06,2024-08-12,2024-08-08T14:57:49.393+00:00,False,2024-08-08T17:19:25.113+00:00,False,data/raw/wta/stats/_httpcache/2024/6ab45df137f9347ead14616473bd3213c7b0f4b7e0855330ef6bfbddf771b46d.json,e882a5792d53ae63b5cc2c592c83220a7865886aeb43661bbd3eea98b2b917c2,1,134715.0,True,2024-08-08,stats,False,False
2024,806,LS018,Elise Mertens,Naomi Osaka,317964,319998,R32,6-3 6-4,completed,present,2024-08-06,2024-08-12,2024-08-09T00:35:38.55+00:00,False,2024-08-09T02:24:22.34+00:00,False,data/raw/wta/stats/_httpcache/2024/6ab45df137f9347ead14616473bd3213c7b0f4b7e0855330ef6bfbddf771b46d.json,e882a5792d53ae63b5cc2c592c83220a7865886aeb43661bbd3eea98b2b917c2,1,134727.0,True,2024-08-09,stats,False,False
2024,806,LS019,Liudmila Samsonova,Moyuka Uchijima,322222,327241,R32,6-4 6-2,completed,present,2024-08-06,2024-08-12,2024-08-08T16:27:21.953+00:00,False,2024-08-08T18:06:28.077+00:00,False,data/raw/wta/stats/_httpcache/2024/6ab45df137f9347ead14616473bd3213c7b0f4b7e0855330ef6bfbddf771b46d.json,e882a5792d53ae63b5cc2c592c83220a7865886aeb43661bbd3eea98b2b917c2,1,134717.0,True,2024-08-08,stats,False,False
2024,806,LS020,Jessica Pegula,Karolina Pliskova,316956,313974,R32,7-5 6-4,completed,present,2024-08-06,2024-08-12,2024-08-08T01:21:51.867+00:00,False,2024-08-08T03:07:38.85+00:00,False,data/raw/wta/stats/_httpcache/2024/6ab45df137f9347ead14616473bd3213c7b0f4b7e0855330ef6bfbddf771b46d.json,e882a5792d53ae63b5cc2c592c83220a7865886aeb43661bbd3eea98b2b917c2,1,134712.0,True,2024-08-08,stats,False,False
2024,806,LS021,Ashlyn Krueger,Leylah Fernandez,329409,326735,R32,6-4 6-2,completed,present,2024-08-06,2024-08-12,2024-08-08T18:09:54.773+00:00,False,2024-08-08T19:57:28.45+00:00,False,data/raw/wta/stats/_httpcache/2024/6ab45df137f9347ead14616473bd3213c7b0f4b7e0855330ef6bfbddf771b46d.json,e882a5792d53ae63b5cc2c592c83220a7865886aeb43661bbd3eea98b2b917c2,1,134720.0,True,2024-08-08,stats,False,False
2024,806,LS022,Victoria Azarenka,Greet Minnen,312001,321454,R32,3-6 7-5 6-1,completed,present,2024-08-06,2024-08-12,2024-08-08T23:20:25.217+00:00,False,2024-08-09T02:30:43.933+00:00,False,data/raw/wta/stats/_httpcache/2024/6ab45df137f9347ead14616473bd3213c7b0f4b7e0855330ef6bfbddf771b46d.json,e882a5792d53ae63b5cc2c592c83220a7865886aeb43661bbd3eea98b2b917c2,1,134724.0,True,2024-08-08,stats,False,False
2024,806,LS024,Emma Navarro,Magda Linette,325410,315130,R32,6-2 6-4,completed,present,2024-08-06,2024-08-12,2024-08-08T17:22:04.567+00:00,False,2024-08-08T19:06:53.727+00:00,False,data/raw/wta/stats/_httpcache/2024/6ab45df137f9347ead14616473bd3213c7b0f4b7e0855330ef6bfbddf771b46d.json,e882a5792d53ae63b5cc2c592c83220a7865886aeb43661bbd3eea98b2b917c2,1,134719.0,True,2024-08-08,stats,False,False
2024,806,LS025,Marta Kostyuk,Elina Svitolina,326482,316738,R32,6-2 2-6 6-2,completed,present,2024-08-06,2024-08-12,2024-08-08T14:57:04.55+00:00,False,2024-08-08T16:50:01.103+00:00,False,data/raw/wta/stats/_httpcache/2024/6ab45df137f9347ead14616473bd3213c7b0f4b7e0855330ef6bfbddf771b46d.json,e882a5792d53ae63b5cc2c592c83220a7865886aeb43661bbd3eea98b2b917c2,1,134714.0,True,2024-08-08,stats,False,False
2024,806,LS026,Taylor Townsend,Marina Stakusic,318609,329614,R32,6-0 6-2,completed,present,2024-08-06,2024-08-12,2024-08-08T16:52:16.64+00:00,False,2024-08-08T18:09:24.52+00:00,False,data/raw/wta/stats/_httpcache/2024/6ab45df137f9347ead14616473bd3213c7b0f4b7e0855330ef6bfbddf771b46d.json,e882a5792d53ae63b5cc2c592c83220a7865886aeb43661bbd3eea98b2b917c2,1,134718.0,True,2024-08-08,stats,False,False
2024,806,LS027,Jelena Ostapenko,Paula Badosa,319939,320124,R32,3-6 7-6(3) 6-2,completed,present,2024-08-06,2024-08-12,2024-08-08T20:47:08.57+00:00,False,2024-08-08T23:17:17.303+00:00,False,data/raw/wta/stats/_httpcache/2024/6ab45df137f9347ead14616473bd3213c7b0f4b7e0855330ef6bfbddf771b46d.json,e882a5792d53ae63b5cc2c592c83220a7865886aeb43661bbd3eea98b2b917c2,1,134722.0,True,2024-08-08,stats,False,False
2024,806,LS028,Amanda Anisimova,Daria Kasatkina,326384,322082,R32,6-4 6-3,completed,present,2024-08-06,2024-08-12,2024-08-08T19:09:40.687+00:00,False,2024-08-08T20:51:20.043+00:00,False,data/raw/wta/stats/_httpcache/2024/6ab45df137f9347ead14616473bd3213c7b0f4b7e0855330ef6bfbddf771b46d.json,e882a5792d53ae63b5cc2c592c83220a7865886aeb43661bbd3eea98b2b917c2,1,134721.0,True,2024-08-08,stats,False,False
2024,806,LS029,Anna Kalinskaya,Lesia Tsurenko,323942,315295,R32,6-2 6-2,completed,present,2024-08-06,2024-08-12,2024-08-08T14:44:45.34+00:00,False,2024-08-08T16:24:30.023+00:00,False,data/raw/wta/stats/_httpcache/2024/6ab45df137f9347ead14616473bd3213c7b0f4b7e0855330ef6bfbddf771b46d.json,e882a5792d53ae63b5cc2c592c83220a7865886aeb43661bbd3eea98b2b917c2,1,134713.0,True,2024-08-08,stats,False,False
2024,806,LS031,Aryna Sabalenka,Yue Yuan,320760,324325,R32,6-2 6-2,completed,present,2024-08-06,2024-08-12,2024-08-08T22:49:54.837+00:00,False,2024-08-09T00:32:23.677+00:00,False,data/raw/wta/stats/_httpcache/2024/6ab45df137f9347ead14616473bd3213c7b0f4b7e0855330ef6bfbddf771b46d.json,e882a5792d53ae63b5cc2c592c83220a7865886aeb43661bbd3eea98b2b917c2,1,134723.0,True,2024-08-08,stats,False,False
2024,806,LS033,Yafan Wang,Sofia Kenin,317510,320942,R64,7-5 7-6(3),completed,present,2024-08-06,2024-08-12,2024-08-06T16:37:26.183+00:00,False,2024-08-06T20:12:02.26+00:00,False,data/raw/wta/stats/_httpcache/2024/6ab45df137f9347ead14616473bd3213c7b0f4b7e0855330ef6bfbddf771b46d.json,e882a5792d53ae63b5cc2c592c83220a7865886aeb43661bbd3eea98b2b917c2,1,134686.0,True,2024-08-06,stats,False,False
2024,806,LS034,Magdalena Frech,Anastasia Potapova,320277,325601,R64,4-6 6-3 6-0,completed,present,2024-08-06,2024-08-12,2024-08-06T15:39:21.463+00:00,False,2024-08-06T19:40:23.663+00:00,False,data/raw/wta/stats/_httpcache/2024/6ab45df137f9347ead14616473bd3213c7b0f4b7e0855330ef6bfbddf771b46d.json,e882a5792d53ae63b5cc2c592c83220a7865886aeb43661bbd3eea98b2b917c2,1,134683.0,True,2024-08-06,stats,False,False
2024,806,LS035,Diana Shnaider,Harriet Dart,330482,319489,R64,6-3 3-6 7-6(2),completed,present,2024-08-06,2024-08-12,2024-08-07T16:40:05.92+00:00,False,2024-08-07T19:16:25.027+00:00,False,data/raw/wta/stats/_httpcache/2024/6ab45df137f9347ead14616473bd3213c7b0f4b7e0855330ef6bfbddf771b46d.json,e882a5792d53ae63b5cc2c592c83220a7865886aeb43661bbd3eea98b2b917c2,1,134700.0,True,2024-08-07,stats,False,False
2024,806,LS036,Naomi Osaka,Ons Jabeur,319998,316847,R64,6-3 6-1,completed,present,2024-08-06,2024-08-12,2024-08-07T19:29:10.59+00:00,False,2024-08-07T21:00:34.233+00:00,False,data/raw/wta/stats/_httpcache/2024/6ab45df137f9347ead14616473bd3213c7b0f4b7e0855330ef6bfbddf771b46d.json,e882a5792d53ae63b5cc2c592c83220a7865886aeb43661bbd3eea98b2b917c2,1,134704.0,True,2024-08-07,stats,False,False
2024,806,LS037,Elise Mertens,Katie Volynets,317964,327391,R64,6-3 6-1,completed,present,2024-08-06,2024-08-12,2024-08-07T14:49:52.833+00:00,False,2024-08-07T16:49:49.573+00:00,False,data/raw/wta/stats/_httpcache/2024/6ab45df137f9347ead14616473bd3213c7b0f4b7e0855330ef6bfbddf771b46d.json,e882a5792d53ae63b5cc2c592c83220a7865886aeb43661bbd3eea98b2b917c2,1,134696.0,True,2024-08-07,stats,False,False
2024,806,LS038,Moyuka Uchijima,Viktoriya Tomova,327241,317584,R64,7-6(4) 6-2,completed,present,2024-08-06,2024-08-12,2024-08-06T15:39:58.85+00:00,False,2024-08-06T19:39:20.707+00:00,False,data/raw/wta/stats/_httpcache/2024/6ab45df137f9347ead14616473bd3213c7b0f4b7e0855330ef6bfbddf771b46d.json,e882a5792d53ae63b5cc2c592c83220a7865886aeb43661bbd3eea98b2b917c2,1,134684.0,True,2024-08-06,stats,False,False
2024,806,LS041,Karolina Pliskova,Nadia Podoroska,313974,319112,R64,6-4 7-6(10),completed,present,2024-08-06,2024-08-12,2024-08-06T20:14:57.94+00:00,False,2024-08-06T22:19:35.077+00:00,False,data/raw/wta/stats/_httpcache/2024/6ab45df137f9347ead14616473bd3213c7b0f4b7e0855330ef6bfbddf771b46d.json,e882a5792d53ae63b5cc2c592c83220a7865886aeb43661bbd3eea98b2b917c2,1,134688.0,True,2024-08-06,stats,False,False
2024,806,LS042,Ashlyn Krueger,Elisabetta Cocciaretto,329409,327909,R64,6-3 6-2,completed,present,2024-08-06,2024-08-12,2024-08-07T19:55:25.753+00:00,False,2024-08-07T21:22:38.007+00:00,False,data/raw/wta/stats/_httpcache/2024/6ab45df137f9347ead14616473bd3213c7b0f4b7e0855330ef6bfbddf771b46d.json,e882a5792d53ae63b5cc2c592c83220a7865886aeb43661bbd3eea98b2b917c2,1,134705.0,True,2024-08-07,stats,False,False
2024,806,LS043,Leylah Fernandez,Nao Hibino,326735,320238,R64,6-3 5-7 6-1,completed,present,2024-08-06,2024-08-12,2024-08-07T22:49:46.56+00:00,False,2024-08-08T01:17:36.74+00:00,False,data/raw/wta/stats/_httpcache/2024/6ab45df137f9347ead14616473bd3213c7b0f4b7e0855330ef6bfbddf771b46d.json,e882a5792d53ae63b5cc2c592c83220a7865886aeb43661bbd3eea98b2b917c2,1,134708.0,True,2024-08-07,stats,False,False
2024,806,LS044,Victoria Azarenka,Anastasia Pavlyuchenkova,312001,313796,R64,6-2 6-2,completed,present,2024-08-06,2024-08-12,2024-08-06T19:15:41.69+00:00,False,2024-08-06T20:51:51.463+00:00,False,data/raw/wta/stats/_httpcache/2024/6ab45df137f9347ead14616473bd3213c7b0f4b7e0855330ef6bfbddf771b46d.json,e882a5792d53ae63b5cc2c592c83220a7865886aeb43661bbd3eea98b2b917c2,1,134687.0,True,2024-08-06,stats,False,False
2024,806,LS045,Greet Minnen,Sloane Stephens,321454,315683,R64,6-2 6-2,completed,present,2024-08-06,2024-08-12,2024-08-07T01:12:03.77+00:00,False,2024-08-07T02:54:49.393+00:00,False,data/raw/wta/stats/_httpcache/2024/6ab45df137f9347ead14616473bd3213c7b0f4b7e0855330ef6bfbddf771b46d.json,e882a5792d53ae63b5cc2c592c83220a7865886aeb43661bbd3eea98b2b917c2,1,134695.0,True,2024-08-07,stats,False,False
2024,806,LS046,Peyton Stearns,Anna Blinkova,327573,324267,R64,6-4 6-3,completed,present,2024-08-06,2024-08-12,2024-08-07T16:52:46.713+00:00,False,2024-08-07T18:22:43.72+00:00,False,data/raw/wta/stats/_httpcache/2024/6ab45df137f9347ead14616473bd3213c7b0f4b7e0855330ef6bfbddf771b46d.json,e882a5792d53ae63b5cc2c592c83220a7865886aeb43661bbd3eea98b2b917c2,1,134701.0,True,2024-08-07,stats,False,False
2024,806,LS049,Magda Linette,Rebecca Marino,315130,313485,R64,6-3 6-4,completed,present,2024-08-06,2024-08-12,2024-08-07T19:18:50.383+00:00,False,2024-08-07T20:58:17.26+00:00,False,data/raw/wta/stats/_httpcache/2024/6ab45df137f9347ead14616473bd3213c7b0f4b7e0855330ef6bfbddf771b46d.json,e882a5792d53ae63b5cc2c592c83220a7865886aeb43661bbd3eea98b2b917c2,1,134703.0,True,2024-08-07,stats,False,False
2024,806,LS050,Elina Svitolina,Shelby Rogers,316738,317421,R64,6-0 6-2,completed,present,2024-08-06,2024-08-12,2024-08-06T16:23:23.383+00:00,False,2024-08-06T19:13:27.043+00:00,False,data/raw/wta/stats/_httpcache/2024/6ab45df137f9347ead14616473bd3213c7b0f4b7e0855330ef6bfbddf771b46d.json,e882a5792d53ae63b5cc2c592c83220a7865886aeb43661bbd3eea98b2b917c2,1,134685.0,True,2024-08-06,stats,False,False
2024,806,LS051,Marta Kostyuk,Tatjana Maria,326482,310440,R64,6-0 6-2,completed,present,2024-08-06,2024-08-12,2024-08-06T15:11:08.21+00:00,False,2024-08-06T16:34:22.457+00:00,False,data/raw/wta/stats/_httpcache/2024/6ab45df137f9347ead14616473bd3213c7b0f4b7e0855330ef6bfbddf771b46d.json,e882a5792d53ae63b5cc2c592c83220a7865886aeb43661bbd3eea98b2b917c2,1,134682.0,True,2024-08-06,stats,False,False
2024,806,LS053,Marina Stakusic,Erika Andreeva,329614,330151,R64,6-7(5) 6-1 6-4,completed,present,2024-08-06,2024-08-12,2024-08-07T16:23:38.94+00:00,False,2024-08-07T19:26:33.313+00:00,False,data/raw/wta/stats/_httpcache/2024/6ab45df137f9347ead14616473bd3213c7b0f4b7e0855330ef6bfbddf771b46d.json,e882a5792d53ae63b5cc2c592c83220a7865886aeb43661bbd3eea98b2b917c2,1,134699.0,True,2024-08-07,stats,False,False
2024,806,LS054,Paula Badosa,Clara Tauson,320124,327793,R64,6-1 6-4,completed,present,2024-08-06,2024-08-12,2024-08-07T14:52:42.407+00:00,False,2024-08-07T16:35:22.667+00:00,False,data/raw/wta/stats/_httpcache/2024/6ab45df137f9347ead14616473bd3213c7b0f4b7e0855330ef6bfbddf771b46d.json,e882a5792d53ae63b5cc2c592c83220a7865886aeb43661bbd3eea98b2b917c2,1,134698.0,True,2024-08-07,stats,False,False
2024,806,LS057,Amanda Anisimova,Caroline Dolehide,326384,322052,R64,6-1 6-4,completed,present,2024-08-06,2024-08-12,2024-08-07T18:34:15.64+00:00,False,2024-08-07T19:53:44.98+00:00,False,data/raw/wta/stats/_httpcache/2024/6ab45df137f9347ead14616473bd3213c7b0f4b7e0855330ef6bfbddf771b46d.json,e882a5792d53ae63b5cc2c592c83220a7865886aeb43661bbd3eea98b2b917c2,1,134702.0,True,2024-08-07,stats,False,False
2024,806,LS058,Lesia Tsurenko,Bianca Andreescu,315295,325088,R64,0-6 6-3 6-4,completed,present,2024-08-06,2024-08-12,2024-08-06T22:51:41.083+00:00,False,2024-08-07T01:07:42.607+00:00,False,data/raw/wta/stats/_httpcache/2024/6ab45df137f9347ead14616473bd3213c7b0f4b7e0855330ef6bfbddf771b46d.json,e882a5792d53ae63b5cc2c592c83220a7865886aeb43661bbd3eea98b2b917c2,1,134689.0,True,2024-08-06,stats,False,False
2024,806,LS059,Anna Kalinskaya,Louisa Chirico,323942,320218,R64,6-2 6-3,completed,present,2024-08-06,2024-08-12,2024-08-06T23:44:06.687+00:00,False,2024-08-07T01:11:48.45+00:00,False,data/raw/wta/stats/_httpcache/2024/6ab45df137f9347ead14616473bd3213c7b0f4b7e0855330ef6bfbddf771b46d.json,e882a5792d53ae63b5cc2c592c83220a7865886aeb43661bbd3eea98b2b917c2,1,134690.0,True,2024-08-06,stats,False,False
2024,806,LS060,Beatriz Haddad Maia,Marie Bouzkova,318176,320983,R64,5-7 6-2 7-6(1),completed,present,2024-08-06,2024-08-12,2024-08-07T14:50:23.937+00:00,False,2024-08-07T18:31:20.08+00:00,False,data/raw/wta/stats/_httpcache/2024/6ab45df137f9347ead14616473bd3213c7b0f4b7e0855330ef6bfbddf771b46d.json,e882a5792d53ae63b5cc2c592c83220a7865886aeb43661bbd3eea98b2b917c2,1,134697.0,True,2024-08-07,stats,False,False
2024,806,LS061,Katie Boulter,Bernarda Pera,319125,317708,R64,6-4 3-6 6-1,completed,present,2024-08-06,2024-08-12,2024-08-07T21:00:02.36+00:00,False,2024-08-07T23:25:43.813+00:00,False,data/raw/wta/stats/_httpcache/2024/6ab45df137f9347ead14616473bd3213c7b0f4b7e0855330ef6bfbddf771b46d.json,e882a5792d53ae63b5cc2c592c83220a7865886aeb43661bbd3eea98b2b917c2,1,134706.0,True,2024-08-07,stats,False,False
2024,806,LS062,Yue Yuan,Cristina Bucsa,324325,321158,R64,6-3 6-3,completed,present,2024-08-06,2024-08-12,2024-08-07T21:25:02.903+00:00,False,2024-08-07T23:00:54.707+00:00,False,data/raw/wta/stats/_httpcache/2024/6ab45df137f9347ead14616473bd3213c7b0f4b7e0855330ef6bfbddf771b46d.json,e882a5792d53ae63b5cc2c592c83220a7865886aeb43661bbd3eea98b2b917c2,1,134707.0,True,2024-08-07,stats,False,False
2024,808,LS001,Coco Gauff,Qinwen Zheng,328560,328120,F,3-6 6-4 7-6(2),completed,present,2024-11-02,2024-11-09,2024-11-09T15:53:15.133+00:00,False,2024-11-09T19:18:49.667+00:00,False,data/raw/wta/stats/_httpcache/2024/81bca8fa556bb32b6ec9293e6dbe42b66fe247076247a5a8045f32a404dce4cc.json,dc5816a9e33eaaebbe71205e0363d9e80ba0a12c7160135e4d2e28e1c9128571,0,135960.0,True,2024-11-09,stats,False,False
2024,808,LS002,Coco Gauff,Aryna Sabalenka,328560,320760,SF,7-6(4) 6-3,completed,present,2024-11-02,2024-11-09,2024-11-08T17:00:23.68+00:00,False,2024-11-08T19:06:28.197+00:00,False,data/raw/wta/stats/_httpcache/2024/81bca8fa556bb32b6ec9293e6dbe42b66fe247076247a5a8045f32a404dce4cc.json,dc5816a9e33eaaebbe71205e0363d9e80ba0a12c7160135e4d2e28e1c9128571,0,135956.0,True,2024-11-08,stats,False,False
2024,808,LS003,Qinwen Zheng,Barbora Krejcikova,328120,318314,SF,6-3 7-5,completed,present,2024-11-02,2024-11-09,2024-11-08T14:49:35.963+00:00,False,2024-11-08T16:55:09.113+00:00,False,data/raw/wta/stats/_httpcache/2024/81bca8fa556bb32b6ec9293e6dbe42b66fe247076247a5a8045f32a404dce4cc.json,dc5816a9e33eaaebbe71205e0363d9e80ba0a12c7160135e4d2e28e1c9128571,0,135955.0,True,2024-11-08,stats,False,False
2024,808,LS008,Aryna Sabalenka,Jasmine Paolini,320760,319280,SF,6-3 7-5,completed,present,2024-11-02,2024-11-09,2024-11-04T15:11:56.237+00:00,False,2024-11-04T17:03:56.65+00:00,False,data/raw/wta/stats/_httpcache/2024/81bca8fa556bb32b6ec9293e6dbe42b66fe247076247a5a8045f32a404dce4cc.json,dc5816a9e33eaaebbe71205e0363d9e80ba0a12c7160135e4d2e28e1c9128571,0,135898.0,True,2024-11-04,stats,False,False
2024,808,LS009,Elena Rybakina,Aryna Sabalenka,324166,320760,SF,6-4 3-6 6-1,completed,present,2024-11-02,2024-11-09,2024-11-06T14:50:03.993+00:00,False,2024-11-06T16:56:18.69+00:00,False,data/raw/wta/stats/_httpcache/2024/81bca8fa556bb32b6ec9293e6dbe42b66fe247076247a5a8045f32a404dce4cc.json,dc5816a9e33eaaebbe71205e0363d9e80ba0a12c7160135e4d2e28e1c9128571,0,135938.0,True,2024-11-06,stats,False,False
2024,808,LS010,Aryna Sabalenka,Qinwen Zheng,320760,328120,QF,6-3 6-4,completed,present,2024-11-02,2024-11-09,2024-11-02T15:00:27.85+00:00,False,2024-11-02T16:39:17.2+00:00,False,data/raw/wta/stats/_httpcache/2024/81bca8fa556bb32b6ec9293e6dbe42b66fe247076247a5a8045f32a404dce4cc.json,dc5816a9e33eaaebbe71205e0363d9e80ba0a12c7160135e4d2e28e1c9128571,0,135859.0,True,2024-11-02,stats,False,False
2024,808,LS011,Jasmine Paolini,Elena Rybakina,319280,324166,QF,7-6(5) 6-4,completed,present,2024-11-02,2024-11-09,2024-11-02T16:42:38.297+00:00,False,2024-11-02T18:46:28.017+00:00,False,data/raw/wta/stats/_httpcache/2024/81bca8fa556bb32b6ec9293e6dbe42b66fe247076247a5a8045f32a404dce4cc.json,dc5816a9e33eaaebbe71205e0363d9e80ba0a12c7160135e4d2e28e1c9128571,0,135860.0,True,2024-11-02,stats,False,False
2024,808,LS012,Qinwen Zheng,Jasmine Paolini,328120,319280,SF,6-1 6-1,completed,present,2024-11-02,2024-11-09,2024-11-06T12:20:07.083+00:00,False,2024-11-06T13:52:22.617+00:00,False,data/raw/wta/stats/_httpcache/2024/81bca8fa556bb32b6ec9293e6dbe42b66fe247076247a5a8045f32a404dce4cc.json,dc5816a9e33eaaebbe71205e0363d9e80ba0a12c7160135e4d2e28e1c9128571,0,135937.0,True,2024-11-06,stats,False,False
2024,808,LS013,Qinwen Zheng,Elena Rybakina,328120,324166,SF,7-6(4) 3-6 6-1,completed,present,2024-11-02,2024-11-09,2024-11-04T12:17:58.673+00:00,False,2024-11-04T15:09:35.343+00:00,False,data/raw/wta/stats/_httpcache/2024/81bca8fa556bb32b6ec9293e6dbe42b66fe247076247a5a8045f32a404dce4cc.json,dc5816a9e33eaaebbe71205e0363d9e80ba0a12c7160135e4d2e28e1c9128571,0,135897.0,True,2024-11-04,stats,False,False
2024,808,LS016,Coco Gauff,Iga Swiatek,328560,326408,QF,6-3 6-4,completed,present,2024-11-02,2024-11-09,2024-11-05T14:45:09.71+00:00,False,2024-11-05T17:03:09.763+00:00,False,data/raw/wta/stats/_httpcache/2024/81bca8fa556bb32b6ec9293e6dbe42b66fe247076247a5a8045f32a404dce4cc.json,dc5816a9e33eaaebbe71205e0363d9e80ba0a12c7160135e4d2e28e1c9128571,0,135923.0,True,2024-11-05,stats,False,False
2024,808,LS017,Iga Swiatek,Daria Kasatkina,326408,322082,QF,6-1 6-0,completed,present,2024-11-02,2024-11-09,2024-11-07T12:16:47.79+00:00,False,2024-11-07T13:35:48.157+00:00,False,data/raw/wta/stats/_httpcache/2024/81bca8fa556bb32b6ec9293e6dbe42b66fe247076247a5a8045f32a404dce4cc.json,dc5816a9e33eaaebbe71205e0363d9e80ba0a12c7160135e4d2e28e1c9128571,0,135947.0,True,2024-11-07,stats,False,False
2024,808,LS018,Iga Swiatek,Barbora Krejcikova,326408,318314,,4-6 7-5 6-2,completed,round-conflict,2024-11-02,2024-11-09,2024-11-03T12:17:26.95+00:00,False,2024-11-03T15:18:05.637+00:00,False,data/raw/wta/stats/_httpcache/2024/81bca8fa556bb32b6ec9293e6dbe42b66fe247076247a5a8045f32a404dce4cc.json,dc5816a9e33eaaebbe71205e0363d9e80ba0a12c7160135e4d2e28e1c9128571,0,135880.0,True,2024-11-03,stats,False,False
2024,808,LS019,Coco Gauff,Jessica Pegula,328560,316956,QF,6-3 6-2,completed,present,2024-11-02,2024-11-09,2024-11-03T15:21:41.453+00:00,False,2024-11-03T16:56:46.92+00:00,False,data/raw/wta/stats/_httpcache/2024/81bca8fa556bb32b6ec9293e6dbe42b66fe247076247a5a8045f32a404dce4cc.json,dc5816a9e33eaaebbe71205e0363d9e80ba0a12c7160135e4d2e28e1c9128571,0,135881.0,True,2024-11-03,stats,False,False
2024,808,LS020,Barbora Krejcikova,Coco Gauff,318314,328560,QF,7-5 6-4,completed,present,2024-11-02,2024-11-09,2024-11-07T14:46:00.91+00:00,False,2024-11-07T16:56:46.767+00:00,False,data/raw/wta/stats/_httpcache/2024/81bca8fa556bb32b6ec9293e6dbe42b66fe247076247a5a8045f32a404dce4cc.json,dc5816a9e33eaaebbe71205e0363d9e80ba0a12c7160135e4d2e28e1c9128571,0,135948.0,True,2024-11-07,stats,False,False
2024,808,LS021,Barbora Krejcikova,Jessica Pegula,318314,316956,QF,6-3 6-3,completed,present,2024-11-02,2024-11-09,2024-11-05T12:19:33.04+00:00,False,2024-11-05T13:55:15.46+00:00,False,data/raw/wta/stats/_httpcache/2024/81bca8fa556bb32b6ec9293e6dbe42b66fe247076247a5a8045f32a404dce4cc.json,dc5816a9e33eaaebbe71205e0363d9e80ba0a12c7160135e4d2e28e1c9128571,0,135922.0,True,2024-11-05,stats,False,False
2024,894,LS001,Camila Osorio,Marie Bouzkova,325898,320983,F,6-3 7-6(5),completed,present,2024-04-01,2024-04-07,2024-04-07T16:43:22.18+00:00,False,2024-04-07T18:52:52.573+00:00,False,data/raw/wta/stats/_httpcache/2024/b855bbc37eabe6e9a3f35dbc37c6f5a397084575ce35588cec871ab1ed55e79b.json,c677b372ffffae9bc89dbc10f4f283c0456e143d4b8daf9a9dc75b98e3138c60,0,133407.0,True,2024-04-01,historical,False,False
2024,894,LS002,Marie Bouzkova,Kamilla Rakhimova,320983,325936,SF,6-4 7-6(2),completed,present,2024-04-01,2024-04-07,2024-04-06T20:32:27.077+00:00,False,2024-04-06T23:00:51.58+00:00,False,data/raw/wta/stats/_httpcache/2024/b855bbc37eabe6e9a3f35dbc37c6f5a397084575ce35588cec871ab1ed55e79b.json,c677b372ffffae9bc89dbc10f4f283c0456e143d4b8daf9a9dc75b98e3138c60,0,133406.0,True,2024-04-01,historical,False,False
2024,894,LS003,Camila Osorio,Sara Errani,325898,310761,SF,7-6(4) 6-4,completed,present,2024-04-01,2024-04-07,2024-04-06T18:18:31.9+00:00,False,2024-04-06T20:29:31.053+00:00,False,data/raw/wta/stats/_httpcache/2024/b855bbc37eabe6e9a3f35dbc37c6f5a397084575ce35588cec871ab1ed55e79b.json,c677b372ffffae9bc89dbc10f4f283c0456e143d4b8daf9a9dc75b98e3138c60,0,133405.0,True,2024-04-01,historical,False,False
2024,894,LS004,Marie Bouzkova,Laura Siegemund,320983,310926,QF,2-6 6-2 7-5,completed,present,2024-04-01,2024-04-07,2024-04-05T22:20:53.933+00:00,False,2024-04-06T01:34:10.503+00:00,False,data/raw/wta/stats/_httpcache/2024/b855bbc37eabe6e9a3f35dbc37c6f5a397084575ce35588cec871ab1ed55e79b.json,c677b372ffffae9bc89dbc10f4f283c0456e143d4b8daf9a9dc75b98e3138c60,0,133404.0,True,2024-04-01,historical,False,False
2024,894,LS005,Kamilla Rakhimova,Cristina Bucsa,325936,321158,QF,0-6 6-4 7-5,completed,present,2024-04-01,2024-04-07,2024-04-05T19:51:56.153+00:00,False,2024-04-05T22:18:26.527+00:00,False,data/raw/wta/stats/_httpcache/2024/b855bbc37eabe6e9a3f35dbc37c6f5a397084575ce35588cec871ab1ed55e79b.json,c677b372ffffae9bc89dbc10f4f283c0456e143d4b8daf9a9dc75b98e3138c60,0,133403.0,True,2024-04-01,historical,False,False
2024,894,LS006,Sara Errani,Irina Bara,310761,318352,QF,4-6 6-2 6-3,completed,present,2024-04-01,2024-04-07,2024-04-05T16:49:38.237+00:00,False,2024-04-05T19:50:50.81+00:00,False,data/raw/wta/stats/_httpcache/2024/b855bbc37eabe6e9a3f35dbc37c6f5a397084575ce35588cec871ab1ed55e79b.json,c677b372ffffae9bc89dbc10f4f283c0456e143d4b8daf9a9dc75b98e3138c60,0,133402.0,True,2024-04-01,historical,False,False
2024,894,LS007,Camila Osorio,Tatjana Maria,325898,310440,QF,1-6 6-3 6-3,completed,present,2024-04-01,2024-04-07,2024-04-06T01:37:48.987+00:00,False,2024-04-06T03:38:52.177+00:00,False,data/raw/wta/stats/_httpcache/2024/b855bbc37eabe6e9a3f35dbc37c6f5a397084575ce35588cec871ab1ed55e79b.json,c677b372ffffae9bc89dbc10f4f283c0456e143d4b8daf9a9dc75b98e3138c60,0,133401.0,True,2024-04-01,historical,False,False
2024,894,LS008,Marie Bouzkova,Hailey Baptiste,320983,327101,R16,6-3 6-4,completed,present,2024-04-01,2024-04-07,2024-04-05T02:03:28.18+00:00,False,2024-04-05T04:02:29.03+00:00,False,data/raw/wta/stats/_httpcache/2024/b855bbc37eabe6e9a3f35dbc37c6f5a397084575ce35588cec871ab1ed55e79b.json,c677b372ffffae9bc89dbc10f4f283c0456e143d4b8daf9a9dc75b98e3138c60,0,133400.0,True,2024-04-01,historical,False,False
2024,894,LS009,Laura Siegemund,Francesca Jones,310926,324479,R16,6-7(4) 6-4 6-2,completed,present,2024-04-01,2024-04-07,2024-04-05T02:20:16.863+00:00,False,2024-04-05T05:38:36.643+00:00,False,data/raw/wta/stats/_httpcache/2024/b855bbc37eabe6e9a3f35dbc37c6f5a397084575ce35588cec871ab1ed55e79b.json,c677b372ffffae9bc89dbc10f4f283c0456e143d4b8daf9a9dc75b98e3138c60,0,133399.0,True,2024-04-01,historical,False,False
2024,894,LS010,Cristina Bucsa,Jule Niemeier,321158,325940,R16,6-4 6-1,completed,present,2024-04-01,2024-04-07,2024-04-04T00:45:51.263+00:00,False,2024-04-04T02:25:25.673+00:00,False,data/raw/wta/stats/_httpcache/2024/b855bbc37eabe6e9a3f35dbc37c6f5a397084575ce35588cec871ab1ed55e79b.json,c677b372ffffae9bc89dbc10f4f283c0456e143d4b8daf9a9dc75b98e3138c60,0,133398.0,True,2024-04-01,historical,False,False
2024,894,LS011,Kamilla Rakhimova,Renata Zarazua,325936,320716,R16,7-6(4) 6-7(5) 6-3,completed,present,2024-04-01,2024-04-07,2024-04-03T17:19:43.127+00:00,False,2024-04-03T20:47:24.793+00:00,False,data/raw/wta/stats/_httpcache/2024/b855bbc37eabe6e9a3f35dbc37c6f5a397084575ce35588cec871ab1ed55e79b.json,c677b372ffffae9bc89dbc10f4f283c0456e143d4b8daf9a9dc75b98e3138c60,0,133397.0,True,2024-04-01,historical,False,False
2024,894,LS012,Irina Bara,Laura Pigossi,318352,317155,R16,3-6 7-6(3) 6-4,completed,present,2024-04-01,2024-04-07,2024-04-03T20:11:06.413+00:00,False,2024-04-04T00:42:28.747+00:00,False,data/raw/wta/stats/_httpcache/2024/b855bbc37eabe6e9a3f35dbc37c6f5a397084575ce35588cec871ab1ed55e79b.json,c677b372ffffae9bc89dbc10f4f283c0456e143d4b8daf9a9dc75b98e3138c60,0,133396.0,True,2024-04-01,historical,False,False
2024,894,LS013,Sara Errani,Sara Sorribes Tormo,310761,318872,R16,6-2 4-6 6-4,completed,present,2024-04-01,2024-04-07,2024-04-03T16:52:42.47+00:00,False,2024-04-03T20:08:51.42+00:00,False,data/raw/wta/stats/_httpcache/2024/b855bbc37eabe6e9a3f35dbc37c6f5a397084575ce35588cec871ab1ed55e79b.json,c677b372ffffae9bc89dbc10f4f283c0456e143d4b8daf9a9dc75b98e3138c60,0,133395.0,True,2024-04-01,historical,False,False
2024,894,LS014,Camila Osorio,Anca Todoni,325898,330442,R16,7-6(4) 6-4,completed,present,2024-04-01,2024-04-07,2024-04-04T16:48:22.233+00:00,False,2024-04-04T19:16:16.92+00:00,False,data/raw/wta/stats/_httpcache/2024/b855bbc37eabe6e9a3f35dbc37c6f5a397084575ce35588cec871ab1ed55e79b.json,c677b372ffffae9bc89dbc10f4f283c0456e143d4b8daf9a9dc75b98e3138c60,0,133431.0,True,2024-04-04,stats,False,False
2024,894,LS015,Tatjana Maria,Julia Riera,310440,327287,R16,2-6 6-0 6-2,completed,present,2024-04-01,2024-04-07,2024-04-04T19:19:24.05+00:00,False,2024-04-05T02:01:35.573+00:00,False,data/raw/wta/stats/_httpcache/2024/b855bbc37eabe6e9a3f35dbc37c6f5a397084575ce35588cec871ab1ed55e79b.json,c677b372ffffae9bc89dbc10f4f283c0456e143d4b8daf9a9dc75b98e3138c60,0,133393.0,True,2024-04-01,historical,False,False
2024,894,LS016,Marie Bouzkova,Rebecca Marino,320983,313485,R32,6-0 6-3,completed,present,2024-04-01,2024-04-07,2024-04-03T01:13:53.49+00:00,False,2024-04-03T02:53:17.207+00:00,False,data/raw/wta/stats/_httpcache/2024/b855bbc37eabe6e9a3f35dbc37c6f5a397084575ce35588cec871ab1ed55e79b.json,c677b372ffffae9bc89dbc10f4f283c0456e143d4b8daf9a9dc75b98e3138c60,0,133392.0,True,2024-04-01,historical,False,False
2024,894,LS017,Hailey Baptiste,Tamara Zidansek,327101,323079,R32,6-2 4-6 6-3,completed,present,2024-04-01,2024-04-07,2024-04-02T18:44:07.487+00:00,False,2024-04-02T21:11:37.09+00:00,False,data/raw/wta/stats/_httpcache/2024/b855bbc37eabe6e9a3f35dbc37c6f5a397084575ce35588cec871ab1ed55e79b.json,c677b372ffffae9bc89dbc10f4f283c0456e143d4b8daf9a9dc75b98e3138c60,0,133391.0,True,2024-04-01,historical,False,False
2024,894,LS018,Francesca Jones,Yuliana Monroy,324479,322124,R32,6-1 6-2,completed,present,2024-04-01,2024-04-07,2024-04-02T21:43:15.543+00:00,False,2024-04-03T16:24:24.177+00:00,False,data/raw/wta/stats/_httpcache/2024/b855bbc37eabe6e9a3f35dbc37c6f5a397084575ce35588cec871ab1ed55e79b.json,c677b372ffffae9bc89dbc10f4f283c0456e143d4b8daf9a9dc75b98e3138c60,0,133390.0,True,2024-04-01,historical,False,False
2024,894,LS019,Laura Siegemund,Iryna Shymanovich,310926,320759,R32,7-6(5) 7-5,completed,present,2024-04-01,2024-04-07,2024-04-02T22:45:08.117+00:00,False,2024-04-03T03:41:25.187+00:00,False,data/raw/wta/stats/_httpcache/2024/b855bbc37eabe6e9a3f35dbc37c6f5a397084575ce35588cec871ab1ed55e79b.json,c677b372ffffae9bc89dbc10f4f283c0456e143d4b8daf9a9dc75b98e3138c60,0,133389.0,True,2024-04-01,historical,False,False
2024,894,LS020,Cristina Bucsa,Xiaodi You,321158,322451,R32,6-1 7-5,completed,present,2024-04-01,2024-04-07,2024-04-02T16:55:59.69+00:00,False,2024-04-02T18:41:33.003+00:00,False,data/raw/wta/stats/_httpcache/2024/b855bbc37eabe6e9a3f35dbc37c6f5a397084575ce35588cec871ab1ed55e79b.json,c677b372ffffae9bc89dbc10f4f283c0456e143d4b8daf9a9dc75b98e3138c60,0,133388.0,True,2024-04-01,historical,False,False
2024,894,LS021,Jule Niemeier,Nuria Brancaccio,325940,325433,R32,6-2 6-3,completed,present,2024-04-01,2024-04-07,2024-04-02T14:49:46.66+00:00,False,2024-04-02T16:25:46.05+00:00,False,data/raw/wta/stats/_httpcache/2024/b855bbc37eabe6e9a3f35dbc37c6f5a397084575ce35588cec871ab1ed55e79b.json,c677b372ffffae9bc89dbc10f4f283c0456e143d4b8daf9a9dc75b98e3138c60,0,133387.0,True,2024-04-01,historical,False,False
2024,894,LS022,Renata Zarazua,Mariana Isabel Higuita Barraza,320716,331181,R32,6-0 6-0,completed,present,2024-04-01,2024-04-07,2024-04-01T15:52:22.773+00:00,False,2024-04-01T16:56:13.857+00:00,False,data/raw/wta/stats/_httpcache/2024/b855bbc37eabe6e9a3f35dbc37c6f5a397084575ce35588cec871ab1ed55e79b.json,c677b372ffffae9bc89dbc10f4f283c0456e143d4b8daf9a9dc75b98e3138c60,0,133386.0,True,2024-04-01,historical,False,False
2024,894,LS023,Kamilla Rakhimova,Valentina Mediorreal Arias,325936,332846,R32,6-4 6-7(6) 6-1,completed,present,2024-04-01,2024-04-07,2024-04-01T16:49:14.57+00:00,False,2024-04-02T18:23:17.103+00:00,False,data/raw/wta/stats/_httpcache/2024/b855bbc37eabe6e9a3f35dbc37c6f5a397084575ce35588cec871ab1ed55e79b.json,c677b372ffffae9bc89dbc10f4f283c0456e143d4b8daf9a9dc75b98e3138c60,0,133385.0,True,2024-04-01,historical,False,False
2024,894,LS024,Laura Pigossi,Nadia Podoroska,317155,319112,R32,6-4 6-1,completed,present,2024-04-01,2024-04-07,2024-04-02T21:14:12.6+00:00,False,2024-04-02T22:42:41.817+00:00,False,data/raw/wta/stats/_httpcache/2024/b855bbc37eabe6e9a3f35dbc37c6f5a397084575ce35588cec871ab1ed55e79b.json,c677b372ffffae9bc89dbc10f4f283c0456e143d4b8daf9a9dc75b98e3138c60,0,133384.0,True,2024-04-01,historical,False,False
2024,894,LS025,Irina Bara,Katarina Zavatska,318352,324584,R32,2-6 6-3 6-4,completed,present,2024-04-01,2024-04-07,2024-04-01T17:10:49.69+00:00,False,2024-04-02T18:52:37.813+00:00,False,data/raw/wta/stats/_httpcache/2024/b855bbc37eabe6e9a3f35dbc37c6f5a397084575ce35588cec871ab1ed55e79b.json,c677b372ffffae9bc89dbc10f4f283c0456e143d4b8daf9a9dc75b98e3138c60,0,133383.0,True,2024-04-01,historical,False,False
2024,894,LS026,Sara Errani,Yuliia Starodubtseva,310761,325338,R32,6-2 7-6(5),completed,present,2024-04-01,2024-04-07,2024-04-02T14:51:29.773+00:00,False,2024-04-02T16:53:11.643+00:00,False,data/raw/wta/stats/_httpcache/2024/b855bbc37eabe6e9a3f35dbc37c6f5a397084575ce35588cec871ab1ed55e79b.json,c677b372ffffae9bc89dbc10f4f283c0456e143d4b8daf9a9dc75b98e3138c60,0,133382.0,True,2024-04-01,historical,False,False
2024,894,LS027,Sara Sorribes Tormo,Maria Timofeeva,318872,328896,R32,6-1 6-3,completed,present,2024-04-01,2024-04-07,2024-04-02T14:47:56.82+00:00,False,2024-04-02T16:35:35.187+00:00,False,data/raw/wta/stats/_httpcache/2024/b855bbc37eabe6e9a3f35dbc37c6f5a397084575ce35588cec871ab1ed55e79b.json,c677b372ffffae9bc89dbc10f4f283c0456e143d4b8daf9a9dc75b98e3138c60,0,133381.0,True,2024-04-01,historical,False,False
2024,894,LS028,Camila Osorio,Marina Stakusic,325898,329614,R32,6-4 6-2,completed,present,2024-04-01,2024-04-07,2024-04-02T18:26:00+00:00,False,2024-04-02T19:50:43.34+00:00,False,data/raw/wta/stats/_httpcache/2024/b855bbc37eabe6e9a3f35dbc37c6f5a397084575ce35588cec871ab1ed55e79b.json,c677b372ffffae9bc89dbc10f4f283c0456e143d4b8daf9a9dc75b98e3138c60,0,133380.0,True,2024-04-01,historical,False,False
2024,894,LS029,Anca Todoni,Lucrezia Stefanini,330442,323149,R32,4-6 6-2 6-4,completed,present,2024-04-01,2024-04-07,2024-04-02T18:54:10.62+00:00,False,2024-04-02T21:39:56.53+00:00,False,data/raw/wta/stats/_httpcache/2024/b855bbc37eabe6e9a3f35dbc37c6f5a397084575ce35588cec871ab1ed55e79b.json,c677b372ffffae9bc89dbc10f4f283c0456e143d4b8daf9a9dc75b98e3138c60,0,133424.0,True,2024-04-02,stats,False,False
2024,894,LS030,Julia Riera,Emiliana Arango,327287,324789,R32,6-0 6-3,completed,present,2024-04-01,2024-04-07,2024-04-02T21:46:36+00:00,False,2024-04-02T23:09:38.52+00:00,False,data/raw/wta/stats/_httpcache/2024/b855bbc37eabe6e9a3f35dbc37c6f5a397084575ce35588cec871ab1ed55e79b.json,c677b372ffffae9bc89dbc10f4f283c0456e143d4b8daf9a9dc75b98e3138c60,0,133378.0,True,2024-04-01,historical,False,False
2024,894,LS031,Tatjana Maria,Anna Bondar,310440,322942,R32,6-3 6-2,completed,present,2024-04-01,2024-04-07,2024-04-02T19:52:53.05+00:00,False,2024-04-02T21:42:57.983+00:00,False,data/raw/wta/stats/_httpcache/2024/b855bbc37eabe6e9a3f35dbc37c6f5a397084575ce35588cec871ab1ed55e79b.json,c677b372ffffae9bc89dbc10f4f283c0456e143d4b8daf9a9dc75b98e3138c60,0,133377.0,True,2024-04-01,historical,False,False
2024,901,LS46871591,Coco Gauff,Marta Kostyuk,328560,326482,QF,7-6(6) 6-7(3) 6-2,completed,present,2024-01-14,2024-01-28,2024-01-23T02:05:00+00:00,False,,False,data/raw/wta/stats/_httpcache/2024/ca81c8ee6336abf341a1a0dfbdb6aa674657a3f226756934ac0ea53b031eb6b3.json,e2fc489e2fce787af48e760132847a313a4c69769242732f5db07f3c141b7651,1,132380.0,True,2024-01-15,historical,False,False
2024,901,LS46871593,Qinwen Zheng,Anna Kalinskaya,328120,323942,QF,6-7(4) 6-3 6-1,completed,present,2024-01-14,2024-01-28,2024-01-24T08:25:00+00:00,False,,False,data/raw/wta/stats/_httpcache/2024/ca81c8ee6336abf341a1a0dfbdb6aa674657a3f226756934ac0ea53b031eb6b3.json,e2fc489e2fce787af48e760132847a313a4c69769242732f5db07f3c141b7651,1,132379.0,True,2024-01-15,historical,False,False
2024,901,LS46871595,Dayana Yastremska,Linda Noskova,324261,329668,QF,6-3 6-4,completed,present,2024-01-14,2024-01-28,2024-01-24T01:00:00+00:00,False,,False,data/raw/wta/stats/_httpcache/2024/ca81c8ee6336abf341a1a0dfbdb6aa674657a3f226756934ac0ea53b031eb6b3.json,e2fc489e2fce787af48e760132847a313a4c69769242732f5db07f3c141b7651,1,132378.0,True,2024-01-15,historical,False,False
2024,901,LS46871597,Aryna Sabalenka,Amanda Anisimova,320760,326384,R16,6-3 6-2,completed,present,2024-01-14,2024-01-28,2024-01-21T02:15:00+00:00,True,,False,data/raw/wta/stats/_httpcache/2024/ca81c8ee6336abf341a1a0dfbdb6aa674657a3f226756934ac0ea53b031eb6b3.json,e2fc489e2fce787af48e760132847a313a4c69769242732f5db07f3c141b7651,1,132377.0,True,2024-01-15,historical,False,False
2024,901,LS46871599,Barbora Krejcikova,Mirra Andreeva,318314,331809,R16,4-6 6-3 6-2,completed,present,2024-01-14,2024-01-28,2024-01-21T06:30:00+00:00,True,,False,data/raw/wta/stats/_httpcache/2024/ca81c8ee6336abf341a1a0dfbdb6aa674657a3f226756934ac0ea53b031eb6b3.json,e2fc489e2fce787af48e760132847a313a4c69769242732f5db07f3c141b7651,1,132376.0,True,2024-01-15,historical,False,False
2024,901,LS46871601,Coco Gauff,Magdalena Frech,328560,320277,R16,6-1 6-2,completed,present,2024-01-14,2024-01-28,2024-01-21T01:00:00+00:00,True,,False,data/raw/wta/stats/_httpcache/2024/ca81c8ee6336abf341a1a0dfbdb6aa674657a3f226756934ac0ea53b031eb6b3.json,e2fc489e2fce787af48e760132847a313a4c69769242732f5db07f3c141b7651,1,132375.0,True,2024-01-15,historical,False,False
2024,901,LS46871603,Marta Kostyuk,Maria Timofeeva,326482,328896,R16,6-2 6-1,completed,present,2024-01-14,2024-01-28,2024-01-21T02:15:00+00:00,True,,False,data/raw/wta/stats/_httpcache/2024/ca81c8ee6336abf341a1a0dfbdb6aa674657a3f226756934ac0ea53b031eb6b3.json,e2fc489e2fce787af48e760132847a313a4c69769242732f5db07f3c141b7651,1,132374.0,True,2024-01-15,historical,False,False
2024,901,LS46871605,Qinwen Zheng,Oceane Dodin,328120,319436,R16,6-0 6-3,completed,present,2024-01-14,2024-01-28,2024-01-22T10:25:00+00:00,True,,False,data/raw/wta/stats/_httpcache/2024/ca81c8ee6336abf341a1a0dfbdb6aa674657a3f226756934ac0ea53b031eb6b3.json,e2fc489e2fce787af48e760132847a313a4c69769242732f5db07f3c141b7651,1,132373.0,True,2024-01-15,historical,False,False
2024,901,LS46871607,Anna Kalinskaya,Jasmine Paolini,323942,319280,R16,6-4 6-2,completed,present,2024-01-14,2024-01-28,2024-01-22T07:20:00+00:00,True,,False,data/raw/wta/stats/_httpcache/2024/ca81c8ee6336abf341a1a0dfbdb6aa674657a3f226756934ac0ea53b031eb6b3.json,e2fc489e2fce787af48e760132847a313a4c69769242732f5db07f3c141b7651,1,132372.0,True,2024-01-15,historical,False,False
2024,901,LS46871609,Dayana Yastremska,Victoria Azarenka,324261,312001,R16,7-6(6) 6-4,completed,present,2024-01-14,2024-01-28,2024-01-22T01:00:00+00:00,True,,False,data/raw/wta/stats/_httpcache/2024/ca81c8ee6336abf341a1a0dfbdb6aa674657a3f226756934ac0ea53b031eb6b3.json,e2fc489e2fce787af48e760132847a313a4c69769242732f5db07f3c141b7651,1,132371.0,True,2024-01-15,historical,False,False
2024,901,LS46871611,Linda Noskova,Elina Svitolina,329668,316738,R16,,incomplete-or-invalid-score,score-conflict,2024-01-14,2024-01-28,2024-01-22T02:40:00+00:00,True,,False,data/raw/wta/stats/_httpcache/2024/ca81c8ee6336abf341a1a0dfbdb6aa674657a3f226756934ac0ea53b031eb6b3.json,e2fc489e2fce787af48e760132847a313a4c69769242732f5db07f3c141b7651,1,132370.0,True,2024-01-15,historical,False,False
2024,901,LS46871613,Aryna Sabalenka,Lesia Tsurenko,320760,315295,R32,6-0 6-0,completed,present,2024-01-14,2024-01-28,2024-01-19T01:00:00+00:00,True,,False,data/raw/wta/stats/_httpcache/2024/ca81c8ee6336abf341a1a0dfbdb6aa674657a3f226756934ac0ea53b031eb6b3.json,e2fc489e2fce787af48e760132847a313a4c69769242732f5db07f3c141b7651,1,132369.0,True,2024-01-15,historical,False,False
2024,901,LS46871615,Amanda Anisimova,Paula Badosa,326384,320124,R32,7-5 6-4,completed,present,2024-01-14,2024-01-28,2024-01-19T00:00:00+00:00,True,,False,data/raw/wta/stats/_httpcache/2024/ca81c8ee6336abf341a1a0dfbdb6aa674657a3f226756934ac0ea53b031eb6b3.json,e2fc489e2fce787af48e760132847a313a4c69769242732f5db07f3c141b7651,1,132368.0,True,2024-01-15,historical,False,False
2024,901,LS46871617,Barbora Krejcikova,Storm Hunter,318314,317810,R32,4-6 7-5 6-3,completed,present,2024-01-14,2024-01-28,2024-01-19T11:05:00+00:00,True,,False,data/raw/wta/stats/_httpcache/2024/ca81c8ee6336abf341a1a0dfbdb6aa674657a3f226756934ac0ea53b031eb6b3.json,e2fc489e2fce787af48e760132847a313a4c69769242732f5db07f3c141b7651,1,132367.0,True,2024-01-15,historical,False,False
2024,901,LS46871619,Mirra Andreeva,Diane Parry,331809,327077,R32,1-6 6-1 7-6(5),completed,present,2024-01-14,2024-01-28,2024-01-19T03:00:00+00:00,True,,False,data/raw/wta/stats/_httpcache/2024/ca81c8ee6336abf341a1a0dfbdb6aa674657a3f226756934ac0ea53b031eb6b3.json,e2fc489e2fce787af48e760132847a313a4c69769242732f5db07f3c141b7651,1,132366.0,True,2024-01-15,historical,False,False
2024,901,LS46871621,Coco Gauff,Alycia Parks,328560,326007,R32,6-0 6-2,completed,present,2024-01-14,2024-01-28,2024-01-19T03:25:00+00:00,True,,False,data/raw/wta/stats/_httpcache/2024/ca81c8ee6336abf341a1a0dfbdb6aa674657a3f226756934ac0ea53b031eb6b3.json,e2fc489e2fce787af48e760132847a313a4c69769242732f5db07f3c141b7651,1,132365.0,True,2024-01-15,historical,False,False
2024,901,LS46871623,Anna Kalinskaya,Arantxa Rus,323942,313349,R64,6-1 7-5,completed,present,2024-01-14,2024-01-28,2024-01-18T00:00:00+00:00,True,,False,data/raw/wta/stats/_httpcache/2024/ca81c8ee6336abf341a1a0dfbdb6aa674657a3f226756934ac0ea53b031eb6b3.json,e2fc489e2fce787af48e760132847a313a4c69769242732f5db07f3c141b7651,1,132332.0,True,2024-01-15,historical,False,False
2024,901,LS46871625,Jasmine Paolini,Tatjana Maria,319280,310440,R64,6-2 6-3,completed,present,2024-01-14,2024-01-28,2024-01-18T04:55:00+00:00,True,,False,data/raw/wta/stats/_httpcache/2024/ca81c8ee6336abf341a1a0dfbdb6aa674657a3f226756934ac0ea53b031eb6b3.json,e2fc489e2fce787af48e760132847a313a4c69769242732f5db07f3c141b7651,1,132331.0,True,2024-01-15,historical,False,False
2024,901,LS46871627,Anna Blinkova,Elena Rybakina,324267,324166,R64,6-4 4-6 7-6(20),completed,present,2024-01-14,2024-01-28,2024-01-18T09:05:00+00:00,True,,False,data/raw/wta/stats/_httpcache/2024/ca81c8ee6336abf341a1a0dfbdb6aa674657a3f226756934ac0ea53b031eb6b3.json,e2fc489e2fce787af48e760132847a313a4c69769242732f5db07f3c141b7651,1,132330.0,True,2024-01-15,historical,False,False
2024,901,LS46871629,Dayana Yastremska,Varvara Gracheva,324261,325836,R64,6-3 6-2,completed,present,2024-01-14,2024-01-28,2024-01-18T10:00:00+00:00,True,,False,data/raw/wta/stats/_httpcache/2024/ca81c8ee6336abf341a1a0dfbdb6aa674657a3f226756934ac0ea53b031eb6b3.json,e2fc489e2fce787af48e760132847a313a4c69769242732f5db07f3c141b7651,1,132329.0,True,2024-01-15,historical,False,False
2024,901,LS46871631,Emma Navarro,Elisabetta Cocciaretto,325410,327909,R64,4-6 6-3 6-3,completed,present,2024-01-14,2024-01-28,2024-01-18T07:40:00+00:00,True,,False,data/raw/wta/stats/_httpcache/2024/ca81c8ee6336abf341a1a0dfbdb6aa674657a3f226756934ac0ea53b031eb6b3.json,e2fc489e2fce787af48e760132847a313a4c69769242732f5db07f3c141b7651,1,132328.0,True,2024-01-15,historical,False,False
2024,901,LS46871633,Victoria Azarenka,Clara Tauson,312001,327793,R64,6-4 3-6 6-2,completed,present,2024-01-14,2024-01-28,2024-01-18T11:55:00+00:00,True,,False,data/raw/wta/stats/_httpcache/2024/ca81c8ee6336abf341a1a0dfbdb6aa674657a3f226756934ac0ea53b031eb6b3.json,e2fc489e2fce787af48e760132847a313a4c69769242732f5db07f3c141b7651,1,132327.0,True,2024-01-15,historical,False,False
2024,901,LS46871635,Jelena Ostapenko,Ajla Tomljanovic,319939,315232,R64,6-0 3-6 6-4,completed,present,2024-01-14,2024-01-28,2024-01-18T11:40:00+00:00,True,,False,data/raw/wta/stats/_httpcache/2024/ca81c8ee6336abf341a1a0dfbdb6aa674657a3f226756934ac0ea53b031eb6b3.json,e2fc489e2fce787af48e760132847a313a4c69769242732f5db07f3c141b7651,1,132326.0,True,2024-01-15,historical,False,False
2024,901,LS46871637,Viktorija Golubic,Katerina Siniakova,316296,320301,R64,6-3 2-6 6-4,completed,present,2024-01-14,2024-01-28,2024-01-18T08:20:00+00:00,True,,False,data/raw/wta/stats/_httpcache/2024/ca81c8ee6336abf341a1a0dfbdb6aa674657a3f226756934ac0ea53b031eb6b3.json,e2fc489e2fce787af48e760132847a313a4c69769242732f5db07f3c141b7651,1,132325.0,True,2024-01-15,historical,False,False
2024,901,LS46871639,Elina Svitolina,Viktoriya Tomova,316738,317584,R64,6-1 6-3,completed,present,2024-01-14,2024-01-28,2024-01-18T07:40:00+00:00,True,,False,data/raw/wta/stats/_httpcache/2024/ca81c8ee6336abf341a1a0dfbdb6aa674657a3f226756934ac0ea53b031eb6b3.json,e2fc489e2fce787af48e760132847a313a4c69769242732f5db07f3c141b7651,1,132324.0,True,2024-01-15,historical,False,False
2024,901,LS46871641,Linda Noskova,McCartney Kessler,329668,326678,R64,6-3 1-6 6-4,completed,present,2024-01-14,2024-01-28,2024-01-18T00:00:00+00:00,True,,False,data/raw/wta/stats/_httpcache/2024/ca81c8ee6336abf341a1a0dfbdb6aa674657a3f226756934ac0ea53b031eb6b3.json,e2fc489e2fce787af48e760132847a313a4c69769242732f5db07f3c141b7651,1,132323.0,True,2024-01-15,historical,False,False
2024,901,LS46871643,Iga Swiatek,Danielle Collins,326408,316925,R64,6-4 3-6 6-4,completed,present,2024-01-14,2024-01-28,2024-01-18T01:00:00+00:00,True,,False,data/raw/wta/stats/_httpcache/2024/ca81c8ee6336abf341a1a0dfbdb6aa674657a3f226756934ac0ea53b031eb6b3.json,e2fc489e2fce787af48e760132847a313a4c69769242732f5db07f3c141b7651,1,132322.0,True,2024-01-15,historical,False,False
2024,901,LS46871645,Aryna Sabalenka,Qinwen Zheng,320760,328120,F,6-3 6-2,completed,present,2024-01-14,2024-01-28,2024-01-27T08:40:00+00:00,False,,False,data/raw/wta/stats/_httpcache/2024/ca81c8ee6336abf341a1a0dfbdb6aa674657a3f226756934ac0ea53b031eb6b3.json,e2fc489e2fce787af48e760132847a313a4c69769242732f5db07f3c141b7651,1,132384.0,True,2024-01-15,historical,False,False
2024,901,LS46871647,Aryna Sabalenka,Coco Gauff,320760,328560,SF,7-6(2) 6-4,completed,present,2024-01-14,2024-01-28,2024-01-25T08:45:00+00:00,False,,False,data/raw/wta/stats/_httpcache/2024/ca81c8ee6336abf341a1a0dfbdb6aa674657a3f226756934ac0ea53b031eb6b3.json,e2fc489e2fce787af48e760132847a313a4c69769242732f5db07f3c141b7651,1,132383.0,True,2024-01-15,historical,False,False
2024,901,LS46871649,Qinwen Zheng,Dayana Yastremska,328120,324261,SF,6-4 6-4,completed,present,2024-01-14,2024-01-28,2024-01-25T10:50:00+00:00,False,,False,data/raw/wta/stats/_httpcache/2024/ca81c8ee6336abf341a1a0dfbdb6aa674657a3f226756934ac0ea53b031eb6b3.json,e2fc489e2fce787af48e760132847a313a4c69769242732f5db07f3c141b7651,1,132382.0,True,2024-01-15,historical,False,False
2024,901,LS46871651,Aryna Sabalenka,Barbora Krejcikova,320760,318314,QF,6-2 6-3,completed,present,2024-01-14,2024-01-28,2024-01-23T10:00:00+00:00,False,,False,data/raw/wta/stats/_httpcache/2024/ca81c8ee6336abf341a1a0dfbdb6aa674657a3f226756934ac0ea53b031eb6b3.json,e2fc489e2fce787af48e760132847a313a4c69769242732f5db07f3c141b7651,1,132381.0,True,2024-01-15,historical,False,False
2024,901,LS46871653,Storm Hunter,Laura Siegemund,317810,310926,R64,6-4 3-6 6-3,completed,present,2024-01-14,2024-01-28,2024-01-17T02:55:00+00:00,True,,False,data/raw/wta/stats/_httpcache/2024/ca81c8ee6336abf341a1a0dfbdb6aa674657a3f226756934ac0ea53b031eb6b3.json,e2fc489e2fce787af48e760132847a313a4c69769242732f5db07f3c141b7651,1,132348.0,True,2024-01-15,historical,False,False
2024,901,LS46871655,Diane Parry,Kamilla Rakhimova,327077,325936,R64,7-5 6-2,completed,present,2024-01-14,2024-01-28,2024-01-17T03:00:00+00:00,True,,False,data/raw/wta/stats/_httpcache/2024/ca81c8ee6336abf341a1a0dfbdb6aa674657a3f226756934ac0ea53b031eb6b3.json,e2fc489e2fce787af48e760132847a313a4c69769242732f5db07f3c141b7651,1,132347.0,True,2024-01-15,historical,False,False
2024,901,LS46871657,Mirra Andreeva,Ons Jabeur,331809,316847,R64,6-0 6-2,completed,present,2024-01-14,2024-01-28,2024-01-17T01:00:00+00:00,True,,False,data/raw/wta/stats/_httpcache/2024/ca81c8ee6336abf341a1a0dfbdb6aa674657a3f226756934ac0ea53b031eb6b3.json,e2fc489e2fce787af48e760132847a313a4c69769242732f5db07f3c141b7651,1,132346.0,True,2024-01-15,historical,False,False
2024,901,LS46871659,Coco Gauff,Caroline Dolehide,328560,322052,R64,7-6(2) 6-2,completed,present,2024-01-14,2024-01-28,2024-01-17T03:15:00+00:00,True,,False,data/raw/wta/stats/_httpcache/2024/ca81c8ee6336abf341a1a0dfbdb6aa674657a3f226756934ac0ea53b031eb6b3.json,e2fc489e2fce787af48e760132847a313a4c69769242732f5db07f3c141b7651,1,132345.0,True,2024-01-15,historical,False,False
2024,901,LS46871661,Alycia Parks,Leylah Fernandez,326007,326735,R64,7-5 6-4,completed,present,2024-01-14,2024-01-28,2024-01-17T03:00:00+00:00,True,,False,data/raw/wta/stats/_httpcache/2024/ca81c8ee6336abf341a1a0dfbdb6aa674657a3f226756934ac0ea53b031eb6b3.json,e2fc489e2fce787af48e760132847a313a4c69769242732f5db07f3c141b7651,1,132344.0,True,2024-01-15,historical,False,False
2024,901,LS46871663,Anastasia Zakharova,Kaja Juvan,327367,324702,R64,6-1 6-1,completed,present,2024-01-14,2024-01-28,2024-01-17T05:00:00+00:00,True,,False,data/raw/wta/stats/_httpcache/2024/ca81c8ee6336abf341a1a0dfbdb6aa674657a3f226756934ac0ea53b031eb6b3.json,e2fc489e2fce787af48e760132847a313a4c69769242732f5db07f3c141b7651,1,132343.0,True,2024-01-15,historical,False,False
2024,901,LS46871665,Magdalena Frech,Caroline Garcia,320277,315391,R64,6-4 7-6(2),completed,present,2024-01-14,2024-01-28,2024-01-17T06:35:00+00:00,True,,False,data/raw/wta/stats/_httpcache/2024/ca81c8ee6336abf341a1a0dfbdb6aa674657a3f226756934ac0ea53b031eb6b3.json,e2fc489e2fce787af48e760132847a313a4c69769242732f5db07f3c141b7651,1,132342.0,True,2024-01-15,historical,False,False
2024,901,LS46871667,Beatriz Haddad Maia,Alina Korneeva,318176,845268,R64,6-1 6-2,completed,present,2024-01-14,2024-01-28,2024-01-17T04:50:00+00:00,True,,False,data/raw/wta/stats/_httpcache/2024/ca81c8ee6336abf341a1a0dfbdb6aa674657a3f226756934ac0ea53b031eb6b3.json,e2fc489e2fce787af48e760132847a313a4c69769242732f5db07f3c141b7651,1,132341.0,True,2024-01-15,historical,False,False
2024,901,LS46871669,Maria Timofeeva,Caroline Wozniacki,328896,313402,R64,1-6 6-4 6-1,completed,present,2024-01-14,2024-01-28,2024-01-17T00:00:00+00:00,True,,False,data/raw/wta/stats/_httpcache/2024/ca81c8ee6336abf341a1a0dfbdb6aa674657a3f226756934ac0ea53b031eb6b3.json,e2fc489e2fce787af48e760132847a313a4c69769242732f5db07f3c141b7651,1,132340.0,True,2024-01-15,historical,False,False
2024,901,LS46871671,Marta Kostyuk,Elise Mertens,326482,317964,R64,5-7 6-1 7-6(6),completed,present,2024-01-14,2024-01-28,2024-01-17T09:55:00+00:00,True,,False,data/raw/wta/stats/_httpcache/2024/ca81c8ee6336abf341a1a0dfbdb6aa674657a3f226756934ac0ea53b031eb6b3.json,e2fc489e2fce787af48e760132847a313a4c69769242732f5db07f3c141b7651,1,132339.0,True,2024-01-15,historical,False,False
2024,901,LS46871673,Elina Avanesyan,Maria Sakkari,327620,318312,R64,6-4 6-4,completed,present,2024-01-14,2024-01-28,2024-01-17T12:05:00+00:00,True,,False,data/raw/wta/stats/_httpcache/2024/ca81c8ee6336abf341a1a0dfbdb6aa674657a3f226756934ac0ea53b031eb6b3.json,e2fc489e2fce787af48e760132847a313a4c69769242732f5db07f3c141b7651,1,132338.0,True,2024-01-15,historical,False,False
2024,901,LS46871675,Clara Burel,Jessica Pegula,325320,316956,R64,6-4 6-2,completed,present,2024-01-14,2024-01-28,2024-01-18T05:20:00+00:00,True,,False,data/raw/wta/stats/_httpcache/2024/ca81c8ee6336abf341a1a0dfbdb6aa674657a3f226756934ac0ea53b031eb6b3.json,e2fc489e2fce787af48e760132847a313a4c69769242732f5db07f3c141b7651,1,132337.0,True,2024-01-15,historical,False,False
2024,901,LS46871677,Oceane Dodin,Martina Trevisan,319436,316266,R64,6-4 6-4,completed,present,2024-01-14,2024-01-28,2024-01-18T01:40:00+00:00,True,,False,data/raw/wta/stats/_httpcache/2024/ca81c8ee6336abf341a1a0dfbdb6aa674657a3f226756934ac0ea53b031eb6b3.json,e2fc489e2fce787af48e760132847a313a4c69769242732f5db07f3c141b7651,1,132336.0,True,2024-01-15,historical,False,False
2024,901,LS46871679,Yafan Wang,Emma Raducanu,317510,328366,R64,6-4 4-6 6-4,completed,present,2024-01-14,2024-01-28,2024-01-18T07:40:00+00:00,True,,False,data/raw/wta/stats/_httpcache/2024/ca81c8ee6336abf341a1a0dfbdb6aa674657a3f226756934ac0ea53b031eb6b3.json,e2fc489e2fce787af48e760132847a313a4c69769242732f5db07f3c141b7651,1,132335.0,True,2024-01-15,historical,False,False
2024,901,LS46871681,Qinwen Zheng,Katie Boulter,328120,319125,R64,6-3 6-3,completed,present,2024-01-14,2024-01-28,2024-01-18T05:50:00+00:00,True,,False,data/raw/wta/stats/_httpcache/2024/ca81c8ee6336abf341a1a0dfbdb6aa674657a3f226756934ac0ea53b031eb6b3.json,e2fc489e2fce787af48e760132847a313a4c69769242732f5db07f3c141b7651,1,132334.0,True,2024-01-15,historical,False,False
2024,901,LS46871683,Sloane Stephens,Daria Kasatkina,315683,322082,R64,4-6 6-3 6-3,completed,present,2024-01-14,2024-01-28,2024-01-18T05:20:00+00:00,True,,False,data/raw/wta/stats/_httpcache/2024/ca81c8ee6336abf341a1a0dfbdb6aa674657a3f226756934ac0ea53b031eb6b3.json,e2fc489e2fce787af48e760132847a313a4c69769242732f5db07f3c141b7651,1,132333.0,True,2024-01-15,historical,False,False
2024,901,LS46871685,Magdalena Frech,Anastasia Zakharova,320277,327367,R32,4-6 7-5 6-4,completed,present,2024-01-14,2024-01-28,2024-01-19T03:55:00+00:00,True,,False,data/raw/wta/stats/_httpcache/2024/ca81c8ee6336abf341a1a0dfbdb6aa674657a3f226756934ac0ea53b031eb6b3.json,e2fc489e2fce787af48e760132847a313a4c69769242732f5db07f3c141b7651,1,132364.0,True,2024-01-15,historical,False,False
2024,901,LS46871687,Maria Timofeeva,Beatriz Haddad Maia,328896,318176,R32,7-6(7) 6-3,completed,present,2024-01-14,2024-01-28,2024-01-19T08:00:00+00:00,True,,False,data/raw/wta/stats/_httpcache/2024/ca81c8ee6336abf341a1a0dfbdb6aa674657a3f226756934ac0ea53b031eb6b3.json,e2fc489e2fce787af48e760132847a313a4c69769242732f5db07f3c141b7651,1,132363.0,True,2024-01-15,historical,False,False
2024,901,LS46871689,Marta Kostyuk,Elina Avanesyan,326482,327620,R32,2-6 6-4 6-4,completed,present,2024-01-14,2024-01-28,2024-01-19T03:20:00+00:00,True,,False,data/raw/wta/stats/_httpcache/2024/ca81c8ee6336abf341a1a0dfbdb6aa674657a3f226756934ac0ea53b031eb6b3.json,e2fc489e2fce787af48e760132847a313a4c69769242732f5db07f3c141b7651,1,132362.0,True,2024-01-15,historical,False,False
2024,901,LS46871691,Oceane Dodin,Clara Burel,319436,325320,R32,6-2 6-4,completed,present,2024-01-14,2024-01-28,2024-01-20T02:05:00+00:00,True,,False,data/raw/wta/stats/_httpcache/2024/ca81c8ee6336abf341a1a0dfbdb6aa674657a3f226756934ac0ea53b031eb6b3.json,e2fc489e2fce787af48e760132847a313a4c69769242732f5db07f3c141b7651,1,132361.0,True,2024-01-15,historical,False,False
2024,901,LS46871693,Qinwen Zheng,Yafan Wang,328120,317510,R32,6-4 2-6 7-6(8),completed,present,2024-01-14,2024-01-28,2024-01-20T01:00:00+00:00,True,,False,data/raw/wta/stats/_httpcache/2024/ca81c8ee6336abf341a1a0dfbdb6aa674657a3f226756934ac0ea53b031eb6b3.json,e2fc489e2fce787af48e760132847a313a4c69769242732f5db07f3c141b7651,1,132360.0,True,2024-01-15,historical,False,False
2024,901,LS46871695,Anna Kalinskaya,Sloane Stephens,323942,315683,R32,6-7(8) 6-1 6-4,completed,present,2024-01-14,2024-01-28,2024-01-20T00:00:00+00:00,True,,False,data/raw/wta/stats/_httpcache/2024/ca81c8ee6336abf341a1a0dfbdb6aa674657a3f226756934ac0ea53b031eb6b3.json,e2fc489e2fce787af48e760132847a313a4c69769242732f5db07f3c141b7651,1,132359.0,True,2024-01-15,historical,False,False
2024,901,LS46871697,Jasmine Paolini,Anna Blinkova,319280,324267,R32,7-6(1) 6-4,completed,present,2024-01-14,2024-01-28,2024-01-20T03:05:00+00:00,True,,False,data/raw/wta/stats/_httpcache/2024/ca81c8ee6336abf341a1a0dfbdb6aa674657a3f226756934ac0ea53b031eb6b3.json,e2fc489e2fce787af48e760132847a313a4c69769242732f5db07f3c141b7651,1,132358.0,True,2024-01-15,historical,False,False
2024,901,LS46871699,Dayana Yastremska,Emma Navarro,324261,325410,R32,6-2 2-6 6-1,completed,present,2024-01-14,2024-01-28,2024-01-20T00:00:00+00:00,True,,False,data/raw/wta/stats/_httpcache/2024/ca81c8ee6336abf341a1a0dfbdb6aa674657a3f226756934ac0ea53b031eb6b3.json,e2fc489e2fce787af48e760132847a313a4c69769242732f5db07f3c141b7651,1,132357.0,True,2024-01-15,historical,False,False
2024,901,LS46871701,Victoria Azarenka,Jelena Ostapenko,312001,319939,R32,6-1 7-5,completed,present,2024-01-14,2024-01-28,2024-01-20T05:30:00+00:00,True,,False,data/raw/wta/stats/_httpcache/2024/ca81c8ee6336abf341a1a0dfbdb6aa674657a3f226756934ac0ea53b031eb6b3.json,e2fc489e2fce787af48e760132847a313a4c69769242732f5db07f3c141b7651,1,132356.0,True,2024-01-15,historical,False,False
2024,901,LS46871703,Elina Svitolina,Viktorija Golubic,316738,316296,R32,6-2 6-3,completed,present,2024-01-14,2024-01-28,2024-01-20T10:40:00+00:00,True,,False,data/raw/wta/stats/_httpcache/2024/ca81c8ee6336abf341a1a0dfbdb6aa674657a3f226756934ac0ea53b031eb6b3.json,e2fc489e2fce787af48e760132847a313a4c69769242732f5db07f3c141b7651,1,132355.0,True,2024-01-15,historical,False,False
2024,901,LS46871705,Linda Noskova,Iga Swiatek,329668,326408,R32,3-6 6-3 6-4,completed,present,2024-01-14,2024-01-28,2024-01-20T08:10:00+00:00,True,,False,data/raw/wta/stats/_httpcache/2024/ca81c8ee6336abf341a1a0dfbdb6aa674657a3f226756934ac0ea53b031eb6b3.json,e2fc489e2fce787af48e760132847a313a4c69769242732f5db07f3c141b7651,1,132354.0,True,2024-01-15,historical,False,False
2024,901,LS46871707,Aryna Sabalenka,Brenda Fruhvirtova,320760,331545,R64,6-3 6-2,completed,present,2024-01-14,2024-01-28,2024-01-17T08:10:00+00:00,True,,False,data/raw/wta/stats/_httpcache/2024/ca81c8ee6336abf341a1a0dfbdb6aa674657a3f226756934ac0ea53b031eb6b3.json,e2fc489e2fce787af48e760132847a313a4c69769242732f5db07f3c141b7651,1,132353.0,True,2024-01-15,historical,False,False
2024,901,LS46871709,Lesia Tsurenko,Rebeka Masarova,315295,322087,R64,6-3 6-4,completed,present,2024-01-14,2024-01-28,2024-01-17T08:40:00+00:00,True,,False,data/raw/wta/stats/_httpcache/2024/ca81c8ee6336abf341a1a0dfbdb6aa674657a3f226756934ac0ea53b031eb6b3.json,e2fc489e2fce787af48e760132847a313a4c69769242732f5db07f3c141b7651,1,132352.0,True,2024-01-15,historical,False,False
2024,901,LS46871711,Paula Badosa,Anastasia Pavlyuchenkova,320124,313796,R64,6-2 6-3,completed,present,2024-01-14,2024-01-28,2024-01-17T06:45:00+00:00,True,,False,data/raw/wta/stats/_httpcache/2024/ca81c8ee6336abf341a1a0dfbdb6aa674657a3f226756934ac0ea53b031eb6b3.json,e2fc489e2fce787af48e760132847a313a4c69769242732f5db07f3c141b7651,1,132351.0,True,2024-01-15,historical,False,False
2024,901,LS46871713,Amanda Anisimova,Nadia Podoroska,326384,319112,R64,6-2 6-3,completed,present,2024-01-14,2024-01-28,2024-01-17T03:00:00+00:00,True,,False,data/raw/wta/stats/_httpcache/2024/ca81c8ee6336abf341a1a0dfbdb6aa674657a3f226756934ac0ea53b031eb6b3.json,e2fc489e2fce787af48e760132847a313a4c69769242732f5db07f3c141b7651,1,132350.0,True,2024-01-15,historical,False,False
2024,901,LS46871715,Barbora Krejcikova,Tamara Korpatsch,318314,319571,R64,6-2 6-2,completed,present,2024-01-14,2024-01-28,2024-01-17T03:00:00+00:00,True,,False,data/raw/wta/stats/_httpcache/2024/ca81c8ee6336abf341a1a0dfbdb6aa674657a3f226756934ac0ea53b031eb6b3.json,e2fc489e2fce787af48e760132847a313a4c69769242732f5db07f3c141b7651,1,132349.0,True,2024-01-15,historical,False,False
2024,901,LS46880867,Rebeka Masarova,Aliaksandra Sasnovich,322087,317790,R128,6-3 6-4,completed,present,2024-01-14,2024-01-28,2024-01-15T03:20:00+00:00,True,,False,data/raw/wta/stats/_httpcache/2024/ca81c8ee6336abf341a1a0dfbdb6aa674657a3f226756934ac0ea53b031eb6b3.json,e2fc489e2fce787af48e760132847a313a4c69769242732f5db07f3c141b7651,1,132319.0,True,2024-01-15,historical,False,False
2024,901,LS46880869,Lesia Tsurenko,Lucia Bronzetti,315295,322280,R128,3-6 7-5 6-3,completed,present,2024-01-14,2024-01-28,2024-01-14T00:00:00+00:00,True,,False,data/raw/wta/stats/_httpcache/2024/ca81c8ee6336abf341a1a0dfbdb6aa674657a3f226756934ac0ea53b031eb6b3.json,e2fc489e2fce787af48e760132847a313a4c69769242732f5db07f3c141b7651,1,132318.0,True,2024-01-15,historical,False,False
2024,901,LS46880871,Anastasia Pavlyuchenkova,Donna Vekic,313796,318516,R128,6-4 6-4,completed,present,2024-01-14,2024-01-28,2024-01-15T04:25:00+00:00,True,,False,data/raw/wta/stats/_httpcache/2024/ca81c8ee6336abf341a1a0dfbdb6aa674657a3f226756934ac0ea53b031eb6b3.json,e2fc489e2fce787af48e760132847a313a4c69769242732f5db07f3c141b7651,1,132317.0,True,2024-01-15,historical,False,False
2024,901,LS46880873,Paula Badosa,Taylor Townsend,320124,318609,R128,6-1 6-3,completed,present,2024-01-14,2024-01-28,2024-01-15T08:35:00+00:00,True,,False,data/raw/wta/stats/_httpcache/2024/ca81c8ee6336abf341a1a0dfbdb6aa674657a3f226756934ac0ea53b031eb6b3.json,e2fc489e2fce787af48e760132847a313a4c69769242732f5db07f3c141b7651,1,132316.0,True,2024-01-15,historical,False,False
2024,901,LS46880875,Nadia Podoroska,Tamara Zidansek,319112,323079,R128,6-1 6-0,completed,present,2024-01-14,2024-01-28,2024-01-15T00:00:00+00:00,True,,False,data/raw/wta/stats/_httpcache/2024/ca81c8ee6336abf341a1a0dfbdb6aa674657a3f226756934ac0ea53b031eb6b3.json,e2fc489e2fce787af48e760132847a313a4c69769242732f5db07f3c141b7651,1,132315.0,True,2024-01-15,historical,False,False
2024,901,LS46880877,Amanda Anisimova,Liudmila Samsonova,326384,322222,R128,6-3 6-4,completed,present,2024-01-14,2024-01-28,2024-01-14T05:25:00+00:00,True,,False,data/raw/wta/stats/_httpcache/2024/ca81c8ee6336abf341a1a0dfbdb6aa674657a3f226756934ac0ea53b031eb6b3.json,e2fc489e2fce787af48e760132847a313a4c69769242732f5db07f3c141b7651,1,132314.0,True,2024-01-15,historical,False,False
2024,901,LS46880879,Barbora Krejcikova,Mai Hontama,318314,324750,R128,2-6 6-4 6-3,completed,present,2024-01-14,2024-01-28,2024-01-14T01:00:00+00:00,True,,False,data/raw/wta/stats/_httpcache/2024/ca81c8ee6336abf341a1a0dfbdb6aa674657a3f226756934ac0ea53b031eb6b3.json,e2fc489e2fce787af48e760132847a313a4c69769242732f5db07f3c141b7651,1,132313.0,True,2024-01-15,historical,False,False
2024,901,LS46880881,Tamara Korpatsch,Jodie Burrage,319571,323802,R128,2-6 6-3 6-0,completed,present,2024-01-14,2024-01-28,2024-01-14T02:00:00+00:00,True,,False,data/raw/wta/stats/_httpcache/2024/ca81c8ee6336abf341a1a0dfbdb6aa674657a3f226756934ac0ea53b031eb6b3.json,e2fc489e2fce787af48e760132847a313a4c69769242732f5db07f3c141b7651,1,132312.0,True,2024-01-15,historical,False,False
2024,901,LS46880883,Laura Siegemund,Ekaterina Alexandrova,310926,319007,R128,6-2 3-6 7-6(9),completed,present,2024-01-14,2024-01-28,2024-01-15T01:50:00+00:00,True,,False,data/raw/wta/stats/_httpcache/2024/ca81c8ee6336abf341a1a0dfbdb6aa674657a3f226756934ac0ea53b031eb6b3.json,e2fc489e2fce787af48e760132847a313a4c69769242732f5db07f3c141b7651,1,132310.0,True,2024-01-15,historical,False,False
2024,901,LS46880885,Diane Parry,Xinyu Wang,327077,326376,R128,6-3 2-6 6-3,completed,absent,2024-01-14,2024-01-28,2024-01-14T04:40:00+00:00,True,,False,data/raw/wta/stats/_httpcache/2024/ca81c8ee6336abf341a1a0dfbdb6aa674657a3f226756934ac0ea53b031eb6b3.json,e2fc489e2fce787af48e760132847a313a4c69769242732f5db07f3c141b7651,1,,,,,False,False
2024,901,LS46880887,Kamilla Rakhimova,Emina Bektas,325936,316464,R128,6-4 6-4,completed,present,2024-01-14,2024-01-28,2024-01-14T00:00:00+00:00,True,,False,data/raw/wta/stats/_httpcache/2024/ca81c8ee6336abf341a1a0dfbdb6aa674657a3f226756934ac0ea53b031eb6b3.json,e2fc489e2fce787af48e760132847a313a4c69769242732f5db07f3c141b7651,1,132308.0,True,2024-01-15,historical,False,False
2024,901,LS46880889,Mirra Andreeva,Bernarda Pera,331809,317708,R128,7-5 6-2,completed,present,2024-01-14,2024-01-28,2024-01-15T08:45:00+00:00,True,,False,data/raw/wta/stats/_httpcache/2024/ca81c8ee6336abf341a1a0dfbdb6aa674657a3f226756934ac0ea53b031eb6b3.json,e2fc489e2fce787af48e760132847a313a4c69769242732f5db07f3c141b7651,1,132307.0,True,2024-01-15,historical,False,False
2024,901,LS46880891,Coco Gauff,Anna-Karolina Schmiedlova,328560,318203,R128,6-3 6-0,completed,present,2024-01-14,2024-01-28,2024-01-15T01:00:00+00:00,True,,False,data/raw/wta/stats/_httpcache/2024/ca81c8ee6336abf341a1a0dfbdb6aa674657a3f226756934ac0ea53b031eb6b3.json,e2fc489e2fce787af48e760132847a313a4c69769242732f5db07f3c141b7651,1,132305.0,True,2024-01-15,historical,False,False
2024,901,LS46880893,Kaja Juvan,Anastasia Potapova,324702,325601,R128,6-1 6-4,completed,present,2024-01-14,2024-01-28,2024-01-15T01:35:00+00:00,True,,False,data/raw/wta/stats/_httpcache/2024/ca81c8ee6336abf341a1a0dfbdb6aa674657a3f226756934ac0ea53b031eb6b3.json,e2fc489e2fce787af48e760132847a313a4c69769242732f5db07f3c141b7651,1,132301.0,True,2024-01-15,historical,False,False
2024,901,LS46880895,Magdalena Frech,Daria Saville,320277,315997,R128,6-7(5) 6-3 7-5,completed,present,2024-01-14,2024-01-28,2024-01-15T04:45:00+00:00,True,,False,data/raw/wta/stats/_httpcache/2024/ca81c8ee6336abf341a1a0dfbdb6aa674657a3f226756934ac0ea53b031eb6b3.json,e2fc489e2fce787af48e760132847a313a4c69769242732f5db07f3c141b7651,1,132299.0,True,2024-01-15,historical,False,False
2024,901,LS46880897,Caroline Garcia,Naomi Osaka,315391,319998,R128,6-4 7-6(2),completed,present,2024-01-14,2024-01-28,2024-01-15T10:45:00+00:00,True,,False,data/raw/wta/stats/_httpcache/2024/ca81c8ee6336abf341a1a0dfbdb6aa674657a3f226756934ac0ea53b031eb6b3.json,e2fc489e2fce787af48e760132847a313a4c69769242732f5db07f3c141b7651,1,132298.0,True,2024-01-15,historical,False,False
2024,901,LS46880899,Beatriz Haddad Maia,Linda Fruhvirtova,318176,329627,R128,6-2 3-6 6-2,completed,present,2024-01-14,2024-01-28,2024-01-15T08:40:00+00:00,True,,False,data/raw/wta/stats/_httpcache/2024/ca81c8ee6336abf341a1a0dfbdb6aa674657a3f226756934ac0ea53b031eb6b3.json,e2fc489e2fce787af48e760132847a313a4c69769242732f5db07f3c141b7651,1,132297.0,True,2024-01-15,historical,False,False
2024,901,LS46880901,Caroline Wozniacki,Magda Linette,313402,315130,R128,,incomplete-or-invalid-score,score-conflict,2024-01-14,2024-01-28,2024-01-14T08:20:00+00:00,True,,False,data/raw/wta/stats/_httpcache/2024/ca81c8ee6336abf341a1a0dfbdb6aa674657a3f226756934ac0ea53b031eb6b3.json,e2fc489e2fce787af48e760132847a313a4c69769242732f5db07f3c141b7651,1,132294.0,True,2024-01-15,historical,False,False
2024,901,LS46880903,Elise Mertens,Mayar Sherif Ahmed Abdelaziz,317964,318711,R128,,incomplete-or-invalid-score,score-conflict,2024-01-14,2024-01-28,2024-01-15T04:35:00+00:00,True,,False,data/raw/wta/stats/_httpcache/2024/ca81c8ee6336abf341a1a0dfbdb6aa674657a3f226756934ac0ea53b031eb6b3.json,e2fc489e2fce787af48e760132847a313a4c69769242732f5db07f3c141b7651,1,132293.0,True,2024-01-15,historical,False,False
2024,901,LS46880905,Marta Kostyuk,Claire Liu,326482,179300,R128,6-3 4-6 6-1,completed,present,2024-01-14,2024-01-28,2024-01-15T03:55:00+00:00,True,,False,data/raw/wta/stats/_httpcache/2024/ca81c8ee6336abf341a1a0dfbdb6aa674657a3f226756934ac0ea53b031eb6b3.json,e2fc489e2fce787af48e760132847a313a4c69769242732f5db07f3c141b7651,1,132292.0,True,2024-01-15,historical,False,False
2024,901,LS46880907,Elina Avanesyan,Zhuoxuan Bai,327620,327196,R128,4-6 7-5 6-2,completed,present,2024-01-14,2024-01-28,2024-01-14T02:00:00+00:00,True,,False,data/raw/wta/stats/_httpcache/2024/ca81c8ee6336abf341a1a0dfbdb6aa674657a3f226756934ac0ea53b031eb6b3.json,e2fc489e2fce787af48e760132847a313a4c69769242732f5db07f3c141b7651,1,132291.0,True,2024-01-15,historical,False,False
2024,901,LS46880909,Maria Sakkari,Nao Hibino,318312,320238,R128,6-4 6-1,completed,present,2024-01-14,2024-01-28,2024-01-14T04:05:00+00:00,True,,False,data/raw/wta/stats/_httpcache/2024/ca81c8ee6336abf341a1a0dfbdb6aa674657a3f226756934ac0ea53b031eb6b3.json,e2fc489e2fce787af48e760132847a313a4c69769242732f5db07f3c141b7651,1,132290.0,True,2024-01-15,historical,False,False
2024,901,LS46880911,Clara Burel,Aleksandra Krunic,325320,316344,R128,6-4 6-1,completed,present,2024-01-14,2024-01-28,2024-01-16T04:40:00+00:00,True,,False,data/raw/wta/stats/_httpcache/2024/ca81c8ee6336abf341a1a0dfbdb6aa674657a3f226756934ac0ea53b031eb6b3.json,e2fc489e2fce787af48e760132847a313a4c69769242732f5db07f3c141b7651,1,132288.0,True,2024-01-15,historical,False,False
2024,901,LS46880913,Oceane Dodin,Lin Zhu,319436,317306,R128,6-4 6-3,completed,present,2024-01-14,2024-01-28,2024-01-16T04:10:00+00:00,True,,False,data/raw/wta/stats/_httpcache/2024/ca81c8ee6336abf341a1a0dfbdb6aa674657a3f226756934ac0ea53b031eb6b3.json,e2fc489e2fce787af48e760132847a313a4c69769242732f5db07f3c141b7651,1,132286.0,True,2024-01-15,historical,False,False
2024,901,LS46880915,Yafan Wang,Sorana Cirstea,317510,312469,R128,0-6 7-5 6-2,completed,present,2024-01-14,2024-01-28,2024-01-16T05:35:00+00:00,True,,False,data/raw/wta/stats/_httpcache/2024/ca81c8ee6336abf341a1a0dfbdb6aa674657a3f226756934ac0ea53b031eb6b3.json,e2fc489e2fce787af48e760132847a313a4c69769242732f5db07f3c141b7651,1,132285.0,True,2024-01-15,historical,False,False
2024,901,LS46880917,Emma Raducanu,Shelby Rogers,328366,42459,R128,6-3 6-2,completed,present,2024-01-14,2024-01-28,2024-01-16T08:30:00+00:00,True,,False,data/raw/wta/stats/_httpcache/2024/ca81c8ee6336abf341a1a0dfbdb6aa674657a3f226756934ac0ea53b031eb6b3.json,e2fc489e2fce787af48e760132847a313a4c69769242732f5db07f3c141b7651,1,132284.0,True,2024-01-15,historical,False,False
2024,901,LS46880919,Katie Boulter,Yue Yuan,319125,324325,R128,7-5 7-6(1),completed,present,2024-01-14,2024-01-28,2024-01-16T05:55:00+00:00,True,,False,data/raw/wta/stats/_httpcache/2024/ca81c8ee6336abf341a1a0dfbdb6aa674657a3f226756934ac0ea53b031eb6b3.json,e2fc489e2fce787af48e760132847a313a4c69769242732f5db07f3c141b7651,1,132283.0,True,2024-01-15,historical,False,False
2024,901,LS46880921,Qinwen Zheng,Ashlyn Krueger,328120,329409,R128,3-6 6-2 6-3,completed,present,2024-01-14,2024-01-28,2024-01-16T07:15:00+00:00,True,,False,data/raw/wta/stats/_httpcache/2024/ca81c8ee6336abf341a1a0dfbdb6aa674657a3f226756934ac0ea53b031eb6b3.json,e2fc489e2fce787af48e760132847a313a4c69769242732f5db07f3c141b7651,1,132282.0,True,2024-01-15,historical,False,False
2024,901,LS46880923,Daria Kasatkina,Peyton Stearns,322082,327573,R128,6-2 3-6 6-2,completed,present,2024-01-14,2024-01-28,2024-01-16T00:00:00+00:00,True,,False,data/raw/wta/stats/_httpcache/2024/ca81c8ee6336abf341a1a0dfbdb6aa674657a3f226756934ac0ea53b031eb6b3.json,e2fc489e2fce787af48e760132847a313a4c69769242732f5db07f3c141b7651,1,132281.0,True,2024-01-15,historical,False,False
2024,901,LS46880925,Sloane Stephens,Olivia Gadecki,315683,326653,R128,6-3 6-1,completed,present,2024-01-14,2024-01-28,2024-01-16T00:00:00+00:00,True,,False,data/raw/wta/stats/_httpcache/2024/ca81c8ee6336abf341a1a0dfbdb6aa674657a3f226756934ac0ea53b031eb6b3.json,e2fc489e2fce787af48e760132847a313a4c69769242732f5db07f3c141b7651,1,132280.0,True,2024-01-15,historical,False,False
2024,901,LS46880927,Arantxa Rus,Anhelina Kalinina,313349,320567,R128,6-1 6-0,completed,present,2024-01-14,2024-01-28,2024-01-15T08:45:00+00:00,True,,False,data/raw/wta/stats/_httpcache/2024/ca81c8ee6336abf341a1a0dfbdb6aa674657a3f226756934ac0ea53b031eb6b3.json,e2fc489e2fce787af48e760132847a313a4c69769242732f5db07f3c141b7651,1,132278.0,True,2024-01-15,historical,False,False
2024,901,LS46880929,Jasmine Paolini,Diana Shnaider,319280,330482,R128,6-3 6-4,completed,present,2024-01-14,2024-01-28,2024-01-15T04:20:00+00:00,True,,False,data/raw/wta/stats/_httpcache/2024/ca81c8ee6336abf341a1a0dfbdb6aa674657a3f226756934ac0ea53b031eb6b3.json,e2fc489e2fce787af48e760132847a313a4c69769242732f5db07f3c141b7651,1,132277.0,True,2024-01-15,historical,False,False
2024,901,LS46880931,Tatjana Maria,Camila Osorio,310440,325898,R128,7-5 6-7(4) 6-4,completed,present,2024-01-14,2024-01-28,2024-01-15T03:10:00+00:00,True,,False,data/raw/wta/stats/_httpcache/2024/ca81c8ee6336abf341a1a0dfbdb6aa674657a3f226756934ac0ea53b031eb6b3.json,e2fc489e2fce787af48e760132847a313a4c69769242732f5db07f3c141b7651,1,132276.0,True,2024-01-15,historical,False,False
2024,901,LS46880933,Anna Blinkova,Cristina Bucsa,324267,321158,R128,6-2 6-4,completed,present,2024-01-14,2024-01-28,2024-01-16T05:30:00+00:00,True,,False,data/raw/wta/stats/_httpcache/2024/ca81c8ee6336abf341a1a0dfbdb6aa674657a3f226756934ac0ea53b031eb6b3.json,e2fc489e2fce787af48e760132847a313a4c69769242732f5db07f3c141b7651,1,132275.0,True,2024-01-15,historical,False,False
2024,901,LS46880935,Elena Rybakina,Karolina Pliskova,324166,313974,R128,7-6(6) 6-4,completed,present,2024-01-14,2024-01-28,2024-01-16T08:10:00+00:00,True,,False,data/raw/wta/stats/_httpcache/2024/ca81c8ee6336abf341a1a0dfbdb6aa674657a3f226756934ac0ea53b031eb6b3.json,e2fc489e2fce787af48e760132847a313a4c69769242732f5db07f3c141b7651,1,132274.0,True,2024-01-15,historical,False,False
2024,901,LS46880937,Varvara Gracheva,Yanina Wickmayer,325836,312536,R128,6-3 6-4,completed,present,2024-01-14,2024-01-28,2024-01-15T00:00:00+00:00,True,,False,data/raw/wta/stats/_httpcache/2024/ca81c8ee6336abf341a1a0dfbdb6aa674657a3f226756934ac0ea53b031eb6b3.json,e2fc489e2fce787af48e760132847a313a4c69769242732f5db07f3c141b7651,1,132272.0,True,2024-01-15,historical,False,False
2024,901,LS46880939,Emma Navarro,Xiyu Wang,325410,326160,R128,6-1 6-7(5) 7-5,completed,present,2024-01-14,2024-01-28,2024-01-16T03:15:00+00:00,True,,False,data/raw/wta/stats/_httpcache/2024/ca81c8ee6336abf341a1a0dfbdb6aa674657a3f226756934ac0ea53b031eb6b3.json,e2fc489e2fce787af48e760132847a313a4c69769242732f5db07f3c141b7651,1,132270.0,True,2024-01-15,historical,False,False
2024,901,LS46880941,Victoria Azarenka,Camila Giorgi,312001,44309,R128,6-1 4-6 6-3,completed,present,2024-01-14,2024-01-28,2024-01-16T03:40:00+00:00,True,,False,data/raw/wta/stats/_httpcache/2024/ca81c8ee6336abf341a1a0dfbdb6aa674657a3f226756934ac0ea53b031eb6b3.json,e2fc489e2fce787af48e760132847a313a4c69769242732f5db07f3c141b7651,1,132269.0,True,2024-01-15,historical,False,False
2024,901,LS46880943,Clara Tauson,Greet Minnen,327793,321454,R128,7-5 7-5,completed,present,2024-01-14,2024-01-28,2024-01-16T03:45:00+00:00,True,,False,data/raw/wta/stats/_httpcache/2024/ca81c8ee6336abf341a1a0dfbdb6aa674657a3f226756934ac0ea53b031eb6b3.json,e2fc489e2fce787af48e760132847a313a4c69769242732f5db07f3c141b7651,1,132268.0,True,2024-01-15,historical,False,False
2024,901,LS46880945,Ajla Tomljanovic,Petra Martic,315232,313711,R128,7-6(3) 4-6 6-4,completed,present,2024-01-14,2024-01-28,2024-01-16T10:05:00+00:00,True,,False,data/raw/wta/stats/_httpcache/2024/ca81c8ee6336abf341a1a0dfbdb6aa674657a3f226756934ac0ea53b031eb6b3.json,e2fc489e2fce787af48e760132847a313a4c69769242732f5db07f3c141b7651,1,132267.0,True,2024-01-15,historical,False,False
2024,901,LS46880947,Jelena Ostapenko,Kimberly Birrell,319939,320728,R128,7-6(5) 6-1,completed,present,2024-01-14,2024-01-28,2024-01-16T06:10:00+00:00,True,,False,data/raw/wta/stats/_httpcache/2024/ca81c8ee6336abf341a1a0dfbdb6aa674657a3f226756934ac0ea53b031eb6b3.json,e2fc489e2fce787af48e760132847a313a4c69769242732f5db07f3c141b7651,1,132266.0,True,2024-01-15,historical,False,False
2024,901,LS46880949,Viktorija Golubic,Veronika Kudermetova,316296,319526,R128,7-6(4) 1-6 6-1,completed,present,2024-01-14,2024-01-28,2024-01-15T07:45:00+00:00,True,,False,data/raw/wta/stats/_httpcache/2024/ca81c8ee6336abf341a1a0dfbdb6aa674657a3f226756934ac0ea53b031eb6b3.json,e2fc489e2fce787af48e760132847a313a4c69769242732f5db07f3c141b7651,1,132265.0,True,2024-01-15,historical,False,False
2024,901,LS46880951,Katerina Siniakova,Jaqueline Cristian,320301,320319,R128,6-2 7-5,completed,present,2024-01-14,2024-01-28,2024-01-15T05:15:00+00:00,True,,False,data/raw/wta/stats/_httpcache/2024/ca81c8ee6336abf341a1a0dfbdb6aa674657a3f226756934ac0ea53b031eb6b3.json,e2fc489e2fce787af48e760132847a313a4c69769242732f5db07f3c141b7651,1,132264.0,True,2024-01-15,historical,False,False
2024,901,LS46880953,Viktoriya Tomova,Kayla Day,317584,322534,R128,6-4 6-2,completed,present,2024-01-14,2024-01-28,2024-01-15T00:00:00+00:00,True,,False,data/raw/wta/stats/_httpcache/2024/ca81c8ee6336abf341a1a0dfbdb6aa674657a3f226756934ac0ea53b031eb6b3.json,e2fc489e2fce787af48e760132847a313a4c69769242732f5db07f3c141b7651,1,132263.0,True,2024-01-15,historical,False,False
2024,901,LS46880955,Elina Svitolina,Taylah Preston,316738,330291,R128,6-2 6-2,completed,present,2024-01-14,2024-01-28,2024-01-15T00:00:00+00:00,True,,False,data/raw/wta/stats/_httpcache/2024/ca81c8ee6336abf341a1a0dfbdb6aa674657a3f226756934ac0ea53b031eb6b3.json,e2fc489e2fce787af48e760132847a313a4c69769242732f5db07f3c141b7651,1,132262.0,True,2024-01-15,historical,False,False
2024,901,LS46880957,Linda Noskova,Marie Bouzkova,329668,320983,R128,6-1 7-5,completed,present,2024-01-14,2024-01-28,2024-01-15T00:00:00+00:00,True,,False,data/raw/wta/stats/_httpcache/2024/ca81c8ee6336abf341a1a0dfbdb6aa674657a3f226756934ac0ea53b031eb6b3.json,e2fc489e2fce787af48e760132847a313a4c69769242732f5db07f3c141b7651,1,132261.0,True,2024-01-15,historical,False,False
2024,901,LS46880959,Danielle Collins,Angelique Kerber,316925,311470,R128,6-2 3-6 6-1,completed,present,2024-01-14,2024-01-28,2024-01-16T02:35:00+00:00,True,,False,data/raw/wta/stats/_httpcache/2024/ca81c8ee6336abf341a1a0dfbdb6aa674657a3f226756934ac0ea53b031eb6b3.json,e2fc489e2fce787af48e760132847a313a4c69769242732f5db07f3c141b7651,1,132259.0,True,2024-01-15,historical,False,False
2024,901,LS46880961,Iga Swiatek,Sofia Kenin,326408,320942,R128,7-6(2) 6-2,completed,present,2024-01-14,2024-01-28,2024-01-16T01:00:00+00:00,True,,False,data/raw/wta/stats/_httpcache/2024/ca81c8ee6336abf341a1a0dfbdb6aa674657a3f226756934ac0ea53b031eb6b3.json,e2fc489e2fce787af48e760132847a313a4c69769242732f5db07f3c141b7651,1,132258.0,True,2024-01-15,historical,False,False
2024,901,LS46920515,Aryna Sabalenka,Ella Seidel,320760,330548,R128,6-0 6-1,completed,present,2024-01-14,2024-01-28,2024-01-14T12:35:00+00:00,True,,False,data/raw/wta/stats/_httpcache/2024/ca81c8ee6336abf341a1a0dfbdb6aa674657a3f226756934ac0ea53b031eb6b3.json,e2fc489e2fce787af48e760132847a313a4c69769242732f5db07f3c141b7651,1,132321.0,True,2024-01-15,historical,False,False
2024,901,LS46920517,Brenda Fruhvirtova,Ana Bogdan,331545,315427,R128,2-6 6-4 6-3,completed,present,2024-01-14,2024-01-28,2024-01-14T03:00:00+00:00,True,,False,data/raw/wta/stats/_httpcache/2024/ca81c8ee6336abf341a1a0dfbdb6aa674657a3f226756934ac0ea53b031eb6b3.json,e2fc489e2fce787af48e760132847a313a4c69769242732f5db07f3c141b7651,1,132320.0,True,2024-01-15,historical,False,False
2024,901,LS46920519,Storm Hunter,Sara Errani,317810,310761,R128,6-4 6-3,completed,present,2024-01-14,2024-01-28,2024-01-15T00:00:00+00:00,True,,False,data/raw/wta/stats/_httpcache/2024/ca81c8ee6336abf341a1a0dfbdb6aa674657a3f226756934ac0ea53b031eb6b3.json,e2fc489e2fce787af48e760132847a313a4c69769242732f5db07f3c141b7651,1,132311.0,True,2024-01-15,historical,False,False
2024,901,LS46920521,Ons Jabeur,Yuliia Starodubtseva,316847,325338,R128,6-3 6-1,completed,present,2024-01-14,2024-01-28,2024-01-15T08:10:00+00:00,True,,False,data/raw/wta/stats/_httpcache/2024/ca81c8ee6336abf341a1a0dfbdb6aa674657a3f226756934ac0ea53b031eb6b3.json,e2fc489e2fce787af48e760132847a313a4c69769242732f5db07f3c141b7651,1,132306.0,True,2024-01-15,historical,False,False
2024,901,LS46920523,Caroline Dolehide,Leolia Jeanjean,322052,320313,R128,6-2 6-4,completed,present,2024-01-14,2024-01-28,2024-01-14T06:55:00+00:00,True,,False,data/raw/wta/stats/_httpcache/2024/ca81c8ee6336abf341a1a0dfbdb6aa674657a3f226756934ac0ea53b031eb6b3.json,e2fc489e2fce787af48e760132847a313a4c69769242732f5db07f3c141b7651,1,132304.0,True,2024-01-15,historical,False,False
2024,901,LS46920525,Alycia Parks,Daria Snigur,326007,327845,R128,2-6 6-2 6-4,completed,present,2024-01-14,2024-01-28,2024-01-14T02:10:00+00:00,True,,False,data/raw/wta/stats/_httpcache/2024/ca81c8ee6336abf341a1a0dfbdb6aa674657a3f226756934ac0ea53b031eb6b3.json,e2fc489e2fce787af48e760132847a313a4c69769242732f5db07f3c141b7651,1,132303.0,True,2024-01-15,historical,False,False
2024,901,LS46920527,Leylah Fernandez,Sara Bejlek,326735,330375,R128,7-6(5) 6-2,completed,present,2024-01-14,2024-01-28,2024-01-14T00:00:00+00:00,True,,False,data/raw/wta/stats/_httpcache/2024/ca81c8ee6336abf341a1a0dfbdb6aa674657a3f226756934ac0ea53b031eb6b3.json,e2fc489e2fce787af48e760132847a313a4c69769242732f5db07f3c141b7651,1,132302.0,True,2024-01-15,historical,False,False
2024,901,LS46920529,Anastasia Zakharova,Yulia Putintseva,327367,317683,R128,2-6 6-0 6-3,completed,present,2024-01-14,2024-01-28,2024-01-15T06:15:00+00:00,True,,False,data/raw/wta/stats/_httpcache/2024/ca81c8ee6336abf341a1a0dfbdb6aa674657a3f226756934ac0ea53b031eb6b3.json,e2fc489e2fce787af48e760132847a313a4c69769242732f5db07f3c141b7651,1,132300.0,True,2024-01-15,historical,False,False
2024,901,LS46920531,Alina Korneeva,Sara Sorribes Tormo,845268,318872,R128,4-6 6-3 6-2,completed,present,2024-01-14,2024-01-28,2024-01-14T06:30:00+00:00,True,,False,data/raw/wta/stats/_httpcache/2024/ca81c8ee6336abf341a1a0dfbdb6aa674657a3f226756934ac0ea53b031eb6b3.json,e2fc489e2fce787af48e760132847a313a4c69769242732f5db07f3c141b7651,1,132296.0,True,2024-01-15,historical,False,False
2024,901,LS46920533,Maria Timofeeva,Alize Cornet,328896,312121,R128,6-2 6-4,completed,present,2024-01-14,2024-01-28,2024-01-14T03:00:00+00:00,True,,False,data/raw/wta/stats/_httpcache/2024/ca81c8ee6336abf341a1a0dfbdb6aa674657a3f226756934ac0ea53b031eb6b3.json,e2fc489e2fce787af48e760132847a313a4c69769242732f5db07f3c141b7651,1,132295.0,True,2024-01-15,historical,False,False
2024,901,LS46920535,Jessica Pegula,Rebecca Marino,316956,313485,R128,6-2 6-4,completed,present,2024-01-14,2024-01-28,2024-01-16T11:40:00+00:00,True,,False,data/raw/wta/stats/_httpcache/2024/ca81c8ee6336abf341a1a0dfbdb6aa674657a3f226756934ac0ea53b031eb6b3.json,e2fc489e2fce787af48e760132847a313a4c69769242732f5db07f3c141b7651,1,132289.0,True,2024-01-15,historical,False,False
2024,901,LS46920537,Martina Trevisan,Renata Zarazua,316266,320716,R128,4-6 6-4 6-2,completed,present,2024-01-14,2024-01-28,2024-01-16T00:00:00+00:00,True,,False,data/raw/wta/stats/_httpcache/2024/ca81c8ee6336abf341a1a0dfbdb6aa674657a3f226756934ac0ea53b031eb6b3.json,e2fc489e2fce787af48e760132847a313a4c69769242732f5db07f3c141b7651,1,132287.0,True,2024-01-15,historical,False,False
2024,901,LS46920539,Anna Kalinskaya,Katie Volynets,323942,327391,R128,6-3 3-6 6-2,completed,present,2024-01-14,2024-01-28,2024-01-15T09:00:00+00:00,True,,False,data/raw/wta/stats/_httpcache/2024/ca81c8ee6336abf341a1a0dfbdb6aa674657a3f226756934ac0ea53b031eb6b3.json,e2fc489e2fce787af48e760132847a313a4c69769242732f5db07f3c141b7651,1,132279.0,True,2024-01-15,historical,False,False
2024,901,LS46920541,Dayana Yastremska,Marketa Vondrousova,324261,323027,R128,6-1 6-2,completed,present,2024-01-14,2024-01-28,2024-01-15T00:00:00+00:00,True,,False,data/raw/wta/stats/_httpcache/2024/ca81c8ee6336abf341a1a0dfbdb6aa674657a3f226756934ac0ea53b031eb6b3.json,e2fc489e2fce787af48e760132847a313a4c69769242732f5db07f3c141b7651,1,132273.0,True,2024-01-15,historical,False,False
2024,901,LS46920543,Elisabetta Cocciaretto,Lulu Sun,327909,324576,R128,6-1 7-5,completed,present,2024-01-14,2024-01-28,2024-01-16T00:00:00+00:00,True,,False,data/raw/wta/stats/_httpcache/2024/ca81c8ee6336abf341a1a0dfbdb6aa674657a3f226756934ac0ea53b031eb6b3.json,e2fc489e2fce787af48e760132847a313a4c69769242732f5db07f3c141b7651,1,132271.0,True,2024-01-15,historical,False,False
2024,901,LS46920545,McCartney Kessler,Fiona Ferro,326678,319969,R128,3-6 6-3 6-2,completed,present,2024-01-14,2024-01-28,2024-01-15T03:15:00+00:00,True,,False,data/raw/wta/stats/_httpcache/2024/ca81c8ee6336abf341a1a0dfbdb6aa674657a3f226756934ac0ea53b031eb6b3.json,e2fc489e2fce787af48e760132847a313a4c69769242732f5db07f3c141b7651,1,132260.0,True,2024-01-15,historical,False,False
2024,902,LS001,Danielle Collins,Elena Rybakina,316925,324166,F,7-5 6-3,completed,absent,2024-03-19,2024-03-31,2024-03-30T18:50:14.493+00:00,False,2024-03-30T21:10:14.89+00:00,False,data/raw/wta/stats/_httpcache/2024/b185b2f4c601dac815da5f2eb738ad2ff3bb1597afb5b5e49f19077588ec480f.json,1b8f8098b57a94bdc65280d859b166225f057675a7e7ba56b947d53cc3337227,1,,,,,False,False
2024,902,LS002,Danielle Collins,Ekaterina Alexandrova,316925,319007,SF,6-3 6-2,completed,absent,2024-03-19,2024-03-31,2024-03-29T00:49:30.797+00:00,False,2024-03-29T02:19:23.14+00:00,False,data/raw/wta/stats/_httpcache/2024/b185b2f4c601dac815da5f2eb738ad2ff3bb1597afb5b5e49f19077588ec480f.json,1b8f8098b57a94bdc65280d859b166225f057675a7e7ba56b947d53cc3337227,1,,,,,False,False
2024,902,LS003,Elena Rybakina,Victoria Azarenka,324166,312001,SF,6-4 0-6 7-6(2),completed,absent,2024-03-19,2024-03-31,2024-03-28T18:56:11.353+00:00,False,2024-03-28T21:44:53.927+00:00,False,data/raw/wta/stats/_httpcache/2024/b185b2f4c601dac815da5f2eb738ad2ff3bb1597afb5b5e49f19077588ec480f.json,1b8f8098b57a94bdc65280d859b166225f057675a7e7ba56b947d53cc3337227,1,,,,,False,False
2024,902,LS004,Ekaterina Alexandrova,Jessica Pegula,319007,316956,QF,3-6 6-4 6-4,completed,absent,2024-03-19,2024-03-31,2024-03-27T22:51:50.22+00:00,False,2024-03-28T01:06:27.533+00:00,False,data/raw/wta/stats/_httpcache/2024/b185b2f4c601dac815da5f2eb738ad2ff3bb1597afb5b5e49f19077588ec480f.json,1b8f8098b57a94bdc65280d859b166225f057675a7e7ba56b947d53cc3337227,1,,,,,False,False
2024,902,LS005,Danielle Collins,Caroline Garcia,316925,315391,QF,6-3 6-2,completed,absent,2024-03-19,2024-03-31,2024-03-27T16:47:59.16+00:00,False,2024-03-27T18:29:12.963+00:00,False,data/raw/wta/stats/_httpcache/2024/b185b2f4c601dac815da5f2eb738ad2ff3bb1597afb5b5e49f19077588ec480f.json,1b8f8098b57a94bdc65280d859b166225f057675a7e7ba56b947d53cc3337227,1,,,,,False,False
2024,902,LS006,Elena Rybakina,Maria Sakkari,324166,318312,QF,7-5 6-7(4) 6-4,completed,absent,2024-03-19,2024-03-31,2024-03-26T23:52:43.913+00:00,False,2024-03-27T02:56:37.41+00:00,False,data/raw/wta/stats/_httpcache/2024/b185b2f4c601dac815da5f2eb738ad2ff3bb1597afb5b5e49f19077588ec480f.json,1b8f8098b57a94bdc65280d859b166225f057675a7e7ba56b947d53cc3337227,1,,,,,False,False
2024,902,LS007,Victoria Azarenka,Yulia Putintseva,312001,317683,QF,7-6(4) 1-6 6-3,completed,absent,2024-03-19,2024-03-31,2024-03-26T17:56:45.703+00:00,False,2024-03-26T21:55:36.84+00:00,False,data/raw/wta/stats/_httpcache/2024/b185b2f4c601dac815da5f2eb738ad2ff3bb1597afb5b5e49f19077588ec480f.json,1b8f8098b57a94bdc65280d859b166225f057675a7e7ba56b947d53cc3337227,1,,,,,False,False
2024,902,LS008,Ekaterina Alexandrova,Iga Swiatek,319007,326408,R16,6-4 6-2,completed,absent,2024-03-19,2024-03-31,2024-03-26T00:26:10.973+00:00,False,2024-03-26T02:09:40.14+00:00,False,data/raw/wta/stats/_httpcache/2024/b185b2f4c601dac815da5f2eb738ad2ff3bb1597afb5b5e49f19077588ec480f.json,1b8f8098b57a94bdc65280d859b166225f057675a7e7ba56b947d53cc3337227,1,,,,,False,False
2024,902,LS009,Jessica Pegula,Emma Navarro,316956,325410,R16,7-6(1) 6-3,completed,absent,2024-03-19,2024-03-31,2024-03-26T00:00:25.81+00:00,False,2024-03-26T01:40:28.333+00:00,False,data/raw/wta/stats/_httpcache/2024/b185b2f4c601dac815da5f2eb738ad2ff3bb1597afb5b5e49f19077588ec480f.json,1b8f8098b57a94bdc65280d859b166225f057675a7e7ba56b947d53cc3337227,1,,,,,False,False
2024,902,LS010,Caroline Garcia,Coco Gauff,315391,328560,R16,6-3 1-6 6-2,completed,absent,2024-03-19,2024-03-31,2024-03-25T19:40:12.057+00:00,False,2024-03-25T21:40:36.393+00:00,False,data/raw/wta/stats/_httpcache/2024/b185b2f4c601dac815da5f2eb738ad2ff3bb1597afb5b5e49f19077588ec480f.json,1b8f8098b57a94bdc65280d859b166225f057675a7e7ba56b947d53cc3337227,1,,,,,False,False
2024,902,LS011,Danielle Collins,Sorana Cirstea,316925,312469,R16,6-3 6-2,completed,absent,2024-03-19,2024-03-31,2024-03-25T21:24:55.883+00:00,False,2024-03-25T23:06:29.757+00:00,False,data/raw/wta/stats/_httpcache/2024/b185b2f4c601dac815da5f2eb738ad2ff3bb1597afb5b5e49f19077588ec480f.json,1b8f8098b57a94bdc65280d859b166225f057675a7e7ba56b947d53cc3337227,1,,,,,False,False
2024,902,LS013,Elena Rybakina,Madison Keys,324166,316959,R16,6-3 7-5,completed,absent,2024-03-19,2024-03-31,2024-03-25T18:00:24.24+00:00,False,2024-03-25T19:36:59.437+00:00,False,data/raw/wta/stats/_httpcache/2024/b185b2f4c601dac815da5f2eb738ad2ff3bb1597afb5b5e49f19077588ec480f.json,1b8f8098b57a94bdc65280d859b166225f057675a7e7ba56b947d53cc3337227,1,,,,,False,False
2024,902,LS014,Victoria Azarenka,Katie Boulter,312001,319125,R16,7-5 6-1,completed,absent,2024-03-19,2024-03-31,2024-03-25T19:12:42.043+00:00,False,2024-03-25T21:21:31.23+00:00,False,data/raw/wta/stats/_httpcache/2024/b185b2f4c601dac815da5f2eb738ad2ff3bb1597afb5b5e49f19077588ec480f.json,1b8f8098b57a94bdc65280d859b166225f057675a7e7ba56b947d53cc3337227,1,,,,,False,False
2024,902,LS015,Yulia Putintseva,Anhelina Kalinina,317683,320567,R16,6-4 7-6(5),completed,absent,2024-03-19,2024-03-31,2024-03-25T16:28:07.7+00:00,False,2024-03-25T19:10:05.487+00:00,False,data/raw/wta/stats/_httpcache/2024/b185b2f4c601dac815da5f2eb738ad2ff3bb1597afb5b5e49f19077588ec480f.json,1b8f8098b57a94bdc65280d859b166225f057675a7e7ba56b947d53cc3337227,1,,,,,False,False
2024,902,LS016,Iga Swiatek,Linda Noskova,326408,329668,R32,6-7(7) 6-4 6-4,completed,absent,2024-03-19,2024-03-31,2024-03-24T22:49:30.167+00:00,False,2024-03-25T01:54:49.653+00:00,False,data/raw/wta/stats/_httpcache/2024/b185b2f4c601dac815da5f2eb738ad2ff3bb1597afb5b5e49f19077588ec480f.json,1b8f8098b57a94bdc65280d859b166225f057675a7e7ba56b947d53cc3337227,1,,,,,False,False
2024,902,LS017,Ekaterina Alexandrova,Anastasia Pavlyuchenkova,319007,313796,R32,6-4 3-6 6-3,completed,absent,2024-03-19,2024-03-31,2024-03-24T16:40:05.707+00:00,False,2024-03-24T19:01:11.29+00:00,False,data/raw/wta/stats/_httpcache/2024/b185b2f4c601dac815da5f2eb738ad2ff3bb1597afb5b5e49f19077588ec480f.json,1b8f8098b57a94bdc65280d859b166225f057675a7e7ba56b947d53cc3337227,1,,,,,False,False
2024,902,LS018,Emma Navarro,Jasmine Paolini,325410,319280,R32,6-2 3-6 6-0,completed,absent,2024-03-19,2024-03-31,2024-03-24T14:52:58.73+00:00,False,2024-03-24T17:06:00.423+00:00,False,data/raw/wta/stats/_httpcache/2024/b185b2f4c601dac815da5f2eb738ad2ff3bb1597afb5b5e49f19077588ec480f.json,1b8f8098b57a94bdc65280d859b166225f057675a7e7ba56b947d53cc3337227,1,,,,,False,False
2024,902,LS019,Jessica Pegula,Leylah Fernandez,316956,326735,R32,7-5 6-4,completed,absent,2024-03-19,2024-03-31,2024-03-24T17:20:50.293+00:00,False,2024-03-24T19:22:23.31+00:00,False,data/raw/wta/stats/_httpcache/2024/b185b2f4c601dac815da5f2eb738ad2ff3bb1597afb5b5e49f19077588ec480f.json,1b8f8098b57a94bdc65280d859b166225f057675a7e7ba56b947d53cc3337227,1,,,,,False,False
2024,902,LS020,Coco Gauff,Oceane Dodin,328560,319436,R32,6-4 6-0,completed,absent,2024-03-19,2024-03-31,2024-03-24T15:52:27.783+00:00,False,2024-03-24T17:12:36.587+00:00,False,data/raw/wta/stats/_httpcache/2024/b185b2f4c601dac815da5f2eb738ad2ff3bb1597afb5b5e49f19077588ec480f.json,1b8f8098b57a94bdc65280d859b166225f057675a7e7ba56b947d53cc3337227,1,,,,,False,False
2024,902,LS021,Caroline Garcia,Naomi Osaka,315391,319998,R32,7-6(4) 7-5,completed,absent,2024-03-19,2024-03-31,2024-03-24T19:26:58.367+00:00,False,2024-03-24T21:56:50.967+00:00,False,data/raw/wta/stats/_httpcache/2024/b185b2f4c601dac815da5f2eb738ad2ff3bb1597afb5b5e49f19077588ec480f.json,1b8f8098b57a94bdc65280d859b166225f057675a7e7ba56b947d53cc3337227,1,,,,,False,False
2024,902,LS022,Sorana Cirstea,Daria Kasatkina,312469,322082,R32,7-5 6-2,completed,absent,2024-03-19,2024-03-31,2024-03-24T14:45:37.323+00:00,False,2024-03-24T16:37:07.9+00:00,False,data/raw/wta/stats/_httpcache/2024/b185b2f4c601dac815da5f2eb738ad2ff3bb1597afb5b5e49f19077588ec480f.json,1b8f8098b57a94bdc65280d859b166225f057675a7e7ba56b947d53cc3337227,1,,,,,False,False
2024,902,LS023,Danielle Collins,Elina Avanesyan,316925,327620,R32,6-1 6-2,completed,absent,2024-03-19,2024-03-31,2024-03-24T21:58:22.403+00:00,False,2024-03-24T23:29:25.68+00:00,False,data/raw/wta/stats/_httpcache/2024/b185b2f4c601dac815da5f2eb738ad2ff3bb1597afb5b5e49f19077588ec480f.json,1b8f8098b57a94bdc65280d859b166225f057675a7e7ba56b947d53cc3337227,1,,,,,False,False
2024,902,LS024,Maria Sakkari,Dayana Yastremska,318312,324261,R32,7-5 6-4,completed,absent,2024-03-19,2024-03-31,2024-03-23T23:15:37.167+00:00,False,2024-03-24T01:40:58.373+00:00,False,data/raw/wta/stats/_httpcache/2024/b185b2f4c601dac815da5f2eb738ad2ff3bb1597afb5b5e49f19077588ec480f.json,1b8f8098b57a94bdc65280d859b166225f057675a7e7ba56b947d53cc3337227,1,,,,,False,False
2024,902,LS025,Anna Kalinskaya,Jelena Ostapenko,323942,319939,R32,6-3 6-1,completed,absent,2024-03-19,2024-03-31,2024-03-24T01:44:20.923+00:00,False,2024-03-24T03:06:09.643+00:00,False,data/raw/wta/stats/_httpcache/2024/b185b2f4c601dac815da5f2eb738ad2ff3bb1597afb5b5e49f19077588ec480f.json,1b8f8098b57a94bdc65280d859b166225f057675a7e7ba56b947d53cc3337227,1,,,,,False,False
2024,902,LS026,Madison Keys,Xinyu Wang,316959,326376,R32,6-4 7-6(5),completed,present,2024-03-19,2024-03-31,2024-03-23T23:33:24.863+00:00,False,2024-03-24T01:27:38.46+00:00,False,data/raw/wta/stats/_httpcache/2024/b185b2f4c601dac815da5f2eb738ad2ff3bb1597afb5b5e49f19077588ec480f.json,1b8f8098b57a94bdc65280d859b166225f057675a7e7ba56b947d53cc3337227,1,133217.0,True,2024-03-23,stats,False,False
2024,902,LS027,Elena Rybakina,Taylor Townsend,324166,318609,R32,6-3 6-7(3) 6-4,completed,absent,2024-03-19,2024-03-31,2024-03-24T00:48:56.58+00:00,False,2024-03-24T03:18:41.183+00:00,False,data/raw/wta/stats/_httpcache/2024/b185b2f4c601dac815da5f2eb738ad2ff3bb1597afb5b5e49f19077588ec480f.json,1b8f8098b57a94bdc65280d859b166225f057675a7e7ba56b947d53cc3337227,1,,,,,False,False
2024,902,LS028,Victoria Azarenka,Qinwen Zheng,312001,328120,R32,6-4 7-5,completed,absent,2024-03-19,2024-03-31,2024-03-23T20:51:21.63+00:00,False,2024-03-23T23:27:56.553+00:00,False,data/raw/wta/stats/_httpcache/2024/b185b2f4c601dac815da5f2eb738ad2ff3bb1597afb5b5e49f19077588ec480f.json,1b8f8098b57a94bdc65280d859b166225f057675a7e7ba56b947d53cc3337227,1,,,,,False,False
2024,902,LS029,Katie Boulter,Beatriz Haddad Maia,319125,318176,R32,6-2 6-3,completed,absent,2024-03-19,2024-03-31,2024-03-24T01:41:52.767+00:00,False,2024-03-24T03:26:30.553+00:00,False,data/raw/wta/stats/_httpcache/2024/b185b2f4c601dac815da5f2eb738ad2ff3bb1597afb5b5e49f19077588ec480f.json,1b8f8098b57a94bdc65280d859b166225f057675a7e7ba56b947d53cc3337227,1,,,,,False,False
2024,902,LS030,Yulia Putintseva,Greet Minnen,317683,321454,R32,6-2 2-6 6-4,completed,absent,2024-03-19,2024-03-31,2024-03-24T01:35:01.8+00:00,False,2024-03-24T03:28:10.693+00:00,False,data/raw/wta/stats/_httpcache/2024/b185b2f4c601dac815da5f2eb738ad2ff3bb1597afb5b5e49f19077588ec480f.json,1b8f8098b57a94bdc65280d859b166225f057675a7e7ba56b947d53cc3337227,1,,,,,False,False
2024,902,LS031,Anhelina Kalinina,Aryna Sabalenka,320567,320760,R32,6-4 1-6 6-1,completed,absent,2024-03-19,2024-03-31,2024-03-24T01:19:58.23+00:00,False,2024-03-24T03:42:05.813+00:00,False,data/raw/wta/stats/_httpcache/2024/b185b2f4c601dac815da5f2eb738ad2ff3bb1597afb5b5e49f19077588ec480f.json,1b8f8098b57a94bdc65280d859b166225f057675a7e7ba56b947d53cc3337227,1,,,,,False,False
2024,902,LS032,Iga Swiatek,Camila Giorgi,326408,314610,R64,6-1 6-1,completed,absent,2024-03-19,2024-03-31,2024-03-23T21:51:52.497+00:00,False,2024-03-23T23:13:39.527+00:00,False,data/raw/wta/stats/_httpcache/2024/b185b2f4c601dac815da5f2eb738ad2ff3bb1597afb5b5e49f19077588ec480f.json,1b8f8098b57a94bdc65280d859b166225f057675a7e7ba56b947d53cc3337227,1,,,,,False,False
2024,902,LS033,Linda Noskova,Maria Timofeeva,329668,328896,R64,6-4 6-4,completed,absent,2024-03-19,2024-03-31,2024-03-23T20:14:45.993+00:00,False,2024-03-23T21:55:16.3+00:00,False,data/raw/wta/stats/_httpcache/2024/b185b2f4c601dac815da5f2eb738ad2ff3bb1597afb5b5e49f19077588ec480f.json,1b8f8098b57a94bdc65280d859b166225f057675a7e7ba56b947d53cc3337227,1,,,,,False,False
2024,902,LS034,Anastasia Pavlyuchenkova,Shelby Rogers,313796,317421,R64,6-2 6-1,completed,absent,2024-03-19,2024-03-31,2024-03-22T21:05:59.12+00:00,False,2024-03-22T22:53:35.75+00:00,False,data/raw/wta/stats/_httpcache/2024/b185b2f4c601dac815da5f2eb738ad2ff3bb1597afb5b5e49f19077588ec480f.json,1b8f8098b57a94bdc65280d859b166225f057675a7e7ba56b947d53cc3337227,1,,,,,False,False
2024,902,LS035,Ekaterina Alexandrova,Donna Vekic,319007,318516,R64,6-3 6-4,completed,absent,2024-03-19,2024-03-31,2024-03-22T20:58:01.057+00:00,False,2024-03-22T22:52:29.53+00:00,False,data/raw/wta/stats/_httpcache/2024/b185b2f4c601dac815da5f2eb738ad2ff3bb1597afb5b5e49f19077588ec480f.json,1b8f8098b57a94bdc65280d859b166225f057675a7e7ba56b947d53cc3337227,1,,,,,False,False
2024,902,LS036,Jasmine Paolini,Katie Volynets,319280,327391,R64,7-6(8) 7-5,completed,absent,2024-03-19,2024-03-31,2024-03-22T21:19:58.343+00:00,False,2024-03-23T18:44:37.893+00:00,False,data/raw/wta/stats/_httpcache/2024/b185b2f4c601dac815da5f2eb738ad2ff3bb1597afb5b5e49f19077588ec480f.json,1b8f8098b57a94bdc65280d859b166225f057675a7e7ba56b947d53cc3337227,1,,,,,False,False
2024,902,LS037,Emma Navarro,Storm Hunter,325410,317810,R64,6-4 6-3,completed,absent,2024-03-19,2024-03-31,2024-03-22T20:57:29.433+00:00,False,2024-03-22T22:42:00.963+00:00,False,data/raw/wta/stats/_httpcache/2024/b185b2f4c601dac815da5f2eb738ad2ff3bb1597afb5b5e49f19077588ec480f.json,1b8f8098b57a94bdc65280d859b166225f057675a7e7ba56b947d53cc3337227,1,,,,,False,False
2024,902,LS038,Leylah Fernandez,Emiliana Arango,326735,324789,R64,6-4 6-2,completed,absent,2024-03-19,2024-03-31,2024-03-23T18:00:44.117+00:00,False,2024-03-23T19:44:19.727+00:00,False,data/raw/wta/stats/_httpcache/2024/b185b2f4c601dac815da5f2eb738ad2ff3bb1597afb5b5e49f19077588ec480f.json,1b8f8098b57a94bdc65280d859b166225f057675a7e7ba56b947d53cc3337227,1,,,,,False,False
2024,902,LS040,Coco Gauff,Nadia Podoroska,328560,319112,R64,6-1 6-2,completed,absent,2024-03-19,2024-03-31,2024-03-22T20:59:38.56+00:00,False,2024-03-22T22:31:29.337+00:00,False,data/raw/wta/stats/_httpcache/2024/b185b2f4c601dac815da5f2eb738ad2ff3bb1597afb5b5e49f19077588ec480f.json,1b8f8098b57a94bdc65280d859b166225f057675a7e7ba56b947d53cc3337227,1,,,,,False,False
2024,902,LS041,Oceane Dodin,Arantxa Rus,319436,313349,R64,6-4 3-6 6-3,completed,absent,2024-03-19,2024-03-31,2024-03-22T21:08:55.703+00:00,False,2024-03-22T23:16:03.37+00:00,False,data/raw/wta/stats/_httpcache/2024/b185b2f4c601dac815da5f2eb738ad2ff3bb1597afb5b5e49f19077588ec480f.json,1b8f8098b57a94bdc65280d859b166225f057675a7e7ba56b947d53cc3337227,1,,,,,False,False
2024,902,LS043,Naomi Osaka,Elina Svitolina,319998,316738,R64,6-2 7-6(5),completed,absent,2024-03-19,2024-03-31,2024-03-23T21:48:45.72+00:00,False,2024-03-23T23:28:55.92+00:00,False,data/raw/wta/stats/_httpcache/2024/b185b2f4c601dac815da5f2eb738ad2ff3bb1597afb5b5e49f19077588ec480f.json,1b8f8098b57a94bdc65280d859b166225f057675a7e7ba56b947d53cc3337227,1,,,,,False,False
2024,902,LS045,Sorana Cirstea,Sloane Stephens,312469,315683,R64,6-2 6-1,completed,absent,2024-03-19,2024-03-31,2024-03-22T22:51:10.287+00:00,False,2024-03-23T21:09:30.34+00:00,False,data/raw/wta/stats/_httpcache/2024/b185b2f4c601dac815da5f2eb738ad2ff3bb1597afb5b5e49f19077588ec480f.json,1b8f8098b57a94bdc65280d859b166225f057675a7e7ba56b947d53cc3337227,1,,,,,False,False
2024,902,LS046,Danielle Collins,Anastasia Potapova,316925,325601,R64,6-2 6-2,completed,absent,2024-03-19,2024-03-31,2024-03-23T18:47:58.873+00:00,False,2024-03-23T20:12:19.55+00:00,False,data/raw/wta/stats/_httpcache/2024/b185b2f4c601dac815da5f2eb738ad2ff3bb1597afb5b5e49f19077588ec480f.json,1b8f8098b57a94bdc65280d859b166225f057675a7e7ba56b947d53cc3337227,1,,,,,False,False
2024,902,LS047,Elina Avanesyan,Ons Jabeur,327620,316847,R64,6-1 4-6 6-3,completed,absent,2024-03-19,2024-03-31,2024-03-23T23:32:41.367+00:00,False,2024-03-24T01:38:56.363+00:00,False,data/raw/wta/stats/_httpcache/2024/b185b2f4c601dac815da5f2eb738ad2ff3bb1597afb5b5e49f19077588ec480f.json,1b8f8098b57a94bdc65280d859b166225f057675a7e7ba56b947d53cc3337227,1,,,,,False,False
2024,902,LS048,Maria Sakkari,Yue Yuan,318312,324325,R64,6-2 6-2,completed,absent,2024-03-19,2024-03-31,2024-03-21T18:38:49.987+00:00,False,2024-03-21T20:10:58.723+00:00,False,data/raw/wta/stats/_httpcache/2024/b185b2f4c601dac815da5f2eb738ad2ff3bb1597afb5b5e49f19077588ec480f.json,1b8f8098b57a94bdc65280d859b166225f057675a7e7ba56b947d53cc3337227,1,,,,,False,False
2024,902,LS049,Dayana Yastremska,Daria Saville,324261,315997,R64,7-5 7-5,completed,absent,2024-03-19,2024-03-31,2024-03-21T20:19:12.61+00:00,False,2024-03-21T22:32:41.23+00:00,False,data/raw/wta/stats/_httpcache/2024/b185b2f4c601dac815da5f2eb738ad2ff3bb1597afb5b5e49f19077588ec480f.json,1b8f8098b57a94bdc65280d859b166225f057675a7e7ba56b947d53cc3337227,1,,,,,False,False
2024,902,LS050,Anna Kalinskaya,Xiyu Wang,323942,326160,R64,6-2 6-2,completed,absent,2024-03-19,2024-03-31,2024-03-21T16:39:08.647+00:00,False,2024-03-21T18:41:21.64+00:00,False,data/raw/wta/stats/_httpcache/2024/b185b2f4c601dac815da5f2eb738ad2ff3bb1597afb5b5e49f19077588ec480f.json,1b8f8098b57a94bdc65280d859b166225f057675a7e7ba56b947d53cc3337227,1,,,,,False,False
2024,902,LS051,Jelena Ostapenko,Laura Siegemund,319939,310926,R64,7-6(3) 6-4,completed,absent,2024-03-19,2024-03-31,2024-03-21T20:30:54.323+00:00,False,2024-03-21T22:47:09.543+00:00,False,data/raw/wta/stats/_httpcache/2024/b185b2f4c601dac815da5f2eb738ad2ff3bb1597afb5b5e49f19077588ec480f.json,1b8f8098b57a94bdc65280d859b166225f057675a7e7ba56b947d53cc3337227,1,,,,,False,False
2024,902,LS052,Xinyu Wang,Veronika Kudermetova,326376,319526,R64,6-3 6-2,completed,present,2024-03-19,2024-03-31,2024-03-22T00:55:06.93+00:00,False,2024-03-22T02:55:41.537+00:00,False,data/raw/wta/stats/_httpcache/2024/b185b2f4c601dac815da5f2eb738ad2ff3bb1597afb5b5e49f19077588ec480f.json,1b8f8098b57a94bdc65280d859b166225f057675a7e7ba56b947d53cc3337227,1,133216.0,True,2024-03-22,stats,False,False
2024,902,LS053,Madison Keys,Diana Shnaider,316959,330482,R64,6-2 6-4,completed,absent,2024-03-19,2024-03-31,2024-03-21T20:14:21.73+00:00,False,2024-03-21T21:46:06.027+00:00,False,data/raw/wta/stats/_httpcache/2024/b185b2f4c601dac815da5f2eb738ad2ff3bb1597afb5b5e49f19077588ec480f.json,1b8f8098b57a94bdc65280d859b166225f057675a7e7ba56b947d53cc3337227,1,,,,,False,False
2024,902,LS054,Taylor Townsend,Elise Mertens,318609,317964,R64,6-2 6-2,completed,absent,2024-03-19,2024-03-31,2024-03-21T14:46:57.023+00:00,False,2024-03-21T16:40:19.063+00:00,False,data/raw/wta/stats/_httpcache/2024/b185b2f4c601dac815da5f2eb738ad2ff3bb1597afb5b5e49f19077588ec480f.json,1b8f8098b57a94bdc65280d859b166225f057675a7e7ba56b947d53cc3337227,1,,,,,False,False
2024,902,LS055,Elena Rybakina,Clara Tauson,324166,327793,R64,3-6 7-5 6-4,completed,absent,2024-03-19,2024-03-31,2024-03-22T00:49:36.55+00:00,False,2024-03-22T03:30:52.227+00:00,False,data/raw/wta/stats/_httpcache/2024/b185b2f4c601dac815da5f2eb738ad2ff3bb1597afb5b5e49f19077588ec480f.json,1b8f8098b57a94bdc65280d859b166225f057675a7e7ba56b947d53cc3337227,1,,,,,False,False
2024,902,LS057,Victoria Azarenka,Peyton Stearns,312001,327573,R64,7-5 3-6 6-4,completed,absent,2024-03-19,2024-03-31,2024-03-22T00:32:24.093+00:00,False,2024-03-22T03:40:42.1+00:00,False,data/raw/wta/stats/_httpcache/2024/b185b2f4c601dac815da5f2eb738ad2ff3bb1597afb5b5e49f19077588ec480f.json,1b8f8098b57a94bdc65280d859b166225f057675a7e7ba56b947d53cc3337227,1,,,,,False,False
2024,902,LS059,Beatriz Haddad Maia,Diane Parry,318176,327077,R64,3-6 6-1 6-4,completed,absent,2024-03-19,2024-03-31,2024-03-21T14:50:25.883+00:00,False,2024-03-21T17:51:33.103+00:00,False,data/raw/wta/stats/_httpcache/2024/b185b2f4c601dac815da5f2eb738ad2ff3bb1597afb5b5e49f19077588ec480f.json,1b8f8098b57a94bdc65280d859b166225f057675a7e7ba56b947d53cc3337227,1,,,,,False,False
2024,902,LS060,Yulia Putintseva,Liudmila Samsonova,317683,322222,R64,6-1 4-6 6-3,completed,absent,2024-03-19,2024-03-31,2024-03-21T18:43:32.21+00:00,False,2024-03-21T21:26:07.263+00:00,False,data/raw/wta/stats/_httpcache/2024/b185b2f4c601dac815da5f2eb738ad2ff3bb1597afb5b5e49f19077588ec480f.json,1b8f8098b57a94bdc65280d859b166225f057675a7e7ba56b947d53cc3337227,1,,,,,False,False
2024,902,LS061,Greet Minnen,Lesia Tsurenko,321454,315295,R64,7-5 6-1,completed,absent,2024-03-19,2024-03-31,2024-03-21T16:14:24.893+00:00,False,2024-03-21T18:15:55.923+00:00,False,data/raw/wta/stats/_httpcache/2024/b185b2f4c601dac815da5f2eb738ad2ff3bb1597afb5b5e49f19077588ec480f.json,1b8f8098b57a94bdc65280d859b166225f057675a7e7ba56b947d53cc3337227,1,,,,,False,False
2024,902,LS062,Anhelina Kalinina,Caroline Wozniacki,320567,313402,R64,5-7 7-5 6-4,completed,absent,2024-03-19,2024-03-31,2024-03-21T16:44:14.13+00:00,False,2024-03-21T20:14:59.193+00:00,False,data/raw/wta/stats/_httpcache/2024/b185b2f4c601dac815da5f2eb738ad2ff3bb1597afb5b5e49f19077588ec480f.json,1b8f8098b57a94bdc65280d859b166225f057675a7e7ba56b947d53cc3337227,1,,,,,False,False
2024,902,LS063,Aryna Sabalenka,Paula Badosa,320760,320124,R64,6-4 6-3,completed,absent,2024-03-19,2024-03-31,2024-03-22T20:51:28.023+00:00,False,2024-03-22T22:36:53.3+00:00,False,data/raw/wta/stats/_httpcache/2024/b185b2f4c601dac815da5f2eb738ad2ff3bb1597afb5b5e49f19077588ec480f.json,1b8f8098b57a94bdc65280d859b166225f057675a7e7ba56b947d53cc3337227,1,,,,,False,False
2024,902,LS065,Camila Giorgi,Magdalena Frech,314610,320277,R128,6-4 6-2,completed,absent,2024-03-19,2024-03-31,2024-03-20T14:44:54.597+00:00,False,2024-03-20T16:46:27.587+00:00,False,data/raw/wta/stats/_httpcache/2024/b185b2f4c601dac815da5f2eb738ad2ff3bb1597afb5b5e49f19077588ec480f.json,1b8f8098b57a94bdc65280d859b166225f057675a7e7ba56b947d53cc3337227,1,,,,,False,False
2024,902,LS066,Maria Timofeeva,Varvara Gracheva,328896,325836,R128,6-3 6-3,completed,absent,2024-03-19,2024-03-31,2024-03-20T14:48:26.453+00:00,False,2024-03-20T16:28:56.193+00:00,False,data/raw/wta/stats/_httpcache/2024/b185b2f4c601dac815da5f2eb738ad2ff3bb1597afb5b5e49f19077588ec480f.json,1b8f8098b57a94bdc65280d859b166225f057675a7e7ba56b947d53cc3337227,1,,,,,False,False
2024,902,LS069,Shelby Rogers,Linda Fruhvirtova,317421,329627,R128,4-6 6-4 6-2,completed,absent,2024-03-19,2024-03-31,2024-03-20T17:42:22.783+00:00,False,2024-03-20T20:13:21.88+00:00,False,data/raw/wta/stats/_httpcache/2024/b185b2f4c601dac815da5f2eb738ad2ff3bb1597afb5b5e49f19077588ec480f.json,1b8f8098b57a94bdc65280d859b166225f057675a7e7ba56b947d53cc3337227,1,,,,,False,False
2024,902,LS070,Donna Vekic,Karolina Pliskova,318516,313974,R128,6-4 2-6 6-2,completed,absent,2024-03-19,2024-03-31,2024-03-20T20:22:39.713+00:00,False,2024-03-20T22:33:50.177+00:00,False,data/raw/wta/stats/_httpcache/2024/b185b2f4c601dac815da5f2eb738ad2ff3bb1597afb5b5e49f19077588ec480f.json,1b8f8098b57a94bdc65280d859b166225f057675a7e7ba56b947d53cc3337227,1,,,,,False,False
2024,902,LS073,Katie Volynets,Sofia Kenin,327391,320942,R128,6-2 4-6 6-3,completed,absent,2024-03-19,2024-03-31,2024-03-20T22:36:52.03+00:00,False,2024-03-21T00:54:03.757+00:00,False,data/raw/wta/stats/_httpcache/2024/b185b2f4c601dac815da5f2eb738ad2ff3bb1597afb5b5e49f19077588ec480f.json,1b8f8098b57a94bdc65280d859b166225f057675a7e7ba56b947d53cc3337227,1,,,,,False,False
2024,902,LS077,Emiliana Arango,Tatjana Maria,324789,310440,R128,6-2 6-3,completed,absent,2024-03-19,2024-03-31,2024-03-20T16:35:08.237+00:00,False,2024-03-20T18:12:31.637+00:00,False,data/raw/wta/stats/_httpcache/2024/b185b2f4c601dac815da5f2eb738ad2ff3bb1597afb5b5e49f19077588ec480f.json,1b8f8098b57a94bdc65280d859b166225f057675a7e7ba56b947d53cc3337227,1,,,,,False,False
2024,902,LS078,Lin Zhu,Marie Bouzkova,317306,320983,R128,6-2 6-4,completed,absent,2024-03-19,2024-03-31,2024-03-20T14:45:07.033+00:00,False,2024-03-20T16:33:01.357+00:00,False,data/raw/wta/stats/_httpcache/2024/b185b2f4c601dac815da5f2eb738ad2ff3bb1597afb5b5e49f19077588ec480f.json,1b8f8098b57a94bdc65280d859b166225f057675a7e7ba56b947d53cc3337227,1,,,,,False,False
2024,902,LS081,Nadia Podoroska,Ashlyn Krueger,319112,329409,R128,6-4 6-2,completed,absent,2024-03-19,2024-03-31,2024-03-20T18:52:07.517+00:00,False,2024-03-20T20:28:33.633+00:00,False,data/raw/wta/stats/_httpcache/2024/b185b2f4c601dac815da5f2eb738ad2ff3bb1597afb5b5e49f19077588ec480f.json,1b8f8098b57a94bdc65280d859b166225f057675a7e7ba56b947d53cc3337227,1,,,,,False,False
2024,902,LS082,Arantxa Rus,Sara Sorribes Tormo,313349,318872,R128,6-0 6-3,completed,absent,2024-03-19,2024-03-31,2024-03-20T18:08:00.683+00:00,False,2024-03-20T20:05:15.873+00:00,False,data/raw/wta/stats/_httpcache/2024/b185b2f4c601dac815da5f2eb738ad2ff3bb1597afb5b5e49f19077588ec480f.json,1b8f8098b57a94bdc65280d859b166225f057675a7e7ba56b947d53cc3337227,1,,,,,False,False
2024,902,LS085,Viktoriya Tomova,Tamara Korpatsch,317584,319571,R128,6-2 6-4,completed,absent,2024-03-19,2024-03-31,2024-03-20T18:16:05.7+00:00,False,2024-03-20T20:08:28.763+00:00,False,data/raw/wta/stats/_httpcache/2024/b185b2f4c601dac815da5f2eb738ad2ff3bb1597afb5b5e49f19077588ec480f.json,1b8f8098b57a94bdc65280d859b166225f057675a7e7ba56b947d53cc3337227,1,,,,,False,False
2024,902,LS086,Naomi Osaka,Elisabetta Cocciaretto,319998,327909,R128,6-3 6-4,completed,absent,2024-03-19,2024-03-31,2024-03-20T22:54:28.807+00:00,False,2024-03-21T00:27:25.563+00:00,False,data/raw/wta/stats/_httpcache/2024/b185b2f4c601dac815da5f2eb738ad2ff3bb1597afb5b5e49f19077588ec480f.json,1b8f8098b57a94bdc65280d859b166225f057675a7e7ba56b947d53cc3337227,1,,,,,False,False
2024,902,LS089,Claire Liu,Petra Martic,323966,313711,R128,6-4 6-1,completed,absent,2024-03-19,2024-03-31,2024-03-20T16:31:06.427+00:00,False,2024-03-20T18:05:07.463+00:00,False,data/raw/wta/stats/_httpcache/2024/b185b2f4c601dac815da5f2eb738ad2ff3bb1597afb5b5e49f19077588ec480f.json,1b8f8098b57a94bdc65280d859b166225f057675a7e7ba56b947d53cc3337227,1,,,,,False,False
2024,902,LS090,Sloane Stephens,Angelique Kerber,315683,311470,R128,6-2 6-3,completed,absent,2024-03-19,2024-03-31,2024-03-20T15:48:58.53+00:00,False,2024-03-20T17:18:46.583+00:00,False,data/raw/wta/stats/_httpcache/2024/b185b2f4c601dac815da5f2eb738ad2ff3bb1597afb5b5e49f19077588ec480f.json,1b8f8098b57a94bdc65280d859b166225f057675a7e7ba56b947d53cc3337227,1,,,,,False,False
2024,902,LS093,Danielle Collins,Bernarda Pera,316925,317708,R128,3-6 6-1 6-1,completed,absent,2024-03-19,2024-03-31,2024-03-20T16:49:24.467+00:00,False,2024-03-20T18:48:53.35+00:00,False,data/raw/wta/stats/_httpcache/2024/b185b2f4c601dac815da5f2eb738ad2ff3bb1597afb5b5e49f19077588ec480f.json,1b8f8098b57a94bdc65280d859b166225f057675a7e7ba56b947d53cc3337227,1,,,,,False,False
2024,902,LS094,Elina Avanesyan,Erika Andreeva,327620,330151,R128,6-0 3-6 6-1,completed,absent,2024-03-19,2024-03-31,2024-03-20T14:49:47.317+00:00,False,2024-03-20T16:45:07.203+00:00,False,data/raw/wta/stats/_httpcache/2024/b185b2f4c601dac815da5f2eb738ad2ff3bb1597afb5b5e49f19077588ec480f.json,1b8f8098b57a94bdc65280d859b166225f057675a7e7ba56b947d53cc3337227,1,,,,,False,False
2024,902,LS097,Yue Yuan,Anna Blinkova,324325,324267,R128,6-4 6-2,completed,absent,2024-03-19,2024-03-31,2024-03-19T14:47:33.77+00:00,False,2024-03-19T16:48:34.573+00:00,False,data/raw/wta/stats/_httpcache/2024/b185b2f4c601dac815da5f2eb738ad2ff3bb1597afb5b5e49f19077588ec480f.json,1b8f8098b57a94bdc65280d859b166225f057675a7e7ba56b947d53cc3337227,1,,,,,False,False
2024,902,LS098,Daria Saville,Shuai Zhang,315997,311779,R128,6-4 2-6 6-4,completed,absent,2024-03-19,2024-03-31,2024-03-19T14:44:17.833+00:00,False,2024-03-19T17:40:33.143+00:00,False,data/raw/wta/stats/_httpcache/2024/b185b2f4c601dac815da5f2eb738ad2ff3bb1597afb5b5e49f19077588ec480f.json,1b8f8098b57a94bdc65280d859b166225f057675a7e7ba56b947d53cc3337227,1,,,,,False,False
2024,902,LS101,Xiyu Wang,Anna Karolina Schmiedlova,326160,318203,R128,6-1 6-3,completed,absent,2024-03-19,2024-03-31,2024-03-19T19:49:36.337+00:00,False,2024-03-19T21:35:03.493+00:00,False,data/raw/wta/stats/_httpcache/2024/b185b2f4c601dac815da5f2eb738ad2ff3bb1597afb5b5e49f19077588ec480f.json,1b8f8098b57a94bdc65280d859b166225f057675a7e7ba56b947d53cc3337227,1,,,,,False,False
2024,902,LS102,Laura Siegemund,Aleksandra Krunic,310926,316344,R128,4-6 6-2 6-2,completed,absent,2024-03-19,2024-03-31,2024-03-19T16:53:31.103+00:00,False,2024-03-19T19:46:45.923+00:00,False,data/raw/wta/stats/_httpcache/2024/b185b2f4c601dac815da5f2eb738ad2ff3bb1597afb5b5e49f19077588ec480f.json,1b8f8098b57a94bdc65280d859b166225f057675a7e7ba56b947d53cc3337227,1,,,,,False,False
2024,902,LS105,Xinyu Wang,Hailey Baptiste,326376,327101,R128,7-6(1) 6-3,completed,present,2024-03-19,2024-03-31,2024-03-19T14:44:50.457+00:00,False,2024-03-19T16:32:02.83+00:00,False,data/raw/wta/stats/_httpcache/2024/b185b2f4c601dac815da5f2eb738ad2ff3bb1597afb5b5e49f19077588ec480f.json,1b8f8098b57a94bdc65280d859b166225f057675a7e7ba56b947d53cc3337227,1,133215.0,True,2024-03-19,stats,False,False
2024,902,LS106,Diana Shnaider,Venus Williams,330482,230220,R128,6-3 6-3,completed,absent,2024-03-19,2024-03-31,2024-03-19T16:41:22.55+00:00,False,2024-03-19T18:20:44.94+00:00,False,data/raw/wta/stats/_httpcache/2024/b185b2f4c601dac815da5f2eb738ad2ff3bb1597afb5b5e49f19077588ec480f.json,1b8f8098b57a94bdc65280d859b166225f057675a7e7ba56b947d53cc3337227,1,,,,,False,False
2024,902,LS109,Taylor Townsend,Lucia Bronzetti,318609,322280,R128,3-6 6-3 6-4,completed,absent,2024-03-19,2024-03-31,2024-03-19T18:53:47.06+00:00,False,2024-03-19T21:14:40.813+00:00,False,data/raw/wta/stats/_httpcache/2024/b185b2f4c601dac815da5f2eb738ad2ff3bb1597afb5b5e49f19077588ec480f.json,1b8f8098b57a94bdc65280d859b166225f057675a7e7ba56b947d53cc3337227,1,,,,,False,False
2024,902,LS110,Clara Tauson,Caroline Dolehide,327793,322052,R128,6-3 3-6 6-2,completed,absent,2024-03-19,2024-03-31,2024-03-19T16:37:55.877+00:00,False,2024-03-19T18:50:20.797+00:00,False,data/raw/wta/stats/_httpcache/2024/b185b2f4c601dac815da5f2eb738ad2ff3bb1597afb5b5e49f19077588ec480f.json,1b8f8098b57a94bdc65280d859b166225f057675a7e7ba56b947d53cc3337227,1,,,,,False,False
2024,902,LS113,Katerina Siniakova,Ana Bogdan,320301,315427,R128,6-2 6-4,completed,absent,2024-03-19,2024-03-31,2024-03-19T17:45:06.747+00:00,False,2024-03-19T19:24:36.44+00:00,False,data/raw/wta/stats/_httpcache/2024/b185b2f4c601dac815da5f2eb738ad2ff3bb1597afb5b5e49f19077588ec480f.json,1b8f8098b57a94bdc65280d859b166225f057675a7e7ba56b947d53cc3337227,1,,,,,False,False
2024,902,LS114,Peyton Stearns,Yafan Wang,327573,317510,R128,6-2 6-3,completed,absent,2024-03-19,2024-03-31,2024-03-19T14:48:59.647+00:00,False,2024-03-19T16:36:50.39+00:00,False,data/raw/wta/stats/_httpcache/2024/b185b2f4c601dac815da5f2eb738ad2ff3bb1597afb5b5e49f19077588ec480f.json,1b8f8098b57a94bdc65280d859b166225f057675a7e7ba56b947d53cc3337227,1,,,,,False,False
2024,902,LS117,Brenda Fruhvirtova,Maria Lourdes Carle,331545,322638,R128,6-3 6-3,completed,absent,2024-03-19,2024-03-31,2024-03-19T19:28:51.043+00:00,False,2024-03-19T21:14:07.397+00:00,False,data/raw/wta/stats/_httpcache/2024/b185b2f4c601dac815da5f2eb738ad2ff3bb1597afb5b5e49f19077588ec480f.json,1b8f8098b57a94bdc65280d859b166225f057675a7e7ba56b947d53cc3337227,1,,,,,False,False
2024,902,LS118,Diane Parry,Jaqueline Cristian,327077,320319,R128,7-6(2) 6-2,completed,absent,2024-03-19,2024-03-31,2024-03-19T21:38:02.993+00:00,False,2024-03-19T23:38:45.74+00:00,False,data/raw/wta/stats/_httpcache/2024/b185b2f4c601dac815da5f2eb738ad2ff3bb1597afb5b5e49f19077588ec480f.json,1b8f8098b57a94bdc65280d859b166225f057675a7e7ba56b947d53cc3337227,1,,,,,False,False
2024,902,LS121,Yulia Putintseva,Cristina Bucsa,317683,321158,R128,6-2 3-6 6-4,completed,absent,2024-03-19,2024-03-31,2024-03-19T21:19:26.417+00:00,False,2024-03-19T23:45:28.173+00:00,False,data/raw/wta/stats/_httpcache/2024/b185b2f4c601dac815da5f2eb738ad2ff3bb1597afb5b5e49f19077588ec480f.json,1b8f8098b57a94bdc65280d859b166225f057675a7e7ba56b947d53cc3337227,1,,,,,False,False
2024,902,LS122,Lesia Tsurenko,Magda Linette,315295,315130,R128,2-6 6-1 6-4,completed,absent,2024-03-19,2024-03-31,2024-03-19T21:17:21.58+00:00,False,2024-03-19T23:53:45.007+00:00,False,data/raw/wta/stats/_httpcache/2024/b185b2f4c601dac815da5f2eb738ad2ff3bb1597afb5b5e49f19077588ec480f.json,1b8f8098b57a94bdc65280d859b166225f057675a7e7ba56b947d53cc3337227,1,,,,,False,False
2024,902,LS125,Caroline Wozniacki,Clara Burel,313402,325320,R128,6-1 6-4,completed,absent,2024-03-19,2024-03-31,2024-03-19T18:22:13.7+00:00,False,2024-03-19T20:00:24.19+00:00,False,data/raw/wta/stats/_httpcache/2024/b185b2f4c601dac815da5f2eb738ad2ff3bb1597afb5b5e49f19077588ec480f.json,1b8f8098b57a94bdc65280d859b166225f057675a7e7ba56b947d53cc3337227,1,,,,,False,False
2024,902,LS126,Paula Badosa,Simona Halep,320124,314320,R128,1-6 6-4 6-3,completed,absent,2024-03-19,2024-03-31,2024-03-19T20:07:42.523+00:00,False,2024-03-19T22:17:37.033+00:00,False,data/raw/wta/stats/_httpcache/2024/b185b2f4c601dac815da5f2eb738ad2ff3bb1597afb5b5e49f19077588ec480f.json,1b8f8098b57a94bdc65280d859b166225f057675a7e7ba56b947d53cc3337227,1,,,,,False,False
2024,903,LS50200677,Marie Bouzkova,Jana Fett,320983,320945,R64,6-2 6-2,completed,absent,2024-05-26,2024-06-09,2024-05-29T09:05:00+00:00,True,,False,data/raw/wta/stats/_httpcache/2024/405fe4f0eda0b2058055c032317f16c017a47500d8984cb7f72d1c8030b8fa3a.json,75ad649988335125a73e00397e3e914ae596ffd85d345e2ca9ae4ecc4f2dc7b7,1,,,,,False,False
2024,903,LS50200679,Anastasia Potapova,Viktorija Golubic,325601,316296,R64,6-2 6-2,completed,absent,2024-05-26,2024-06-09,2024-05-30T09:00:00+00:00,True,,False,data/raw/wta/stats/_httpcache/2024/405fe4f0eda0b2058055c032317f16c017a47500d8984cb7f72d1c8030b8fa3a.json,75ad649988335125a73e00397e3e914ae596ffd85d345e2ca9ae4ecc4f2dc7b7,1,,,,,False,False
2024,903,LS50200681,Xinyu Wang,Viktoriya Tomova,326376,317584,R64,7-5 5-7 6-1,completed,absent,2024-05-26,2024-06-09,2024-05-30T09:10:00+00:00,True,,False,data/raw/wta/stats/_httpcache/2024/405fe4f0eda0b2058055c032317f16c017a47500d8984cb7f72d1c8030b8fa3a.json,75ad649988335125a73e00397e3e914ae596ffd85d345e2ca9ae4ecc4f2dc7b7,1,,,,,False,False
2024,903,LS50200683,Olga Danilovic,Danielle Collins,324934,316925,R64,6-7(3) 7-5 6-4,completed,absent,2024-05-26,2024-06-09,2024-05-30T10:55:00+00:00,True,,False,data/raw/wta/stats/_httpcache/2024/405fe4f0eda0b2058055c032317f16c017a47500d8984cb7f72d1c8030b8fa3a.json,75ad649988335125a73e00397e3e914ae596ffd85d345e2ca9ae4ecc4f2dc7b7,1,,,,,False,False
2024,903,LS50200685,Donna Vekic,Marta Kostyuk,318516,326482,R64,7-5 6-4,completed,absent,2024-05-26,2024-06-09,2024-05-30T09:00:00+00:00,True,,False,data/raw/wta/stats/_httpcache/2024/405fe4f0eda0b2058055c032317f16c017a47500d8984cb7f72d1c8030b8fa3a.json,75ad649988335125a73e00397e3e914ae596ffd85d345e2ca9ae4ecc4f2dc7b7,1,,,,,False,False
2024,903,LS50200687,Chloe Paquet,Katerina Siniakova,318839,320301,R64,3-6 7-6(2) 7-6(6),completed,absent,2024-05-26,2024-06-09,2024-05-30T09:00:00+00:00,True,,False,data/raw/wta/stats/_httpcache/2024/405fe4f0eda0b2058055c032317f16c017a47500d8984cb7f72d1c8030b8fa3a.json,75ad649988335125a73e00397e3e914ae596ffd85d345e2ca9ae4ecc4f2dc7b7,1,,,,,False,False
2024,903,LS50200689,Marketa Vondrousova,Katie Volynets,323027,327391,R64,0-6 6-1 6-4,completed,absent,2024-05-26,2024-06-09,2024-05-29T09:00:00+00:00,True,,False,data/raw/wta/stats/_httpcache/2024/405fe4f0eda0b2058055c032317f16c017a47500d8984cb7f72d1c8030b8fa3a.json,75ad649988335125a73e00397e3e914ae596ffd85d345e2ca9ae4ecc4f2dc7b7,1,,,,,False,False
2024,903,LS50200691,Coco Gauff,Tamara Zidansek,328560,323079,R64,6-3 6-4,completed,absent,2024-05-26,2024-06-09,2024-05-29T16:45:00+00:00,True,,False,data/raw/wta/stats/_httpcache/2024/405fe4f0eda0b2058055c032317f16c017a47500d8984cb7f72d1c8030b8fa3a.json,75ad649988335125a73e00397e3e914ae596ffd85d345e2ca9ae4ecc4f2dc7b7,1,,,,,False,False
2024,903,LS50200693,Dayana Yastremska,Yafan Wang,324261,317510,R64,6-2 6-0,completed,absent,2024-05-26,2024-06-09,2024-05-30T09:00:00+00:00,True,,False,data/raw/wta/stats/_httpcache/2024/405fe4f0eda0b2058055c032317f16c017a47500d8984cb7f72d1c8030b8fa3a.json,75ad649988335125a73e00397e3e914ae596ffd85d345e2ca9ae4ecc4f2dc7b7,1,,,,,False,False
2024,903,LS50200695,Liudmila Samsonova,Amanda Anisimova,322222,326384,R64,6-2 6-1,completed,absent,2024-05-26,2024-06-09,2024-05-30T11:50:00+00:00,True,,False,data/raw/wta/stats/_httpcache/2024/405fe4f0eda0b2058055c032317f16c017a47500d8984cb7f72d1c8030b8fa3a.json,75ad649988335125a73e00397e3e914ae596ffd85d345e2ca9ae4ecc4f2dc7b7,1,,,,,False,False
2024,903,LS50200697,Elisabetta Cocciaretto,Cristina Bucsa,327909,321158,R64,6-1 6-4,completed,absent,2024-05-26,2024-06-09,2024-05-30T15:20:00+00:00,True,,False,data/raw/wta/stats/_httpcache/2024/405fe4f0eda0b2058055c032317f16c017a47500d8984cb7f72d1c8030b8fa3a.json,75ad649988335125a73e00397e3e914ae596ffd85d345e2ca9ae4ecc4f2dc7b7,1,,,,,False,False
2024,903,LS50200699,Clara Tauson,Jelena Ostapenko,327793,319939,R64,7-6(4) 4-6 6-3,completed,absent,2024-05-26,2024-06-09,2024-05-30T11:50:00+00:00,True,,False,data/raw/wta/stats/_httpcache/2024/405fe4f0eda0b2058055c032317f16c017a47500d8984cb7f72d1c8030b8fa3a.json,75ad649988335125a73e00397e3e914ae596ffd85d345e2ca9ae4ecc4f2dc7b7,1,,,,,False,False
2024,903,LS50200701,Sofia Kenin,Caroline Garcia,320942,315391,R64,6-3 6-3,completed,absent,2024-05-26,2024-06-09,2024-05-29T10:00:00+00:00,True,,False,data/raw/wta/stats/_httpcache/2024/405fe4f0eda0b2058055c032317f16c017a47500d8984cb7f72d1c8030b8fa3a.json,75ad649988335125a73e00397e3e914ae596ffd85d345e2ca9ae4ecc4f2dc7b7,1,,,,,False,False
2024,903,LS50200703,Leylah Fernandez,Xiyu Wang,326735,326160,R64,6-3 6-4,completed,absent,2024-05-26,2024-06-09,2024-05-29T09:15:00+00:00,True,,False,data/raw/wta/stats/_httpcache/2024/405fe4f0eda0b2058055c032317f16c017a47500d8984cb7f72d1c8030b8fa3a.json,75ad649988335125a73e00397e3e914ae596ffd85d345e2ca9ae4ecc4f2dc7b7,1,,,,,False,False
2024,903,LS50200705,Ons Jabeur,Camila Osorio,316847,325898,R64,6-3 1-6 6-3,completed,absent,2024-05-26,2024-06-09,2024-05-29T12:15:00+00:00,True,,False,data/raw/wta/stats/_httpcache/2024/405fe4f0eda0b2058055c032317f16c017a47500d8984cb7f72d1c8030b8fa3a.json,75ad649988335125a73e00397e3e914ae596ffd85d345e2ca9ae4ecc4f2dc7b7,1,,,,,False,False
2024,903,LS50200707,Qinwen Zheng,Tamara Korpatsch,328120,319571,R64,6-2 6-2,completed,absent,2024-05-26,2024-06-09,2024-05-30T19:00:00+00:00,True,,False,data/raw/wta/stats/_httpcache/2024/405fe4f0eda0b2058055c032317f16c017a47500d8984cb7f72d1c8030b8fa3a.json,75ad649988335125a73e00397e3e914ae596ffd85d345e2ca9ae4ecc4f2dc7b7,1,,,,,False,False
2024,903,LS50200709,Marketa Vondrousova,Olga Danilovic,323027,324934,R16,6-4 6-2,completed,absent,2024-05-26,2024-06-09,2024-06-02T09:00:00+00:00,True,,False,data/raw/wta/stats/_httpcache/2024/405fe4f0eda0b2058055c032317f16c017a47500d8984cb7f72d1c8030b8fa3a.json,75ad649988335125a73e00397e3e914ae596ffd85d345e2ca9ae4ecc4f2dc7b7,1,,,,,False,False
2024,903,LS50200711,Coco Gauff,Elisabetta Cocciaretto,328560,327909,R16,6-1 6-2,completed,absent,2024-05-26,2024-06-09,2024-06-02T10:10:00+00:00,True,,False,data/raw/wta/stats/_httpcache/2024/405fe4f0eda0b2058055c032317f16c017a47500d8984cb7f72d1c8030b8fa3a.json,75ad649988335125a73e00397e3e914ae596ffd85d345e2ca9ae4ecc4f2dc7b7,1,,,,,False,False
2024,903,LS50200713,Ons Jabeur,Clara Tauson,316847,327793,R16,6-4 6-4,completed,absent,2024-05-26,2024-06-09,2024-06-02T14:30:00+00:00,True,,False,data/raw/wta/stats/_httpcache/2024/405fe4f0eda0b2058055c032317f16c017a47500d8984cb7f72d1c8030b8fa3a.json,75ad649988335125a73e00397e3e914ae596ffd85d345e2ca9ae4ecc4f2dc7b7,1,,,,,False,False
2024,903,LS50200715,Jasmine Paolini,Elina Avanesyan,319280,327620,R16,4-6 6-0 6-1,completed,absent,2024-05-26,2024-06-09,2024-06-03T09:00:00+00:00,True,,False,data/raw/wta/stats/_httpcache/2024/405fe4f0eda0b2058055c032317f16c017a47500d8984cb7f72d1c8030b8fa3a.json,75ad649988335125a73e00397e3e914ae596ffd85d345e2ca9ae4ecc4f2dc7b7,1,,,,,False,False
2024,903,LS50200717,Elena Rybakina,Elina Svitolina,324166,316738,R16,6-4 6-3,completed,absent,2024-05-26,2024-06-09,2024-06-03T09:00:00+00:00,True,,False,data/raw/wta/stats/_httpcache/2024/405fe4f0eda0b2058055c032317f16c017a47500d8984cb7f72d1c8030b8fa3a.json,75ad649988335125a73e00397e3e914ae596ffd85d345e2ca9ae4ecc4f2dc7b7,1,,,,,False,False
2024,903,LS50200719,Mirra Andreeva,Varvara Gracheva,331809,325836,R16,7-5 6-2,completed,absent,2024-05-26,2024-06-09,2024-06-03T14:45:00+00:00,True,,False,data/raw/wta/stats/_httpcache/2024/405fe4f0eda0b2058055c032317f16c017a47500d8984cb7f72d1c8030b8fa3a.json,75ad649988335125a73e00397e3e914ae596ffd85d345e2ca9ae4ecc4f2dc7b7,1,,,,,False,False
2024,903,LS50200721,Aryna Sabalenka,Emma Navarro,320760,325410,R16,6-2 6-3,completed,absent,2024-05-26,2024-06-09,2024-06-03T10:40:00+00:00,True,,False,data/raw/wta/stats/_httpcache/2024/405fe4f0eda0b2058055c032317f16c017a47500d8984cb7f72d1c8030b8fa3a.json,75ad649988335125a73e00397e3e914ae596ffd85d345e2ca9ae4ecc4f2dc7b7,1,,,,,False,False
2024,903,LS50200723,Iga Swiatek,Marketa Vondrousova,326408,323027,QF,6-0 6-2,completed,absent,2024-05-26,2024-06-09,2024-06-04T11:25:00+00:00,False,,False,data/raw/wta/stats/_httpcache/2024/405fe4f0eda0b2058055c032317f16c017a47500d8984cb7f72d1c8030b8fa3a.json,75ad649988335125a73e00397e3e914ae596ffd85d345e2ca9ae4ecc4f2dc7b7,1,,,,,False,False
2024,903,LS50200725,Coco Gauff,Ons Jabeur,328560,316847,QF,4-6 6-2 6-3,completed,absent,2024-05-26,2024-06-09,2024-06-04T09:00:00+00:00,False,,False,data/raw/wta/stats/_httpcache/2024/405fe4f0eda0b2058055c032317f16c017a47500d8984cb7f72d1c8030b8fa3a.json,75ad649988335125a73e00397e3e914ae596ffd85d345e2ca9ae4ecc4f2dc7b7,1,,,,,False,False
2024,903,LS50200727,Jasmine Paolini,Elena Rybakina,319280,324166,QF,6-2 4-6 6-4,completed,absent,2024-05-26,2024-06-09,2024-06-05T12:20:00+00:00,False,,False,data/raw/wta/stats/_httpcache/2024/405fe4f0eda0b2058055c032317f16c017a47500d8984cb7f72d1c8030b8fa3a.json,75ad649988335125a73e00397e3e914ae596ffd85d345e2ca9ae4ecc4f2dc7b7,1,,,,,False,False
2024,903,LS50200729,Mirra Andreeva,Aryna Sabalenka,331809,320760,QF,6-7(5) 6-4 6-4,completed,absent,2024-05-26,2024-06-09,2024-06-05T14:45:00+00:00,False,,False,data/raw/wta/stats/_httpcache/2024/405fe4f0eda0b2058055c032317f16c017a47500d8984cb7f72d1c8030b8fa3a.json,75ad649988335125a73e00397e3e914ae596ffd85d345e2ca9ae4ecc4f2dc7b7,1,,,,,False,False
2024,903,LS50200731,Iga Swiatek,Coco Gauff,326408,328560,SF,6-2 6-4,completed,absent,2024-05-26,2024-06-09,2024-06-06T13:05:00+00:00,False,,False,data/raw/wta/stats/_httpcache/2024/405fe4f0eda0b2058055c032317f16c017a47500d8984cb7f72d1c8030b8fa3a.json,75ad649988335125a73e00397e3e914ae596ffd85d345e2ca9ae4ecc4f2dc7b7,1,,,,,False,False
2024,903,LS50200733,Jasmine Paolini,Mirra Andreeva,319280,331809,SF,6-3 6-1,completed,absent,2024-05-26,2024-06-09,2024-06-06T15:10:00+00:00,False,,False,data/raw/wta/stats/_httpcache/2024/405fe4f0eda0b2058055c032317f16c017a47500d8984cb7f72d1c8030b8fa3a.json,75ad649988335125a73e00397e3e914ae596ffd85d345e2ca9ae4ecc4f2dc7b7,1,,,,,False,False
2024,903,LS50200735,Iga Swiatek,Jasmine Paolini,326408,319280,F,6-2 6-1,completed,absent,2024-05-26,2024-06-09,2024-06-08T13:00:00+00:00,False,,False,data/raw/wta/stats/_httpcache/2024/405fe4f0eda0b2058055c032317f16c017a47500d8984cb7f72d1c8030b8fa3a.json,75ad649988335125a73e00397e3e914ae596ffd85d345e2ca9ae4ecc4f2dc7b7,1,,,,,False,False
2024,903,LS50200739,Iga Swiatek,Naomi Osaka,326408,319998,R64,7-6(1) 1-6 7-5,completed,absent,2024-05-26,2024-06-09,2024-05-29T15:30:00+00:00,True,,False,data/raw/wta/stats/_httpcache/2024/405fe4f0eda0b2058055c032317f16c017a47500d8984cb7f72d1c8030b8fa3a.json,75ad649988335125a73e00397e3e914ae596ffd85d345e2ca9ae4ecc4f2dc7b7,1,,,,,False,False
2024,903,LS50200741,Anastasia Potapova,Xinyu Wang,325601,326376,R32,7-5 6-7(6) 6-4,completed,absent,2024-05-26,2024-06-09,2024-05-31T12:10:00+00:00,True,,False,data/raw/wta/stats/_httpcache/2024/405fe4f0eda0b2058055c032317f16c017a47500d8984cb7f72d1c8030b8fa3a.json,75ad649988335125a73e00397e3e914ae596ffd85d345e2ca9ae4ecc4f2dc7b7,1,,,,,False,False
2024,903,LS50200743,Olga Danilovic,Donna Vekic,324934,318516,R32,0-6 7-5 7-6(8),completed,absent,2024-05-26,2024-06-09,2024-05-31T09:00:00+00:00,True,,False,data/raw/wta/stats/_httpcache/2024/405fe4f0eda0b2058055c032317f16c017a47500d8984cb7f72d1c8030b8fa3a.json,75ad649988335125a73e00397e3e914ae596ffd85d345e2ca9ae4ecc4f2dc7b7,1,,,,,False,False
2024,903,LS50200745,Marketa Vondrousova,Chloe Paquet,323027,318839,R32,6-1 6-3,completed,absent,2024-05-26,2024-06-09,2024-05-31T14:00:00+00:00,True,,False,data/raw/wta/stats/_httpcache/2024/405fe4f0eda0b2058055c032317f16c017a47500d8984cb7f72d1c8030b8fa3a.json,75ad649988335125a73e00397e3e914ae596ffd85d345e2ca9ae4ecc4f2dc7b7,1,,,,,False,False
2024,903,LS50200747,Coco Gauff,Dayana Yastremska,328560,324261,R32,6-2 6-4,completed,absent,2024-05-26,2024-06-09,2024-05-31T10:05:00+00:00,True,,False,data/raw/wta/stats/_httpcache/2024/405fe4f0eda0b2058055c032317f16c017a47500d8984cb7f72d1c8030b8fa3a.json,75ad649988335125a73e00397e3e914ae596ffd85d345e2ca9ae4ecc4f2dc7b7,1,,,,,False,False
2024,903,LS50200749,Elisabetta Cocciaretto,Liudmila Samsonova,327909,322222,R32,7-6(4) 6-2,completed,absent,2024-05-26,2024-06-09,2024-05-31T09:00:00+00:00,True,,False,data/raw/wta/stats/_httpcache/2024/405fe4f0eda0b2058055c032317f16c017a47500d8984cb7f72d1c8030b8fa3a.json,75ad649988335125a73e00397e3e914ae596ffd85d345e2ca9ae4ecc4f2dc7b7,1,,,,,False,False
2024,903,LS50200751,Clara Tauson,Sofia Kenin,327793,320942,R32,6-2 7-5,completed,absent,2024-05-26,2024-06-09,2024-05-31T14:00:00+00:00,True,,False,data/raw/wta/stats/_httpcache/2024/405fe4f0eda0b2058055c032317f16c017a47500d8984cb7f72d1c8030b8fa3a.json,75ad649988335125a73e00397e3e914ae596ffd85d345e2ca9ae4ecc4f2dc7b7,1,,,,,False,False
2024,903,LS50200753,Ons Jabeur,Leylah Fernandez,316847,326735,R32,6-4 7-6(5),completed,absent,2024-05-26,2024-06-09,2024-05-31T14:05:00+00:00,True,,False,data/raw/wta/stats/_httpcache/2024/405fe4f0eda0b2058055c032317f16c017a47500d8984cb7f72d1c8030b8fa3a.json,75ad649988335125a73e00397e3e914ae596ffd85d345e2ca9ae4ecc4f2dc7b7,1,,,,,False,False
2024,903,LS50200755,Elina Avanesyan,Qinwen Zheng,327620,328120,R32,3-6 6-3 7-6(6),completed,absent,2024-05-26,2024-06-09,2024-06-01T09:00:00+00:00,True,,False,data/raw/wta/stats/_httpcache/2024/405fe4f0eda0b2058055c032317f16c017a47500d8984cb7f72d1c8030b8fa3a.json,75ad649988335125a73e00397e3e914ae596ffd85d345e2ca9ae4ecc4f2dc7b7,1,,,,,False,False
2024,903,LS50200757,Jasmine Paolini,Bianca Andreescu,319280,325088,R32,6-1 3-6 6-0,completed,absent,2024-05-26,2024-06-09,2024-06-01T16:00:00+00:00,True,,False,data/raw/wta/stats/_httpcache/2024/405fe4f0eda0b2058055c032317f16c017a47500d8984cb7f72d1c8030b8fa3a.json,75ad649988335125a73e00397e3e914ae596ffd85d345e2ca9ae4ecc4f2dc7b7,1,,,,,False,False
2024,903,LS50200759,Elina Svitolina,Ana Bogdan,316738,315427,R32,7-5 6-2,completed,absent,2024-05-26,2024-06-09,2024-06-01T16:15:00+00:00,True,,False,data/raw/wta/stats/_httpcache/2024/405fe4f0eda0b2058055c032317f16c017a47500d8984cb7f72d1c8030b8fa3a.json,75ad649988335125a73e00397e3e914ae596ffd85d345e2ca9ae4ecc4f2dc7b7,1,,,,,False,False
2024,903,LS50200761,Elena Rybakina,Elise Mertens,324166,317964,R32,6-4 6-2,completed,absent,2024-05-26,2024-06-09,2024-06-01T10:00:00+00:00,True,,False,data/raw/wta/stats/_httpcache/2024/405fe4f0eda0b2058055c032317f16c017a47500d8984cb7f72d1c8030b8fa3a.json,75ad649988335125a73e00397e3e914ae596ffd85d345e2ca9ae4ecc4f2dc7b7,1,,,,,False,False
2024,903,LS50200763,Varvara Gracheva,Irina-Camelia Begu,325836,313169,R32,7-5 6-3,completed,absent,2024-05-26,2024-06-09,2024-06-01T09:00:00+00:00,True,,False,data/raw/wta/stats/_httpcache/2024/405fe4f0eda0b2058055c032317f16c017a47500d8984cb7f72d1c8030b8fa3a.json,75ad649988335125a73e00397e3e914ae596ffd85d345e2ca9ae4ecc4f2dc7b7,1,,,,,False,False
2024,903,LS50200765,Mirra Andreeva,Peyton Stearns,331809,327573,R32,6-2 6-1,completed,absent,2024-05-26,2024-06-09,2024-06-01T16:00:00+00:00,True,,False,data/raw/wta/stats/_httpcache/2024/405fe4f0eda0b2058055c032317f16c017a47500d8984cb7f72d1c8030b8fa3a.json,75ad649988335125a73e00397e3e914ae596ffd85d345e2ca9ae4ecc4f2dc7b7,1,,,,,False,False
2024,903,LS50200767,Emma Navarro,Madison Keys,325410,316959,R32,7-6(5) 7-6(3),completed,absent,2024-05-26,2024-06-09,2024-06-01T17:45:00+00:00,True,,False,data/raw/wta/stats/_httpcache/2024/405fe4f0eda0b2058055c032317f16c017a47500d8984cb7f72d1c8030b8fa3a.json,75ad649988335125a73e00397e3e914ae596ffd85d345e2ca9ae4ecc4f2dc7b7,1,,,,,False,False
2024,903,LS50200769,Aryna Sabalenka,Paula Badosa,320760,320124,R32,7-5 6-1,completed,absent,2024-05-26,2024-06-09,2024-06-01T11:35:00+00:00,True,,False,data/raw/wta/stats/_httpcache/2024/405fe4f0eda0b2058055c032317f16c017a47500d8984cb7f72d1c8030b8fa3a.json,75ad649988335125a73e00397e3e914ae596ffd85d345e2ca9ae4ecc4f2dc7b7,1,,,,,False,False
2024,903,LS50200771,Iga Swiatek,Anastasia Potapova,326408,325601,R16,6-0 6-0,completed,absent,2024-05-26,2024-06-09,2024-06-02T09:00:00+00:00,True,,False,data/raw/wta/stats/_httpcache/2024/405fe4f0eda0b2058055c032317f16c017a47500d8984cb7f72d1c8030b8fa3a.json,75ad649988335125a73e00397e3e914ae596ffd85d345e2ca9ae4ecc4f2dc7b7,1,,,,,False,False
2024,903,LS50200773,Elina Avanesyan,Anna Blinkova,327620,324267,R64,6-3 6-0,completed,absent,2024-05-26,2024-06-09,2024-05-30T16:35:00+00:00,True,,False,data/raw/wta/stats/_httpcache/2024/405fe4f0eda0b2058055c032317f16c017a47500d8984cb7f72d1c8030b8fa3a.json,75ad649988335125a73e00397e3e914ae596ffd85d345e2ca9ae4ecc4f2dc7b7,1,,,,,False,False
2024,903,LS50200777,Bianca Andreescu,Anna Kalinskaya,325088,323942,R64,1-6 7-5 6-3,completed,absent,2024-05-26,2024-06-09,2024-05-30T19:40:00+00:00,True,,False,data/raw/wta/stats/_httpcache/2024/405fe4f0eda0b2058055c032317f16c017a47500d8984cb7f72d1c8030b8fa3a.json,75ad649988335125a73e00397e3e914ae596ffd85d345e2ca9ae4ecc4f2dc7b7,1,,,,,False,False
2024,903,LS50200779,Jasmine Paolini,Hailey Baptiste,319280,327101,R64,6-4 7-6(6),completed,absent,2024-05-26,2024-06-09,2024-05-30T19:30:00+00:00,True,,False,data/raw/wta/stats/_httpcache/2024/405fe4f0eda0b2058055c032317f16c017a47500d8984cb7f72d1c8030b8fa3a.json,75ad649988335125a73e00397e3e914ae596ffd85d345e2ca9ae4ecc4f2dc7b7,1,,,,,False,False
2024,903,LS50200783,Elina Svitolina,Diane Parry,316738,327077,R64,6-4 7-6(3),completed,absent,2024-05-26,2024-06-09,2024-05-30T11:30:00+00:00,True,,False,data/raw/wta/stats/_httpcache/2024/405fe4f0eda0b2058055c032317f16c017a47500d8984cb7f72d1c8030b8fa3a.json,75ad649988335125a73e00397e3e914ae596ffd85d345e2ca9ae4ecc4f2dc7b7,1,,,,,False,False
2024,903,LS50200785,Ana Bogdan,Anastasia Pavlyuchenkova,315427,313796,R64,6-4 6-4,completed,absent,2024-05-26,2024-06-09,2024-05-30T20:05:00+00:00,True,,False,data/raw/wta/stats/_httpcache/2024/405fe4f0eda0b2058055c032317f16c017a47500d8984cb7f72d1c8030b8fa3a.json,75ad649988335125a73e00397e3e914ae596ffd85d345e2ca9ae4ecc4f2dc7b7,1,,,,,False,False
2024,903,LS50200787,Elise Mertens,Petra Martic,317964,313711,R64,6-4 6-3,completed,absent,2024-05-26,2024-06-09,2024-05-30T15:15:00+00:00,True,,False,data/raw/wta/stats/_httpcache/2024/405fe4f0eda0b2058055c032317f16c017a47500d8984cb7f72d1c8030b8fa3a.json,75ad649988335125a73e00397e3e914ae596ffd85d345e2ca9ae4ecc4f2dc7b7,1,,,,,False,False
2024,903,LS50200789,Elena Rybakina,Arantxa Rus,324166,313349,R64,6-3 6-4,completed,absent,2024-05-26,2024-06-09,2024-05-30T10:40:00+00:00,True,,False,data/raw/wta/stats/_httpcache/2024/405fe4f0eda0b2058055c032317f16c017a47500d8984cb7f72d1c8030b8fa3a.json,75ad649988335125a73e00397e3e914ae596ffd85d345e2ca9ae4ecc4f2dc7b7,1,,,,,False,False
2024,903,LS50200793,Varvara Gracheva,Bernarda Pera,325836,317708,R64,6-1 6-3,completed,absent,2024-05-26,2024-06-09,2024-05-30T19:50:00+00:00,True,,False,data/raw/wta/stats/_httpcache/2024/405fe4f0eda0b2058055c032317f16c017a47500d8984cb7f72d1c8030b8fa3a.json,75ad649988335125a73e00397e3e914ae596ffd85d345e2ca9ae4ecc4f2dc7b7,1,,,,,False,False
2024,903,LS50200795,Irina-Camelia Begu,Linda Noskova,313169,329668,R64,6-4 6-2,completed,absent,2024-05-26,2024-06-09,2024-05-30T18:40:00+00:00,True,,False,data/raw/wta/stats/_httpcache/2024/405fe4f0eda0b2058055c032317f16c017a47500d8984cb7f72d1c8030b8fa3a.json,75ad649988335125a73e00397e3e914ae596ffd85d345e2ca9ae4ecc4f2dc7b7,1,,,,,False,False
2024,903,LS50200797,Mirra Andreeva,Victoria Azarenka,331809,312001,R64,6-3 3-6 7-5,completed,absent,2024-05-26,2024-06-09,2024-05-30T20:20:00+00:00,True,,False,data/raw/wta/stats/_httpcache/2024/405fe4f0eda0b2058055c032317f16c017a47500d8984cb7f72d1c8030b8fa3a.json,75ad649988335125a73e00397e3e914ae596ffd85d345e2ca9ae4ecc4f2dc7b7,1,,,,,False,False
2024,903,LS50200799,Peyton Stearns,Daria Kasatkina,327573,322082,R64,7-5 6-2,completed,absent,2024-05-26,2024-06-09,2024-05-30T19:05:00+00:00,True,,False,data/raw/wta/stats/_httpcache/2024/405fe4f0eda0b2058055c032317f16c017a47500d8984cb7f72d1c8030b8fa3a.json,75ad649988335125a73e00397e3e914ae596ffd85d345e2ca9ae4ecc4f2dc7b7,1,,,,,False,False
2024,903,LS50200801,Madison Keys,Mayar Sherif Ahmed Abdelaziz,316959,318711,R64,6-0 7-6(7),completed,absent,2024-05-26,2024-06-09,2024-05-30T14:55:00+00:00,True,,False,data/raw/wta/stats/_httpcache/2024/405fe4f0eda0b2058055c032317f16c017a47500d8984cb7f72d1c8030b8fa3a.json,75ad649988335125a73e00397e3e914ae596ffd85d345e2ca9ae4ecc4f2dc7b7,1,,,,,False,False
2024,903,LS50200803,Emma Navarro,Sara Errani,325410,310761,R64,6-2 7-5,completed,absent,2024-05-26,2024-06-09,2024-05-30T18:25:00+00:00,True,,False,data/raw/wta/stats/_httpcache/2024/405fe4f0eda0b2058055c032317f16c017a47500d8984cb7f72d1c8030b8fa3a.json,75ad649988335125a73e00397e3e914ae596ffd85d345e2ca9ae4ecc4f2dc7b7,1,,,,,False,False
2024,903,LS50200805,Paula Badosa,Yulia Putintseva,320124,317683,R64,4-6 6-1 7-5,completed,absent,2024-05-26,2024-06-09,2024-05-30T09:00:00+00:00,True,,False,data/raw/wta/stats/_httpcache/2024/405fe4f0eda0b2058055c032317f16c017a47500d8984cb7f72d1c8030b8fa3a.json,75ad649988335125a73e00397e3e914ae596ffd85d345e2ca9ae4ecc4f2dc7b7,1,,,,,False,False
2024,903,LS50200807,Aryna Sabalenka,Moyuka Uchijima,320760,327241,R64,6-2 6-2,completed,absent,2024-05-26,2024-06-09,2024-05-30T10:00:00+00:00,True,,False,data/raw/wta/stats/_httpcache/2024/405fe4f0eda0b2058055c032317f16c017a47500d8984cb7f72d1c8030b8fa3a.json,75ad649988335125a73e00397e3e914ae596ffd85d345e2ca9ae4ecc4f2dc7b7,1,,,,,False,False
2024,903,LS50200809,Iga Swiatek,Marie Bouzkova,326408,320983,R32,6-4 6-2,completed,absent,2024-05-26,2024-06-09,2024-05-31T14:55:00+00:00,True,,False,data/raw/wta/stats/_httpcache/2024/405fe4f0eda0b2058055c032317f16c017a47500d8984cb7f72d1c8030b8fa3a.json,75ad649988335125a73e00397e3e914ae596ffd85d345e2ca9ae4ecc4f2dc7b7,1,,,,,False,False
2024,903,LS50302555,Aryna Sabalenka,Erika Andreeva,320760,330151,R128,6-1 6-2,completed,absent,2024-05-26,2024-06-09,2024-05-28T14:25:00+00:00,True,,False,data/raw/wta/stats/_httpcache/2024/405fe4f0eda0b2058055c032317f16c017a47500d8984cb7f72d1c8030b8fa3a.json,75ad649988335125a73e00397e3e914ae596ffd85d345e2ca9ae4ecc4f2dc7b7,1,,,,,False,False
2024,903,LS50302557,Yulia Putintseva,Sloane Stephens,317683,315683,R128,6-1 6-2,completed,absent,2024-05-26,2024-06-09,2024-05-28T18:15:00+00:00,True,,False,data/raw/wta/stats/_httpcache/2024/405fe4f0eda0b2058055c032317f16c017a47500d8984cb7f72d1c8030b8fa3a.json,75ad649988335125a73e00397e3e914ae596ffd85d345e2ca9ae4ecc4f2dc7b7,1,,,,,False,False
2024,903,LS50302559,Paula Badosa,Katie Boulter,320124,319125,R128,4-6 7-5 6-4,completed,absent,2024-05-26,2024-06-09,2024-05-28T19:10:00+00:00,True,,False,data/raw/wta/stats/_httpcache/2024/405fe4f0eda0b2058055c032317f16c017a47500d8984cb7f72d1c8030b8fa3a.json,75ad649988335125a73e00397e3e914ae596ffd85d345e2ca9ae4ecc4f2dc7b7,1,,,,,False,False
2024,903,LS50302561,Mayar Sherif Ahmed Abdelaziz,Yue Yuan,318711,324325,R128,6-1 6-3,completed,absent,2024-05-26,2024-06-09,2024-05-28T17:25:00+00:00,True,,False,data/raw/wta/stats/_httpcache/2024/405fe4f0eda0b2058055c032317f16c017a47500d8984cb7f72d1c8030b8fa3a.json,75ad649988335125a73e00397e3e914ae596ffd85d345e2ca9ae4ecc4f2dc7b7,1,,,,,False,False
2024,903,LS50302563,Madison Keys,Renata Zarazua,316959,320716,R128,6-3 6-2,completed,absent,2024-05-26,2024-06-09,2024-05-28T16:35:00+00:00,True,,False,data/raw/wta/stats/_httpcache/2024/405fe4f0eda0b2058055c032317f16c017a47500d8984cb7f72d1c8030b8fa3a.json,75ad649988335125a73e00397e3e914ae596ffd85d345e2ca9ae4ecc4f2dc7b7,1,,,,,False,False
2024,903,LS50302565,Daria Kasatkina,Magdalena Frech,322082,320277,R128,7-5 6-1,completed,absent,2024-05-26,2024-06-09,2024-05-28T14:30:00+00:00,True,,False,data/raw/wta/stats/_httpcache/2024/405fe4f0eda0b2058055c032317f16c017a47500d8984cb7f72d1c8030b8fa3a.json,75ad649988335125a73e00397e3e914ae596ffd85d345e2ca9ae4ecc4f2dc7b7,1,,,,,False,False
2024,903,LS50302567,Mirra Andreeva,Emina Bektas,331809,316464,R128,6-2 6-3,completed,absent,2024-05-26,2024-06-09,2024-05-28T17:10:00+00:00,True,,False,data/raw/wta/stats/_httpcache/2024/405fe4f0eda0b2058055c032317f16c017a47500d8984cb7f72d1c8030b8fa3a.json,75ad649988335125a73e00397e3e914ae596ffd85d345e2ca9ae4ecc4f2dc7b7,1,,,,,False,False
2024,903,LS50302569,Victoria Azarenka,Nadia Podoroska,312001,319112,R128,6-1 6-0,completed,absent,2024-05-26,2024-06-09,2024-05-28T18:10:00+00:00,True,,False,data/raw/wta/stats/_httpcache/2024/405fe4f0eda0b2058055c032317f16c017a47500d8984cb7f72d1c8030b8fa3a.json,75ad649988335125a73e00397e3e914ae596ffd85d345e2ca9ae4ecc4f2dc7b7,1,,,,,False,False
2024,903,LS50302571,Linda Noskova,Harriet Dart,329668,319489,R128,7-6(3) 6-4,completed,absent,2024-05-26,2024-06-09,2024-05-27T17:00:00+00:00,True,,False,data/raw/wta/stats/_httpcache/2024/405fe4f0eda0b2058055c032317f16c017a47500d8984cb7f72d1c8030b8fa3a.json,75ad649988335125a73e00397e3e914ae596ffd85d345e2ca9ae4ecc4f2dc7b7,1,,,,,False,False
2024,903,LS50302573,Bernarda Pera,Nao Hibino,317708,320238,R128,6-2 6-0,completed,absent,2024-05-26,2024-06-09,2024-05-27T19:10:00+00:00,True,,False,data/raw/wta/stats/_httpcache/2024/405fe4f0eda0b2058055c032317f16c017a47500d8984cb7f72d1c8030b8fa3a.json,75ad649988335125a73e00397e3e914ae596ffd85d345e2ca9ae4ecc4f2dc7b7,1,,,,,False,False
2024,903,LS50302575,Varvara Gracheva,Maria Sakkari,325836,318312,R128,3-6 6-4 6-3,completed,absent,2024-05-26,2024-06-09,2024-05-27T16:40:00+00:00,True,,False,data/raw/wta/stats/_httpcache/2024/405fe4f0eda0b2058055c032317f16c017a47500d8984cb7f72d1c8030b8fa3a.json,75ad649988335125a73e00397e3e914ae596ffd85d345e2ca9ae4ecc4f2dc7b7,1,,,,,False,False
2024,903,LS50302577,Elena Rybakina,Greet Minnen,324166,321454,R128,6-2 6-3,completed,absent,2024-05-26,2024-06-09,2024-05-28T09:00:00+00:00,True,,False,data/raw/wta/stats/_httpcache/2024/405fe4f0eda0b2058055c032317f16c017a47500d8984cb7f72d1c8030b8fa3a.json,75ad649988335125a73e00397e3e914ae596ffd85d345e2ca9ae4ecc4f2dc7b7,1,,,,,False,False
2024,903,LS50302579,Arantxa Rus,Angelique Kerber,313349,311470,R128,6-4 6-3,completed,absent,2024-05-26,2024-06-09,2024-05-28T14:20:00+00:00,True,,False,data/raw/wta/stats/_httpcache/2024/405fe4f0eda0b2058055c032317f16c017a47500d8984cb7f72d1c8030b8fa3a.json,75ad649988335125a73e00397e3e914ae596ffd85d345e2ca9ae4ecc4f2dc7b7,1,,,,,False,False
2024,903,LS50302581,Petra Martic,Kristina Mladenovic,313711,315616,R128,6-4 6-4,completed,absent,2024-05-26,2024-06-09,2024-05-28T14:00:00+00:00,True,,False,data/raw/wta/stats/_httpcache/2024/405fe4f0eda0b2058055c032317f16c017a47500d8984cb7f72d1c8030b8fa3a.json,75ad649988335125a73e00397e3e914ae596ffd85d345e2ca9ae4ecc4f2dc7b7,1,,,,,False,False
2024,903,LS50302583,Elise Mertens,Maria Carle,317964,322638,R128,6-3 7-6(8),completed,absent,2024-05-26,2024-06-09,2024-05-28T14:00:00+00:00,True,,False,data/raw/wta/stats/_httpcache/2024/405fe4f0eda0b2058055c032317f16c017a47500d8984cb7f72d1c8030b8fa3a.json,75ad649988335125a73e00397e3e914ae596ffd85d345e2ca9ae4ecc4f2dc7b7,1,,,,,False,False
2024,903,LS50302585,Ana Bogdan,Elsa Jacquemot,315427,328142,R128,6-1 6-3,completed,absent,2024-05-26,2024-06-09,2024-05-27T19:00:00+00:00,True,,False,data/raw/wta/stats/_httpcache/2024/405fe4f0eda0b2058055c032317f16c017a47500d8984cb7f72d1c8030b8fa3a.json,75ad649988335125a73e00397e3e914ae596ffd85d345e2ca9ae4ecc4f2dc7b7,1,,,,,False,False
2024,903,LS50302587,Diane Parry,Fiona Ferro,327077,319969,R128,3-6 6-3 6-3,completed,absent,2024-05-26,2024-06-09,2024-05-27T18:00:00+00:00,True,,False,data/raw/wta/stats/_httpcache/2024/405fe4f0eda0b2058055c032317f16c017a47500d8984cb7f72d1c8030b8fa3a.json,75ad649988335125a73e00397e3e914ae596ffd85d345e2ca9ae4ecc4f2dc7b7,1,,,,,False,False
2024,903,LS50302589,Elina Svitolina,Karolina Pliskova,316738,313974,R128,3-6 6-4 6-2,completed,absent,2024-05-26,2024-06-09,2024-05-27T15:40:00+00:00,True,,False,data/raw/wta/stats/_httpcache/2024/405fe4f0eda0b2058055c032317f16c017a47500d8984cb7f72d1c8030b8fa3a.json,75ad649988335125a73e00397e3e914ae596ffd85d345e2ca9ae4ecc4f2dc7b7,1,,,,,False,False
2024,903,LS50302591,Jasmine Paolini,Daria Saville,319280,315997,R128,6-3 6-4,completed,absent,2024-05-26,2024-06-09,2024-05-27T09:00:00+00:00,True,,False,data/raw/wta/stats/_httpcache/2024/405fe4f0eda0b2058055c032317f16c017a47500d8984cb7f72d1c8030b8fa3a.json,75ad649988335125a73e00397e3e914ae596ffd85d345e2ca9ae4ecc4f2dc7b7,1,,,,,False,False
2024,903,LS50302595,Bianca Andreescu,Sara Sorribes Tormo,325088,318872,R128,7-5 6-1,completed,absent,2024-05-26,2024-06-09,2024-05-27T16:00:00+00:00,True,,False,data/raw/wta/stats/_httpcache/2024/405fe4f0eda0b2058055c032317f16c017a47500d8984cb7f72d1c8030b8fa3a.json,75ad649988335125a73e00397e3e914ae596ffd85d345e2ca9ae4ecc4f2dc7b7,1,,,,,False,False
2024,903,LS50302597,Anna Kalinskaya,Clara Burel,323942,325320,R128,7-6(3) 7-5,completed,absent,2024-05-26,2024-06-09,2024-05-27T14:45:00+00:00,True,,False,data/raw/wta/stats/_httpcache/2024/405fe4f0eda0b2058055c032317f16c017a47500d8984cb7f72d1c8030b8fa3a.json,75ad649988335125a73e00397e3e914ae596ffd85d345e2ca9ae4ecc4f2dc7b7,1,,,,,False,False
2024,903,LS50302599,Anna Blinkova,Sorana Cirstea,324267,312469,R128,6-3 3-6 7-6(5),completed,absent,2024-05-26,2024-06-09,2024-05-28T14:10:00+00:00,True,,False,data/raw/wta/stats/_httpcache/2024/405fe4f0eda0b2058055c032317f16c017a47500d8984cb7f72d1c8030b8fa3a.json,75ad649988335125a73e00397e3e914ae596ffd85d345e2ca9ae4ecc4f2dc7b7,1,,,,,False,False
2024,903,LS50302601,Elina Avanesyan,Lin Zhu,327620,317306,R128,6-2 6-4,completed,absent,2024-05-26,2024-06-09,2024-05-28T14:10:00+00:00,True,,False,data/raw/wta/stats/_httpcache/2024/405fe4f0eda0b2058055c032317f16c017a47500d8984cb7f72d1c8030b8fa3a.json,75ad649988335125a73e00397e3e914ae596ffd85d345e2ca9ae4ecc4f2dc7b7,1,,,,,False,False
2024,903,LS50302603,Tamara Korpatsch,Ashlyn Krueger,319571,329409,R128,4-6 6-4 7-6(9),completed,absent,2024-05-26,2024-06-09,2024-05-28T14:10:00+00:00,True,,False,data/raw/wta/stats/_httpcache/2024/405fe4f0eda0b2058055c032317f16c017a47500d8984cb7f72d1c8030b8fa3a.json,75ad649988335125a73e00397e3e914ae596ffd85d345e2ca9ae4ecc4f2dc7b7,1,,,,,False,False
2024,903,LS50302605,Qinwen Zheng,Alize Cornet,328120,312121,R128,6-2 6-1,completed,absent,2024-05-26,2024-06-09,2024-05-28T10:00:00+00:00,True,,False,data/raw/wta/stats/_httpcache/2024/405fe4f0eda0b2058055c032317f16c017a47500d8984cb7f72d1c8030b8fa3a.json,75ad649988335125a73e00397e3e914ae596ffd85d345e2ca9ae4ecc4f2dc7b7,1,,,,,False,False
2024,903,LS50302607,Ons Jabeur,Sachia Vickery,316847,317443,R128,6-3 6-2,completed,absent,2024-05-26,2024-06-09,2024-05-27T10:00:00+00:00,True,,False,data/raw/wta/stats/_httpcache/2024/405fe4f0eda0b2058055c032317f16c017a47500d8984cb7f72d1c8030b8fa3a.json,75ad649988335125a73e00397e3e914ae596ffd85d345e2ca9ae4ecc4f2dc7b7,1,,,,,False,False
2024,903,LS50302609,Camila Osorio,Anhelina Kalinina,325898,320567,R128,,incomplete-or-invalid-score,absent,2024-05-26,2024-06-09,2024-05-27T15:20:00+00:00,True,,False,data/raw/wta/stats/_httpcache/2024/405fe4f0eda0b2058055c032317f16c017a47500d8984cb7f72d1c8030b8fa3a.json,75ad649988335125a73e00397e3e914ae596ffd85d345e2ca9ae4ecc4f2dc7b7,1,,,,,False,False
2024,903,LS50302611,Xiyu Wang,Zhuoxuan Bai,326160,327196,R128,7-5 6-7(4) 6-3,completed,absent,2024-05-26,2024-06-09,2024-05-26T16:00:00+00:00,True,,False,data/raw/wta/stats/_httpcache/2024/405fe4f0eda0b2058055c032317f16c017a47500d8984cb7f72d1c8030b8fa3a.json,75ad649988335125a73e00397e3e914ae596ffd85d345e2ca9ae4ecc4f2dc7b7,1,,,,,False,False
2024,903,LS50302613,Leylah Fernandez,Jessika Ponchet,326735,319421,R128,6-2 6-0,completed,absent,2024-05-26,2024-06-09,2024-05-27T14:25:00+00:00,True,,False,data/raw/wta/stats/_httpcache/2024/405fe4f0eda0b2058055c032317f16c017a47500d8984cb7f72d1c8030b8fa3a.json,75ad649988335125a73e00397e3e914ae596ffd85d345e2ca9ae4ecc4f2dc7b7,1,,,,,False,False
2024,903,LS50302615,Sofia Kenin,Laura Siegemund,320942,310926,R128,4-6 6-2 6-2,completed,absent,2024-05-26,2024-06-09,2024-05-26T12:40:00+00:00,True,,False,data/raw/wta/stats/_httpcache/2024/405fe4f0eda0b2058055c032317f16c017a47500d8984cb7f72d1c8030b8fa3a.json,75ad649988335125a73e00397e3e914ae596ffd85d345e2ca9ae4ecc4f2dc7b7,1,,,,,False,False
2024,903,LS50302617,Clara Tauson,Tatjana Maria,327793,310440,R128,6-2 6-3,completed,absent,2024-05-26,2024-06-09,2024-05-26T16:35:00+00:00,True,,False,data/raw/wta/stats/_httpcache/2024/405fe4f0eda0b2058055c032317f16c017a47500d8984cb7f72d1c8030b8fa3a.json,75ad649988335125a73e00397e3e914ae596ffd85d345e2ca9ae4ecc4f2dc7b7,1,,,,,False,False
2024,903,LS50302619,Jelena Ostapenko,Jaqueline Cristian,319939,320319,R128,6-4 7-5,completed,absent,2024-05-26,2024-06-09,2024-05-26T12:20:00+00:00,True,,False,data/raw/wta/stats/_httpcache/2024/405fe4f0eda0b2058055c032317f16c017a47500d8984cb7f72d1c8030b8fa3a.json,75ad649988335125a73e00397e3e914ae596ffd85d345e2ca9ae4ecc4f2dc7b7,1,,,,,False,False
2024,903,LS50302621,Elisabetta Cocciaretto,Beatriz Haddad Maia,327909,318176,R128,3-6 6-4 6-1,completed,absent,2024-05-26,2024-06-09,2024-05-27T19:30:00+00:00,True,,False,data/raw/wta/stats/_httpcache/2024/405fe4f0eda0b2058055c032317f16c017a47500d8984cb7f72d1c8030b8fa3a.json,75ad649988335125a73e00397e3e914ae596ffd85d345e2ca9ae4ecc4f2dc7b7,1,,,,,False,False
2024,903,LS50302623,Liudmila Samsonova,Magda Linette,322222,315130,R128,6-1 6-1,completed,absent,2024-05-26,2024-06-09,2024-05-27T09:00:00+00:00,True,,False,data/raw/wta/stats/_httpcache/2024/405fe4f0eda0b2058055c032317f16c017a47500d8984cb7f72d1c8030b8fa3a.json,75ad649988335125a73e00397e3e914ae596ffd85d345e2ca9ae4ecc4f2dc7b7,1,,,,,False,False
2024,903,LS50302625,Dayana Yastremska,Ajla Tomljanovic,324261,315232,R128,3-6 6-3 6-3,completed,absent,2024-05-26,2024-06-09,2024-05-26T09:00:00+00:00,True,,False,data/raw/wta/stats/_httpcache/2024/405fe4f0eda0b2058055c032317f16c017a47500d8984cb7f72d1c8030b8fa3a.json,75ad649988335125a73e00397e3e914ae596ffd85d345e2ca9ae4ecc4f2dc7b7,1,,,,,False,False
2024,903,LS50302627,Yafan Wang,Maria Timofeeva,317510,328896,R128,6-3 6-3,completed,absent,2024-05-26,2024-06-09,2024-05-26T09:00:00+00:00,True,,False,data/raw/wta/stats/_httpcache/2024/405fe4f0eda0b2058055c032317f16c017a47500d8984cb7f72d1c8030b8fa3a.json,75ad649988335125a73e00397e3e914ae596ffd85d345e2ca9ae4ecc4f2dc7b7,1,,,,,False,False
2024,903,LS50302629,Marketa Vondrousova,Rebeka Masarova,323027,322087,R128,6-1 6-3,completed,absent,2024-05-26,2024-06-09,2024-05-27T09:00:00+00:00,True,,False,data/raw/wta/stats/_httpcache/2024/405fe4f0eda0b2058055c032317f16c017a47500d8984cb7f72d1c8030b8fa3a.json,75ad649988335125a73e00397e3e914ae596ffd85d345e2ca9ae4ecc4f2dc7b7,1,,,,,False,False
2024,903,LS50302631,Chloe Paquet,Diana Shnaider,318839,330482,R128,6-3 6-1,completed,absent,2024-05-26,2024-06-09,2024-05-26T16:30:00+00:00,True,,False,data/raw/wta/stats/_httpcache/2024/405fe4f0eda0b2058055c032317f16c017a47500d8984cb7f72d1c8030b8fa3a.json,75ad649988335125a73e00397e3e914ae596ffd85d345e2ca9ae4ecc4f2dc7b7,1,,,,,False,False
2024,903,LS50302633,Donna Vekic,Lesia Tsurenko,318516,315295,R128,,incomplete-or-invalid-score,absent,2024-05-26,2024-06-09,2024-05-26T09:00:00+00:00,True,,False,data/raw/wta/stats/_httpcache/2024/405fe4f0eda0b2058055c032317f16c017a47500d8984cb7f72d1c8030b8fa3a.json,75ad649988335125a73e00397e3e914ae596ffd85d345e2ca9ae4ecc4f2dc7b7,1,,,,,False,False
2024,903,LS50302635,Danielle Collins,Caroline Dolehide,316925,322052,R128,6-3 6-4,completed,absent,2024-05-26,2024-06-09,2024-05-27T14:35:00+00:00,True,,False,data/raw/wta/stats/_httpcache/2024/405fe4f0eda0b2058055c032317f16c017a47500d8984cb7f72d1c8030b8fa3a.json,75ad649988335125a73e00397e3e914ae596ffd85d345e2ca9ae4ecc4f2dc7b7,1,,,,,False,False
2024,903,LS50302637,Viktoriya Tomova,Ekaterina Alexandrova,317584,319007,R128,6-3 7-6(5),completed,absent,2024-05-26,2024-06-09,2024-05-27T14:10:00+00:00,True,,False,data/raw/wta/stats/_httpcache/2024/405fe4f0eda0b2058055c032317f16c017a47500d8984cb7f72d1c8030b8fa3a.json,75ad649988335125a73e00397e3e914ae596ffd85d345e2ca9ae4ecc4f2dc7b7,1,,,,,False,False
2024,903,LS50302641,Anastasia Potapova,Kamilla Rakhimova,325601,325936,R128,6-2 6-3,completed,absent,2024-05-26,2024-06-09,2024-05-27T09:00:00+00:00,True,,False,data/raw/wta/stats/_httpcache/2024/405fe4f0eda0b2058055c032317f16c017a47500d8984cb7f72d1c8030b8fa3a.json,75ad649988335125a73e00397e3e914ae596ffd85d345e2ca9ae4ecc4f2dc7b7,1,,,,,False,False
2024,903,LS50302643,Viktorija Golubic,Barbora Krejcikova,316296,318314,R128,7-6(3) 6-4,completed,absent,2024-05-26,2024-06-09,2024-05-26T18:00:00+00:00,True,,False,data/raw/wta/stats/_httpcache/2024/405fe4f0eda0b2058055c032317f16c017a47500d8984cb7f72d1c8030b8fa3a.json,75ad649988335125a73e00397e3e914ae596ffd85d345e2ca9ae4ecc4f2dc7b7,1,,,,,False,False
2024,903,LS50302645,Marie Bouzkova,Veronika Kudermetova,320983,319526,R128,6-2 6-4,completed,absent,2024-05-26,2024-06-09,2024-05-26T09:00:00+00:00,True,,False,data/raw/wta/stats/_httpcache/2024/405fe4f0eda0b2058055c032317f16c017a47500d8984cb7f72d1c8030b8fa3a.json,75ad649988335125a73e00397e3e914ae596ffd85d345e2ca9ae4ecc4f2dc7b7,1,,,,,False,False
2024,903,LS50302647,Naomi Osaka,Lucia Bronzetti,319998,322280,R128,6-1 4-6 7-5,completed,absent,2024-05-26,2024-06-09,2024-05-26T10:00:00+00:00,True,,False,data/raw/wta/stats/_httpcache/2024/405fe4f0eda0b2058055c032317f16c017a47500d8984cb7f72d1c8030b8fa3a.json,75ad649988335125a73e00397e3e914ae596ffd85d345e2ca9ae4ecc4f2dc7b7,1,,,,,False,False
2024,903,LS50322317,Moyuka Uchijima,Irene Burillo Escorihuela,327241,321157,R128,6-1 6-1,completed,absent,2024-05-26,2024-06-09,2024-05-28T17:10:00+00:00,True,,False,data/raw/wta/stats/_httpcache/2024/405fe4f0eda0b2058055c032317f16c017a47500d8984cb7f72d1c8030b8fa3a.json,75ad649988335125a73e00397e3e914ae596ffd85d345e2ca9ae4ecc4f2dc7b7,1,,,,,False,False
2024,903,LS50322319,Emma Navarro,Zeynep Sonmez,325410,326907,R128,6-2 6-0,completed,absent,2024-05-26,2024-06-09,2024-05-28T17:00:00+00:00,True,,False,data/raw/wta/stats/_httpcache/2024/405fe4f0eda0b2058055c032317f16c017a47500d8984cb7f72d1c8030b8fa3a.json,75ad649988335125a73e00397e3e914ae596ffd85d345e2ca9ae4ecc4f2dc7b7,1,,,,,False,False
2024,903,LS50322321,Sara Errani,Anna-Karolina Schmiedlova,310761,318203,R128,6-3 6-2,completed,absent,2024-05-26,2024-06-09,2024-05-28T17:40:00+00:00,True,,False,data/raw/wta/stats/_httpcache/2024/405fe4f0eda0b2058055c032317f16c017a47500d8984cb7f72d1c8030b8fa3a.json,75ad649988335125a73e00397e3e914ae596ffd85d345e2ca9ae4ecc4f2dc7b7,1,,,,,False,False
2024,903,LS50322323,Peyton Stearns,Lucija Ciric-Bagaric,327573,330894,R128,6-3 6-7(8) 7-6(6),completed,absent,2024-05-26,2024-06-09,2024-05-28T14:15:00+00:00,True,,False,data/raw/wta/stats/_httpcache/2024/405fe4f0eda0b2058055c032317f16c017a47500d8984cb7f72d1c8030b8fa3a.json,75ad649988335125a73e00397e3e914ae596ffd85d345e2ca9ae4ecc4f2dc7b7,1,,,,,False,False
2024,903,LS50322325,Irina-Camelia Begu,Julia Riera,313169,327287,R128,6-2 6-2,completed,absent,2024-05-26,2024-06-09,2024-05-27T18:05:00+00:00,True,,False,data/raw/wta/stats/_httpcache/2024/405fe4f0eda0b2058055c032317f16c017a47500d8984cb7f72d1c8030b8fa3a.json,75ad649988335125a73e00397e3e914ae596ffd85d345e2ca9ae4ecc4f2dc7b7,1,,,,,False,False
2024,903,LS50322327,Anastasia Pavlyuchenkova,Panna Udvardy,313796,325956,R128,6-3 6-4,completed,absent,2024-05-26,2024-06-09,2024-05-27T14:30:00+00:00,True,,False,data/raw/wta/stats/_httpcache/2024/405fe4f0eda0b2058055c032317f16c017a47500d8984cb7f72d1c8030b8fa3a.json,75ad649988335125a73e00397e3e914ae596ffd85d345e2ca9ae4ecc4f2dc7b7,1,,,,,False,False
2024,903,LS50322329,Caroline Garcia,Eva Lys,315391,325826,R128,4-6 7-5 6-2,completed,absent,2024-05-26,2024-06-09,2024-05-26T14:45:00+00:00,True,,False,data/raw/wta/stats/_httpcache/2024/405fe4f0eda0b2058055c032317f16c017a47500d8984cb7f72d1c8030b8fa3a.json,75ad649988335125a73e00397e3e914ae596ffd85d345e2ca9ae4ecc4f2dc7b7,1,,,,,False,False
2024,903,LS50322331,Cristina Bucsa,Yuliia Starodubtseva,321158,325338,R128,6-4 6-1,completed,absent,2024-05-26,2024-06-09,2024-05-27T18:05:00+00:00,True,,False,data/raw/wta/stats/_httpcache/2024/405fe4f0eda0b2058055c032317f16c017a47500d8984cb7f72d1c8030b8fa3a.json,75ad649988335125a73e00397e3e914ae596ffd85d345e2ca9ae4ecc4f2dc7b7,1,,,,,False,False
2024,903,LS50322333,Amanda Anisimova,Rebecca Sramkova,326384,320228,R128,7-6(6) 6-4,completed,absent,2024-05-26,2024-06-09,2024-05-26T15:35:00+00:00,True,,False,data/raw/wta/stats/_httpcache/2024/405fe4f0eda0b2058055c032317f16c017a47500d8984cb7f72d1c8030b8fa3a.json,75ad649988335125a73e00397e3e914ae596ffd85d345e2ca9ae4ecc4f2dc7b7,1,,,,,False,False
2024,903,LS50322335,Tamara Zidansek,Alison Van Uytvanck,323079,317819,R128,6-2 2-6 6-1,completed,absent,2024-05-26,2024-06-09,2024-05-26T17:45:00+00:00,True,,False,data/raw/wta/stats/_httpcache/2024/405fe4f0eda0b2058055c032317f16c017a47500d8984cb7f72d1c8030b8fa3a.json,75ad649988335125a73e00397e3e914ae596ffd85d345e2ca9ae4ecc4f2dc7b7,1,,,,,False,False
2024,903,LS50322337,Coco Gauff,Julia Avdeeva,328560,330102,R128,6-1 6-1,completed,absent,2024-05-26,2024-06-09,2024-05-27T14:25:00+00:00,True,,False,data/raw/wta/stats/_httpcache/2024/405fe4f0eda0b2058055c032317f16c017a47500d8984cb7f72d1c8030b8fa3a.json,75ad649988335125a73e00397e3e914ae596ffd85d345e2ca9ae4ecc4f2dc7b7,1,,,,,False,False
2024,903,LS50322339,Katie Volynets,Aleksandra Krunic,327391,316344,R128,7-6(4) 6-2,completed,absent,2024-05-26,2024-06-09,2024-05-26T19:25:00+00:00,True,,False,data/raw/wta/stats/_httpcache/2024/405fe4f0eda0b2058055c032317f16c017a47500d8984cb7f72d1c8030b8fa3a.json,75ad649988335125a73e00397e3e914ae596ffd85d345e2ca9ae4ecc4f2dc7b7,1,,,,,False,False
2024,903,LS50322341,Katerina Siniakova,Dalma Galfi,320301,321106,R128,7-5 7-6(3),completed,absent,2024-05-26,2024-06-09,2024-05-26T13:25:00+00:00,True,,False,data/raw/wta/stats/_httpcache/2024/405fe4f0eda0b2058055c032317f16c017a47500d8984cb7f72d1c8030b8fa3a.json,75ad649988335125a73e00397e3e914ae596ffd85d345e2ca9ae4ecc4f2dc7b7,1,,,,,False,False
2024,903,LS50322343,Marta Kostyuk,Laura Pigossi,326482,317155,R128,7-5 6-7(4) 6-4,completed,absent,2024-05-26,2024-06-09,2024-05-26T11:05:00+00:00,True,,False,data/raw/wta/stats/_httpcache/2024/405fe4f0eda0b2058055c032317f16c017a47500d8984cb7f72d1c8030b8fa3a.json,75ad649988335125a73e00397e3e914ae596ffd85d345e2ca9ae4ecc4f2dc7b7,1,,,,,False,False
2024,903,LS50322345,Olga Danilovic,Martina Trevisan,324934,316266,R128,6-1 6-2,completed,absent,2024-05-26,2024-06-09,2024-05-26T18:45:00+00:00,True,,False,data/raw/wta/stats/_httpcache/2024/405fe4f0eda0b2058055c032317f16c017a47500d8984cb7f72d1c8030b8fa3a.json,75ad649988335125a73e00397e3e914ae596ffd85d345e2ca9ae4ecc4f2dc7b7,1,,,,,False,False
2024,903,LS50322347,Xinyu Wang,Jule Niemeier,326376,325940,R128,0-6 6-2 6-4,completed,absent,2024-05-26,2024-06-09,2024-05-26T19:10:00+00:00,True,,False,data/raw/wta/stats/_httpcache/2024/405fe4f0eda0b2058055c032317f16c017a47500d8984cb7f72d1c8030b8fa3a.json,75ad649988335125a73e00397e3e914ae596ffd85d345e2ca9ae4ecc4f2dc7b7,1,,,,,False,False
2024,903,LS50322349,Jana Fett,Jessica Bouzas Maneiro,320945,328139,R128,6-2 3-6 7-5,completed,absent,2024-05-26,2024-06-09,2024-05-26T12:10:00+00:00,True,,False,data/raw/wta/stats/_httpcache/2024/405fe4f0eda0b2058055c032317f16c017a47500d8984cb7f72d1c8030b8fa3a.json,75ad649988335125a73e00397e3e914ae596ffd85d345e2ca9ae4ecc4f2dc7b7,1,,,,,False,False
2024,903,LS50322351,Iga Swiatek,Leolia Jeanjean,326408,320313,R128,6-1 6-2,completed,absent,2024-05-26,2024-06-09,2024-05-27T11:55:00+00:00,True,,False,data/raw/wta/stats/_httpcache/2024/405fe4f0eda0b2058055c032317f16c017a47500d8984cb7f72d1c8030b8fa3a.json,75ad649988335125a73e00397e3e914ae596ffd85d345e2ca9ae4ecc4f2dc7b7,1,,,,,False,False
2024,903,LS50354259,Hailey Baptiste,Kayla Day,327101,322534,R128,4-6 6-2 6-2,completed,absent,2024-05-26,2024-06-09,2024-05-27T09:00:00+00:00,True,,False,data/raw/wta/stats/_httpcache/2024/405fe4f0eda0b2058055c032317f16c017a47500d8984cb7f72d1c8030b8fa3a.json,75ad649988335125a73e00397e3e914ae596ffd85d345e2ca9ae4ecc4f2dc7b7,1,,,,,False,False
2024,905,LS52766945,Beatriz Haddad Maia,Caroline Wozniacki,318176,313402,R16,6-2 3-6 6-3,completed,absent,2024-08-26,2024-09-08,2024-09-02T18:40:00+00:00,True,,False,data/raw/wta/stats/_httpcache/2024/032f1242b5f6ba4de2c4558e3999ad79867223d931c37f807d7f1fdc0e1741df.json,6d90f511a70ac62da4e7508911a4f2bdf432e72461470dec351f6170252340e5,1,,,,,False,False
2024,905,LS52766947,Karolina Muchova,Jasmine Paolini,322191,319280,R16,6-3 6-3,completed,absent,2024-08-26,2024-09-08,2024-09-02T15:00:00+00:00,True,,False,data/raw/wta/stats/_httpcache/2024/032f1242b5f6ba4de2c4558e3999ad79867223d931c37f807d7f1fdc0e1741df.json,6d90f511a70ac62da4e7508911a4f2bdf432e72461470dec351f6170252340e5,1,,,,,False,False
2024,905,LS52766949,Paula Badosa,Yafan Wang,320124,317510,R16,6-1 6-2,completed,absent,2024-08-26,2024-09-08,2024-09-01T15:00:00+00:00,True,,False,data/raw/wta/stats/_httpcache/2024/032f1242b5f6ba4de2c4558e3999ad79867223d931c37f807d7f1fdc0e1741df.json,6d90f511a70ac62da4e7508911a4f2bdf432e72461470dec351f6170252340e5,1,,,,,False,False
2024,905,LS52766951,Emma Navarro,Coco Gauff,325410,328560,R16,6-3 4-6 6-3,completed,absent,2024-08-26,2024-09-08,2024-09-01T20:10:00+00:00,True,,False,data/raw/wta/stats/_httpcache/2024/032f1242b5f6ba4de2c4558e3999ad79867223d931c37f807d7f1fdc0e1741df.json,6d90f511a70ac62da4e7508911a4f2bdf432e72461470dec351f6170252340e5,1,,,,,False,False
2024,905,LS52766953,Qinwen Zheng,Donna Vekic,328120,318516,R16,7-6(2) 4-6 6-2,completed,absent,2024-08-26,2024-09-08,2024-09-02T03:20:00+00:00,True,,False,data/raw/wta/stats/_httpcache/2024/032f1242b5f6ba4de2c4558e3999ad79867223d931c37f807d7f1fdc0e1741df.json,6d90f511a70ac62da4e7508911a4f2bdf432e72461470dec351f6170252340e5,1,,,,,False,False
2024,905,LS52766955,Aryna Sabalenka,Elise Mertens,320760,317964,R16,6-2 6-4,completed,absent,2024-08-26,2024-09-08,2024-09-01T23:35:00+00:00,True,,False,data/raw/wta/stats/_httpcache/2024/032f1242b5f6ba4de2c4558e3999ad79867223d931c37f807d7f1fdc0e1741df.json,6d90f511a70ac62da4e7508911a4f2bdf432e72461470dec351f6170252340e5,1,,,,,False,False
2024,905,LS52766957,Jessica Pegula,Iga Swiatek,316956,326408,QF,6-2 6-4,completed,absent,2024-08-26,2024-09-08,2024-09-04T23:15:00+00:00,False,,False,data/raw/wta/stats/_httpcache/2024/032f1242b5f6ba4de2c4558e3999ad79867223d931c37f807d7f1fdc0e1741df.json,6d90f511a70ac62da4e7508911a4f2bdf432e72461470dec351f6170252340e5,1,,,,,False,False
2024,905,LS52766959,Karolina Muchova,Beatriz Haddad Maia,322191,318176,QF,6-1 6-4,completed,absent,2024-08-26,2024-09-08,2024-09-04T16:00:00+00:00,False,,False,data/raw/wta/stats/_httpcache/2024/032f1242b5f6ba4de2c4558e3999ad79867223d931c37f807d7f1fdc0e1741df.json,6d90f511a70ac62da4e7508911a4f2bdf432e72461470dec351f6170252340e5,1,,,,,False,False
2024,905,LS52766961,Emma Navarro,Paula Badosa,325410,320124,QF,6-2 7-5,completed,absent,2024-08-26,2024-09-08,2024-09-03T16:00:00+00:00,False,,False,data/raw/wta/stats/_httpcache/2024/032f1242b5f6ba4de2c4558e3999ad79867223d931c37f807d7f1fdc0e1741df.json,6d90f511a70ac62da4e7508911a4f2bdf432e72461470dec351f6170252340e5,1,,,,,False,False
2024,905,LS52766963,Aryna Sabalenka,Qinwen Zheng,320760,328120,QF,6-1 6-2,completed,absent,2024-08-26,2024-09-08,2024-09-03T23:10:00+00:00,False,,False,data/raw/wta/stats/_httpcache/2024/032f1242b5f6ba4de2c4558e3999ad79867223d931c37f807d7f1fdc0e1741df.json,6d90f511a70ac62da4e7508911a4f2bdf432e72461470dec351f6170252340e5,1,,,,,False,False
2024,905,LS52766965,Jessica Pegula,Karolina Muchova,316956,322191,SF,1-6 6-4 6-2,completed,absent,2024-08-26,2024-09-08,2024-09-06T01:10:00+00:00,False,,False,data/raw/wta/stats/_httpcache/2024/032f1242b5f6ba4de2c4558e3999ad79867223d931c37f807d7f1fdc0e1741df.json,6d90f511a70ac62da4e7508911a4f2bdf432e72461470dec351f6170252340e5,1,,,,,False,False
2024,905,LS52766967,Aryna Sabalenka,Emma Navarro,320760,325410,SF,6-3 7-6(2),completed,absent,2024-08-26,2024-09-08,2024-09-05T23:10:00+00:00,False,,False,data/raw/wta/stats/_httpcache/2024/032f1242b5f6ba4de2c4558e3999ad79867223d931c37f807d7f1fdc0e1741df.json,6d90f511a70ac62da4e7508911a4f2bdf432e72461470dec351f6170252340e5,1,,,,,False,False
2024,905,LS52766969,Aryna Sabalenka,Jessica Pegula,320760,316956,F,7-5 7-5,completed,absent,2024-08-26,2024-09-08,2024-09-07T20:10:00+00:00,False,,False,data/raw/wta/stats/_httpcache/2024/032f1242b5f6ba4de2c4558e3999ad79867223d931c37f807d7f1fdc0e1741df.json,6d90f511a70ac62da4e7508911a4f2bdf432e72461470dec351f6170252340e5,1,,,,,False,False
2024,905,LS52766971,Iga Swiatek,Ena Shibahara,326408,322527,R64,6-0 6-1,completed,absent,2024-08-26,2024-09-08,2024-08-29T18:15:00+00:00,True,,False,data/raw/wta/stats/_httpcache/2024/032f1242b5f6ba4de2c4558e3999ad79867223d931c37f807d7f1fdc0e1741df.json,6d90f511a70ac62da4e7508911a4f2bdf432e72461470dec351f6170252340e5,1,,,,,False,False
2024,905,LS52766973,Anastasia Pavlyuchenkova,Elisabetta Cocciaretto,313796,327909,R64,5-7 6-1 6-2,completed,absent,2024-08-26,2024-09-08,2024-08-29T20:30:00+00:00,True,,False,data/raw/wta/stats/_httpcache/2024/032f1242b5f6ba4de2c4558e3999ad79867223d931c37f807d7f1fdc0e1741df.json,6d90f511a70ac62da4e7508911a4f2bdf432e72461470dec351f6170252340e5,1,,,,,False,False
2024,905,LS52766975,Diana Shnaider,Sara Errani,330482,310761,R32,6-2 6-2,completed,absent,2024-08-26,2024-09-08,2024-08-31T17:15:00+00:00,True,,False,data/raw/wta/stats/_httpcache/2024/032f1242b5f6ba4de2c4558e3999ad79867223d931c37f807d7f1fdc0e1741df.json,6d90f511a70ac62da4e7508911a4f2bdf432e72461470dec351f6170252340e5,1,,,,,False,False
2024,905,LS52766977,Jessica Pegula,Jessica Bouzas Maneiro,316956,328139,R32,6-3 6-3,completed,absent,2024-08-26,2024-09-08,2024-08-31T16:00:00+00:00,True,,False,data/raw/wta/stats/_httpcache/2024/032f1242b5f6ba4de2c4558e3999ad79867223d931c37f807d7f1fdc0e1741df.json,6d90f511a70ac62da4e7508911a4f2bdf432e72461470dec351f6170252340e5,1,,,,,False,False
2024,905,LS52766979,Caroline Wozniacki,Jessika Ponchet,313402,319421,R32,6-3 6-2,completed,absent,2024-08-26,2024-09-08,2024-08-31T19:20:00+00:00,True,,False,data/raw/wta/stats/_httpcache/2024/032f1242b5f6ba4de2c4558e3999ad79867223d931c37f807d7f1fdc0e1741df.json,6d90f511a70ac62da4e7508911a4f2bdf432e72461470dec351f6170252340e5,1,,,,,False,False
2024,905,LS52766981,Beatriz Haddad Maia,Anna Kalinskaya,318176,323942,R32,6-3 6-1,completed,absent,2024-08-26,2024-09-08,2024-09-01T02:20:00+00:00,True,,False,data/raw/wta/stats/_httpcache/2024/032f1242b5f6ba4de2c4558e3999ad79867223d931c37f807d7f1fdc0e1741df.json,6d90f511a70ac62da4e7508911a4f2bdf432e72461470dec351f6170252340e5,1,,,,,False,False
2024,905,LS52766983,Karolina Muchova,Anastasia Potapova,322191,325601,R32,6-4 6-2,completed,absent,2024-08-26,2024-09-08,2024-08-31T15:00:00+00:00,True,,False,data/raw/wta/stats/_httpcache/2024/032f1242b5f6ba4de2c4558e3999ad79867223d931c37f807d7f1fdc0e1741df.json,6d90f511a70ac62da4e7508911a4f2bdf432e72461470dec351f6170252340e5,1,,,,,False,False
2024,905,LS52766985,Jasmine Paolini,Yulia Putintseva,319280,317683,R32,6-3 6-4,completed,absent,2024-08-26,2024-09-08,2024-08-31T15:00:00+00:00,True,,False,data/raw/wta/stats/_httpcache/2024/032f1242b5f6ba4de2c4558e3999ad79867223d931c37f807d7f1fdc0e1741df.json,6d90f511a70ac62da4e7508911a4f2bdf432e72461470dec351f6170252340e5,1,,,,,False,False
2024,905,LS52766987,Paula Badosa,Elena-Gabriela Ruse,320124,320408,R32,4-6 6-1 7-6(8),completed,absent,2024-08-26,2024-09-08,2024-08-30T15:00:00+00:00,True,,False,data/raw/wta/stats/_httpcache/2024/032f1242b5f6ba4de2c4558e3999ad79867223d931c37f807d7f1fdc0e1741df.json,6d90f511a70ac62da4e7508911a4f2bdf432e72461470dec351f6170252340e5,1,,,,,False,False
2024,905,LS52766989,Yafan Wang,Victoria Azarenka,317510,312001,R32,6-4 3-6 6-1,completed,absent,2024-08-26,2024-09-08,2024-08-30T16:50:00+00:00,True,,False,data/raw/wta/stats/_httpcache/2024/032f1242b5f6ba4de2c4558e3999ad79867223d931c37f807d7f1fdc0e1741df.json,6d90f511a70ac62da4e7508911a4f2bdf432e72461470dec351f6170252340e5,1,,,,,False,False
2024,905,LS52766991,Emma Navarro,Marta Kostyuk,325410,326482,R32,6-4 4-6 6-3,completed,absent,2024-08-26,2024-09-08,2024-08-30T18:00:00+00:00,True,,False,data/raw/wta/stats/_httpcache/2024/032f1242b5f6ba4de2c4558e3999ad79867223d931c37f807d7f1fdc0e1741df.json,6d90f511a70ac62da4e7508911a4f2bdf432e72461470dec351f6170252340e5,1,,,,,False,False
2024,905,LS52766993,Coco Gauff,Elina Svitolina,328560,316738,R32,3-6 6-3 6-3,completed,absent,2024-08-26,2024-09-08,2024-08-30T16:00:00+00:00,True,,False,data/raw/wta/stats/_httpcache/2024/032f1242b5f6ba4de2c4558e3999ad79867223d931c37f807d7f1fdc0e1741df.json,6d90f511a70ac62da4e7508911a4f2bdf432e72461470dec351f6170252340e5,1,,,,,False,False
2024,905,LS52766995,Qinwen Zheng,Jule Niemeier,328120,325940,R32,6-2 6-1,completed,absent,2024-08-26,2024-09-08,2024-08-30T15:00:00+00:00,True,,False,data/raw/wta/stats/_httpcache/2024/032f1242b5f6ba4de2c4558e3999ad79867223d931c37f807d7f1fdc0e1741df.json,6d90f511a70ac62da4e7508911a4f2bdf432e72461470dec351f6170252340e5,1,,,,,False,False
2024,905,LS52766997,Donna Vekic,Peyton Stearns,318516,327573,R32,7-5 6-4,completed,absent,2024-08-26,2024-09-08,2024-08-30T18:15:00+00:00,True,,False,data/raw/wta/stats/_httpcache/2024/032f1242b5f6ba4de2c4558e3999ad79867223d931c37f807d7f1fdc0e1741df.json,6d90f511a70ac62da4e7508911a4f2bdf432e72461470dec351f6170252340e5,1,,,,,False,False
2024,905,LS52766999,Elise Mertens,Madison Keys,317964,316959,R32,6-7(5) 7-5 6-4,completed,absent,2024-08-26,2024-09-08,2024-08-30T23:40:00+00:00,True,,False,data/raw/wta/stats/_httpcache/2024/032f1242b5f6ba4de2c4558e3999ad79867223d931c37f807d7f1fdc0e1741df.json,6d90f511a70ac62da4e7508911a4f2bdf432e72461470dec351f6170252340e5,1,,,,,False,False
2024,905,LS52767001,Aryna Sabalenka,Ekaterina Alexandrova,320760,319007,R32,2-6 6-1 6-2,completed,absent,2024-08-26,2024-09-08,2024-08-31T04:05:00+00:00,True,,False,data/raw/wta/stats/_httpcache/2024/032f1242b5f6ba4de2c4558e3999ad79867223d931c37f807d7f1fdc0e1741df.json,6d90f511a70ac62da4e7508911a4f2bdf432e72461470dec351f6170252340e5,1,,,,,False,False
2024,905,LS52767003,Iga Swiatek,Liudmila Samsonova,326408,322222,R16,6-4 6-1,completed,absent,2024-08-26,2024-09-08,2024-09-02T23:10:00+00:00,True,,False,data/raw/wta/stats/_httpcache/2024/032f1242b5f6ba4de2c4558e3999ad79867223d931c37f807d7f1fdc0e1741df.json,6d90f511a70ac62da4e7508911a4f2bdf432e72461470dec351f6170252340e5,1,,,,,False,False
2024,905,LS52767005,Jessica Pegula,Diana Shnaider,316956,330482,R16,6-4 6-2,completed,absent,2024-08-26,2024-09-08,2024-09-02T16:00:00+00:00,True,,False,data/raw/wta/stats/_httpcache/2024/032f1242b5f6ba4de2c4558e3999ad79867223d931c37f807d7f1fdc0e1741df.json,6d90f511a70ac62da4e7508911a4f2bdf432e72461470dec351f6170252340e5,1,,,,,False,False
2024,905,LS52767007,Victoria Azarenka,Clara Burel,312001,325320,R64,6-1 6-4,completed,absent,2024-08-26,2024-09-08,2024-08-28T23:05:00+00:00,True,,False,data/raw/wta/stats/_httpcache/2024/032f1242b5f6ba4de2c4558e3999ad79867223d931c37f807d7f1fdc0e1741df.json,6d90f511a70ac62da4e7508911a4f2bdf432e72461470dec351f6170252340e5,1,,,,,False,False
2024,905,LS52767009,Yafan Wang,Diane Parry,317510,327077,R64,6-0 6-4,completed,absent,2024-08-26,2024-09-08,2024-08-28T18:20:00+00:00,True,,False,data/raw/wta/stats/_httpcache/2024/032f1242b5f6ba4de2c4558e3999ad79867223d931c37f807d7f1fdc0e1741df.json,6d90f511a70ac62da4e7508911a4f2bdf432e72461470dec351f6170252340e5,1,,,,,False,False
2024,905,LS52767011,Emma Navarro,Arantxa Rus,325410,313349,R64,6-1 6-1,completed,absent,2024-08-26,2024-09-08,2024-08-28T22:10:00+00:00,True,,False,data/raw/wta/stats/_httpcache/2024/032f1242b5f6ba4de2c4558e3999ad79867223d931c37f807d7f1fdc0e1741df.json,6d90f511a70ac62da4e7508911a4f2bdf432e72461470dec351f6170252340e5,1,,,,,False,False
2024,905,LS52767013,Marta Kostyuk,Harriet Dart,326482,319489,R64,7-6(10) 6-1,completed,absent,2024-08-26,2024-09-08,2024-08-28T19:20:00+00:00,True,,False,data/raw/wta/stats/_httpcache/2024/032f1242b5f6ba4de2c4558e3999ad79867223d931c37f807d7f1fdc0e1741df.json,6d90f511a70ac62da4e7508911a4f2bdf432e72461470dec351f6170252340e5,1,,,,,False,False
2024,905,LS52767015,Elina Svitolina,Anhelina Kalinina,316738,320567,R64,6-1 6-2,completed,absent,2024-08-26,2024-09-08,2024-08-28T23:30:00+00:00,True,,False,data/raw/wta/stats/_httpcache/2024/032f1242b5f6ba4de2c4558e3999ad79867223d931c37f807d7f1fdc0e1741df.json,6d90f511a70ac62da4e7508911a4f2bdf432e72461470dec351f6170252340e5,1,,,,,False,False
2024,905,LS52767017,Coco Gauff,Tatjana Maria,328560,310440,R64,6-4 6-0,completed,absent,2024-08-26,2024-09-08,2024-08-28T23:10:00+00:00,True,,False,data/raw/wta/stats/_httpcache/2024/032f1242b5f6ba4de2c4558e3999ad79867223d931c37f807d7f1fdc0e1741df.json,6d90f511a70ac62da4e7508911a4f2bdf432e72461470dec351f6170252340e5,1,,,,,False,False
2024,905,LS52767019,Qinwen Zheng,Erika Andreeva,328120,330151,R64,6-7(3) 6-1 6-2,completed,absent,2024-08-26,2024-09-08,2024-08-28T17:15:00+00:00,True,,False,data/raw/wta/stats/_httpcache/2024/032f1242b5f6ba4de2c4558e3999ad79867223d931c37f807d7f1fdc0e1741df.json,6d90f511a70ac62da4e7508911a4f2bdf432e72461470dec351f6170252340e5,1,,,,,False,False
2024,905,LS52767021,Jule Niemeier,Moyuka Uchijima,325940,327241,R64,6-4 6-0,completed,absent,2024-08-26,2024-09-08,2024-08-28T15:00:00+00:00,True,,False,data/raw/wta/stats/_httpcache/2024/032f1242b5f6ba4de2c4558e3999ad79867223d931c37f807d7f1fdc0e1741df.json,6d90f511a70ac62da4e7508911a4f2bdf432e72461470dec351f6170252340e5,1,,,,,False,False
2024,905,LS52767023,Donna Vekic,Greet Minnen,318516,321454,R64,7-5 6-1,completed,absent,2024-08-26,2024-09-08,2024-08-28T22:45:00+00:00,True,,False,data/raw/wta/stats/_httpcache/2024/032f1242b5f6ba4de2c4558e3999ad79867223d931c37f807d7f1fdc0e1741df.json,6d90f511a70ac62da4e7508911a4f2bdf432e72461470dec351f6170252340e5,1,,,,,False,False
2024,905,LS52767025,Peyton Stearns,Daria Kasatkina,327573,322082,R64,6-1 7-6(3),completed,absent,2024-08-26,2024-09-08,2024-08-28T23:40:00+00:00,True,,False,data/raw/wta/stats/_httpcache/2024/032f1242b5f6ba4de2c4558e3999ad79867223d931c37f807d7f1fdc0e1741df.json,6d90f511a70ac62da4e7508911a4f2bdf432e72461470dec351f6170252340e5,1,,,,,False,False
2024,905,LS52767027,Madison Keys,Maya Joint,316959,330544,R64,6-4 6-0,completed,absent,2024-08-26,2024-09-08,2024-08-28T16:00:00+00:00,True,,False,data/raw/wta/stats/_httpcache/2024/032f1242b5f6ba4de2c4558e3999ad79867223d931c37f807d7f1fdc0e1741df.json,6d90f511a70ac62da4e7508911a4f2bdf432e72461470dec351f6170252340e5,1,,,,,False,False
2024,905,LS52767029,Elise Mertens,Ajla Tomljanovic,317964,315232,R64,6-3 6-2,completed,absent,2024-08-26,2024-09-08,2024-08-28T15:00:00+00:00,True,,False,data/raw/wta/stats/_httpcache/2024/032f1242b5f6ba4de2c4558e3999ad79867223d931c37f807d7f1fdc0e1741df.json,6d90f511a70ac62da4e7508911a4f2bdf432e72461470dec351f6170252340e5,1,,,,,False,False
2024,905,LS52767031,Ekaterina Alexandrova,Iva Jovic,319007,332285,R64,4-6 6-4 7-5,completed,absent,2024-08-26,2024-09-08,2024-08-28T19:25:00+00:00,True,,False,data/raw/wta/stats/_httpcache/2024/032f1242b5f6ba4de2c4558e3999ad79867223d931c37f807d7f1fdc0e1741df.json,6d90f511a70ac62da4e7508911a4f2bdf432e72461470dec351f6170252340e5,1,,,,,False,False
2024,905,LS52767033,Aryna Sabalenka,Lucia Bronzetti,320760,322280,R64,6-3 6-1,completed,absent,2024-08-26,2024-09-08,2024-08-28T20:00:00+00:00,True,,False,data/raw/wta/stats/_httpcache/2024/032f1242b5f6ba4de2c4558e3999ad79867223d931c37f807d7f1fdc0e1741df.json,6d90f511a70ac62da4e7508911a4f2bdf432e72461470dec351f6170252340e5,1,,,,,False,False
2024,905,LS52767035,Iga Swiatek,Anastasia Pavlyuchenkova,326408,313796,R32,6-4 6-2,completed,absent,2024-08-26,2024-09-08,2024-08-31T23:15:00+00:00,True,,False,data/raw/wta/stats/_httpcache/2024/032f1242b5f6ba4de2c4558e3999ad79867223d931c37f807d7f1fdc0e1741df.json,6d90f511a70ac62da4e7508911a4f2bdf432e72461470dec351f6170252340e5,1,,,,,False,False
2024,905,LS52767037,Liudmila Samsonova,Ashlyn Krueger,322222,329409,R32,6-1 6-1,completed,absent,2024-08-26,2024-09-08,2024-08-31T19:05:00+00:00,True,,False,data/raw/wta/stats/_httpcache/2024/032f1242b5f6ba4de2c4558e3999ad79867223d931c37f807d7f1fdc0e1741df.json,6d90f511a70ac62da4e7508911a4f2bdf432e72461470dec351f6170252340e5,1,,,,,False,False
2024,905,LS52767039,Ashlyn Krueger,Mirra Andreeva,329409,331809,R64,6-1 6-4,completed,absent,2024-08-26,2024-09-08,2024-08-29T17:30:00+00:00,True,,False,data/raw/wta/stats/_httpcache/2024/032f1242b5f6ba4de2c4558e3999ad79867223d931c37f807d7f1fdc0e1741df.json,6d90f511a70ac62da4e7508911a4f2bdf432e72461470dec351f6170252340e5,1,,,,,False,False
2024,905,LS52767041,Liudmila Samsonova,Marie Bouzkova,322222,320983,R64,3-6 7-6(1) 6-3,completed,absent,2024-08-26,2024-09-08,2024-08-29T17:15:00+00:00,True,,False,data/raw/wta/stats/_httpcache/2024/032f1242b5f6ba4de2c4558e3999ad79867223d931c37f807d7f1fdc0e1741df.json,6d90f511a70ac62da4e7508911a4f2bdf432e72461470dec351f6170252340e5,1,,,,,False,False
2024,905,LS52767043,Sara Errani,Caroline Dolehide,310761,322052,R64,7-5 7-5,completed,absent,2024-08-26,2024-09-08,2024-08-29T16:45:00+00:00,True,,False,data/raw/wta/stats/_httpcache/2024/032f1242b5f6ba4de2c4558e3999ad79867223d931c37f807d7f1fdc0e1741df.json,6d90f511a70ac62da4e7508911a4f2bdf432e72461470dec351f6170252340e5,1,,,,,False,False
2024,905,LS52767045,Diana Shnaider,Clara Tauson,330482,327793,R64,6-4 6-4,completed,absent,2024-08-26,2024-09-08,2024-08-29T15:00:00+00:00,True,,False,data/raw/wta/stats/_httpcache/2024/032f1242b5f6ba4de2c4558e3999ad79867223d931c37f807d7f1fdc0e1741df.json,6d90f511a70ac62da4e7508911a4f2bdf432e72461470dec351f6170252340e5,1,,,,,False,False
2024,905,LS52767047,Jessica Bouzas Maneiro,Katie Boulter,328139,319125,R64,7-5 7-5,completed,absent,2024-08-26,2024-09-08,2024-08-29T16:35:00+00:00,True,,False,data/raw/wta/stats/_httpcache/2024/032f1242b5f6ba4de2c4558e3999ad79867223d931c37f807d7f1fdc0e1741df.json,6d90f511a70ac62da4e7508911a4f2bdf432e72461470dec351f6170252340e5,1,,,,,False,False
2024,905,LS52767049,Jessica Pegula,Sofia Kenin,316956,320942,R64,7-6(4) 6-3,completed,absent,2024-08-26,2024-09-08,2024-08-29T18:50:00+00:00,True,,False,data/raw/wta/stats/_httpcache/2024/032f1242b5f6ba4de2c4558e3999ad79867223d931c37f807d7f1fdc0e1741df.json,6d90f511a70ac62da4e7508911a4f2bdf432e72461470dec351f6170252340e5,1,,,,,False,False
2024,905,LS52767051,Jessika Ponchet,Elena Rybakina,319421,324166,R64,,incomplete-or-invalid-score,absent,2024-08-26,2024-09-08,2024-08-29T21:30:00+00:00,True,,False,data/raw/wta/stats/_httpcache/2024/032f1242b5f6ba4de2c4558e3999ad79867223d931c37f807d7f1fdc0e1741df.json,6d90f511a70ac62da4e7508911a4f2bdf432e72461470dec351f6170252340e5,1,,,,,False,False
2024,905,LS52767053,Caroline Wozniacki,Renata Zarazua,313402,320716,R64,6-3 6-3,completed,absent,2024-08-26,2024-09-08,2024-08-30T01:35:00+00:00,True,,False,data/raw/wta/stats/_httpcache/2024/032f1242b5f6ba4de2c4558e3999ad79867223d931c37f807d7f1fdc0e1741df.json,6d90f511a70ac62da4e7508911a4f2bdf432e72461470dec351f6170252340e5,1,,,,,False,False
2024,905,LS52767055,Beatriz Haddad Maia,Sara Sorribes Tormo,318176,318872,R64,6-2 6-1,completed,absent,2024-08-26,2024-09-08,2024-08-29T17:55:00+00:00,True,,False,data/raw/wta/stats/_httpcache/2024/032f1242b5f6ba4de2c4558e3999ad79867223d931c37f807d7f1fdc0e1741df.json,6d90f511a70ac62da4e7508911a4f2bdf432e72461470dec351f6170252340e5,1,,,,,False,False
2024,905,LS52767057,Anna Kalinskaya,Anna Bondar,323942,322942,R64,6-2 6-4,completed,absent,2024-08-26,2024-09-08,2024-08-29T15:00:00+00:00,True,,False,data/raw/wta/stats/_httpcache/2024/032f1242b5f6ba4de2c4558e3999ad79867223d931c37f807d7f1fdc0e1741df.json,6d90f511a70ac62da4e7508911a4f2bdf432e72461470dec351f6170252340e5,1,,,,,False,False
2024,905,LS52767059,Karolina Muchova,Naomi Osaka,322191,319998,R64,6-3 7-6(5),completed,absent,2024-08-26,2024-09-08,2024-08-29T23:10:00+00:00,True,,False,data/raw/wta/stats/_httpcache/2024/032f1242b5f6ba4de2c4558e3999ad79867223d931c37f807d7f1fdc0e1741df.json,6d90f511a70ac62da4e7508911a4f2bdf432e72461470dec351f6170252340e5,1,,,,,False,False
2024,905,LS52767061,Anastasia Potapova,Varvara Lepchenko,325601,120420,R64,6-3 6-4,completed,absent,2024-08-26,2024-09-08,2024-08-29T18:10:00+00:00,True,,False,data/raw/wta/stats/_httpcache/2024/032f1242b5f6ba4de2c4558e3999ad79867223d931c37f807d7f1fdc0e1741df.json,6d90f511a70ac62da4e7508911a4f2bdf432e72461470dec351f6170252340e5,1,,,,,False,False
2024,905,LS52767063,Yulia Putintseva,Xinyu Wang,317683,326376,R64,6-1 7-6(4),completed,absent,2024-08-26,2024-09-08,2024-08-29T15:00:00+00:00,True,,False,data/raw/wta/stats/_httpcache/2024/032f1242b5f6ba4de2c4558e3999ad79867223d931c37f807d7f1fdc0e1741df.json,6d90f511a70ac62da4e7508911a4f2bdf432e72461470dec351f6170252340e5,1,,,,,False,False
2024,905,LS52767065,Jasmine Paolini,Karolina Pliskova,319280,313974,R64,,incomplete-or-invalid-score,absent,2024-08-26,2024-09-08,2024-08-29T17:25:00+00:00,True,,False,data/raw/wta/stats/_httpcache/2024/032f1242b5f6ba4de2c4558e3999ad79867223d931c37f807d7f1fdc0e1741df.json,6d90f511a70ac62da4e7508911a4f2bdf432e72461470dec351f6170252340e5,1,,,,,False,False
2024,905,LS52767067,Elena-Gabriela Ruse,Barbora Krejcikova,320408,318314,R64,6-4 7-5,completed,absent,2024-08-26,2024-09-08,2024-08-28T15:00:00+00:00,True,,False,data/raw/wta/stats/_httpcache/2024/032f1242b5f6ba4de2c4558e3999ad79867223d931c37f807d7f1fdc0e1741df.json,6d90f511a70ac62da4e7508911a4f2bdf432e72461470dec351f6170252340e5,1,,,,,False,False
2024,905,LS52767069,Paula Badosa,Taylor Townsend,320124,318609,R64,6-3 7-5,completed,absent,2024-08-26,2024-09-08,2024-08-28T15:00:00+00:00,True,,False,data/raw/wta/stats/_httpcache/2024/032f1242b5f6ba4de2c4558e3999ad79867223d931c37f807d7f1fdc0e1741df.json,6d90f511a70ac62da4e7508911a4f2bdf432e72461470dec351f6170252340e5,1,,,,,False,False
2024,905,LS52865387,Lucia Bronzetti,Lulu Sun,322280,324576,R128,,incomplete-or-invalid-score,absent,2024-08-26,2024-09-08,2024-08-27T00:20:00+00:00,True,,False,data/raw/wta/stats/_httpcache/2024/032f1242b5f6ba4de2c4558e3999ad79867223d931c37f807d7f1fdc0e1741df.json,6d90f511a70ac62da4e7508911a4f2bdf432e72461470dec351f6170252340e5,1,,,,,False,False
2024,905,LS52865389,Iva Jovic,Magda Linette,332285,315130,R128,6-4 6-3,completed,absent,2024-08-26,2024-09-08,2024-08-26T22:10:00+00:00,True,,False,data/raw/wta/stats/_httpcache/2024/032f1242b5f6ba4de2c4558e3999ad79867223d931c37f807d7f1fdc0e1741df.json,6d90f511a70ac62da4e7508911a4f2bdf432e72461470dec351f6170252340e5,1,,,,,False,False
2024,905,LS52865391,Ekaterina Alexandrova,Viktoriya Tomova,319007,317584,R128,6-7(4) 6-0 7-5,completed,absent,2024-08-26,2024-09-08,2024-08-27T00:05:00+00:00,True,,False,data/raw/wta/stats/_httpcache/2024/032f1242b5f6ba4de2c4558e3999ad79867223d931c37f807d7f1fdc0e1741df.json,6d90f511a70ac62da4e7508911a4f2bdf432e72461470dec351f6170252340e5,1,,,,,False,False
2024,905,LS52865395,Madison Keys,Katerina Siniakova,316959,320301,R128,6-4 6-1,completed,absent,2024-08-26,2024-09-08,2024-08-26T20:00:00+00:00,True,,False,data/raw/wta/stats/_httpcache/2024/032f1242b5f6ba4de2c4558e3999ad79867223d931c37f807d7f1fdc0e1741df.json,6d90f511a70ac62da4e7508911a4f2bdf432e72461470dec351f6170252340e5,1,,,,,False,False
2024,905,LS52865397,Daria Kasatkina,Jaqueline Cristian,322082,320319,R128,6-2 6-4,completed,absent,2024-08-26,2024-09-08,2024-08-26T15:00:00+00:00,True,,False,data/raw/wta/stats/_httpcache/2024/032f1242b5f6ba4de2c4558e3999ad79867223d931c37f807d7f1fdc0e1741df.json,6d90f511a70ac62da4e7508911a4f2bdf432e72461470dec351f6170252340e5,1,,,,,False,False
2024,905,LS52865399,Peyton Stearns,Lesia Tsurenko,327573,315295,R128,6-1 7-5,completed,absent,2024-08-26,2024-09-08,2024-08-26T19:00:00+00:00,True,,False,data/raw/wta/stats/_httpcache/2024/032f1242b5f6ba4de2c4558e3999ad79867223d931c37f807d7f1fdc0e1741df.json,6d90f511a70ac62da4e7508911a4f2bdf432e72461470dec351f6170252340e5,1,,,,,False,False
2024,905,LS52865401,Greet Minnen,Magdalena Frech,321454,320277,R128,7-5 7-5,completed,absent,2024-08-26,2024-09-08,2024-08-26T17:15:00+00:00,True,,False,data/raw/wta/stats/_httpcache/2024/032f1242b5f6ba4de2c4558e3999ad79867223d931c37f807d7f1fdc0e1741df.json,6d90f511a70ac62da4e7508911a4f2bdf432e72461470dec351f6170252340e5,1,,,,,False,False
2024,905,LS52865403,Jule Niemeier,Dayana Yastremska,325940,324261,R128,6-4 6-7(3) 6-4,completed,absent,2024-08-26,2024-09-08,2024-08-26T15:00:00+00:00,True,,False,data/raw/wta/stats/_httpcache/2024/032f1242b5f6ba4de2c4558e3999ad79867223d931c37f807d7f1fdc0e1741df.json,6d90f511a70ac62da4e7508911a4f2bdf432e72461470dec351f6170252340e5,1,,,,,False,False
2024,905,LS52865405,Moyuka Uchijima,Tamara Korpatsch,327241,319571,R128,3-6 6-3 6-4,completed,absent,2024-08-26,2024-09-08,2024-08-26T18:55:00+00:00,True,,False,data/raw/wta/stats/_httpcache/2024/032f1242b5f6ba4de2c4558e3999ad79867223d931c37f807d7f1fdc0e1741df.json,6d90f511a70ac62da4e7508911a4f2bdf432e72461470dec351f6170252340e5,1,,,,,False,False
2024,905,LS52865407,Erika Andreeva,Yue Yuan,330151,324325,R128,6-3 7-6(7),completed,absent,2024-08-26,2024-09-08,2024-08-26T15:00:00+00:00,True,,False,data/raw/wta/stats/_httpcache/2024/032f1242b5f6ba4de2c4558e3999ad79867223d931c37f807d7f1fdc0e1741df.json,6d90f511a70ac62da4e7508911a4f2bdf432e72461470dec351f6170252340e5,1,,,,,False,False
2024,905,LS52865409,Qinwen Zheng,Amanda Anisimova,328120,326384,R128,4-6 6-4 6-2,completed,absent,2024-08-26,2024-09-08,2024-08-26T15:00:00+00:00,True,,False,data/raw/wta/stats/_httpcache/2024/032f1242b5f6ba4de2c4558e3999ad79867223d931c37f807d7f1fdc0e1741df.json,6d90f511a70ac62da4e7508911a4f2bdf432e72461470dec351f6170252340e5,1,,,,,False,False
2024,905,LS52865411,Coco Gauff,Varvara Gracheva,328560,325836,R128,6-2 6-0,completed,absent,2024-08-26,2024-09-08,2024-08-26T18:30:00+00:00,True,,False,data/raw/wta/stats/_httpcache/2024/032f1242b5f6ba4de2c4558e3999ad79867223d931c37f807d7f1fdc0e1741df.json,6d90f511a70ac62da4e7508911a4f2bdf432e72461470dec351f6170252340e5,1,,,,,False,False
2024,905,LS52865413,Anhelina Kalinina,Oceane Dodin,320567,319436,R128,6-1 3-6 6-1,completed,absent,2024-08-26,2024-09-08,2024-08-26T17:35:00+00:00,True,,False,data/raw/wta/stats/_httpcache/2024/032f1242b5f6ba4de2c4558e3999ad79867223d931c37f807d7f1fdc0e1741df.json,6d90f511a70ac62da4e7508911a4f2bdf432e72461470dec351f6170252340e5,1,,,,,False,False
2024,905,LS52865415,Elina Svitolina,Maria Carle,316738,322638,R128,3-6 6-3 6-4,completed,absent,2024-08-26,2024-09-08,2024-08-26T15:00:00+00:00,True,,False,data/raw/wta/stats/_httpcache/2024/032f1242b5f6ba4de2c4558e3999ad79867223d931c37f807d7f1fdc0e1741df.json,6d90f511a70ac62da4e7508911a4f2bdf432e72461470dec351f6170252340e5,1,,,,,False,False
2024,905,LS52865417,Marta Kostyuk,McCartney Kessler,326482,326678,R128,6-2 6-3,completed,absent,2024-08-26,2024-09-08,2024-08-26T22:05:00+00:00,True,,False,data/raw/wta/stats/_httpcache/2024/032f1242b5f6ba4de2c4558e3999ad79867223d931c37f807d7f1fdc0e1741df.json,6d90f511a70ac62da4e7508911a4f2bdf432e72461470dec351f6170252340e5,1,,,,,False,False
2024,905,LS52865419,Harriet Dart,Chloe Paquet,319489,318839,R128,6-1 6-2,completed,absent,2024-08-26,2024-09-08,2024-08-26T23:05:00+00:00,True,,False,data/raw/wta/stats/_httpcache/2024/032f1242b5f6ba4de2c4558e3999ad79867223d931c37f807d7f1fdc0e1741df.json,6d90f511a70ac62da4e7508911a4f2bdf432e72461470dec351f6170252340e5,1,,,,,False,False
2024,905,LS52865421,Arantxa Rus,Ana Bogdan,313349,315427,R128,6-4 7-6(5),completed,absent,2024-08-26,2024-09-08,2024-08-26T21:55:00+00:00,True,,False,data/raw/wta/stats/_httpcache/2024/032f1242b5f6ba4de2c4558e3999ad79867223d931c37f807d7f1fdc0e1741df.json,6d90f511a70ac62da4e7508911a4f2bdf432e72461470dec351f6170252340e5,1,,,,,False,False
2024,905,LS52865423,Emma Navarro,Anna Blinkova,325410,324267,R128,6-1 6-1,completed,absent,2024-08-26,2024-09-08,2024-08-26T22:20:00+00:00,True,,False,data/raw/wta/stats/_httpcache/2024/032f1242b5f6ba4de2c4558e3999ad79867223d931c37f807d7f1fdc0e1741df.json,6d90f511a70ac62da4e7508911a4f2bdf432e72461470dec351f6170252340e5,1,,,,,False,False
2024,905,LS52865425,Yafan Wang,Maria Sakkari,317510,318312,R128,,incomplete-or-invalid-score,absent,2024-08-26,2024-09-08,2024-08-26T15:00:00+00:00,True,,False,data/raw/wta/stats/_httpcache/2024/032f1242b5f6ba4de2c4558e3999ad79867223d931c37f807d7f1fdc0e1741df.json,6d90f511a70ac62da4e7508911a4f2bdf432e72461470dec351f6170252340e5,1,,,,,False,False
2024,905,LS52865427,Diane Parry,Xiyu Wang,327077,326160,R128,7-6(2) 7-6(5),completed,absent,2024-08-26,2024-09-08,2024-08-26T15:00:00+00:00,True,,False,data/raw/wta/stats/_httpcache/2024/032f1242b5f6ba4de2c4558e3999ad79867223d931c37f807d7f1fdc0e1741df.json,6d90f511a70ac62da4e7508911a4f2bdf432e72461470dec351f6170252340e5,1,,,,,False,False
2024,905,LS52865429,Clara Burel,Sloane Stephens,325320,315683,R128,0-6 7-5 7-5,completed,absent,2024-08-26,2024-09-08,2024-08-26T23:15:00+00:00,True,,False,data/raw/wta/stats/_httpcache/2024/032f1242b5f6ba4de2c4558e3999ad79867223d931c37f807d7f1fdc0e1741df.json,6d90f511a70ac62da4e7508911a4f2bdf432e72461470dec351f6170252340e5,1,,,,,False,False
2024,905,LS52865431,Paula Badosa,Viktorija Golubic,320124,316296,R128,6-0 6-3,completed,absent,2024-08-26,2024-09-08,2024-08-26T18:20:00+00:00,True,,False,data/raw/wta/stats/_httpcache/2024/032f1242b5f6ba4de2c4558e3999ad79867223d931c37f807d7f1fdc0e1741df.json,6d90f511a70ac62da4e7508911a4f2bdf432e72461470dec351f6170252340e5,1,,,,,False,False
2024,905,LS52865433,Taylor Townsend,Martina Trevisan,318609,316266,R128,6-2 7-5,completed,absent,2024-08-26,2024-09-08,2024-08-26T19:20:00+00:00,True,,False,data/raw/wta/stats/_httpcache/2024/032f1242b5f6ba4de2c4558e3999ad79867223d931c37f807d7f1fdc0e1741df.json,6d90f511a70ac62da4e7508911a4f2bdf432e72461470dec351f6170252340e5,1,,,,,False,False
2024,905,LS52865435,Jasmine Paolini,Bianca Andreescu,319280,325088,R128,6-7(5) 6-2 6-4,completed,absent,2024-08-26,2024-09-08,2024-08-27T23:25:00+00:00,True,,False,data/raw/wta/stats/_httpcache/2024/032f1242b5f6ba4de2c4558e3999ad79867223d931c37f807d7f1fdc0e1741df.json,6d90f511a70ac62da4e7508911a4f2bdf432e72461470dec351f6170252340e5,1,,,,,False,False
2024,905,LS52865437,Karolina Pliskova,Mayar Sherif Ahmed Abdelaziz,313974,318711,R128,6-3 0-6 7-5,completed,absent,2024-08-26,2024-09-08,2024-08-27T20:25:00+00:00,True,,False,data/raw/wta/stats/_httpcache/2024/032f1242b5f6ba4de2c4558e3999ad79867223d931c37f807d7f1fdc0e1741df.json,6d90f511a70ac62da4e7508911a4f2bdf432e72461470dec351f6170252340e5,1,,,,,False,False
2024,905,LS52865439,Yulia Putintseva,Linda Noskova,317683,329668,R128,7-6(3) 6-4,completed,absent,2024-08-26,2024-09-08,2024-08-27T22:50:00+00:00,True,,False,data/raw/wta/stats/_httpcache/2024/032f1242b5f6ba4de2c4558e3999ad79867223d931c37f807d7f1fdc0e1741df.json,6d90f511a70ac62da4e7508911a4f2bdf432e72461470dec351f6170252340e5,1,,,,,False,False
2024,905,LS52865441,Anastasia Potapova,Leylah Fernandez,325601,326735,R128,2-6 6-4 7-5,completed,absent,2024-08-26,2024-09-08,2024-08-27T20:30:00+00:00,True,,False,data/raw/wta/stats/_httpcache/2024/032f1242b5f6ba4de2c4558e3999ad79867223d931c37f807d7f1fdc0e1741df.json,6d90f511a70ac62da4e7508911a4f2bdf432e72461470dec351f6170252340e5,1,,,,,False,False
2024,905,LS52865443,Karolina Muchova,Katie Volynets,322191,327391,R128,6-3 7-5,completed,absent,2024-08-26,2024-09-08,2024-08-27T15:00:00+00:00,True,,False,data/raw/wta/stats/_httpcache/2024/032f1242b5f6ba4de2c4558e3999ad79867223d931c37f807d7f1fdc0e1741df.json,6d90f511a70ac62da4e7508911a4f2bdf432e72461470dec351f6170252340e5,1,,,,,False,False
2024,905,LS52865445,Naomi Osaka,Jelena Ostapenko,319998,319939,R128,6-3 6-2,completed,absent,2024-08-26,2024-09-08,2024-08-27T18:05:00+00:00,True,,False,data/raw/wta/stats/_httpcache/2024/032f1242b5f6ba4de2c4558e3999ad79867223d931c37f807d7f1fdc0e1741df.json,6d90f511a70ac62da4e7508911a4f2bdf432e72461470dec351f6170252340e5,1,,,,,False,False
2024,905,LS52865447,Anna Kalinskaya,Lauren Davis,323942,317414,R128,6-2 6-2,completed,absent,2024-08-26,2024-09-08,2024-08-27T19:00:00+00:00,True,,False,data/raw/wta/stats/_httpcache/2024/032f1242b5f6ba4de2c4558e3999ad79867223d931c37f807d7f1fdc0e1741df.json,6d90f511a70ac62da4e7508911a4f2bdf432e72461470dec351f6170252340e5,1,,,,,False,False
2024,905,LS52865449,Anna Bondar,Bernarda Pera,322942,317708,R128,6-3 3-6 6-3,completed,absent,2024-08-26,2024-09-08,2024-08-27T19:20:00+00:00,True,,False,data/raw/wta/stats/_httpcache/2024/032f1242b5f6ba4de2c4558e3999ad79867223d931c37f807d7f1fdc0e1741df.json,6d90f511a70ac62da4e7508911a4f2bdf432e72461470dec351f6170252340e5,1,,,,,False,False
2024,905,LS52865451,Sara Sorribes Tormo,Alexa Noel,318872,335203,R128,6-1 6-3,completed,absent,2024-08-26,2024-09-08,2024-08-27T20:40:00+00:00,True,,False,data/raw/wta/stats/_httpcache/2024/032f1242b5f6ba4de2c4558e3999ad79867223d931c37f807d7f1fdc0e1741df.json,6d90f511a70ac62da4e7508911a4f2bdf432e72461470dec351f6170252340e5,1,,,,,False,False
2024,905,LS52865453,Beatriz Haddad Maia,Elina Avanesyan,318176,327620,R128,4-6 6-0 6-2,completed,absent,2024-08-26,2024-09-08,2024-08-27T22:25:00+00:00,True,,False,data/raw/wta/stats/_httpcache/2024/032f1242b5f6ba4de2c4558e3999ad79867223d931c37f807d7f1fdc0e1741df.json,6d90f511a70ac62da4e7508911a4f2bdf432e72461470dec351f6170252340e5,1,,,,,False,False
2024,905,LS52865455,Renata Zarazua,Caroline Garcia,320716,315391,R128,6-1 6-4,completed,absent,2024-08-26,2024-09-08,2024-08-27T18:15:00+00:00,True,,False,data/raw/wta/stats/_httpcache/2024/032f1242b5f6ba4de2c4558e3999ad79867223d931c37f807d7f1fdc0e1741df.json,6d90f511a70ac62da4e7508911a4f2bdf432e72461470dec351f6170252340e5,1,,,,,False,False
2024,905,LS52865459,Jessica Pegula,Shelby Rogers,316956,42459,R128,6-4 6-3,completed,absent,2024-08-26,2024-09-08,2024-08-28T02:25:00+00:00,True,,False,data/raw/wta/stats/_httpcache/2024/032f1242b5f6ba4de2c4558e3999ad79867223d931c37f807d7f1fdc0e1741df.json,6d90f511a70ac62da4e7508911a4f2bdf432e72461470dec351f6170252340e5,1,,,,,False,False
2024,905,LS52865461,Sofia Kenin,Emma Raducanu,320942,328366,R128,6-1 3-6 6-4,completed,absent,2024-08-26,2024-09-08,2024-08-27T23:40:00+00:00,True,,False,data/raw/wta/stats/_httpcache/2024/032f1242b5f6ba4de2c4558e3999ad79867223d931c37f807d7f1fdc0e1741df.json,6d90f511a70ac62da4e7508911a4f2bdf432e72461470dec351f6170252340e5,1,,,,,False,False
2024,905,LS52865463,Jessica Bouzas Maneiro,Petra Martic,328139,313711,R128,6-3 6-0,completed,absent,2024-08-26,2024-09-08,2024-08-27T19:05:00+00:00,True,,False,data/raw/wta/stats/_httpcache/2024/032f1242b5f6ba4de2c4558e3999ad79867223d931c37f807d7f1fdc0e1741df.json,6d90f511a70ac62da4e7508911a4f2bdf432e72461470dec351f6170252340e5,1,,,,,False,False
2024,905,LS52865465,Diana Shnaider,Nadia Podoroska,330482,319112,R128,6-0 6-1,completed,absent,2024-08-26,2024-09-08,2024-08-27T20:50:00+00:00,True,,False,data/raw/wta/stats/_httpcache/2024/032f1242b5f6ba4de2c4558e3999ad79867223d931c37f807d7f1fdc0e1741df.json,6d90f511a70ac62da4e7508911a4f2bdf432e72461470dec351f6170252340e5,1,,,,,False,False
2024,905,LS52865467,Clara Tauson,Anna-Karolina Schmiedlova,327793,318203,R128,1-6 7-6(5) 6-2,completed,absent,2024-08-26,2024-09-08,2024-08-27T19:55:00+00:00,True,,False,data/raw/wta/stats/_httpcache/2024/032f1242b5f6ba4de2c4558e3999ad79867223d931c37f807d7f1fdc0e1741df.json,6d90f511a70ac62da4e7508911a4f2bdf432e72461470dec351f6170252340e5,1,,,,,False,False
2024,905,LS52865469,Sara Errani,Cristina Bucsa,310761,321158,R128,3-6 6-0 6-4,completed,absent,2024-08-26,2024-09-08,2024-08-27T15:00:00+00:00,True,,False,data/raw/wta/stats/_httpcache/2024/032f1242b5f6ba4de2c4558e3999ad79867223d931c37f807d7f1fdc0e1741df.json,6d90f511a70ac62da4e7508911a4f2bdf432e72461470dec351f6170252340e5,1,,,,,False,False
2024,905,LS52865471,Caroline Dolehide,Danielle Collins,322052,316925,R128,1-6 7-5 6-4,completed,absent,2024-08-26,2024-09-08,2024-08-27T15:00:00+00:00,True,,False,data/raw/wta/stats/_httpcache/2024/032f1242b5f6ba4de2c4558e3999ad79867223d931c37f807d7f1fdc0e1741df.json,6d90f511a70ac62da4e7508911a4f2bdf432e72461470dec351f6170252340e5,1,,,,,False,False
2024,905,LS52865473,Liudmila Samsonova,Qiang Wang,322222,314429,R128,6-2 7-5,completed,absent,2024-08-26,2024-09-08,2024-08-27T22:25:00+00:00,True,,False,data/raw/wta/stats/_httpcache/2024/032f1242b5f6ba4de2c4558e3999ad79867223d931c37f807d7f1fdc0e1741df.json,6d90f511a70ac62da4e7508911a4f2bdf432e72461470dec351f6170252340e5,1,,,,,False,False
2024,905,LS52865475,Ashlyn Krueger,Shuai Zhang,329409,311779,R128,0-6 6-1 7-5,completed,absent,2024-08-26,2024-09-08,2024-08-27T15:00:00+00:00,True,,False,data/raw/wta/stats/_httpcache/2024/032f1242b5f6ba4de2c4558e3999ad79867223d931c37f807d7f1fdc0e1741df.json,6d90f511a70ac62da4e7508911a4f2bdf432e72461470dec351f6170252340e5,1,,,,,False,False
2024,905,LS52865477,Mirra Andreeva,Camila Osorio,331809,325898,R128,6-2 7-6(4),completed,absent,2024-08-26,2024-09-08,2024-08-27T17:45:00+00:00,True,,False,data/raw/wta/stats/_httpcache/2024/032f1242b5f6ba4de2c4558e3999ad79867223d931c37f807d7f1fdc0e1741df.json,6d90f511a70ac62da4e7508911a4f2bdf432e72461470dec351f6170252340e5,1,,,,,False,False
2024,905,LS52865479,Anastasia Pavlyuchenkova,Taylah Preston,313796,330291,R128,6-2 6-0,completed,absent,2024-08-26,2024-09-08,2024-08-27T15:00:00+00:00,True,,False,data/raw/wta/stats/_httpcache/2024/032f1242b5f6ba4de2c4558e3999ad79867223d931c37f807d7f1fdc0e1741df.json,6d90f511a70ac62da4e7508911a4f2bdf432e72461470dec351f6170252340e5,1,,,,,False,False
2024,905,LS52865481,Elisabetta Cocciaretto,Kateryna Baindl,327909,316739,R128,6-3 6-0,completed,absent,2024-08-26,2024-09-08,2024-08-27T17:20:00+00:00,True,,False,data/raw/wta/stats/_httpcache/2024/032f1242b5f6ba4de2c4558e3999ad79867223d931c37f807d7f1fdc0e1741df.json,6d90f511a70ac62da4e7508911a4f2bdf432e72461470dec351f6170252340e5,1,,,,,False,False
2024,905,LS52868319,Aryna Sabalenka,Priscilla Hon,320760,320543,R128,6-3 6-3,completed,absent,2024-08-26,2024-09-08,2024-08-27T02:45:00+00:00,True,,False,data/raw/wta/stats/_httpcache/2024/032f1242b5f6ba4de2c4558e3999ad79867223d931c37f807d7f1fdc0e1741df.json,6d90f511a70ac62da4e7508911a4f2bdf432e72461470dec351f6170252340e5,1,,,,,False,False
2024,905,LS52868321,Ajla Tomljanovic,Ann Li,315232,326096,R128,6-4 6-4,completed,absent,2024-08-26,2024-09-08,2024-08-26T21:30:00+00:00,True,,False,data/raw/wta/stats/_httpcache/2024/032f1242b5f6ba4de2c4558e3999ad79867223d931c37f807d7f1fdc0e1741df.json,6d90f511a70ac62da4e7508911a4f2bdf432e72461470dec351f6170252340e5,1,,,,,False,False
2024,905,LS52868323,Maya Joint,Laura Siegemund,330544,310926,R128,6-4 7-5,completed,absent,2024-08-26,2024-09-08,2024-08-26T18:35:00+00:00,True,,False,data/raw/wta/stats/_httpcache/2024/032f1242b5f6ba4de2c4558e3999ad79867223d931c37f807d7f1fdc0e1741df.json,6d90f511a70ac62da4e7508911a4f2bdf432e72461470dec351f6170252340e5,1,,,,,False,False
2024,905,LS52868325,Donna Vekic,Kimberly Birrell,318516,320728,R128,6-4 6-4,completed,absent,2024-08-26,2024-09-08,2024-08-26T15:00:00+00:00,True,,False,data/raw/wta/stats/_httpcache/2024/032f1242b5f6ba4de2c4558e3999ad79867223d931c37f807d7f1fdc0e1741df.json,6d90f511a70ac62da4e7508911a4f2bdf432e72461470dec351f6170252340e5,1,,,,,False,False
2024,905,LS52868327,Tatjana Maria,Solana Sierra,310440,329081,R128,6-2 6-3,completed,absent,2024-08-26,2024-09-08,2024-08-26T18:25:00+00:00,True,,False,data/raw/wta/stats/_httpcache/2024/032f1242b5f6ba4de2c4558e3999ad79867223d931c37f807d7f1fdc0e1741df.json,6d90f511a70ac62da4e7508911a4f2bdf432e72461470dec351f6170252340e5,1,,,,,False,False
2024,905,LS52868329,Victoria Azarenka,Yuliia Starodubtseva,312001,325338,R128,3-6 6-1 6-1,completed,absent,2024-08-26,2024-09-08,2024-08-26T22:55:00+00:00,True,,False,data/raw/wta/stats/_httpcache/2024/032f1242b5f6ba4de2c4558e3999ad79867223d931c37f807d7f1fdc0e1741df.json,6d90f511a70ac62da4e7508911a4f2bdf432e72461470dec351f6170252340e5,1,,,,,False,False
2024,905,LS52868331,Elena-Gabriela Ruse,Julia Grabher,320408,113079,R128,6-2 6-4,completed,absent,2024-08-26,2024-09-08,2024-08-26T23:45:00+00:00,True,,False,data/raw/wta/stats/_httpcache/2024/032f1242b5f6ba4de2c4558e3999ad79867223d931c37f807d7f1fdc0e1741df.json,6d90f511a70ac62da4e7508911a4f2bdf432e72461470dec351f6170252340e5,1,,,,,False,False
2024,905,LS52868333,Barbora Krejcikova,Marina Bassols Ribera,318314,183861,R128,7-6(3) 6-2,completed,absent,2024-08-26,2024-09-08,2024-08-26T22:20:00+00:00,True,,False,data/raw/wta/stats/_httpcache/2024/032f1242b5f6ba4de2c4558e3999ad79867223d931c37f807d7f1fdc0e1741df.json,6d90f511a70ac62da4e7508911a4f2bdf432e72461470dec351f6170252340e5,1,,,,,False,False
2024,905,LS52868335,Xinyu Wang,Arina Rodionova,326376,312413,R128,3-6 6-4 6-1,completed,absent,2024-08-26,2024-09-08,2024-08-27T19:25:00+00:00,True,,False,data/raw/wta/stats/_httpcache/2024/032f1242b5f6ba4de2c4558e3999ad79867223d931c37f807d7f1fdc0e1741df.json,6d90f511a70ac62da4e7508911a4f2bdf432e72461470dec351f6170252340e5,1,,,,,False,False
2024,905,LS52868337,Varvara Lepchenko,Brenda Fruhvirtova,120420,331545,R128,,incomplete-or-invalid-score,absent,2024-08-26,2024-09-08,2024-08-27T20:35:00+00:00,True,,False,data/raw/wta/stats/_httpcache/2024/032f1242b5f6ba4de2c4558e3999ad79867223d931c37f807d7f1fdc0e1741df.json,6d90f511a70ac62da4e7508911a4f2bdf432e72461470dec351f6170252340e5,1,,,,,False,False
2024,905,LS52868339,Caroline Wozniacki,Nao Hibino,313402,320238,R128,6-0 6-1,completed,absent,2024-08-26,2024-09-08,2024-08-27T17:50:00+00:00,True,,False,data/raw/wta/stats/_httpcache/2024/032f1242b5f6ba4de2c4558e3999ad79867223d931c37f807d7f1fdc0e1741df.json,6d90f511a70ac62da4e7508911a4f2bdf432e72461470dec351f6170252340e5,1,,,,,False,False
2024,905,LS52868341,Jessika Ponchet,Saisai Zheng,319421,316286,R128,6-4 6-1,completed,absent,2024-08-26,2024-09-08,2024-08-27T15:00:00+00:00,True,,False,data/raw/wta/stats/_httpcache/2024/032f1242b5f6ba4de2c4558e3999ad79867223d931c37f807d7f1fdc0e1741df.json,6d90f511a70ac62da4e7508911a4f2bdf432e72461470dec351f6170252340e5,1,,,,,False,False
2024,905,LS52868343,Elena Rybakina,Destanee Aiava,324166,324219,R128,6-1 7-6(1),completed,absent,2024-08-26,2024-09-08,2024-08-27T19:25:00+00:00,True,,False,data/raw/wta/stats/_httpcache/2024/032f1242b5f6ba4de2c4558e3999ad79867223d931c37f807d7f1fdc0e1741df.json,6d90f511a70ac62da4e7508911a4f2bdf432e72461470dec351f6170252340e5,1,,,,,False,False
2024,905,LS52868345,Katie Boulter,Aliaksandra Sasnovich,319125,317790,R128,5-7 6-2 6-1,completed,absent,2024-08-26,2024-09-08,2024-08-27T15:00:00+00:00,True,,False,data/raw/wta/stats/_httpcache/2024/032f1242b5f6ba4de2c4558e3999ad79867223d931c37f807d7f1fdc0e1741df.json,6d90f511a70ac62da4e7508911a4f2bdf432e72461470dec351f6170252340e5,1,,,,,False,False
2024,905,LS52868347,Marie Bouzkova,Eva Lys,320983,325826,R128,6-2 1-6 7-5,completed,absent,2024-08-26,2024-09-08,2024-08-27T22:30:00+00:00,True,,False,data/raw/wta/stats/_httpcache/2024/032f1242b5f6ba4de2c4558e3999ad79867223d931c37f807d7f1fdc0e1741df.json,6d90f511a70ac62da4e7508911a4f2bdf432e72461470dec351f6170252340e5,1,,,,,False,False
2024,905,LS52868349,Ena Shibahara,Daria Saville,322527,315997,R128,6-3 4-6 7-6(6),completed,absent,2024-08-26,2024-09-08,2024-08-27T15:00:00+00:00,True,,False,data/raw/wta/stats/_httpcache/2024/032f1242b5f6ba4de2c4558e3999ad79867223d931c37f807d7f1fdc0e1741df.json,6d90f511a70ac62da4e7508911a4f2bdf432e72461470dec351f6170252340e5,1,,,,,False,False
2024,905,LS52868351,Iga Swiatek,Kamilla Rakhimova,326408,325936,R128,6-4 7-6(6),completed,absent,2024-08-26,2024-09-08,2024-08-27T16:00:00+00:00,True,,False,data/raw/wta/stats/_httpcache/2024/032f1242b5f6ba4de2c4558e3999ad79867223d931c37f807d7f1fdc0e1741df.json,6d90f511a70ac62da4e7508911a4f2bdf432e72461470dec351f6170252340e5,1,,,,,False,False
2024,905,LS52868357,Elise Mertens,Veronika Kudermetova,317964,319526,R128,3-6 6-4 6-3,completed,absent,2024-08-26,2024-09-08,2024-08-26T19:45:00+00:00,True,,False,data/raw/wta/stats/_httpcache/2024/032f1242b5f6ba4de2c4558e3999ad79867223d931c37f807d7f1fdc0e1741df.json,6d90f511a70ac62da4e7508911a4f2bdf432e72461470dec351f6170252340e5,1,,,,,False,False
