year,event,match,winner,loser,winnerId,loserId,round,score,outcome,status,start,end,timestamp,estimatedStartTime,sourceLastUpdated,historicalPublicationTimeKnown,sourceFile,sourceSHA256,duplicateRecords,observedIndex,observedHasStats,observedDate,observedSource,cachedPositiveDenominators,cachedValidStats
2025,1003,LS001,Amanda Anisimova,Jelena Ostapenko,326384,319939,F,6-4 6-3,completed,present,2025-02-09,2025-02-15,2025-02-15T15:16:57.163+00:00,False,2025-02-15T17:13:40.833+00:00,False,data/raw/wta/stats/_httpcache/2025/15fefb379361cd49a8b4b13d1b9db3a137aac484797b7793a3cced563b65f9e3.json,659ef551b177088ebf20e1cd80636b871c4f8d884522a6ca02074acabc49075c,1,136898.0,True,2025-02-15,stats,False,False
2025,1003,LS002,Amanda Anisimova,Ekaterina Alexandrova,326384,319007,SF,6-3 6-3,completed,present,2025-02-09,2025-02-15,2025-02-14T15:24:42.687+00:00,False,2025-02-14T17:11:43.037+00:00,False,data/raw/wta/stats/_httpcache/2025/15fefb379361cd49a8b4b13d1b9db3a137aac484797b7793a3cced563b65f9e3.json,659ef551b177088ebf20e1cd80636b871c4f8d884522a6ca02074acabc49075c,1,136881.0,True,2025-02-14,stats,False,False
2025,1003,LS003,Jelena Ostapenko,Iga Swiatek,319939,326408,SF,6-3 6-1,completed,present,2025-02-09,2025-02-15,2025-02-14T13:57:07.49+00:00,False,2025-02-14T15:22:57.217+00:00,False,data/raw/wta/stats/_httpcache/2025/15fefb379361cd49a8b4b13d1b9db3a137aac484797b7793a3cced563b65f9e3.json,659ef551b177088ebf20e1cd80636b871c4f8d884522a6ca02074acabc49075c,1,136880.0,True,2025-02-14,stats,False,False
2025,1003,LS004,Ekaterina Alexandrova,Jessica Pegula,319007,316956,QF,4-6 6-1 6-1,completed,present,2025-02-09,2025-02-15,2025-02-13T12:18:51.137+00:00,False,2025-02-13T14:20:53.287+00:00,False,data/raw/wta/stats/_httpcache/2025/15fefb379361cd49a8b4b13d1b9db3a137aac484797b7793a3cced563b65f9e3.json,659ef551b177088ebf20e1cd80636b871c4f8d884522a6ca02074acabc49075c,1,136872.0,True,2025-02-13,stats,False,False
2025,1003,LS005,Amanda Anisimova,Marta Kostyuk,326384,326482,QF,4-6 7-5 6-4,completed,present,2025-02-09,2025-02-15,2025-02-13T17:57:35.687+00:00,False,2025-02-13T20:33:29.843+00:00,False,data/raw/wta/stats/_httpcache/2025/15fefb379361cd49a8b4b13d1b9db3a137aac484797b7793a3cced563b65f9e3.json,659ef551b177088ebf20e1cd80636b871c4f8d884522a6ca02074acabc49075c,1,136875.0,True,2025-02-13,stats,False,False
2025,1003,LS006,Jelena Ostapenko,Ons Jabeur,319939,316847,QF,6-2 6-2,completed,present,2025-02-09,2025-02-15,2025-02-13T16:19:13.777+00:00,False,2025-02-13T17:45:38.383+00:00,False,data/raw/wta/stats/_httpcache/2025/15fefb379361cd49a8b4b13d1b9db3a137aac484797b7793a3cced563b65f9e3.json,659ef551b177088ebf20e1cd80636b871c4f8d884522a6ca02074acabc49075c,1,136874.0,True,2025-02-13,stats,False,False
2025,1003,LS007,Iga Swiatek,Elena Rybakina,326408,324166,QF,6-2 7-5,completed,present,2025-02-09,2025-02-15,2025-02-13T14:22:51.45+00:00,False,2025-02-13T16:15:59.897+00:00,False,data/raw/wta/stats/_httpcache/2025/15fefb379361cd49a8b4b13d1b9db3a137aac484797b7793a3cced563b65f9e3.json,659ef551b177088ebf20e1cd80636b871c4f8d884522a6ca02074acabc49075c,1,136873.0,True,2025-02-13,stats,False,False
2025,1003,LS008,Ekaterina Alexandrova,Elise Mertens,319007,317964,R16,6-4 6-2,completed,present,2025-02-09,2025-02-15,2025-02-12T14:33:12.063+00:00,False,2025-02-12T15:54:39.98+00:00,False,data/raw/wta/stats/_httpcache/2025/15fefb379361cd49a8b4b13d1b9db3a137aac484797b7793a3cced563b65f9e3.json,659ef551b177088ebf20e1cd80636b871c4f8d884522a6ca02074acabc49075c,1,136860.0,True,2025-02-12,stats,False,False
2025,1003,LS009,Jessica Pegula,Daria Kasatkina,316956,322082,R16,6-3 7-5,completed,present,2025-02-09,2025-02-15,2025-02-12T12:38:49.063+00:00,False,2025-02-12T14:28:27.51+00:00,False,data/raw/wta/stats/_httpcache/2025/15fefb379361cd49a8b4b13d1b9db3a137aac484797b7793a3cced563b65f9e3.json,659ef551b177088ebf20e1cd80636b871c4f8d884522a6ca02074acabc49075c,1,136857.0,True,2025-02-12,stats,False,False
2025,1003,LS010,Marta Kostyuk,Magda Linette,326482,315130,R16,6-4 6-2,completed,present,2025-02-09,2025-02-15,2025-02-12T13:47:34.74+00:00,False,2025-02-12T15:45:01.803+00:00,False,data/raw/wta/stats/_httpcache/2025/15fefb379361cd49a8b4b13d1b9db3a137aac484797b7793a3cced563b65f9e3.json,659ef551b177088ebf20e1cd80636b871c4f8d884522a6ca02074acabc49075c,1,136859.0,True,2025-02-12,stats,False,False
2025,1003,LS011,Amanda Anisimova,Leylah Fernandez,326384,326735,R16,6-3 6-0,completed,present,2025-02-09,2025-02-15,2025-02-12T18:02:41.757+00:00,False,2025-02-12T19:23:15.607+00:00,False,data/raw/wta/stats/_httpcache/2025/15fefb379361cd49a8b4b13d1b9db3a137aac484797b7793a3cced563b65f9e3.json,659ef551b177088ebf20e1cd80636b871c4f8d884522a6ca02074acabc49075c,1,136862.0,True,2025-02-12,stats,False,False
2025,1003,LS012,Ons Jabeur,Sofia Kenin,316847,320942,R16,6-3 6-4,completed,present,2025-02-09,2025-02-15,2025-02-12T16:38:27.073+00:00,False,2025-02-12T18:00:25.653+00:00,False,data/raw/wta/stats/_httpcache/2025/15fefb379361cd49a8b4b13d1b9db3a137aac484797b7793a3cced563b65f9e3.json,659ef551b177088ebf20e1cd80636b871c4f8d884522a6ca02074acabc49075c,1,136861.0,True,2025-02-12,stats,False,False
2025,1003,LS013,Jelena Ostapenko,Jasmine Paolini,319939,319280,R16,6-2 6-2,completed,present,2025-02-09,2025-02-15,2025-02-12T12:21:47.23+00:00,False,2025-02-12T13:42:29.453+00:00,False,data/raw/wta/stats/_httpcache/2025/15fefb379361cd49a8b4b13d1b9db3a137aac484797b7793a3cced563b65f9e3.json,659ef551b177088ebf20e1cd80636b871c4f8d884522a6ca02074acabc49075c,1,136856.0,True,2025-02-12,stats,False,False
2025,1003,LS014,Elena Rybakina,Rebecca Sramkova,324166,320228,R16,7-6(1) 6-2,completed,present,2025-02-09,2025-02-15,2025-02-12T10:41:55.15+00:00,False,2025-02-12T12:34:11.577+00:00,False,data/raw/wta/stats/_httpcache/2025/15fefb379361cd49a8b4b13d1b9db3a137aac484797b7793a3cced563b65f9e3.json,659ef551b177088ebf20e1cd80636b871c4f8d884522a6ca02074acabc49075c,1,136855.0,True,2025-02-12,stats,False,False
2025,1003,LS015,Iga Swiatek,Linda Noskova,326408,329668,R16,6-7(1) 6-4 6-4,completed,present,2025-02-09,2025-02-15,2025-02-12T13:47:30.71+00:00,False,2025-02-12T16:35:14.31+00:00,False,data/raw/wta/stats/_httpcache/2025/15fefb379361cd49a8b4b13d1b9db3a137aac484797b7793a3cced563b65f9e3.json,659ef551b177088ebf20e1cd80636b871c4f8d884522a6ca02074acabc49075c,1,136858.0,True,2025-02-12,stats,False,False
2025,1003,LS016,Ekaterina Alexandrova,Aryna Sabalenka,319007,320760,R32,3-6 6-3 7-6(5),completed,present,2025-02-09,2025-02-15,2025-02-11T15:44:39.037+00:00,False,2025-02-11T18:35:14.13+00:00,False,data/raw/wta/stats/_httpcache/2025/15fefb379361cd49a8b4b13d1b9db3a137aac484797b7793a3cced563b65f9e3.json,659ef551b177088ebf20e1cd80636b871c4f8d884522a6ca02074acabc49075c,1,136843.0,True,2025-02-11,stats,False,False
2025,1003,LS017,Elise Mertens,Cristina Bucsa,317964,321158,R32,6-2 6-3,completed,present,2025-02-09,2025-02-15,2025-02-11T10:47:28.21+00:00,False,2025-02-11T12:42:23.363+00:00,False,data/raw/wta/stats/_httpcache/2025/15fefb379361cd49a8b4b13d1b9db3a137aac484797b7793a3cced563b65f9e3.json,659ef551b177088ebf20e1cd80636b871c4f8d884522a6ca02074acabc49075c,1,136835.0,True,2025-02-11,stats,False,False
2025,1003,LS018,Daria Kasatkina,Elina Avanesyan,322082,327620,R32,6-2 6-3,completed,present,2025-02-09,2025-02-15,2025-02-11T16:04:42.373+00:00,False,2025-02-11T17:46:32.36+00:00,False,data/raw/wta/stats/_httpcache/2025/15fefb379361cd49a8b4b13d1b9db3a137aac484797b7793a3cced563b65f9e3.json,659ef551b177088ebf20e1cd80636b871c4f8d884522a6ca02074acabc49075c,1,136845.0,True,2025-02-11,stats,False,False
2025,1003,LS019,Jessica Pegula,Elina Svitolina,316956,316738,R32,6-3 7-6(3),completed,present,2025-02-09,2025-02-15,2025-02-11T13:51:48.63+00:00,False,2025-02-11T16:01:55.307+00:00,False,data/raw/wta/stats/_httpcache/2025/15fefb379361cd49a8b4b13d1b9db3a137aac484797b7793a3cced563b65f9e3.json,659ef551b177088ebf20e1cd80636b871c4f8d884522a6ca02074acabc49075c,1,136841.0,True,2025-02-11,stats,False,False
2025,1003,LS020,Marta Kostyuk,Coco Gauff,326482,328560,R32,6-2 7-5,completed,present,2025-02-09,2025-02-15,2025-02-11T12:17:44.1+00:00,False,2025-02-11T13:51:21.227+00:00,False,data/raw/wta/stats/_httpcache/2025/15fefb379361cd49a8b4b13d1b9db3a137aac484797b7793a3cced563b65f9e3.json,659ef551b177088ebf20e1cd80636b871c4f8d884522a6ca02074acabc49075c,1,136838.0,True,2025-02-11,stats,False,False
2025,1003,LS021,Magda Linette,Magdalena Frech,315130,320277,R32,7-5 5-7 6-4,completed,present,2025-02-09,2025-02-15,2025-02-11T15:59:50.133+00:00,False,2025-02-11T19:05:39.413+00:00,False,data/raw/wta/stats/_httpcache/2025/15fefb379361cd49a8b4b13d1b9db3a137aac484797b7793a3cced563b65f9e3.json,659ef551b177088ebf20e1cd80636b871c4f8d884522a6ca02074acabc49075c,1,136844.0,True,2025-02-11,stats,False,False
2025,1003,LS022,Amanda Anisimova,Paula Badosa,326384,320124,R32,6-4 6-3,completed,present,2025-02-09,2025-02-15,2025-02-11T18:40:00.727+00:00,False,2025-02-11T20:23:08.633+00:00,False,data/raw/wta/stats/_httpcache/2025/15fefb379361cd49a8b4b13d1b9db3a137aac484797b7793a3cced563b65f9e3.json,659ef551b177088ebf20e1cd80636b871c4f8d884522a6ca02074acabc49075c,1,136846.0,True,2025-02-11,stats,False,False
2025,1003,LS023,Leylah Fernandez,Emma Navarro,326735,325410,R32,6-2 6-2,completed,present,2025-02-09,2025-02-15,2025-02-10T13:34:25.65+00:00,False,2025-02-10T14:56:01.413+00:00,False,data/raw/wta/stats/_httpcache/2025/15fefb379361cd49a8b4b13d1b9db3a137aac484797b7793a3cced563b65f9e3.json,659ef551b177088ebf20e1cd80636b871c4f8d884522a6ca02074acabc49075c,1,136826.0,True,2025-02-10,stats,False,False
2025,1003,LS024,Ons Jabeur,Qinwen Zheng,316847,328120,R32,6-4 6-2,completed,present,2025-02-09,2025-02-15,2025-02-11T13:55:35.34+00:00,False,2025-02-11T15:40:24.273+00:00,False,data/raw/wta/stats/_httpcache/2025/15fefb379361cd49a8b4b13d1b9db3a137aac484797b7793a3cced563b65f9e3.json,659ef551b177088ebf20e1cd80636b871c4f8d884522a6ca02074acabc49075c,1,136842.0,True,2025-02-11,stats,False,False
2025,1003,LS025,Sofia Kenin,Alycia Parks,320942,326007,R32,7-6(3) 3-6 6-2,completed,present,2025-02-09,2025-02-15,2025-02-11T10:46:45.32+00:00,False,2025-02-11T13:22:49.24+00:00,False,data/raw/wta/stats/_httpcache/2025/15fefb379361cd49a8b4b13d1b9db3a137aac484797b7793a3cced563b65f9e3.json,659ef551b177088ebf20e1cd80636b871c4f8d884522a6ca02074acabc49075c,1,136834.0,True,2025-02-11,stats,False,False
2025,1003,LS026,Jelena Ostapenko,Liudmila Samsonova,319939,322222,R32,7-6(5) 7-5,completed,present,2025-02-09,2025-02-15,2025-02-11T12:13:31.027+00:00,False,2025-02-11T14:22:21.61+00:00,False,data/raw/wta/stats/_httpcache/2025/15fefb379361cd49a8b4b13d1b9db3a137aac484797b7793a3cced563b65f9e3.json,659ef551b177088ebf20e1cd80636b871c4f8d884522a6ca02074acabc49075c,1,136837.0,True,2025-02-11,stats,False,False
2025,1003,LS027,Jasmine Paolini,Caroline Garcia,319280,315391,R32,6-3 6-4,completed,present,2025-02-09,2025-02-15,2025-02-11T10:43:36.757+00:00,False,2025-02-11T12:20:48.273+00:00,False,data/raw/wta/stats/_httpcache/2025/15fefb379361cd49a8b4b13d1b9db3a137aac484797b7793a3cced563b65f9e3.json,659ef551b177088ebf20e1cd80636b871c4f8d884522a6ca02074acabc49075c,1,136833.0,True,2025-02-11,stats,False,False
2025,1003,LS028,Elena Rybakina,Peyton Stearns,324166,327573,R32,6-2 6-4,completed,present,2025-02-09,2025-02-15,2025-02-11T12:22:50.71+00:00,False,2025-02-11T13:49:45.313+00:00,False,data/raw/wta/stats/_httpcache/2025/15fefb379361cd49a8b4b13d1b9db3a137aac484797b7793a3cced563b65f9e3.json,659ef551b177088ebf20e1cd80636b871c4f8d884522a6ca02074acabc49075c,1,136839.0,True,2025-02-11,stats,False,False
2025,1003,LS029,Rebecca Sramkova,Mirra Andreeva,320228,331809,R32,3-6 6-3 7-5,completed,present,2025-02-09,2025-02-15,2025-02-11T13:26:01.047+00:00,False,2025-02-11T15:56:28.547+00:00,False,data/raw/wta/stats/_httpcache/2025/15fefb379361cd49a8b4b13d1b9db3a137aac484797b7793a3cced563b65f9e3.json,659ef551b177088ebf20e1cd80636b871c4f8d884522a6ca02074acabc49075c,1,136840.0,True,2025-02-11,stats,False,False
2025,1003,LS030,Linda Noskova,Yulia Putintseva,329668,317683,R32,6-2 6-3,completed,present,2025-02-09,2025-02-15,2025-02-11T10:51:27.243+00:00,False,2025-02-11T12:11:04.41+00:00,False,data/raw/wta/stats/_httpcache/2025/15fefb379361cd49a8b4b13d1b9db3a137aac484797b7793a3cced563b65f9e3.json,659ef551b177088ebf20e1cd80636b871c4f8d884522a6ca02074acabc49075c,1,136836.0,True,2025-02-11,stats,False,False
2025,1003,LS031,Iga Swiatek,Maria Sakkari,326408,318312,R32,6-3 6-2,completed,present,2025-02-09,2025-02-15,2025-02-10T13:22:32.87+00:00,False,2025-02-10T15:03:19.713+00:00,False,data/raw/wta/stats/_httpcache/2025/15fefb379361cd49a8b4b13d1b9db3a137aac484797b7793a3cced563b65f9e3.json,659ef551b177088ebf20e1cd80636b871c4f8d884522a6ca02074acabc49075c,1,136825.0,True,2025-02-10,stats,False,False
2025,1003,LS033,Ekaterina Alexandrova,Emma Raducanu,319007,328366,R64,6-3 7-5,completed,present,2025-02-09,2025-02-15,2025-02-09T17:36:19.217+00:00,False,2025-02-09T19:34:52.543+00:00,False,data/raw/wta/stats/_httpcache/2025/15fefb379361cd49a8b4b13d1b9db3a137aac484797b7793a3cced563b65f9e3.json,659ef551b177088ebf20e1cd80636b871c4f8d884522a6ca02074acabc49075c,1,136805.0,True,2025-02-09,stats,False,False
2025,1003,LS035,Cristina Bucsa,Anna Kalinskaya,321158,323942,R64,6-7(3) 7-5 6-4,completed,present,2025-02-09,2025-02-15,2025-02-09T10:48:53.983+00:00,False,2025-02-09T13:58:55.193+00:00,False,data/raw/wta/stats/_httpcache/2025/15fefb379361cd49a8b4b13d1b9db3a137aac484797b7793a3cced563b65f9e3.json,659ef551b177088ebf20e1cd80636b871c4f8d884522a6ca02074acabc49075c,1,136796.0,True,2025-02-09,stats,False,False
2025,1003,LS036,Daria Kasatkina,Polina Kudermetova,322082,328897,R64,6-0 6-0,completed,present,2025-02-09,2025-02-15,2025-02-10T12:19:07.39+00:00,False,2025-02-10T13:20:13.873+00:00,False,data/raw/wta/stats/_httpcache/2025/15fefb379361cd49a8b4b13d1b9db3a137aac484797b7793a3cced563b65f9e3.json,659ef551b177088ebf20e1cd80636b871c4f8d884522a6ca02074acabc49075c,1,136818.0,True,2025-02-10,stats,False,False
2025,1003,LS037,Elina Avanesyan,Xinyu Wang,327620,326376,R64,7-6(3) 1-6 7-6(5),completed,present,2025-02-09,2025-02-15,2025-02-09T15:47:55.353+00:00,False,2025-02-09T18:50:02.1+00:00,False,data/raw/wta/stats/_httpcache/2025/15fefb379361cd49a8b4b13d1b9db3a137aac484797b7793a3cced563b65f9e3.json,659ef551b177088ebf20e1cd80636b871c4f8d884522a6ca02074acabc49075c,1,136803.0,True,2025-02-09,stats,False,False
2025,1003,LS038,Elina Svitolina,Marketa Vondrousova,316738,323027,R64,0-6 6-2 7-5,completed,present,2025-02-09,2025-02-15,2025-02-10T15:00:08.213+00:00,False,2025-02-10T17:05:00.967+00:00,False,data/raw/wta/stats/_httpcache/2025/15fefb379361cd49a8b4b13d1b9db3a137aac484797b7793a3cced563b65f9e3.json,659ef551b177088ebf20e1cd80636b871c4f8d884522a6ca02074acabc49075c,1,136822.0,True,2025-02-10,stats,False,False
2025,1003,LS041,Marta Kostyuk,Zeynep Sonmez,326482,326907,R64,6-3 6-3,completed,present,2025-02-09,2025-02-15,2025-02-09T13:48:57.283+00:00,False,2025-02-09T15:46:06.113+00:00,False,data/raw/wta/stats/_httpcache/2025/15fefb379361cd49a8b4b13d1b9db3a137aac484797b7793a3cced563b65f9e3.json,659ef551b177088ebf20e1cd80636b871c4f8d884522a6ca02074acabc49075c,1,136800.0,True,2025-02-09,stats,False,False
2025,1003,LS042,Magda Linette,Veronika Kudermetova,315130,319526,R64,3-6 6-0 6-4,completed,present,2025-02-09,2025-02-15,2025-02-10T12:21:42.387+00:00,False,2025-02-10T14:50:56.577+00:00,False,data/raw/wta/stats/_httpcache/2025/15fefb379361cd49a8b4b13d1b9db3a137aac484797b7793a3cced563b65f9e3.json,659ef551b177088ebf20e1cd80636b871c4f8d884522a6ca02074acabc49075c,1,136819.0,True,2025-02-10,stats,False,False
2025,1003,LS043,Magdalena Frech,Beatriz Haddad Maia,320277,318176,R64,6-4 3-6 6-2,completed,present,2025-02-09,2025-02-15,2025-02-09T16:27:30.3+00:00,False,2025-02-09T19:19:07.463+00:00,False,data/raw/wta/stats/_httpcache/2025/15fefb379361cd49a8b4b13d1b9db3a137aac484797b7793a3cced563b65f9e3.json,659ef551b177088ebf20e1cd80636b871c4f8d884522a6ca02074acabc49075c,1,136804.0,True,2025-02-09,stats,False,False
2025,1003,LS044,Paula Badosa,Renata Zarazua,320124,320716,R64,6-3 4-6 6-2,completed,present,2025-02-09,2025-02-15,2025-02-10T16:21:59.95+00:00,False,2025-02-10T18:26:52.887+00:00,False,data/raw/wta/stats/_httpcache/2025/15fefb379361cd49a8b4b13d1b9db3a137aac484797b7793a3cced563b65f9e3.json,659ef551b177088ebf20e1cd80636b871c4f8d884522a6ca02074acabc49075c,1,136824.0,True,2025-02-10,stats,False,False
2025,1003,LS045,Amanda Anisimova,Victoria Azarenka,326384,312001,R64,6-3 7-5,completed,present,2025-02-09,2025-02-15,2025-02-09T19:39:32.3+00:00,False,2025-02-09T21:27:57.517+00:00,False,data/raw/wta/stats/_httpcache/2025/15fefb379361cd49a8b4b13d1b9db3a137aac484797b7793a3cced563b65f9e3.json,659ef551b177088ebf20e1cd80636b871c4f8d884522a6ca02074acabc49075c,1,136806.0,True,2025-02-09,stats,False,False
2025,1003,LS046,Leylah Fernandez,Greet Minnen,326735,321454,R64,6-1 6-2,completed,present,2025-02-09,2025-02-15,2025-02-09T13:08:46.687+00:00,False,2025-02-09T14:39:44.323+00:00,False,data/raw/wta/stats/_httpcache/2025/15fefb379361cd49a8b4b13d1b9db3a137aac484797b7793a3cced563b65f9e3.json,659ef551b177088ebf20e1cd80636b871c4f8d884522a6ca02074acabc49075c,1,136799.0,True,2025-02-09,stats,False,False
2025,1003,LS049,Ons Jabeur,McCartney Kessler,316847,326678,R64,6-2 6-0,completed,present,2025-02-09,2025-02-15,2025-02-10T15:07:42.727+00:00,False,2025-02-10T16:18:37.71+00:00,False,data/raw/wta/stats/_httpcache/2025/15fefb379361cd49a8b4b13d1b9db3a137aac484797b7793a3cced563b65f9e3.json,659ef551b177088ebf20e1cd80636b871c4f8d884522a6ca02074acabc49075c,1,136823.0,True,2025-02-10,stats,False,False
2025,1003,LS050,Sofia Kenin,Ashlyn Krueger,320942,329409,R64,6-4 6-4,completed,present,2025-02-09,2025-02-15,2025-02-10T10:44:19.453+00:00,False,2025-02-10T12:19:59.94+00:00,False,data/raw/wta/stats/_httpcache/2025/15fefb379361cd49a8b4b13d1b9db3a137aac484797b7793a3cced563b65f9e3.json,659ef551b177088ebf20e1cd80636b871c4f8d884522a6ca02074acabc49075c,1,136814.0,True,2025-02-10,stats,False,False
2025,1003,LS051,Alycia Parks,Diana Shnaider,326007,330482,R64,6-4 7-6(2),completed,present,2025-02-09,2025-02-15,2025-02-09T10:53:10.683+00:00,False,2025-02-09T12:41:27.91+00:00,False,data/raw/wta/stats/_httpcache/2025/15fefb379361cd49a8b4b13d1b9db3a137aac484797b7793a3cced563b65f9e3.json,659ef551b177088ebf20e1cd80636b871c4f8d884522a6ca02074acabc49075c,1,136798.0,True,2025-02-09,stats,False,False
2025,1003,LS052,Liudmila Samsonova,Lulu Sun,322222,324576,R64,6-3 6-3,completed,present,2025-02-09,2025-02-15,2025-02-09T14:42:28.403+00:00,False,2025-02-09T16:23:38.507+00:00,False,data/raw/wta/stats/_httpcache/2025/15fefb379361cd49a8b4b13d1b9db3a137aac484797b7793a3cced563b65f9e3.json,659ef551b177088ebf20e1cd80636b871c4f8d884522a6ca02074acabc49075c,1,136801.0,True,2025-02-09,stats,False,False
2025,1003,LS053,Jelena Ostapenko,Aoi Ito,319939,329009,R64,6-2 6-1,completed,present,2025-02-09,2025-02-15,2025-02-10T12:24:50.04+00:00,False,2025-02-10T13:31:51.567+00:00,False,data/raw/wta/stats/_httpcache/2025/15fefb379361cd49a8b4b13d1b9db3a137aac484797b7793a3cced563b65f9e3.json,659ef551b177088ebf20e1cd80636b871c4f8d884522a6ca02074acabc49075c,1,136820.0,True,2025-02-10,stats,False,False
2025,1003,LS054,Caroline Garcia,Yue Yuan,315391,324325,R64,6-1 7-6(5),completed,present,2025-02-09,2025-02-15,2025-02-09T10:49:36.12+00:00,False,2025-02-09T13:04:05.39+00:00,False,data/raw/wta/stats/_httpcache/2025/15fefb379361cd49a8b4b13d1b9db3a137aac484797b7793a3cced563b65f9e3.json,659ef551b177088ebf20e1cd80636b871c4f8d884522a6ca02074acabc49075c,1,136797.0,True,2025-02-09,stats,False,False
2025,1003,LS057,Peyton Stearns,Dayana Yastremska,327573,324261,R64,7-5 6-3,completed,present,2025-02-09,2025-02-15,2025-02-10T14:55:19.347+00:00,False,2025-02-10T16:38:51.267+00:00,False,data/raw/wta/stats/_httpcache/2025/15fefb379361cd49a8b4b13d1b9db3a137aac484797b7793a3cced563b65f9e3.json,659ef551b177088ebf20e1cd80636b871c4f8d884522a6ca02074acabc49075c,1,136821.0,True,2025-02-10,stats,False,False
2025,1003,LS058,Rebecca Sramkova,Anhelina Kalinina,320228,320567,R64,6-2 6-3,completed,present,2025-02-09,2025-02-15,2025-02-10T10:45:02.207+00:00,False,2025-02-10T12:14:14.203+00:00,False,data/raw/wta/stats/_httpcache/2025/15fefb379361cd49a8b4b13d1b9db3a137aac484797b7793a3cced563b65f9e3.json,659ef551b177088ebf20e1cd80636b871c4f8d884522a6ca02074acabc49075c,1,136816.0,True,2025-02-10,stats,False,False
2025,1003,LS059,Mirra Andreeva,Katie Volynets,331809,327391,R64,4-6 7-6(4) 6-4,completed,present,2025-02-09,2025-02-15,2025-02-09T14:45:35.81+00:00,False,2025-02-09T17:33:13.52+00:00,False,data/raw/wta/stats/_httpcache/2025/15fefb379361cd49a8b4b13d1b9db3a137aac484797b7793a3cced563b65f9e3.json,659ef551b177088ebf20e1cd80636b871c4f8d884522a6ca02074acabc49075c,1,136802.0,True,2025-02-09,stats,False,False
2025,1003,LS060,Linda Noskova,Donna Vekic,329668,318516,R64,6-2 6-4,completed,present,2025-02-09,2025-02-15,2025-02-10T10:44:53.5+00:00,False,2025-02-10T12:21:50.347+00:00,False,data/raw/wta/stats/_httpcache/2025/15fefb379361cd49a8b4b13d1b9db3a137aac484797b7793a3cced563b65f9e3.json,659ef551b177088ebf20e1cd80636b871c4f8d884522a6ca02074acabc49075c,1,136815.0,True,2025-02-10,stats,False,False
2025,1003,LS061,Yulia Putintseva,Moyuka Uchijima,317683,327241,R64,6-2 6-7(5) 6-3,completed,present,2025-02-09,2025-02-15,2025-02-10T10:46:31.27+00:00,False,2025-02-10T13:38:23.923+00:00,False,data/raw/wta/stats/_httpcache/2025/15fefb379361cd49a8b4b13d1b9db3a137aac484797b7793a3cced563b65f9e3.json,659ef551b177088ebf20e1cd80636b871c4f8d884522a6ca02074acabc49075c,1,136817.0,True,2025-02-10,stats,False,False
2025,1005,LS001,Maya Joint,Jaqueline Cristian,330544,320319,F,6-3 6-2,completed,present,2025-05-19,2025-05-24,2025-05-24T11:49:48.513+00:00,False,2025-05-24T13:30:32.55+00:00,False,data/raw/wta/stats/_httpcache/2025/f459b44b1ff4187db7dc21ea99b9a8d5db94765487aefe3a5917ba2f03fc77a6.json,d9877c9d17caf46f464c0452acae59ac9015f45330ed321b4ee161f06d705421,0,138188.0,True,2025-05-24,stats,False,False
2025,1005,LS003,Jaqueline Cristian,Camila Osorio,320319,325898,SF,6-7(6) 6-4 6-4,completed,present,2025-05-19,2025-05-24,2025-05-23T13:03:08.467+00:00,False,2025-05-23T16:28:38.03+00:00,False,data/raw/wta/stats/_httpcache/2025/f459b44b1ff4187db7dc21ea99b9a8d5db94765487aefe3a5917ba2f03fc77a6.json,d9877c9d17caf46f464c0452acae59ac9015f45330ed321b4ee161f06d705421,0,138184.0,True,2025-05-23,stats,False,False
2025,1005,LS004,Ajla Tomljanovic,Jessica Bouzas Maneiro,315232,328139,QF,6-1 6-3,completed,present,2025-05-19,2025-05-24,2025-05-22T09:59:40.1+00:00,False,2025-05-22T11:13:38.44+00:00,False,data/raw/wta/stats/_httpcache/2025/f459b44b1ff4187db7dc21ea99b9a8d5db94765487aefe3a5917ba2f03fc77a6.json,d9877c9d17caf46f464c0452acae59ac9015f45330ed321b4ee161f06d705421,0,138176.0,True,2025-05-22,stats,False,False
2025,1005,LS005,Maya Joint,Ann Li,330544,326096,QF,6-2 6-1,completed,present,2025-05-19,2025-05-24,2025-05-22T11:15:35.167+00:00,False,2025-05-22T12:34:26.34+00:00,False,data/raw/wta/stats/_httpcache/2025/f459b44b1ff4187db7dc21ea99b9a8d5db94765487aefe3a5917ba2f03fc77a6.json,d9877c9d17caf46f464c0452acae59ac9015f45330ed321b4ee161f06d705421,0,138177.0,True,2025-05-22,stats,False,False
2025,1005,LS006,Jaqueline Cristian,Anastasija Sevastova,320319,313987,QF,6-3 6-4,completed,present,2025-05-19,2025-05-24,2025-05-22T14:23:59.177+00:00,False,2025-05-22T16:09:01.19+00:00,False,data/raw/wta/stats/_httpcache/2025/f459b44b1ff4187db7dc21ea99b9a8d5db94765487aefe3a5917ba2f03fc77a6.json,d9877c9d17caf46f464c0452acae59ac9015f45330ed321b4ee161f06d705421,0,138179.0,True,2025-05-22,stats,False,False
2025,1005,LS007,Camila Osorio,Maria Mateas,325898,324360,QF,6-3 6-1,completed,present,2025-05-19,2025-05-24,2025-05-22T12:36:35.317+00:00,False,2025-05-22T14:21:33.147+00:00,False,data/raw/wta/stats/_httpcache/2025/f459b44b1ff4187db7dc21ea99b9a8d5db94765487aefe3a5917ba2f03fc77a6.json,d9877c9d17caf46f464c0452acae59ac9015f45330ed321b4ee161f06d705421,0,138178.0,True,2025-05-22,stats,False,False
2025,1005,LS008,Jessica Bouzas Maneiro,Sada Nahimana,328139,325614,R16,6-4 4-6 6-1,completed,present,2025-05-19,2025-05-24,2025-05-21T09:56:54.66+00:00,False,2025-05-21T12:16:05.513+00:00,False,data/raw/wta/stats/_httpcache/2025/f459b44b1ff4187db7dc21ea99b9a8d5db94765487aefe3a5917ba2f03fc77a6.json,d9877c9d17caf46f464c0452acae59ac9015f45330ed321b4ee161f06d705421,0,138166.0,True,2025-05-21,stats,False,False
2025,1005,LS009,Ajla Tomljanovic,Tatiana Pieri,315232,322735,R16,4-6 6-2 6-4,completed,present,2025-05-19,2025-05-24,2025-05-21T12:48:42.74+00:00,False,2025-05-21T15:32:54.09+00:00,False,data/raw/wta/stats/_httpcache/2025/f459b44b1ff4187db7dc21ea99b9a8d5db94765487aefe3a5917ba2f03fc77a6.json,d9877c9d17caf46f464c0452acae59ac9015f45330ed321b4ee161f06d705421,0,138169.0,True,2025-05-21,stats,False,False
2025,1005,LS010,Ann Li,Hailey Baptiste,326096,327101,R16,6-4 6-7(5) 7-5,completed,present,2025-05-19,2025-05-24,2025-05-21T09:52:22.107+00:00,False,2025-05-21T12:46:17.14+00:00,False,data/raw/wta/stats/_httpcache/2025/f459b44b1ff4187db7dc21ea99b9a8d5db94765487aefe3a5917ba2f03fc77a6.json,d9877c9d17caf46f464c0452acae59ac9015f45330ed321b4ee161f06d705421,0,138164.0,True,2025-05-21,stats,False,False
2025,1005,LS011,Maya Joint,Katie Volynets,330544,327391,R16,6-0 6-3,completed,present,2025-05-19,2025-05-24,2025-05-21T09:54:23.893+00:00,False,2025-05-21T11:15:25.727+00:00,False,data/raw/wta/stats/_httpcache/2025/f459b44b1ff4187db7dc21ea99b9a8d5db94765487aefe3a5917ba2f03fc77a6.json,d9877c9d17caf46f464c0452acae59ac9015f45330ed321b4ee161f06d705421,0,138165.0,True,2025-05-21,stats,False,False
2025,1005,LS012,Jaqueline Cristian,Aliona Bolsova,320319,320735,R16,7-6(1) 7-6(1),completed,present,2025-05-19,2025-05-24,2025-05-21T12:18:21.183+00:00,False,2025-05-21T14:50:45.44+00:00,False,data/raw/wta/stats/_httpcache/2025/f459b44b1ff4187db7dc21ea99b9a8d5db94765487aefe3a5917ba2f03fc77a6.json,d9877c9d17caf46f464c0452acae59ac9015f45330ed321b4ee161f06d705421,0,138168.0,True,2025-05-21,stats,False,False
2025,1005,LS013,Anastasija Sevastova,Zeynep Sonmez,313987,326907,R16,6-3 6-4,completed,present,2025-05-19,2025-05-24,2025-05-21T17:49:42.433+00:00,False,2025-05-21T19:18:43.587+00:00,False,data/raw/wta/stats/_httpcache/2025/f459b44b1ff4187db7dc21ea99b9a8d5db94765487aefe3a5917ba2f03fc77a6.json,d9877c9d17caf46f464c0452acae59ac9015f45330ed321b4ee161f06d705421,0,138171.0,True,2025-05-21,stats,False,False
2025,1005,LS014,Maria Mateas,Arantxa Rus,324360,313349,R16,6-4 6-2,completed,present,2025-05-19,2025-05-24,2025-05-21T11:17:41.407+00:00,False,2025-05-21T13:07:57.033+00:00,False,data/raw/wta/stats/_httpcache/2025/f459b44b1ff4187db7dc21ea99b9a8d5db94765487aefe3a5917ba2f03fc77a6.json,d9877c9d17caf46f464c0452acae59ac9015f45330ed321b4ee161f06d705421,0,138167.0,True,2025-05-21,stats,False,False
2025,1005,LS015,Camila Osorio,Kamilla Rakhimova,325898,325936,R16,4-6 6-2 6-3,completed,present,2025-05-19,2025-05-24,2025-05-21T15:37:09.97+00:00,False,2025-05-21T17:47:43.687+00:00,False,data/raw/wta/stats/_httpcache/2025/f459b44b1ff4187db7dc21ea99b9a8d5db94765487aefe3a5917ba2f03fc77a6.json,d9877c9d17caf46f464c0452acae59ac9015f45330ed321b4ee161f06d705421,0,138170.0,True,2025-05-21,stats,False,False
2025,1005,LS016,Jessica Bouzas Maneiro,Julia Grabher,328139,320316,R32,6-3 1-6 6-4,completed,present,2025-05-19,2025-05-24,2025-05-19T13:19:45.22+00:00,False,2025-05-19T15:36:44.283+00:00,False,data/raw/wta/stats/_httpcache/2025/f459b44b1ff4187db7dc21ea99b9a8d5db94765487aefe3a5917ba2f03fc77a6.json,d9877c9d17caf46f464c0452acae59ac9015f45330ed321b4ee161f06d705421,0,138142.0,True,2025-05-19,stats,False,False
2025,1005,LS017,Sada Nahimana,Aya El Aouni,325614,330483,R32,6-3 6-2,completed,present,2025-05-19,2025-05-24,2025-05-20T12:59:56.487+00:00,False,2025-05-20T14:39:31.53+00:00,False,data/raw/wta/stats/_httpcache/2025/f459b44b1ff4187db7dc21ea99b9a8d5db94765487aefe3a5917ba2f03fc77a6.json,d9877c9d17caf46f464c0452acae59ac9015f45330ed321b4ee161f06d705421,0,138158.0,True,2025-05-20,stats,False,False
2025,1005,LS018,Tatiana Pieri,Carlota Martinez Cirez,322735,326911,R32,6-3 6-0,completed,present,2025-05-19,2025-05-24,2025-05-19T14:05:02.27+00:00,False,2025-05-19T15:44:30.38+00:00,False,data/raw/wta/stats/_httpcache/2025/f459b44b1ff4187db7dc21ea99b9a8d5db94765487aefe3a5917ba2f03fc77a6.json,d9877c9d17caf46f464c0452acae59ac9015f45330ed321b4ee161f06d705421,0,138143.0,True,2025-05-19,stats,False,False
2025,1005,LS019,Ajla Tomljanovic,Viktoriya Tomova,315232,317584,R32,7-5 4-6 6-3,completed,present,2025-05-19,2025-05-24,2025-05-19T09:47:19.733+00:00,False,2025-05-19T12:55:26.807+00:00,False,data/raw/wta/stats/_httpcache/2025/f459b44b1ff4187db7dc21ea99b9a8d5db94765487aefe3a5917ba2f03fc77a6.json,d9877c9d17caf46f464c0452acae59ac9015f45330ed321b4ee161f06d705421,0,138137.0,True,2025-05-19,stats,False,False
2025,1005,LS020,Ann Li,Maria Timofeeva,326096,328896,R32,7-6(6) 6-2,completed,present,2025-05-19,2025-05-24,2025-05-19T09:45:16.043+00:00,False,2025-05-19T11:39:02.287+00:00,False,data/raw/wta/stats/_httpcache/2025/f459b44b1ff4187db7dc21ea99b9a8d5db94765487aefe3a5917ba2f03fc77a6.json,d9877c9d17caf46f464c0452acae59ac9015f45330ed321b4ee161f06d705421,0,138136.0,True,2025-05-19,stats,False,False
2025,1005,LS021,Hailey Baptiste,Camilla Rosatello,327101,318201,R32,7-6(5) 3-6 6-2,completed,present,2025-05-19,2025-05-24,2025-05-19T11:20:30.827+00:00,False,2025-05-19T14:03:03.527+00:00,False,data/raw/wta/stats/_httpcache/2025/f459b44b1ff4187db7dc21ea99b9a8d5db94765487aefe3a5917ba2f03fc77a6.json,d9877c9d17caf46f464c0452acae59ac9015f45330ed321b4ee161f06d705421,0,138139.0,True,2025-05-19,stats,False,False
2025,1005,LS022,Maya Joint,Ana Konjuh,330544,320682,R32,7-5 6-2,completed,present,2025-05-19,2025-05-24,2025-05-20T11:41:44.173+00:00,False,2025-05-20T13:16:16.847+00:00,False,data/raw/wta/stats/_httpcache/2025/f459b44b1ff4187db7dc21ea99b9a8d5db94765487aefe3a5917ba2f03fc77a6.json,d9877c9d17caf46f464c0452acae59ac9015f45330ed321b4ee161f06d705421,0,138156.0,True,2025-05-20,stats,False,False
2025,1005,LS023,Katie Volynets,Carolina Alves,327391,319305,R32,6-3 6-0,completed,present,2025-05-19,2025-05-24,2025-05-19T09:57:17.447+00:00,False,2025-05-19T11:17:42.187+00:00,False,data/raw/wta/stats/_httpcache/2025/f459b44b1ff4187db7dc21ea99b9a8d5db94765487aefe3a5917ba2f03fc77a6.json,d9877c9d17caf46f464c0452acae59ac9015f45330ed321b4ee161f06d705421,0,138138.0,True,2025-05-19,stats,False,False
2025,1005,LS024,Aliona Bolsova,Katerina Siniakova,320735,320301,R32,3-6 6-1 6-2,completed,present,2025-05-19,2025-05-24,2025-05-20T14:41:56.373+00:00,False,2025-05-20T16:55:33.52+00:00,False,data/raw/wta/stats/_httpcache/2025/f459b44b1ff4187db7dc21ea99b9a8d5db94765487aefe3a5917ba2f03fc77a6.json,d9877c9d17caf46f464c0452acae59ac9015f45330ed321b4ee161f06d705421,0,138159.0,True,2025-05-20,stats,False,False
2025,1005,LS025,Jaqueline Cristian,Yelyzaveta Kotliar,320319,331136,R32,6-3 6-1,completed,present,2025-05-19,2025-05-24,2025-05-19T11:41:50.887+00:00,False,2025-05-19T13:16:18.957+00:00,False,data/raw/wta/stats/_httpcache/2025/f459b44b1ff4187db7dc21ea99b9a8d5db94765487aefe3a5917ba2f03fc77a6.json,d9877c9d17caf46f464c0452acae59ac9015f45330ed321b4ee161f06d705421,0,138140.0,True,2025-05-19,stats,False,False
2025,1005,LS026,Anastasija Sevastova,Yasmine Kabbaj,313987,330733,R32,5-7 6-4 7-5,completed,present,2025-05-19,2025-05-24,2025-05-20T09:46:02.167+00:00,False,2025-05-20T12:57:24.277+00:00,False,data/raw/wta/stats/_httpcache/2025/f459b44b1ff4187db7dc21ea99b9a8d5db94765487aefe3a5917ba2f03fc77a6.json,d9877c9d17caf46f464c0452acae59ac9015f45330ed321b4ee161f06d705421,0,138154.0,True,2025-05-20,stats,False,False
2025,1005,LS027,Zeynep Sonmez,Lucia Bronzetti,326907,322280,R32,6-2 6-1,completed,present,2025-05-19,2025-05-24,2025-05-19T12:57:21.253+00:00,False,2025-05-19T14:14:23.913+00:00,False,data/raw/wta/stats/_httpcache/2025/f459b44b1ff4187db7dc21ea99b9a8d5db94765487aefe3a5917ba2f03fc77a6.json,d9877c9d17caf46f464c0452acae59ac9015f45330ed321b4ee161f06d705421,0,138141.0,True,2025-05-19,stats,False,False
2025,1005,LS028,Arantxa Rus,Nicole Fossa Huergo,313349,318001,R32,6-3 6-7(7) 6-1,completed,present,2025-05-19,2025-05-24,2025-05-20T12:13:26.603+00:00,False,2025-05-20T15:09:29.127+00:00,False,data/raw/wta/stats/_httpcache/2025/f459b44b1ff4187db7dc21ea99b9a8d5db94765487aefe3a5917ba2f03fc77a6.json,d9877c9d17caf46f464c0452acae59ac9015f45330ed321b4ee161f06d705421,0,138157.0,True,2025-05-20,stats,False,False
2025,1005,LS029,Maria Mateas,Elizabeth Mandlik,324360,326379,R32,6-3 6-4,completed,present,2025-05-19,2025-05-24,2025-05-20T09:39:00.223+00:00,False,2025-05-20T12:10:33.92+00:00,False,data/raw/wta/stats/_httpcache/2025/f459b44b1ff4187db7dc21ea99b9a8d5db94765487aefe3a5917ba2f03fc77a6.json,d9877c9d17caf46f464c0452acae59ac9015f45330ed321b4ee161f06d705421,0,138153.0,True,2025-05-20,stats,False,False
2025,1005,LS030,Kamilla Rakhimova,Jil Teichmann,325936,320926,R32,6-4 6-1,completed,present,2025-05-19,2025-05-24,2025-05-20T09:48:28.827+00:00,False,2025-05-20T11:39:39.797+00:00,False,data/raw/wta/stats/_httpcache/2025/f459b44b1ff4187db7dc21ea99b9a8d5db94765487aefe3a5917ba2f03fc77a6.json,d9877c9d17caf46f464c0452acae59ac9015f45330ed321b4ee161f06d705421,0,138155.0,True,2025-05-20,stats,False,False
2025,1005,LS031,Camila Osorio,Elisabetta Cocciaretto,325898,327909,R32,2-6 6-3 6-2,completed,present,2025-05-19,2025-05-24,2025-05-19T14:17:04.597+00:00,False,2025-05-19T16:26:52.897+00:00,False,data/raw/wta/stats/_httpcache/2025/f459b44b1ff4187db7dc21ea99b9a8d5db94765487aefe3a5917ba2f03fc77a6.json,d9877c9d17caf46f464c0452acae59ac9015f45330ed321b4ee161f06d705421,0,138144.0,True,2025-05-19,stats,False,False
2025,1017,LS001,Iga Swiatek,Jasmine Paolini,326408,319280,F,7-5 6-4,completed,present,2025-08-07,2025-08-18,2025-08-18T21:46:09.3+00:00,False,2025-08-18T23:59:29.697+00:00,False,data/raw/wta/stats/_httpcache/2025/166d12e9d12ddb2f8dc87186f8b49d450c38c2c563d546e98301f4b37bcc9a34.json,80d8bc6b4893708267047d81c8de66abd2a7ec96a0975fd70adbad02b4a72768,1,139490.0,True,2025-08-18,stats,False,False
2025,1017,LS002,Iga Swiatek,Elena Rybakina,326408,324166,SF,7-5 6-3,completed,present,2025-08-07,2025-08-18,2025-08-17T16:45:41.427+00:00,False,2025-08-17T18:48:17.617+00:00,False,data/raw/wta/stats/_httpcache/2025/166d12e9d12ddb2f8dc87186f8b49d450c38c2c563d546e98301f4b37bcc9a34.json,80d8bc6b4893708267047d81c8de66abd2a7ec96a0975fd70adbad02b4a72768,1,139473.0,True,2025-08-17,stats,False,False
2025,1017,LS003,Jasmine Paolini,Veronika Kudermetova,319280,319526,SF,6-3 6-7(2) 6-3,completed,present,2025-08-07,2025-08-18,2025-08-17T18:51:48.887+00:00,False,2025-08-17T21:29:47.64+00:00,False,data/raw/wta/stats/_httpcache/2025/166d12e9d12ddb2f8dc87186f8b49d450c38c2c563d546e98301f4b37bcc9a34.json,80d8bc6b4893708267047d81c8de66abd2a7ec96a0975fd70adbad02b4a72768,1,139474.0,True,2025-08-17,stats,False,False
2025,1017,LS004,Elena Rybakina,Aryna Sabalenka,324166,320760,QF,6-1 6-4,completed,present,2025-08-07,2025-08-18,2025-08-15T16:45:04.633+00:00,False,2025-08-15T18:19:30.51+00:00,False,data/raw/wta/stats/_httpcache/2025/166d12e9d12ddb2f8dc87186f8b49d450c38c2c563d546e98301f4b37bcc9a34.json,80d8bc6b4893708267047d81c8de66abd2a7ec96a0975fd70adbad02b4a72768,1,139455.0,True,2025-08-15,stats,False,False
2025,1017,LS005,Iga Swiatek,Anna Kalinskaya,326408,323942,QF,6-3 6-4,completed,present,2025-08-07,2025-08-18,2025-08-15T14:47:12.34+00:00,False,2025-08-15T16:44:10.033+00:00,False,data/raw/wta/stats/_httpcache/2025/166d12e9d12ddb2f8dc87186f8b49d450c38c2c563d546e98301f4b37bcc9a34.json,80d8bc6b4893708267047d81c8de66abd2a7ec96a0975fd70adbad02b4a72768,1,139454.0,True,2025-08-15,stats,False,False
2025,1017,LS006,Veronika Kudermetova,Varvara Gracheva,319526,325836,QF,6-1 6-2,completed,present,2025-08-07,2025-08-18,2025-08-15T20:26:25.71+00:00,False,2025-08-15T21:41:46.903+00:00,False,data/raw/wta/stats/_httpcache/2025/166d12e9d12ddb2f8dc87186f8b49d450c38c2c563d546e98301f4b37bcc9a34.json,80d8bc6b4893708267047d81c8de66abd2a7ec96a0975fd70adbad02b4a72768,1,139456.0,True,2025-08-15,stats,False,False
2025,1017,LS007,Jasmine Paolini,Coco Gauff,319280,328560,QF,2-6 6-4 6-3,completed,present,2025-08-07,2025-08-18,2025-08-16T00:36:59.577+00:00,False,2025-08-16T02:55:41.653+00:00,False,data/raw/wta/stats/_httpcache/2025/166d12e9d12ddb2f8dc87186f8b49d450c38c2c563d546e98301f4b37bcc9a34.json,80d8bc6b4893708267047d81c8de66abd2a7ec96a0975fd70adbad02b4a72768,1,139457.0,True,2025-08-16,stats,False,False
2025,1017,LS008,Aryna Sabalenka,Jessica Bouzas Maneiro,320760,328139,R16,6-1 7-5,completed,present,2025-08-07,2025-08-18,2025-08-13T22:33:51.667+00:00,False,2025-08-14T00:15:49.777+00:00,False,data/raw/wta/stats/_httpcache/2025/166d12e9d12ddb2f8dc87186f8b49d450c38c2c563d546e98301f4b37bcc9a34.json,80d8bc6b4893708267047d81c8de66abd2a7ec96a0975fd70adbad02b4a72768,1,139448.0,True,2025-08-13,stats,False,False
2025,1017,LS009,Elena Rybakina,Madison Keys,324166,316959,R16,6-7(3) 6-4 6-2,completed,present,2025-08-07,2025-08-18,2025-08-13T22:15:47.983+00:00,False,2025-08-14T00:56:46.42+00:00,False,data/raw/wta/stats/_httpcache/2025/166d12e9d12ddb2f8dc87186f8b49d450c38c2c563d546e98301f4b37bcc9a34.json,80d8bc6b4893708267047d81c8de66abd2a7ec96a0975fd70adbad02b4a72768,1,139447.0,True,2025-08-13,stats,False,False
2025,1017,LS010,Iga Swiatek,Sorana Cirstea,326408,312469,R16,6-4 6-3,completed,present,2025-08-07,2025-08-18,2025-08-13T14:46:44.05+00:00,False,2025-08-13T16:44:46.167+00:00,False,data/raw/wta/stats/_httpcache/2025/166d12e9d12ddb2f8dc87186f8b49d450c38c2c563d546e98301f4b37bcc9a34.json,80d8bc6b4893708267047d81c8de66abd2a7ec96a0975fd70adbad02b4a72768,1,139446.0,True,2025-08-13,stats,False,False
2025,1017,LS011,Anna Kalinskaya,Ekaterina Alexandrova,323942,319007,R16,3-6 7-6(5) 6-1,completed,present,2025-08-07,2025-08-18,2025-08-14T02:01:20.987+00:00,False,2025-08-14T04:35:18.207+00:00,False,data/raw/wta/stats/_httpcache/2025/166d12e9d12ddb2f8dc87186f8b49d450c38c2c563d546e98301f4b37bcc9a34.json,80d8bc6b4893708267047d81c8de66abd2a7ec96a0975fd70adbad02b4a72768,1,139449.0,True,2025-08-14,stats,False,False
2025,1017,LS012,Varvara Gracheva,Ella Seidel,325836,330548,R16,2-6 6-1 6-1,completed,present,2025-08-07,2025-08-18,2025-08-14T18:42:39.103+00:00,False,2025-08-14T21:05:28.51+00:00,False,data/raw/wta/stats/_httpcache/2025/166d12e9d12ddb2f8dc87186f8b49d450c38c2c563d546e98301f4b37bcc9a34.json,80d8bc6b4893708267047d81c8de66abd2a7ec96a0975fd70adbad02b4a72768,1,139452.0,True,2025-08-14,stats,False,False
2025,1017,LS013,Veronika Kudermetova,Magda Linette,319526,315130,R16,6-4 6-3,completed,present,2025-08-07,2025-08-18,2025-08-14T22:48:24.727+00:00,False,2025-08-15T00:44:45.033+00:00,False,data/raw/wta/stats/_httpcache/2025/166d12e9d12ddb2f8dc87186f8b49d450c38c2c563d546e98301f4b37bcc9a34.json,80d8bc6b4893708267047d81c8de66abd2a7ec96a0975fd70adbad02b4a72768,1,139453.0,True,2025-08-14,stats,False,False
2025,1017,LS014,Jasmine Paolini,Barbora Krejcikova,319280,318314,R16,6-1 6-2,completed,present,2025-08-07,2025-08-18,2025-08-14T16:44:08.4+00:00,False,2025-08-14T18:20:14.283+00:00,False,data/raw/wta/stats/_httpcache/2025/166d12e9d12ddb2f8dc87186f8b49d450c38c2c563d546e98301f4b37bcc9a34.json,80d8bc6b4893708267047d81c8de66abd2a7ec96a0975fd70adbad02b4a72768,1,139451.0,True,2025-08-14,stats,False,False
2025,1017,LS015,Coco Gauff,Lucia Bronzetti,328560,322280,R16,6-2 6-4,completed,present,2025-08-07,2025-08-18,2025-08-14T14:49:43.587+00:00,False,2025-08-14T16:27:51.347+00:00,False,data/raw/wta/stats/_httpcache/2025/166d12e9d12ddb2f8dc87186f8b49d450c38c2c563d546e98301f4b37bcc9a34.json,80d8bc6b4893708267047d81c8de66abd2a7ec96a0975fd70adbad02b4a72768,1,139450.0,True,2025-08-14,stats,False,False
2025,1017,LS016,Aryna Sabalenka,Emma Raducanu,320760,328366,R32,7-6(3) 4-6 7-6(5),completed,present,2025-08-07,2025-08-18,2025-08-11T16:33:46.02+00:00,False,2025-08-11T20:03:38.337+00:00,False,data/raw/wta/stats/_httpcache/2025/166d12e9d12ddb2f8dc87186f8b49d450c38c2c563d546e98301f4b37bcc9a34.json,80d8bc6b4893708267047d81c8de66abd2a7ec96a0975fd70adbad02b4a72768,1,139433.0,True,2025-08-11,stats,False,False
2025,1017,LS017,Jessica Bouzas Maneiro,Taylor Townsend,328139,318609,R32,6-4 6-1,completed,present,2025-08-07,2025-08-18,2025-08-11T14:47:37.747+00:00,False,2025-08-11T16:30:40.793+00:00,False,data/raw/wta/stats/_httpcache/2025/166d12e9d12ddb2f8dc87186f8b49d450c38c2c563d546e98301f4b37bcc9a34.json,80d8bc6b4893708267047d81c8de66abd2a7ec96a0975fd70adbad02b4a72768,1,139431.0,True,2025-08-11,stats,False,False
2025,1017,LS018,Elena Rybakina,Elise Mertens,324166,317964,R32,4-6 6-3 7-5,completed,present,2025-08-07,2025-08-18,2025-08-12T01:50:22.44+00:00,False,2025-08-12T04:16:05.947+00:00,False,data/raw/wta/stats/_httpcache/2025/166d12e9d12ddb2f8dc87186f8b49d450c38c2c563d546e98301f4b37bcc9a34.json,80d8bc6b4893708267047d81c8de66abd2a7ec96a0975fd70adbad02b4a72768,1,139437.0,True,2025-08-12,stats,False,False
2025,1017,LS019,Madison Keys,Aoi Ito,316959,329009,R32,6-4 6-0,completed,present,2025-08-07,2025-08-18,2025-08-11T22:48:16.22+00:00,False,2025-08-12T00:10:30.027+00:00,False,data/raw/wta/stats/_httpcache/2025/166d12e9d12ddb2f8dc87186f8b49d450c38c2c563d546e98301f4b37bcc9a34.json,80d8bc6b4893708267047d81c8de66abd2a7ec96a0975fd70adbad02b4a72768,1,139435.0,True,2025-08-11,stats,False,False
2025,1017,LS021,Sorana Cirstea,Yue Yuan,312469,324325,R32,6-7(2) 6-4 6-4,completed,present,2025-08-07,2025-08-18,2025-08-11T16:26:20.913+00:00,False,2025-08-11T19:35:58.293+00:00,False,data/raw/wta/stats/_httpcache/2025/166d12e9d12ddb2f8dc87186f8b49d450c38c2c563d546e98301f4b37bcc9a34.json,80d8bc6b4893708267047d81c8de66abd2a7ec96a0975fd70adbad02b4a72768,1,139432.0,True,2025-08-11,stats,False,False
2025,1017,LS022,Ekaterina Alexandrova,Maya Joint,319007,330544,R32,6-4 6-3,completed,present,2025-08-07,2025-08-18,2025-08-11T14:46:47.827+00:00,False,2025-08-11T16:23:19.19+00:00,False,data/raw/wta/stats/_httpcache/2025/166d12e9d12ddb2f8dc87186f8b49d450c38c2c563d546e98301f4b37bcc9a34.json,80d8bc6b4893708267047d81c8de66abd2a7ec96a0975fd70adbad02b4a72768,1,139430.0,True,2025-08-11,stats,False,False
2025,1017,LS023,Anna Kalinskaya,Amanda Anisimova,323942,326384,R32,7-5 6-4,completed,present,2025-08-07,2025-08-18,2025-08-11T18:48:14.21+00:00,False,2025-08-11T20:56:13.313+00:00,False,data/raw/wta/stats/_httpcache/2025/166d12e9d12ddb2f8dc87186f8b49d450c38c2c563d546e98301f4b37bcc9a34.json,80d8bc6b4893708267047d81c8de66abd2a7ec96a0975fd70adbad02b4a72768,1,139434.0,True,2025-08-11,stats,False,False
2025,1017,LS024,Ella Seidel,McCartney Kessler,330548,326678,R32,6-4 2-6 7-6(6),completed,present,2025-08-07,2025-08-18,2025-08-12T14:49:56.963+00:00,False,2025-08-12T17:32:18.257+00:00,False,data/raw/wta/stats/_httpcache/2025/166d12e9d12ddb2f8dc87186f8b49d450c38c2c563d546e98301f4b37bcc9a34.json,80d8bc6b4893708267047d81c8de66abd2a7ec96a0975fd70adbad02b4a72768,1,139439.0,True,2025-08-12,stats,False,False
2025,1017,LS025,Varvara Gracheva,Karolina Muchova,325836,322191,R32,6-2 6-4,completed,present,2025-08-07,2025-08-18,2025-08-12T20:57:09.497+00:00,False,2025-08-12T22:33:58.913+00:00,False,data/raw/wta/stats/_httpcache/2025/166d12e9d12ddb2f8dc87186f8b49d450c38c2c563d546e98301f4b37bcc9a34.json,80d8bc6b4893708267047d81c8de66abd2a7ec96a0975fd70adbad02b4a72768,1,139442.0,True,2025-08-12,stats,False,False
2025,1017,LS026,Veronika Kudermetova,Clara Tauson,319526,327793,R32,3-6 7-6(4) 6-4,completed,present,2025-08-07,2025-08-18,2025-08-13T15:50:39.107+00:00,False,2025-08-13T21:55:04.78+00:00,False,data/raw/wta/stats/_httpcache/2025/166d12e9d12ddb2f8dc87186f8b49d450c38c2c563d546e98301f4b37bcc9a34.json,80d8bc6b4893708267047d81c8de66abd2a7ec96a0975fd70adbad02b4a72768,1,139445.0,True,2025-08-13,stats,False,False
2025,1017,LS027,Magda Linette,Jessica Pegula,315130,316956,R32,7-6(5) 3-6 6-3,completed,present,2025-08-07,2025-08-18,2025-08-12T22:43:17.18+00:00,False,2025-08-13T17:30:21.447+00:00,False,data/raw/wta/stats/_httpcache/2025/166d12e9d12ddb2f8dc87186f8b49d450c38c2c563d546e98301f4b37bcc9a34.json,80d8bc6b4893708267047d81c8de66abd2a7ec96a0975fd70adbad02b4a72768,1,139443.0,True,2025-08-12,stats,False,False
2025,1017,LS028,Jasmine Paolini,Ashlyn Krueger,319280,329409,R32,7-6(2) 6-1,completed,present,2025-08-07,2025-08-18,2025-08-12T17:38:55.147+00:00,False,2025-08-12T20:15:03.84+00:00,False,data/raw/wta/stats/_httpcache/2025/166d12e9d12ddb2f8dc87186f8b49d450c38c2c563d546e98301f4b37bcc9a34.json,80d8bc6b4893708267047d81c8de66abd2a7ec96a0975fd70adbad02b4a72768,1,139440.0,True,2025-08-12,stats,False,False
2025,1017,LS029,Barbora Krejcikova,Iva Jovic,318314,332285,R32,6-4 3-6 6-2,completed,present,2025-08-07,2025-08-18,2025-08-12T14:49:16.397+00:00,False,2025-08-12T17:35:50.213+00:00,False,data/raw/wta/stats/_httpcache/2025/166d12e9d12ddb2f8dc87186f8b49d450c38c2c563d546e98301f4b37bcc9a34.json,80d8bc6b4893708267047d81c8de66abd2a7ec96a0975fd70adbad02b4a72768,1,139438.0,True,2025-08-12,stats,False,False
2025,1017,LS030,Lucia Bronzetti,Jelena Ostapenko,322280,319939,R32,1-6 6-3 6-4,completed,present,2025-08-07,2025-08-18,2025-08-12T20:43:52.08+00:00,False,2025-08-12T23:17:33.14+00:00,False,data/raw/wta/stats/_httpcache/2025/166d12e9d12ddb2f8dc87186f8b49d450c38c2c563d546e98301f4b37bcc9a34.json,80d8bc6b4893708267047d81c8de66abd2a7ec96a0975fd70adbad02b4a72768,1,139441.0,True,2025-08-12,stats,False,False
2025,1017,LS032,Aryna Sabalenka,Marketa Vondrousova,320760,323027,R64,7-5 6-1,completed,ambiguous,2025-08-07,2025-08-18,2025-08-09T22:43:21.233+00:00,False,2025-08-10T00:41:10.727+00:00,False,data/raw/wta/stats/_httpcache/2025/166d12e9d12ddb2f8dc87186f8b49d450c38c2c563d546e98301f4b37bcc9a34.json,80d8bc6b4893708267047d81c8de66abd2a7ec96a0975fd70adbad02b4a72768,1,,,,,False,False
2025,1017,LS033,Emma Raducanu,Olga Danilovic,328366,324934,R64,6-3 6-2,completed,present,2025-08-07,2025-08-18,2025-08-09T19:32:57.273+00:00,False,2025-08-09T21:05:55.617+00:00,False,data/raw/wta/stats/_httpcache/2025/166d12e9d12ddb2f8dc87186f8b49d450c38c2c563d546e98301f4b37bcc9a34.json,80d8bc6b4893708267047d81c8de66abd2a7ec96a0975fd70adbad02b4a72768,1,139405.0,True,2025-08-09,stats,False,False
2025,1017,LS034,Jessica Bouzas Maneiro,Leylah Fernandez,328139,326735,R64,6-3 6-3,completed,present,2025-08-07,2025-08-18,2025-08-09T17:16:01.223+00:00,False,2025-08-09T18:49:03.533+00:00,False,data/raw/wta/stats/_httpcache/2025/166d12e9d12ddb2f8dc87186f8b49d450c38c2c563d546e98301f4b37bcc9a34.json,80d8bc6b4893708267047d81c8de66abd2a7ec96a0975fd70adbad02b4a72768,1,139400.0,True,2025-08-09,stats,False,False
2025,1017,LS035,Taylor Townsend,Liudmila Samsonova,318609,322222,R64,6-2 6-4,completed,present,2025-08-07,2025-08-18,2025-08-09T18:50:29.07+00:00,False,2025-08-09T20:33:03.83+00:00,False,data/raw/wta/stats/_httpcache/2025/166d12e9d12ddb2f8dc87186f8b49d450c38c2c563d546e98301f4b37bcc9a34.json,80d8bc6b4893708267047d81c8de66abd2a7ec96a0975fd70adbad02b4a72768,1,139404.0,True,2025-08-09,stats,False,False
2025,1017,LS036,Elena Rybakina,Renata Zarazua,324166,320716,R64,4-6 6-0 7-5,completed,present,2025-08-07,2025-08-18,2025-08-09T20:23:51.623+00:00,False,2025-08-09T23:02:13.947+00:00,False,data/raw/wta/stats/_httpcache/2025/166d12e9d12ddb2f8dc87186f8b49d450c38c2c563d546e98301f4b37bcc9a34.json,80d8bc6b4893708267047d81c8de66abd2a7ec96a0975fd70adbad02b4a72768,1,139408.0,True,2025-08-09,stats,False,False
2025,1017,LS037,Elise Mertens,Clervie Ngounoue,317964,330788,R64,3-6 7-6(3) 7-5,completed,present,2025-08-07,2025-08-18,2025-08-09T21:11:49.093+00:00,False,2025-08-10T00:02:40.2+00:00,False,data/raw/wta/stats/_httpcache/2025/166d12e9d12ddb2f8dc87186f8b49d450c38c2c563d546e98301f4b37bcc9a34.json,80d8bc6b4893708267047d81c8de66abd2a7ec96a0975fd70adbad02b4a72768,1,139410.0,True,2025-08-09,stats,False,False
2025,1017,LS038,Aoi Ito,Anastasia Pavlyuchenkova,329009,313796,R64,6-1 4-6 6-4,completed,present,2025-08-07,2025-08-18,2025-08-09T14:50:19.773+00:00,False,2025-08-09T17:18:10.393+00:00,False,data/raw/wta/stats/_httpcache/2025/166d12e9d12ddb2f8dc87186f8b49d450c38c2c563d546e98301f4b37bcc9a34.json,80d8bc6b4893708267047d81c8de66abd2a7ec96a0975fd70adbad02b4a72768,1,139399.0,True,2025-08-09,stats,False,False
2025,1017,LS039,Madison Keys,Eva Lys,316959,325826,R64,1-6 6-3 7-6(1),completed,present,2025-08-07,2025-08-18,2025-08-09T17:54:12.27+00:00,False,2025-08-09T20:20:31.993+00:00,False,data/raw/wta/stats/_httpcache/2025/166d12e9d12ddb2f8dc87186f8b49d450c38c2c563d546e98301f4b37bcc9a34.json,80d8bc6b4893708267047d81c8de66abd2a7ec96a0975fd70adbad02b4a72768,1,139402.0,True,2025-08-09,stats,False,False
2025,1017,LS040,Iga Swiatek,Anastasia Potapova,326408,325601,R64,6-1 6-4,completed,present,2025-08-07,2025-08-18,2025-08-09T14:44:31.89+00:00,False,2025-08-09T16:22:57.98+00:00,False,data/raw/wta/stats/_httpcache/2025/166d12e9d12ddb2f8dc87186f8b49d450c38c2c563d546e98301f4b37bcc9a34.json,80d8bc6b4893708267047d81c8de66abd2a7ec96a0975fd70adbad02b4a72768,1,139398.0,True,2025-08-09,stats,False,False
2025,1017,LS041,Marta Kostyuk,Tatjana Maria,326482,310440,R64,6-0 6-1,completed,present,2025-08-07,2025-08-18,2025-08-09T14:40:37.99+00:00,False,2025-08-09T15:57:34.9+00:00,False,data/raw/wta/stats/_httpcache/2025/166d12e9d12ddb2f8dc87186f8b49d450c38c2c563d546e98301f4b37bcc9a34.json,80d8bc6b4893708267047d81c8de66abd2a7ec96a0975fd70adbad02b4a72768,1,139397.0,True,2025-08-09,stats,False,False
2025,1017,LS042,Sorana Cirstea,Magdalena Frech,312469,320277,R64,7-6(4) 2-6 6-4,completed,present,2025-08-07,2025-08-18,2025-08-09T17:20:22.44+00:00,False,2025-08-09T19:57:38.287+00:00,False,data/raw/wta/stats/_httpcache/2025/166d12e9d12ddb2f8dc87186f8b49d450c38c2c563d546e98301f4b37bcc9a34.json,80d8bc6b4893708267047d81c8de66abd2a7ec96a0975fd70adbad02b4a72768,1,139401.0,True,2025-08-09,stats,False,False
2025,1017,LS043,Yue Yuan,Diana Shnaider,324325,330482,R64,6-4 1-6 6-3,completed,present,2025-08-07,2025-08-18,2025-08-09T20:13:26.287+00:00,False,2025-08-09T22:19:40.86+00:00,False,data/raw/wta/stats/_httpcache/2025/166d12e9d12ddb2f8dc87186f8b49d450c38c2c563d546e98301f4b37bcc9a34.json,80d8bc6b4893708267047d81c8de66abd2a7ec96a0975fd70adbad02b4a72768,1,139407.0,True,2025-08-09,stats,False,False
2025,1017,LS044,Ekaterina Alexandrova,Lulu Sun,319007,324576,R64,6-4 6-2,completed,present,2025-08-07,2025-08-18,2025-08-09T19:51:32.187+00:00,False,2025-08-09T21:19:19.29+00:00,False,data/raw/wta/stats/_httpcache/2025/166d12e9d12ddb2f8dc87186f8b49d450c38c2c563d546e98301f4b37bcc9a34.json,80d8bc6b4893708267047d81c8de66abd2a7ec96a0975fd70adbad02b4a72768,1,139406.0,True,2025-08-09,stats,False,False
2025,1017,LS045,Maya Joint,Beatriz Haddad Maia,330544,318176,R64,6-4 4-6 6-4,completed,present,2025-08-07,2025-08-18,2025-08-09T17:56:47.91+00:00,False,2025-08-09T21:07:20.503+00:00,False,data/raw/wta/stats/_httpcache/2025/166d12e9d12ddb2f8dc87186f8b49d450c38c2c563d546e98301f4b37bcc9a34.json,80d8bc6b4893708267047d81c8de66abd2a7ec96a0975fd70adbad02b4a72768,1,139403.0,True,2025-08-09,stats,False,False
2025,1017,LS046,Anna Kalinskaya,Peyton Stearns,323942,327573,R64,7-6(4) 4-6 6-1,completed,present,2025-08-07,2025-08-18,2025-08-09T21:09:12.86+00:00,False,2025-08-10T00:05:01.673+00:00,False,data/raw/wta/stats/_httpcache/2025/166d12e9d12ddb2f8dc87186f8b49d450c38c2c563d546e98301f4b37bcc9a34.json,80d8bc6b4893708267047d81c8de66abd2a7ec96a0975fd70adbad02b4a72768,1,139409.0,True,2025-08-09,stats,False,False
2025,1017,LS048,Ella Seidel,Emma Navarro,330548,325410,R64,6-4 1-6 6-4,completed,present,2025-08-07,2025-08-18,2025-08-10T17:08:39.16+00:00,False,2025-08-10T19:40:13.06+00:00,False,data/raw/wta/stats/_httpcache/2025/166d12e9d12ddb2f8dc87186f8b49d450c38c2c563d546e98301f4b37bcc9a34.json,80d8bc6b4893708267047d81c8de66abd2a7ec96a0975fd70adbad02b4a72768,1,139417.0,True,2025-08-10,stats,False,False
2025,1017,LS049,McCartney Kessler,Caty McNally,326678,325725,R64,6-4 6-3,completed,present,2025-08-07,2025-08-18,2025-08-10T21:12:10.983+00:00,False,2025-08-10T22:57:15.33+00:00,False,data/raw/wta/stats/_httpcache/2025/166d12e9d12ddb2f8dc87186f8b49d450c38c2c563d546e98301f4b37bcc9a34.json,80d8bc6b4893708267047d81c8de66abd2a7ec96a0975fd70adbad02b4a72768,1,139423.0,True,2025-08-10,stats,False,False
2025,1017,LS050,Varvara Gracheva,Sofia Kenin,325836,320942,R64,6-7(7) 6-3 6-3,completed,present,2025-08-07,2025-08-18,2025-08-10T21:29:00.9+00:00,False,2025-08-11T00:15:02.96+00:00,False,data/raw/wta/stats/_httpcache/2025/166d12e9d12ddb2f8dc87186f8b49d450c38c2c563d546e98301f4b37bcc9a34.json,80d8bc6b4893708267047d81c8de66abd2a7ec96a0975fd70adbad02b4a72768,1,139424.0,True,2025-08-10,stats,False,False
2025,1017,LS051,Karolina Muchova,Caroline Garcia,322191,315391,R64,7-6(3) 7-6(0),completed,present,2025-08-07,2025-08-18,2025-08-11T00:22:21.94+00:00,False,2025-08-11T02:46:46.393+00:00,False,data/raw/wta/stats/_httpcache/2025/166d12e9d12ddb2f8dc87186f8b49d450c38c2c563d546e98301f4b37bcc9a34.json,80d8bc6b4893708267047d81c8de66abd2a7ec96a0975fd70adbad02b4a72768,1,139429.0,True,2025-08-11,stats,False,False
2025,1017,LS052,Clara Tauson,Ajla Tomljanovic,327793,315232,R64,6-3 6-7(5) 6-4,completed,present,2025-08-07,2025-08-18,2025-08-10T17:16:44.193+00:00,False,2025-08-10T20:04:15.667+00:00,False,data/raw/wta/stats/_httpcache/2025/166d12e9d12ddb2f8dc87186f8b49d450c38c2c563d546e98301f4b37bcc9a34.json,80d8bc6b4893708267047d81c8de66abd2a7ec96a0975fd70adbad02b4a72768,1,139418.0,True,2025-08-10,stats,False,False
2025,1017,LS053,Veronika Kudermetova,Belinda Bencic,319526,319001,R64,6-4 7-6(0),completed,present,2025-08-07,2025-08-18,2025-08-10T14:52:54.783+00:00,False,2025-08-10T17:05:54.713+00:00,False,data/raw/wta/stats/_httpcache/2025/166d12e9d12ddb2f8dc87186f8b49d450c38c2c563d546e98301f4b37bcc9a34.json,80d8bc6b4893708267047d81c8de66abd2a7ec96a0975fd70adbad02b4a72768,1,139414.0,True,2025-08-10,stats,False,False
2025,1017,LS054,Magda Linette,Rebecca Sramkova,315130,320228,R64,7-6(4) 6-0,completed,present,2025-08-07,2025-08-18,2025-08-10T16:16:25.047+00:00,False,2025-08-10T18:04:41.803+00:00,False,data/raw/wta/stats/_httpcache/2025/166d12e9d12ddb2f8dc87186f8b49d450c38c2c563d546e98301f4b37bcc9a34.json,80d8bc6b4893708267047d81c8de66abd2a7ec96a0975fd70adbad02b4a72768,1,139416.0,True,2025-08-10,stats,False,False
2025,1017,LS055,Jessica Pegula,Kimberly Birrell,316956,320728,R64,6-4 6-3,completed,present,2025-08-07,2025-08-18,2025-08-10T19:00:59.193+00:00,False,2025-08-10T20:36:37.933+00:00,False,data/raw/wta/stats/_httpcache/2025/166d12e9d12ddb2f8dc87186f8b49d450c38c2c563d546e98301f4b37bcc9a34.json,80d8bc6b4893708267047d81c8de66abd2a7ec96a0975fd70adbad02b4a72768,1,139421.0,True,2025-08-10,stats,False,False
2025,1017,LS056,Jasmine Paolini,Maria Sakkari,319280,318312,R64,7-6(2) 7-6(5),completed,present,2025-08-07,2025-08-18,2025-08-10T14:56:19.727+00:00,False,2025-08-10T17:21:39.153+00:00,False,data/raw/wta/stats/_httpcache/2025/166d12e9d12ddb2f8dc87186f8b49d450c38c2c563d546e98301f4b37bcc9a34.json,80d8bc6b4893708267047d81c8de66abd2a7ec96a0975fd70adbad02b4a72768,1,139415.0,True,2025-08-10,stats,False,False
2025,1017,LS057,Ashlyn Krueger,Anastasija Sevastova,329409,313987,R64,6-4 0-6 6-3,completed,present,2025-08-07,2025-08-18,2025-08-10T14:44:59.98+00:00,False,2025-08-10T16:59:18.41+00:00,False,data/raw/wta/stats/_httpcache/2025/166d12e9d12ddb2f8dc87186f8b49d450c38c2c563d546e98301f4b37bcc9a34.json,80d8bc6b4893708267047d81c8de66abd2a7ec96a0975fd70adbad02b4a72768,1,139412.0,True,2025-08-10,stats,False,False
2025,1017,LS058,Iva Jovic,Linda Noskova,332285,329668,R64,6-3 6-0,completed,present,2025-08-07,2025-08-18,2025-08-10T20:20:56.87+00:00,False,2025-08-10T21:49:33.147+00:00,False,data/raw/wta/stats/_httpcache/2025/166d12e9d12ddb2f8dc87186f8b49d450c38c2c563d546e98301f4b37bcc9a34.json,80d8bc6b4893708267047d81c8de66abd2a7ec96a0975fd70adbad02b4a72768,1,139422.0,True,2025-08-10,stats,False,False
2025,1017,LS059,Barbora Krejcikova,Elina Svitolina,318314,316738,R64,2-6 6-4 6-3,completed,present,2025-08-07,2025-08-18,2025-08-10T22:42:42.447+00:00,False,2025-08-11T01:09:53.507+00:00,False,data/raw/wta/stats/_httpcache/2025/166d12e9d12ddb2f8dc87186f8b49d450c38c2c563d546e98301f4b37bcc9a34.json,80d8bc6b4893708267047d81c8de66abd2a7ec96a0975fd70adbad02b4a72768,1,139425.0,True,2025-08-10,stats,False,False
2025,1017,LS060,Lucia Bronzetti,Daria Kasatkina,322280,322082,R64,6-3 1-6 6-4,completed,present,2025-08-07,2025-08-18,2025-08-10T18:47:31.513+00:00,False,2025-08-10T21:05:53.337+00:00,False,data/raw/wta/stats/_httpcache/2025/166d12e9d12ddb2f8dc87186f8b49d450c38c2c563d546e98301f4b37bcc9a34.json,80d8bc6b4893708267047d81c8de66abd2a7ec96a0975fd70adbad02b4a72768,1,139420.0,True,2025-08-10,stats,False,False
2025,1017,LS062,Dayana Yastremska,Viktoriya Tomova,324261,317584,R64,6-4 2-6 6-2,completed,present,2025-08-07,2025-08-18,2025-08-10T14:46:27.517+00:00,False,2025-08-10T17:13:19.223+00:00,False,data/raw/wta/stats/_httpcache/2025/166d12e9d12ddb2f8dc87186f8b49d450c38c2c563d546e98301f4b37bcc9a34.json,80d8bc6b4893708267047d81c8de66abd2a7ec96a0975fd70adbad02b4a72768,1,139413.0,True,2025-08-10,stats,False,False
2025,1017,LS063,Coco Gauff,Xinyu Wang,328560,326376,R64,6-3 6-2,completed,present,2025-08-07,2025-08-18,2025-08-10T17:25:30.023+00:00,False,2025-08-10T18:51:18.873+00:00,False,data/raw/wta/stats/_httpcache/2025/166d12e9d12ddb2f8dc87186f8b49d450c38c2c563d546e98301f4b37bcc9a34.json,80d8bc6b4893708267047d81c8de66abd2a7ec96a0975fd70adbad02b4a72768,1,139419.0,True,2025-08-10,stats,False,False
2025,1017,LS065,Marketa Vondrousova,Jaqueline Cristian,323027,320319,R128,6-3 6-1,completed,present,2025-08-07,2025-08-18,2025-08-07T17:36:43.44+00:00,False,2025-08-07T18:59:54.717+00:00,False,data/raw/wta/stats/_httpcache/2025/166d12e9d12ddb2f8dc87186f8b49d450c38c2c563d546e98301f4b37bcc9a34.json,80d8bc6b4893708267047d81c8de66abd2a7ec96a0975fd70adbad02b4a72768,1,139366.0,True,2025-08-07,stats,False,False
2025,1017,LS066,Olga Danilovic,Katie Boulter,324934,319125,R128,6-0 7-5,completed,present,2025-08-07,2025-08-18,2025-08-07T21:02:43.177+00:00,False,2025-08-07T23:46:36.793+00:00,False,data/raw/wta/stats/_httpcache/2025/166d12e9d12ddb2f8dc87186f8b49d450c38c2c563d546e98301f4b37bcc9a34.json,80d8bc6b4893708267047d81c8de66abd2a7ec96a0975fd70adbad02b4a72768,1,139371.0,True,2025-08-07,stats,False,False
2025,1017,LS069,Jessica Bouzas Maneiro,Venus Williams,328139,230220,R128,6-4 6-4,completed,present,2025-08-07,2025-08-18,2025-08-07T19:03:16.05+00:00,False,2025-08-07T20:46:58.87+00:00,False,data/raw/wta/stats/_httpcache/2025/166d12e9d12ddb2f8dc87186f8b49d450c38c2c563d546e98301f4b37bcc9a34.json,80d8bc6b4893708267047d81c8de66abd2a7ec96a0975fd70adbad02b4a72768,1,139369.0,True,2025-08-07,stats,False,False
2025,1017,LS070,Taylor Townsend,Danielle Collins,318609,316925,R128,6-4 7-6(2),completed,present,2025-08-07,2025-08-18,2025-08-08T16:56:07.413+00:00,False,2025-08-08T18:50:06.76+00:00,False,data/raw/wta/stats/_httpcache/2025/166d12e9d12ddb2f8dc87186f8b49d450c38c2c563d546e98301f4b37bcc9a34.json,80d8bc6b4893708267047d81c8de66abd2a7ec96a0975fd70adbad02b4a72768,1,139383.0,True,2025-08-08,stats,False,False
2025,1017,LS073,Renata Zarazua,Yulia Putintseva,320716,317683,R128,3-6 6-4 6-2,completed,present,2025-08-07,2025-08-18,2025-08-07T18:13:55.85+00:00,False,2025-08-07T21:00:21.73+00:00,False,data/raw/wta/stats/_httpcache/2025/166d12e9d12ddb2f8dc87186f8b49d450c38c2c563d546e98301f4b37bcc9a34.json,80d8bc6b4893708267047d81c8de66abd2a7ec96a0975fd70adbad02b4a72768,1,139367.0,True,2025-08-07,stats,False,False
2025,1017,LS074,Clervie Ngounoue,Hailey Baptiste,330788,327101,R128,6-1 4-6 6-1,completed,present,2025-08-07,2025-08-18,2025-08-08T00:17:29.487+00:00,False,2025-08-08T02:27:35.477+00:00,False,data/raw/wta/stats/_httpcache/2025/166d12e9d12ddb2f8dc87186f8b49d450c38c2c563d546e98301f4b37bcc9a34.json,80d8bc6b4893708267047d81c8de66abd2a7ec96a0975fd70adbad02b4a72768,1,139375.0,True,2025-08-08,stats,False,False
2025,1017,LS077,Aoi Ito,Elena-Gabriela Ruse,329009,320408,R128,6-2 7-6(6),completed,present,2025-08-07,2025-08-18,2025-08-07T18:34:30.917+00:00,False,2025-08-07T20:36:41.853+00:00,False,data/raw/wta/stats/_httpcache/2025/166d12e9d12ddb2f8dc87186f8b49d450c38c2c563d546e98301f4b37bcc9a34.json,80d8bc6b4893708267047d81c8de66abd2a7ec96a0975fd70adbad02b4a72768,1,139368.0,True,2025-08-07,stats,False,False
2025,1017,LS078,Eva Lys,Bernarda Pera,325826,317708,R128,6-2 4-6 7-5,completed,present,2025-08-07,2025-08-18,2025-08-07T19:19:52.343+00:00,False,2025-08-07T21:33:06.713+00:00,False,data/raw/wta/stats/_httpcache/2025/166d12e9d12ddb2f8dc87186f8b49d450c38c2c563d546e98301f4b37bcc9a34.json,80d8bc6b4893708267047d81c8de66abd2a7ec96a0975fd70adbad02b4a72768,1,139370.0,True,2025-08-07,stats,False,False
2025,1017,LS081,Anastasia Potapova,Laura Siegemund,325601,310926,R128,6-4 6-4,completed,present,2025-08-07,2025-08-18,2025-08-07T16:38:54.68+00:00,False,2025-08-07T18:31:20.953+00:00,False,data/raw/wta/stats/_httpcache/2025/166d12e9d12ddb2f8dc87186f8b49d450c38c2c563d546e98301f4b37bcc9a34.json,80d8bc6b4893708267047d81c8de66abd2a7ec96a0975fd70adbad02b4a72768,1,139365.0,True,2025-08-07,stats,False,False
2025,1017,LS082,Tatjana Maria,Whitney Osuigwe,310440,326101,R128,6-2 6-3,completed,present,2025-08-07,2025-08-18,2025-08-07T21:35:25.06+00:00,False,2025-08-08T00:11:54.307+00:00,False,data/raw/wta/stats/_httpcache/2025/166d12e9d12ddb2f8dc87186f8b49d450c38c2c563d546e98301f4b37bcc9a34.json,80d8bc6b4893708267047d81c8de66abd2a7ec96a0975fd70adbad02b4a72768,1,139372.0,True,2025-08-07,stats,False,False
2025,1017,LS085,Sorana Cirstea,Donna Vekic,312469,318516,R128,6-1 4-6 6-3,completed,present,2025-08-07,2025-08-18,2025-08-07T14:47:33.37+00:00,False,2025-08-07T17:33:09.033+00:00,False,data/raw/wta/stats/_httpcache/2025/166d12e9d12ddb2f8dc87186f8b49d450c38c2c563d546e98301f4b37bcc9a34.json,80d8bc6b4893708267047d81c8de66abd2a7ec96a0975fd70adbad02b4a72768,1,139363.0,True,2025-08-07,stats,False,False
2025,1017,LS086,Yue Yuan,Cristina Bucsa,324325,321158,R128,6-2 6-2,completed,present,2025-08-07,2025-08-18,2025-08-08T23:10:10.24+00:00,False,2025-08-09T00:47:05.923+00:00,False,data/raw/wta/stats/_httpcache/2025/166d12e9d12ddb2f8dc87186f8b49d450c38c2c563d546e98301f4b37bcc9a34.json,80d8bc6b4893708267047d81c8de66abd2a7ec96a0975fd70adbad02b4a72768,1,139394.0,True,2025-08-08,stats,False,False
2025,1017,LS089,Lulu Sun,Antonia Ruzic,324576,329505,R128,6-4 6-4,completed,present,2025-08-07,2025-08-18,2025-08-08T14:47:58.063+00:00,False,2025-08-08T16:36:31.43+00:00,False,data/raw/wta/stats/_httpcache/2025/166d12e9d12ddb2f8dc87186f8b49d450c38c2c563d546e98301f4b37bcc9a34.json,80d8bc6b4893708267047d81c8de66abd2a7ec96a0975fd70adbad02b4a72768,1,139379.0,True,2025-08-08,stats,False,False
2025,1017,LS090,Maya Joint,Greet Minnen,330544,321454,R128,6-2 6-3,completed,present,2025-08-07,2025-08-18,2025-08-07T14:50:49.903+00:00,False,2025-08-07T16:28:33.66+00:00,False,data/raw/wta/stats/_httpcache/2025/166d12e9d12ddb2f8dc87186f8b49d450c38c2c563d546e98301f4b37bcc9a34.json,80d8bc6b4893708267047d81c8de66abd2a7ec96a0975fd70adbad02b4a72768,1,139364.0,True,2025-08-07,stats,False,False
2025,1017,LS093,Peyton Stearns,Yafan Wang,327573,317510,R128,6-4 6-3,completed,ambiguous,2025-08-07,2025-08-18,2025-08-08T00:45:33.123+00:00,False,2025-08-08T02:27:02.98+00:00,False,data/raw/wta/stats/_httpcache/2025/166d12e9d12ddb2f8dc87186f8b49d450c38c2c563d546e98301f4b37bcc9a34.json,80d8bc6b4893708267047d81c8de66abd2a7ec96a0975fd70adbad02b4a72768,1,,,,,False,False
2025,1017,LS094,Leolia Jeanjean,Yuliia Starodubtseva,320313,325338,R128,7-5 1-6 6-4,completed,present,2025-08-07,2025-08-18,2025-08-08T14:47:43.597+00:00,False,2025-08-08T18:14:52.373+00:00,False,data/raw/wta/stats/_httpcache/2025/166d12e9d12ddb2f8dc87186f8b49d450c38c2c563d546e98301f4b37bcc9a34.json,80d8bc6b4893708267047d81c8de66abd2a7ec96a0975fd70adbad02b4a72768,1,139378.0,True,2025-08-08,stats,False,False
2025,1017,LS097,Ella Seidel,Polina Kudermetova,330548,328897,R128,1-6 6-3 6-2,completed,present,2025-08-07,2025-08-18,2025-08-08T18:18:39.267+00:00,False,2025-08-08T20:22:38.517+00:00,False,data/raw/wta/stats/_httpcache/2025/166d12e9d12ddb2f8dc87186f8b49d450c38c2c563d546e98301f4b37bcc9a34.json,80d8bc6b4893708267047d81c8de66abd2a7ec96a0975fd70adbad02b4a72768,1,139386.0,True,2025-08-08,stats,False,False
2025,1017,LS098,Caty McNally,Maddison Inglis,325725,321179,R128,6-2 6-3,completed,present,2025-08-07,2025-08-18,2025-08-09T00:32:17.73+00:00,False,2025-08-09T02:13:10.283+00:00,False,data/raw/wta/stats/_httpcache/2025/166d12e9d12ddb2f8dc87186f8b49d450c38c2c563d546e98301f4b37bcc9a34.json,80d8bc6b4893708267047d81c8de66abd2a7ec96a0975fd70adbad02b4a72768,1,139396.0,True,2025-08-09,stats,False,False
2025,1017,LS101,Varvara Gracheva,Katie Volynets,325836,327391,R128,6-4 3-6 6-3,completed,present,2025-08-07,2025-08-18,2025-08-08T17:52:59.007+00:00,False,2025-08-08T20:24:18.19+00:00,False,data/raw/wta/stats/_httpcache/2025/166d12e9d12ddb2f8dc87186f8b49d450c38c2c563d546e98301f4b37bcc9a34.json,80d8bc6b4893708267047d81c8de66abd2a7ec96a0975fd70adbad02b4a72768,1,139385.0,True,2025-08-08,stats,False,False
2025,1017,LS102,Caroline Garcia,Sonay Kartal,315391,329918,R128,5-7 6-4 6-3,completed,present,2025-08-07,2025-08-18,2025-08-08T15:00:22.823+00:00,False,2025-08-08T17:46:58.75+00:00,False,data/raw/wta/stats/_httpcache/2025/166d12e9d12ddb2f8dc87186f8b49d450c38c2c563d546e98301f4b37bcc9a34.json,80d8bc6b4893708267047d81c8de66abd2a7ec96a0975fd70adbad02b4a72768,1,139381.0,True,2025-08-08,stats,False,False
2025,1017,LS105,Ajla Tomljanovic,Anna Bondar,315232,322942,R128,7-6(0) 6-4,completed,present,2025-08-07,2025-08-18,2025-08-08T16:39:55.653+00:00,False,2025-08-08T18:42:49.89+00:00,False,data/raw/wta/stats/_httpcache/2025/166d12e9d12ddb2f8dc87186f8b49d450c38c2c563d546e98301f4b37bcc9a34.json,80d8bc6b4893708267047d81c8de66abd2a7ec96a0975fd70adbad02b4a72768,1,139382.0,True,2025-08-08,stats,False,False
2025,1017,LS106,Veronika Kudermetova,Suzan Lamens,319526,324898,R128,6-1 6-3,completed,present,2025-08-07,2025-08-18,2025-08-08T22:05:41.757+00:00,False,2025-08-08T23:23:53.217+00:00,False,data/raw/wta/stats/_httpcache/2025/166d12e9d12ddb2f8dc87186f8b49d450c38c2c563d546e98301f4b37bcc9a34.json,80d8bc6b4893708267047d81c8de66abd2a7ec96a0975fd70adbad02b4a72768,1,139392.0,True,2025-08-08,stats,False,False
2025,1017,LS109,Rebecca Sramkova,Caroline Dolehide,320228,322052,R128,1-6 6-4 7-6(1),completed,present,2025-08-07,2025-08-18,2025-08-08T14:43:40.563+00:00,False,2025-08-08T17:50:41.61+00:00,False,data/raw/wta/stats/_httpcache/2025/166d12e9d12ddb2f8dc87186f8b49d450c38c2c563d546e98301f4b37bcc9a34.json,80d8bc6b4893708267047d81c8de66abd2a7ec96a0975fd70adbad02b4a72768,1,139377.0,True,2025-08-08,stats,False,False
2025,1017,LS110,Kimberly Birrell,Anna Blinkova,320728,324267,R128,6-2 6-1,completed,present,2025-08-07,2025-08-18,2025-08-08T17:11:58.913+00:00,False,2025-08-08T18:33:00.71+00:00,False,data/raw/wta/stats/_httpcache/2025/166d12e9d12ddb2f8dc87186f8b49d450c38c2c563d546e98301f4b37bcc9a34.json,80d8bc6b4893708267047d81c8de66abd2a7ec96a0975fd70adbad02b4a72768,1,139384.0,True,2025-08-08,stats,False,False
2025,1017,LS113,Maria Sakkari,Kamilla Rakhimova,318312,325936,R128,6-3 3-6 6-2,completed,present,2025-08-07,2025-08-18,2025-08-08T18:53:29.9+00:00,False,2025-08-08T21:20:26.25+00:00,False,data/raw/wta/stats/_httpcache/2025/166d12e9d12ddb2f8dc87186f8b49d450c38c2c563d546e98301f4b37bcc9a34.json,80d8bc6b4893708267047d81c8de66abd2a7ec96a0975fd70adbad02b4a72768,1,139388.0,True,2025-08-08,stats,False,False
2025,1017,LS114,Anastasija Sevastova,Emina Bektas,313987,316464,R128,6-4 6-7(6) 6-1,completed,present,2025-08-07,2025-08-18,2025-08-08T21:18:06.093+00:00,False,2025-08-08T23:30:31.717+00:00,False,data/raw/wta/stats/_httpcache/2025/166d12e9d12ddb2f8dc87186f8b49d450c38c2c563d546e98301f4b37bcc9a34.json,80d8bc6b4893708267047d81c8de66abd2a7ec96a0975fd70adbad02b4a72768,1,139391.0,True,2025-08-08,stats,False,False
2025,1017,LS117,Iva Jovic,Solana Sierra,332285,329081,R128,6-3 7-6(4),completed,present,2025-08-07,2025-08-18,2025-08-08T23:25:58.523+00:00,False,2025-08-09T01:30:25.757+00:00,False,data/raw/wta/stats/_httpcache/2025/166d12e9d12ddb2f8dc87186f8b49d450c38c2c563d546e98301f4b37bcc9a34.json,80d8bc6b4893708267047d81c8de66abd2a7ec96a0975fd70adbad02b4a72768,1,139395.0,True,2025-08-08,stats,False,False
2025,1017,LS118,Barbora Krejcikova,Alycia Parks,318314,326007,R128,6-4 4-6 6-0,completed,present,2025-08-07,2025-08-18,2025-08-08T22:55:39.38+00:00,False,2025-08-09T01:11:32.587+00:00,False,data/raw/wta/stats/_httpcache/2025/166d12e9d12ddb2f8dc87186f8b49d450c38c2c563d546e98301f4b37bcc9a34.json,80d8bc6b4893708267047d81c8de66abd2a7ec96a0975fd70adbad02b4a72768,1,139393.0,True,2025-08-08,stats,False,False
2025,1017,LS121,Lucia Bronzetti,Lin Zhu,322280,317306,R128,6-7(6) 6-2 7-6(6),completed,present,2025-08-07,2025-08-18,2025-08-08T14:49:27.707+00:00,False,2025-08-08T18:43:49.973+00:00,False,data/raw/wta/stats/_httpcache/2025/166d12e9d12ddb2f8dc87186f8b49d450c38c2c563d546e98301f4b37bcc9a34.json,80d8bc6b4893708267047d81c8de66abd2a7ec96a0975fd70adbad02b4a72768,1,139380.0,True,2025-08-08,stats,False,False
2025,1017,LS122,Camila Osorio,Moyuka Uchijima,325898,327241,R128,7-5 1-6 6-4,completed,present,2025-08-07,2025-08-18,2025-08-08T18:36:58.893+00:00,False,2025-08-08T20:59:29.403+00:00,False,data/raw/wta/stats/_httpcache/2025/166d12e9d12ddb2f8dc87186f8b49d450c38c2c563d546e98301f4b37bcc9a34.json,80d8bc6b4893708267047d81c8de66abd2a7ec96a0975fd70adbad02b4a72768,1,139387.0,True,2025-08-08,stats,False,False
2025,1017,LS125,Viktoriya Tomova,Ann Li,317584,326096,R128,6-4 7-5,completed,present,2025-08-07,2025-08-18,2025-08-08T19:21:37.09+00:00,False,2025-08-08T21:15:05.46+00:00,False,data/raw/wta/stats/_httpcache/2025/166d12e9d12ddb2f8dc87186f8b49d450c38c2c563d546e98301f4b37bcc9a34.json,80d8bc6b4893708267047d81c8de66abd2a7ec96a0975fd70adbad02b4a72768,1,139389.0,True,2025-08-08,stats,False,False
2025,1017,LS126,Xinyu Wang,Emiliana Arango,326376,324789,R128,7-6(1) 6-3,completed,present,2025-08-07,2025-08-18,2025-08-08T21:02:57.793+00:00,False,2025-08-08T23:07:06.45+00:00,False,data/raw/wta/stats/_httpcache/2025/166d12e9d12ddb2f8dc87186f8b49d450c38c2c563d546e98301f4b37bcc9a34.json,80d8bc6b4893708267047d81c8de66abd2a7ec96a0975fd70adbad02b4a72768,1,139390.0,True,2025-08-08,stats,False,False
2025,1020,LS001,Amanda Anisimova,Linda Noskova,326384,329668,F,6-0 2-6 6-2,completed,present,2025-09-24,2025-10-05,2025-10-05T10:48:52.17+00:00,False,2025-10-05T12:55:32.08+00:00,False,data/raw/wta/stats/_httpcache/2025/874b866917f5ee2d56e256b2a34c2fb508c0dceec29e8138a42888aa02ecb73a.json,0615346970639e7ba75cd78ac21982880303e58b39475fffe4feab085fb6fc9d,1,140525.0,True,2025-10-05,stats,False,False
2025,1020,LS002,Linda Noskova,Jessica Pegula,329668,316956,SF,6-3 1-6 7-6(6),completed,present,2025-09-24,2025-10-05,2025-10-04T09:49:09.42+00:00,False,2025-10-04T12:37:26.803+00:00,False,data/raw/wta/stats/_httpcache/2025/874b866917f5ee2d56e256b2a34c2fb508c0dceec29e8138a42888aa02ecb73a.json,0615346970639e7ba75cd78ac21982880303e58b39475fffe4feab085fb6fc9d,1,140496.0,True,2025-10-04,stats,False,False
2025,1020,LS003,Amanda Anisimova,Coco Gauff,326384,328560,SF,6-1 6-2,completed,present,2025-09-24,2025-10-05,2025-10-04T06:46:03.567+00:00,False,2025-10-04T08:06:55.107+00:00,False,data/raw/wta/stats/_httpcache/2025/874b866917f5ee2d56e256b2a34c2fb508c0dceec29e8138a42888aa02ecb73a.json,0615346970639e7ba75cd78ac21982880303e58b39475fffe4feab085fb6fc9d,1,140495.0,True,2025-10-04,stats,False,False
2025,1020,LS004,Jessica Pegula,Emma Navarro,316956,325410,QF,6-7(2) 6-2 6-1,completed,present,2025-09-24,2025-10-05,2025-10-03T09:48:13.827+00:00,False,2025-10-03T12:16:34.997+00:00,False,data/raw/wta/stats/_httpcache/2025/874b866917f5ee2d56e256b2a34c2fb508c0dceec29e8138a42888aa02ecb73a.json,0615346970639e7ba75cd78ac21982880303e58b39475fffe4feab085fb6fc9d,1,140483.0,True,2025-10-03,stats,False,False
2025,1020,LS005,Linda Noskova,Sonay Kartal,329668,329918,QF,6-3 6-4,completed,present,2025-09-24,2025-10-05,2025-10-03T06:48:41.327+00:00,False,2025-10-03T08:20:47.167+00:00,False,data/raw/wta/stats/_httpcache/2025/874b866917f5ee2d56e256b2a34c2fb508c0dceec29e8138a42888aa02ecb73a.json,0615346970639e7ba75cd78ac21982880303e58b39475fffe4feab085fb6fc9d,1,140482.0,True,2025-10-03,stats,False,False
2025,1020,LS006,Amanda Anisimova,Jasmine Paolini,326384,319280,QF,6-7(4) 6-3 6-4,completed,present,2025-09-24,2025-10-05,2025-10-02T09:44:28.897+00:00,False,2025-10-02T12:57:36.243+00:00,False,data/raw/wta/stats/_httpcache/2025/874b866917f5ee2d56e256b2a34c2fb508c0dceec29e8138a42888aa02ecb73a.json,0615346970639e7ba75cd78ac21982880303e58b39475fffe4feab085fb6fc9d,1,140465.0,True,2025-10-02,stats,False,False
2025,1020,LS007,Coco Gauff,Eva Lys,328560,325826,QF,6-3 6-4,completed,present,2025-09-24,2025-10-05,2025-10-02T06:44:31.98+00:00,False,2025-10-02T08:37:41.21+00:00,False,data/raw/wta/stats/_httpcache/2025/874b866917f5ee2d56e256b2a34c2fb508c0dceec29e8138a42888aa02ecb73a.json,0615346970639e7ba75cd78ac21982880303e58b39475fffe4feab085fb6fc9d,1,140464.0,True,2025-10-02,stats,False,False
2025,1020,LS008,Emma Navarro,Iga Swiatek,325410,326408,R16,6-4 4-6 6-0,completed,present,2025-09-24,2025-10-05,2025-10-01T10:43:35.733+00:00,False,2025-10-01T13:40:18.05+00:00,False,data/raw/wta/stats/_httpcache/2025/874b866917f5ee2d56e256b2a34c2fb508c0dceec29e8138a42888aa02ecb73a.json,0615346970639e7ba75cd78ac21982880303e58b39475fffe4feab085fb6fc9d,1,140440.0,True,2025-10-01,stats,False,False
2025,1020,LS009,Jessica Pegula,Marta Kostyuk,316956,326482,R16,6-3 6-7(4) 6-1,completed,present,2025-09-24,2025-10-05,2025-10-01T13:42:30.767+00:00,False,2025-10-01T16:21:10.033+00:00,False,data/raw/wta/stats/_httpcache/2025/874b866917f5ee2d56e256b2a34c2fb508c0dceec29e8138a42888aa02ecb73a.json,0615346970639e7ba75cd78ac21982880303e58b39475fffe4feab085fb6fc9d,1,140441.0,True,2025-10-01,stats,False,False
2025,1020,LS010,Sonay Kartal,Mirra Andreeva,329918,331809,R16,7-5 2-6 7-5,completed,present,2025-09-24,2025-10-05,2025-10-01T08:09:02.187+00:00,False,2025-10-01T10:49:32.747+00:00,False,data/raw/wta/stats/_httpcache/2025/874b866917f5ee2d56e256b2a34c2fb508c0dceec29e8138a42888aa02ecb73a.json,0615346970639e7ba75cd78ac21982880303e58b39475fffe4feab085fb6fc9d,1,140439.0,True,2025-10-01,stats,False,False
2025,1020,LS011,Linda Noskova,Anastasia Potapova,329668,325601,R16,6-2 6-4,completed,present,2025-09-24,2025-10-05,2025-10-01T06:18:52.603+00:00,False,2025-10-01T08:05:29.707+00:00,False,data/raw/wta/stats/_httpcache/2025/874b866917f5ee2d56e256b2a34c2fb508c0dceec29e8138a42888aa02ecb73a.json,0615346970639e7ba75cd78ac21982880303e58b39475fffe4feab085fb6fc9d,1,140438.0,True,2025-10-01,stats,False,False
2025,1020,LS012,Jasmine Paolini,Marie Bouzkova,319280,320983,R16,6-2 7-5,completed,present,2025-09-24,2025-10-05,2025-09-30T14:20:54.437+00:00,False,2025-09-30T16:26:18.103+00:00,False,data/raw/wta/stats/_httpcache/2025/874b866917f5ee2d56e256b2a34c2fb508c0dceec29e8138a42888aa02ecb73a.json,0615346970639e7ba75cd78ac21982880303e58b39475fffe4feab085fb6fc9d,1,140418.0,True,2025-09-30,stats,False,False
2025,1020,LS013,Amanda Anisimova,Karolina Muchova,326384,322191,R16,1-6 6-2 6-4,completed,present,2025-09-24,2025-10-05,2025-09-30T11:46:06.093+00:00,False,2025-09-30T14:19:41.277+00:00,False,data/raw/wta/stats/_httpcache/2025/874b866917f5ee2d56e256b2a34c2fb508c0dceec29e8138a42888aa02ecb73a.json,0615346970639e7ba75cd78ac21982880303e58b39475fffe4feab085fb6fc9d,1,140417.0,True,2025-09-30,stats,False,False
2025,1020,LS014,Eva Lys,McCartney Kessler,325826,326678,R16,4-6 6-1 6-2,completed,present,2025-09-24,2025-10-05,2025-09-30T05:23:07.193+00:00,False,2025-09-30T07:56:59.243+00:00,False,data/raw/wta/stats/_httpcache/2025/874b866917f5ee2d56e256b2a34c2fb508c0dceec29e8138a42888aa02ecb73a.json,0615346970639e7ba75cd78ac21982880303e58b39475fffe4feab085fb6fc9d,1,140416.0,True,2025-09-30,stats,False,False
2025,1020,LS015,Coco Gauff,Belinda Bencic,328560,319001,R16,4-6 7-6(4) 6-2,completed,present,2025-09-24,2025-10-05,2025-09-30T02:48:08.937+00:00,False,2025-09-30T05:40:10.57+00:00,False,data/raw/wta/stats/_httpcache/2025/874b866917f5ee2d56e256b2a34c2fb508c0dceec29e8138a42888aa02ecb73a.json,0615346970639e7ba75cd78ac21982880303e58b39475fffe4feab085fb6fc9d,1,140415.0,True,2025-09-30,stats,False,False
2025,1020,LS018,Marta Kostyuk,Aliaksandra Sasnovich,326482,317790,R32,6-4 6-2,completed,present,2025-09-24,2025-10-05,2025-09-29T04:38:57.207+00:00,False,2025-09-29T06:16:39.34+00:00,False,data/raw/wta/stats/_httpcache/2025/874b866917f5ee2d56e256b2a34c2fb508c0dceec29e8138a42888aa02ecb73a.json,0615346970639e7ba75cd78ac21982880303e58b39475fffe4feab085fb6fc9d,1,140385.0,True,2025-09-29,stats,False,False
2025,1020,LS019,Jessica Pegula,Emma Raducanu,316956,328366,R32,3-6 7-6(9) 6-0,completed,present,2025-09-24,2025-10-05,2025-09-29T07:31:57.24+00:00,False,2025-09-29T10:20:48.733+00:00,False,data/raw/wta/stats/_httpcache/2025/874b866917f5ee2d56e256b2a34c2fb508c0dceec29e8138a42888aa02ecb73a.json,0615346970639e7ba75cd78ac21982880303e58b39475fffe4feab085fb6fc9d,1,140387.0,True,2025-09-29,stats,False,False
2025,1020,LS020,Mirra Andreeva,Jessica Bouzas Maneiro,331809,328139,R32,6-4 6-1,completed,present,2025-09-24,2025-10-05,2025-09-29T02:45:28.747+00:00,False,2025-09-29T04:41:00.747+00:00,False,data/raw/wta/stats/_httpcache/2025/874b866917f5ee2d56e256b2a34c2fb508c0dceec29e8138a42888aa02ecb73a.json,0615346970639e7ba75cd78ac21982880303e58b39475fffe4feab085fb6fc9d,1,140384.0,True,2025-09-29,stats,False,False
2025,1020,LS021,Sonay Kartal,Maya Joint,329918,330544,R32,6-3 6-2,completed,present,2025-09-24,2025-10-05,2025-09-29T06:19:51.08+00:00,False,2025-09-29T07:47:47.4+00:00,False,data/raw/wta/stats/_httpcache/2025/874b866917f5ee2d56e256b2a34c2fb508c0dceec29e8138a42888aa02ecb73a.json,0615346970639e7ba75cd78ac21982880303e58b39475fffe4feab085fb6fc9d,1,140386.0,True,2025-09-29,stats,False,False
2025,1020,LS022,Anastasia Potapova,Zeynep Sonmez,325601,326907,R32,6-3 7-5,completed,present,2025-09-24,2025-10-05,2025-09-29T07:49:54.453+00:00,False,2025-09-29T09:33:29.523+00:00,False,data/raw/wta/stats/_httpcache/2025/874b866917f5ee2d56e256b2a34c2fb508c0dceec29e8138a42888aa02ecb73a.json,0615346970639e7ba75cd78ac21982880303e58b39475fffe4feab085fb6fc9d,1,140388.0,True,2025-09-29,stats,False,False
2025,1020,LS024,Jasmine Paolini,Sofia Kenin,319280,320942,R32,6-3 6-0,completed,present,2025-09-24,2025-10-05,2025-09-28T07:57:45.54+00:00,False,2025-09-28T09:24:24.263+00:00,False,data/raw/wta/stats/_httpcache/2025/874b866917f5ee2d56e256b2a34c2fb508c0dceec29e8138a42888aa02ecb73a.json,0615346970639e7ba75cd78ac21982880303e58b39475fffe4feab085fb6fc9d,1,140358.0,True,2025-09-28,stats,False,False
2025,1020,LS025,Marie Bouzkova,Veronika Kudermetova,320983,319526,R32,6-3 7-5,completed,present,2025-09-24,2025-10-05,2025-09-28T06:11:39.693+00:00,False,2025-09-28T08:49:16.887+00:00,False,data/raw/wta/stats/_httpcache/2025/874b866917f5ee2d56e256b2a34c2fb508c0dceec29e8138a42888aa02ecb73a.json,0615346970639e7ba75cd78ac21982880303e58b39475fffe4feab085fb6fc9d,1,140357.0,True,2025-09-28,stats,False,False
2025,1020,LS027,Amanda Anisimova,Shuai Zhang,326384,311779,R32,7-6(11) 6-0,completed,present,2025-09-24,2025-10-05,2025-09-28T13:56:04.6+00:00,False,2025-09-28T15:37:58.663+00:00,False,data/raw/wta/stats/_httpcache/2025/874b866917f5ee2d56e256b2a34c2fb508c0dceec29e8138a42888aa02ecb73a.json,0615346970639e7ba75cd78ac21982880303e58b39475fffe4feab085fb6fc9d,1,140360.0,True,2025-09-28,stats,False,False
2025,1020,LS028,Eva Lys,Elena Rybakina,325826,324166,R32,6-3 1-6 6-4,completed,present,2025-09-24,2025-10-05,2025-09-28T02:50:09.217+00:00,False,2025-09-28T05:23:19.533+00:00,False,data/raw/wta/stats/_httpcache/2025/874b866917f5ee2d56e256b2a34c2fb508c0dceec29e8138a42888aa02ecb73a.json,0615346970639e7ba75cd78ac21982880303e58b39475fffe4feab085fb6fc9d,1,140355.0,True,2025-09-28,stats,False,False
2025,1020,LS030,Belinda Bencic,Priscilla Hon,319001,320543,R32,4-6 6-4 6-3,completed,present,2025-09-24,2025-10-05,2025-09-28T08:52:39.44+00:00,False,2025-09-28T11:32:43.053+00:00,False,data/raw/wta/stats/_httpcache/2025/874b866917f5ee2d56e256b2a34c2fb508c0dceec29e8138a42888aa02ecb73a.json,0615346970639e7ba75cd78ac21982880303e58b39475fffe4feab085fb6fc9d,1,140359.0,True,2025-09-28,stats,False,False
2025,1020,LS031,Coco Gauff,Leylah Fernandez,328560,326735,R32,6-4 4-6 7-5,completed,present,2025-09-24,2025-10-05,2025-09-28T04:48:03.5+00:00,False,2025-09-28T07:54:54.243+00:00,False,data/raw/wta/stats/_httpcache/2025/874b866917f5ee2d56e256b2a34c2fb508c0dceec29e8138a42888aa02ecb73a.json,0615346970639e7ba75cd78ac21982880303e58b39475fffe4feab085fb6fc9d,1,140356.0,True,2025-09-28,stats,False,False
2025,1020,LS032,Iga Swiatek,Yue Yuan,326408,324325,R64,6-0 6-3,completed,present,2025-09-24,2025-10-05,2025-09-27T04:30:37.45+00:00,False,2025-09-27T06:04:50.847+00:00,False,data/raw/wta/stats/_httpcache/2025/874b866917f5ee2d56e256b2a34c2fb508c0dceec29e8138a42888aa02ecb73a.json,0615346970639e7ba75cd78ac21982880303e58b39475fffe4feab085fb6fc9d,1,140335.0,True,2025-09-27,stats,False,False
2025,1020,LS033,Camila Osorio,Anna Kalinskaya,325898,323942,R64,6-1 4-6 6-4,completed,present,2025-09-24,2025-10-05,2025-09-27T02:42:55.76+00:00,False,2025-09-27T05:23:21.277+00:00,False,data/raw/wta/stats/_httpcache/2025/874b866917f5ee2d56e256b2a34c2fb508c0dceec29e8138a42888aa02ecb73a.json,0615346970639e7ba75cd78ac21982880303e58b39475fffe4feab085fb6fc9d,1,140331.0,True,2025-09-27,stats,False,False
2025,1020,LS034,Lois Boisson,Liudmila Samsonova,328884,322222,R64,6-3 6-4,completed,present,2025-09-24,2025-10-05,2025-09-27T05:13:59.443+00:00,False,2025-09-27T06:51:58.387+00:00,False,data/raw/wta/stats/_httpcache/2025/874b866917f5ee2d56e256b2a34c2fb508c0dceec29e8138a42888aa02ecb73a.json,0615346970639e7ba75cd78ac21982880303e58b39475fffe4feab085fb6fc9d,1,140336.0,True,2025-09-27,stats,False,False
2025,1020,LS035,Emma Navarro,Elena-Gabriela Ruse,325410,320408,R64,6-3 7-6(0),completed,present,2025-09-24,2025-10-05,2025-09-27T02:37:44.083+00:00,False,2025-09-27T05:10:45.207+00:00,False,data/raw/wta/stats/_httpcache/2025/874b866917f5ee2d56e256b2a34c2fb508c0dceec29e8138a42888aa02ecb73a.json,0615346970639e7ba75cd78ac21982880303e58b39475fffe4feab085fb6fc9d,1,140330.0,True,2025-09-27,stats,False,False
2025,1020,LS036,Aliaksandra Sasnovich,Naomi Osaka,317790,319998,R64,1-6 6-4 6-2,completed,present,2025-09-24,2025-10-05,2025-09-27T08:48:50.303+00:00,False,2025-09-27T11:00:31.067+00:00,False,data/raw/wta/stats/_httpcache/2025/874b866917f5ee2d56e256b2a34c2fb508c0dceec29e8138a42888aa02ecb73a.json,0615346970639e7ba75cd78ac21982880303e58b39475fffe4feab085fb6fc9d,1,140342.0,True,2025-09-27,stats,False,False
2025,1020,LS037,Marta Kostyuk,Ella Seidel,326482,330548,R64,6-1 6-1,completed,present,2025-09-24,2025-10-05,2025-09-27T06:54:52.773+00:00,False,2025-09-27T08:13:31.583+00:00,False,data/raw/wta/stats/_httpcache/2025/874b866917f5ee2d56e256b2a34c2fb508c0dceec29e8138a42888aa02ecb73a.json,0615346970639e7ba75cd78ac21982880303e58b39475fffe4feab085fb6fc9d,1,140339.0,True,2025-09-27,stats,False,False
2025,1020,LS038,Emma Raducanu,Cristina Bucsa,328366,321158,R64,6-3 6-3,completed,present,2025-09-24,2025-10-05,2025-09-27T11:04:53.333+00:00,False,2025-09-27T12:59:11.373+00:00,False,data/raw/wta/stats/_httpcache/2025/874b866917f5ee2d56e256b2a34c2fb508c0dceec29e8138a42888aa02ecb73a.json,0615346970639e7ba75cd78ac21982880303e58b39475fffe4feab085fb6fc9d,1,140345.0,True,2025-09-27,stats,False,False
2025,1020,LS039,Jessica Pegula,Ajla Tomljanovic,316956,315232,R64,6-0 6-3,completed,present,2025-09-24,2025-10-05,2025-09-27T07:31:38.793+00:00,False,2025-09-27T08:45:32.14+00:00,False,data/raw/wta/stats/_httpcache/2025/874b866917f5ee2d56e256b2a34c2fb508c0dceec29e8138a42888aa02ecb73a.json,0615346970639e7ba75cd78ac21982880303e58b39475fffe4feab085fb6fc9d,1,140340.0,True,2025-09-27,stats,False,False
2025,1020,LS040,Mirra Andreeva,Lin Zhu,331809,317306,R64,6-2 6-2,completed,present,2025-09-24,2025-10-05,2025-09-27T02:44:17.507+00:00,False,2025-09-27T04:28:10.037+00:00,False,data/raw/wta/stats/_httpcache/2025/874b866917f5ee2d56e256b2a34c2fb508c0dceec29e8138a42888aa02ecb73a.json,0615346970639e7ba75cd78ac21982880303e58b39475fffe4feab085fb6fc9d,1,140332.0,True,2025-09-27,stats,False,False
2025,1020,LS041,Jessica Bouzas Maneiro,Dayana Yastremska,328139,324261,R64,7-5 6-4,completed,present,2025-09-24,2025-10-05,2025-09-27T02:45:42.223+00:00,False,2025-09-27T04:43:11.07+00:00,False,data/raw/wta/stats/_httpcache/2025/874b866917f5ee2d56e256b2a34c2fb508c0dceec29e8138a42888aa02ecb73a.json,0615346970639e7ba75cd78ac21982880303e58b39475fffe4feab085fb6fc9d,1,140333.0,True,2025-09-27,stats,False,False
2025,1020,LS042,Maya Joint,Diana Shnaider,330544,330482,R64,7-5 6-1,completed,present,2025-09-24,2025-10-05,2025-09-27T05:25:47.507+00:00,False,2025-09-27T07:02:42.17+00:00,False,data/raw/wta/stats/_httpcache/2025/874b866917f5ee2d56e256b2a34c2fb508c0dceec29e8138a42888aa02ecb73a.json,0615346970639e7ba75cd78ac21982880303e58b39475fffe4feab085fb6fc9d,1,140338.0,True,2025-09-27,stats,False,False
2025,1020,LS043,Sonay Kartal,Daria Kasatkina,329918,322082,R64,6-3 6-0,completed,present,2025-09-24,2025-10-05,2025-09-27T09:07:11.617+00:00,False,2025-09-27T10:25:56.783+00:00,False,data/raw/wta/stats/_httpcache/2025/874b866917f5ee2d56e256b2a34c2fb508c0dceec29e8138a42888aa02ecb73a.json,0615346970639e7ba75cd78ac21982880303e58b39475fffe4feab085fb6fc9d,1,140343.0,True,2025-09-27,stats,False,False
2025,1020,LS044,Zeynep Sonmez,Clara Tauson,326907,327793,R64,6-4 2-6 6-3,completed,present,2025-09-24,2025-10-05,2025-09-27T05:16:48.583+00:00,False,2025-09-27T07:33:04.823+00:00,False,data/raw/wta/stats/_httpcache/2025/874b866917f5ee2d56e256b2a34c2fb508c0dceec29e8138a42888aa02ecb73a.json,0615346970639e7ba75cd78ac21982880303e58b39475fffe4feab085fb6fc9d,1,140337.0,True,2025-09-27,stats,False,False
2025,1020,LS045,Anastasia Potapova,Victoria Mboko,325601,331006,R64,7-6(5) 7-5,completed,present,2025-09-24,2025-10-05,2025-09-27T02:50:21.447+00:00,False,2025-09-27T05:13:53.073+00:00,False,data/raw/wta/stats/_httpcache/2025/874b866917f5ee2d56e256b2a34c2fb508c0dceec29e8138a42888aa02ecb73a.json,0615346970639e7ba75cd78ac21982880303e58b39475fffe4feab085fb6fc9d,1,140334.0,True,2025-09-27,stats,False,False
2025,1020,LS046,Linda Noskova,Xiyu Wang,329668,326160,R64,6-3 6-2,completed,present,2025-09-24,2025-10-05,2025-09-27T07:36:53.55+00:00,False,2025-09-27T09:04:28.927+00:00,False,data/raw/wta/stats/_httpcache/2025/874b866917f5ee2d56e256b2a34c2fb508c0dceec29e8138a42888aa02ecb73a.json,0615346970639e7ba75cd78ac21982880303e58b39475fffe4feab085fb6fc9d,1,140341.0,True,2025-09-27,stats,False,False
2025,1020,LS047,Qinwen Zheng,Emiliana Arango,328120,324789,R64,6-3 6-2,completed,present,2025-09-24,2025-10-05,2025-09-27T10:45:41.13+00:00,False,2025-09-27T12:34:55.183+00:00,False,data/raw/wta/stats/_httpcache/2025/874b866917f5ee2d56e256b2a34c2fb508c0dceec29e8138a42888aa02ecb73a.json,0615346970639e7ba75cd78ac21982880303e58b39475fffe4feab085fb6fc9d,1,140344.0,True,2025-09-27,stats,False,False
2025,1020,LS048,Jasmine Paolini,Anastasija Sevastova,319280,313987,R64,6-1 6-3,completed,present,2025-09-24,2025-10-05,2025-09-26T07:58:22.83+00:00,False,2025-09-26T09:24:22.877+00:00,False,data/raw/wta/stats/_httpcache/2025/874b866917f5ee2d56e256b2a34c2fb508c0dceec29e8138a42888aa02ecb73a.json,0615346970639e7ba75cd78ac21982880303e58b39475fffe4feab085fb6fc9d,1,140318.0,True,2025-09-26,stats,False,False
2025,1020,LS049,Sofia Kenin,Polina Kudermetova,320942,328897,R64,6-4 6-2,completed,present,2025-09-24,2025-10-05,2025-09-26T02:49:57.6+00:00,False,2025-09-26T04:27:01.807+00:00,False,data/raw/wta/stats/_httpcache/2025/874b866917f5ee2d56e256b2a34c2fb508c0dceec29e8138a42888aa02ecb73a.json,0615346970639e7ba75cd78ac21982880303e58b39475fffe4feab085fb6fc9d,1,140312.0,True,2025-09-26,stats,False,False
2025,1020,LS050,Veronika Kudermetova,Anna Bondar,319526,322942,R64,7-5 6-3,completed,present,2025-09-24,2025-10-05,2025-09-26T06:54:05.723+00:00,False,2025-09-26T08:43:47.737+00:00,False,data/raw/wta/stats/_httpcache/2025/874b866917f5ee2d56e256b2a34c2fb508c0dceec29e8138a42888aa02ecb73a.json,0615346970639e7ba75cd78ac21982880303e58b39475fffe4feab085fb6fc9d,1,140316.0,True,2025-09-26,stats,False,False
2025,1020,LS051,Marie Bouzkova,Magda Linette,320983,315130,R64,7-5 7-5,completed,present,2025-09-24,2025-10-05,2025-09-26T04:30:13.29+00:00,False,2025-09-26T06:50:49.9+00:00,False,data/raw/wta/stats/_httpcache/2025/874b866917f5ee2d56e256b2a34c2fb508c0dceec29e8138a42888aa02ecb73a.json,0615346970639e7ba75cd78ac21982880303e58b39475fffe4feab085fb6fc9d,1,140314.0,True,2025-09-26,stats,False,False
2025,1020,LS052,Karolina Muchova,Sorana Cirstea,322191,312469,R64,6-2 6-3,completed,present,2025-09-24,2025-10-05,2025-09-26T11:08:36.27+00:00,False,2025-09-26T12:49:49.92+00:00,False,data/raw/wta/stats/_httpcache/2025/874b866917f5ee2d56e256b2a34c2fb508c0dceec29e8138a42888aa02ecb73a.json,0615346970639e7ba75cd78ac21982880303e58b39475fffe4feab085fb6fc9d,1,140324.0,True,2025-09-26,stats,False,False
2025,1020,LS053,Paula Badosa,Antonia Ruzic,320124,329505,R64,6-3 7-6(2),completed,present,2025-09-24,2025-10-05,2025-09-26T07:22:08.543+00:00,False,2025-09-26T09:10:13.993+00:00,False,data/raw/wta/stats/_httpcache/2025/874b866917f5ee2d56e256b2a34c2fb508c0dceec29e8138a42888aa02ecb73a.json,0615346970639e7ba75cd78ac21982880303e58b39475fffe4feab085fb6fc9d,1,140317.0,True,2025-09-26,stats,False,False
2025,1020,LS054,Shuai Zhang,Xinyu Wang,311779,326376,R64,6-4 6-2,completed,present,2025-09-24,2025-10-05,2025-09-26T10:51:07.067+00:00,False,2025-09-26T12:36:19.363+00:00,False,data/raw/wta/stats/_httpcache/2025/874b866917f5ee2d56e256b2a34c2fb508c0dceec29e8138a42888aa02ecb73a.json,0615346970639e7ba75cd78ac21982880303e58b39475fffe4feab085fb6fc9d,1,140323.0,True,2025-09-26,stats,False,False
2025,1020,LS055,Amanda Anisimova,Katie Boulter,326384,319125,R64,6-1 6-3,completed,present,2025-09-24,2025-10-05,2025-09-26T09:28:13.667+00:00,False,2025-09-26T11:05:23.203+00:00,False,data/raw/wta/stats/_httpcache/2025/874b866917f5ee2d56e256b2a34c2fb508c0dceec29e8138a42888aa02ecb73a.json,0615346970639e7ba75cd78ac21982880303e58b39475fffe4feab085fb6fc9d,1,140321.0,True,2025-09-26,stats,False,False
2025,1020,LS056,Elena Rybakina,Caty McNally,324166,325725,R64,7-5 4-6 6-3,completed,present,2025-09-24,2025-10-05,2025-09-26T05:11:20.96+00:00,False,2025-09-26T07:54:31.827+00:00,False,data/raw/wta/stats/_httpcache/2025/874b866917f5ee2d56e256b2a34c2fb508c0dceec29e8138a42888aa02ecb73a.json,0615346970639e7ba75cd78ac21982880303e58b39475fffe4feab085fb6fc9d,1,140315.0,True,2025-09-26,stats,False,False
2025,1020,LS057,Eva Lys,Iva Jovic,325826,332285,R64,6-3 4-6 7-5,completed,present,2025-09-24,2025-10-05,2025-09-26T04:30:09.727+00:00,False,2025-09-26T07:20:21.487+00:00,False,data/raw/wta/stats/_httpcache/2025/874b866917f5ee2d56e256b2a34c2fb508c0dceec29e8138a42888aa02ecb73a.json,0615346970639e7ba75cd78ac21982880303e58b39475fffe4feab085fb6fc9d,1,140313.0,True,2025-09-26,stats,False,False
2025,1020,LS058,McCartney Kessler,Elise Mertens,326678,317964,R64,6-2 6-4,completed,present,2025-09-24,2025-10-05,2025-09-26T09:13:38.673+00:00,False,2025-09-26T10:42:56.583+00:00,False,data/raw/wta/stats/_httpcache/2025/874b866917f5ee2d56e256b2a34c2fb508c0dceec29e8138a42888aa02ecb73a.json,0615346970639e7ba75cd78ac21982880303e58b39475fffe4feab085fb6fc9d,1,140319.0,True,2025-09-26,stats,False,False
2025,1020,LS059,Barbora Krejcikova,Ekaterina Alexandrova,318314,319007,R64,7-5 6-2,completed,present,2025-09-24,2025-10-05,2025-09-26T09:24:53.86+00:00,False,2025-09-26T11:04:37.943+00:00,False,data/raw/wta/stats/_httpcache/2025/874b866917f5ee2d56e256b2a34c2fb508c0dceec29e8138a42888aa02ecb73a.json,0615346970639e7ba75cd78ac21982880303e58b39475fffe4feab085fb6fc9d,1,140320.0,True,2025-09-26,stats,False,False
2025,1020,LS060,Belinda Bencic,Katie Volynets,319001,327391,R64,6-3 6-3,completed,present,2025-09-24,2025-10-05,2025-09-26T11:58:47.423+00:00,False,2025-09-26T13:47:07.48+00:00,False,data/raw/wta/stats/_httpcache/2025/874b866917f5ee2d56e256b2a34c2fb508c0dceec29e8138a42888aa02ecb73a.json,0615346970639e7ba75cd78ac21982880303e58b39475fffe4feab085fb6fc9d,1,140325.0,True,2025-09-26,stats,False,False
2025,1020,LS061,Priscilla Hon,Jelena Ostapenko,320543,319939,R64,6-3 6-2,completed,present,2025-09-24,2025-10-05,2025-09-26T10:34:09.15+00:00,False,2025-09-26T11:56:20.267+00:00,False,data/raw/wta/stats/_httpcache/2025/874b866917f5ee2d56e256b2a34c2fb508c0dceec29e8138a42888aa02ecb73a.json,0615346970639e7ba75cd78ac21982880303e58b39475fffe4feab085fb6fc9d,1,140322.0,True,2025-09-26,stats,False,False
2025,1020,LS062,Leylah Fernandez,Maria Sakkari,326735,318312,R64,6-2 6-0,completed,present,2025-09-24,2025-10-05,2025-09-26T02:47:02.617+00:00,False,2025-09-26T04:25:45.213+00:00,False,data/raw/wta/stats/_httpcache/2025/874b866917f5ee2d56e256b2a34c2fb508c0dceec29e8138a42888aa02ecb73a.json,0615346970639e7ba75cd78ac21982880303e58b39475fffe4feab085fb6fc9d,1,140311.0,True,2025-09-26,stats,False,False
2025,1020,LS063,Coco Gauff,Kamilla Rakhimova,328560,325936,R64,6-4 6-0,completed,present,2025-09-24,2025-10-05,2025-09-26T02:45:36.2+00:00,False,2025-09-26T04:51:59.917+00:00,False,data/raw/wta/stats/_httpcache/2025/874b866917f5ee2d56e256b2a34c2fb508c0dceec29e8138a42888aa02ecb73a.json,0615346970639e7ba75cd78ac21982880303e58b39475fffe4feab085fb6fc9d,1,140310.0,True,2025-09-26,stats,False,False
2025,1020,LS065,Yue Yuan,Yulia Putintseva,324325,317683,R128,6-3 6-3,completed,present,2025-09-24,2025-10-05,2025-09-25T12:40:09.79+00:00,False,2025-09-25T14:17:51.723+00:00,False,data/raw/wta/stats/_httpcache/2025/874b866917f5ee2d56e256b2a34c2fb508c0dceec29e8138a42888aa02ecb73a.json,0615346970639e7ba75cd78ac21982880303e58b39475fffe4feab085fb6fc9d,1,140305.0,True,2025-09-25,stats,False,False
2025,1020,LS066,Camila Osorio,Ann Li,325898,326096,R128,7-5 6-7(5) 7-5,completed,present,2025-09-24,2025-10-05,2025-09-25T02:51:13.613+00:00,False,2025-09-25T06:09:18.587+00:00,False,data/raw/wta/stats/_httpcache/2025/874b866917f5ee2d56e256b2a34c2fb508c0dceec29e8138a42888aa02ecb73a.json,0615346970639e7ba75cd78ac21982880303e58b39475fffe4feab085fb6fc9d,1,140292.0,True,2025-09-25,stats,False,False
2025,1020,LS069,Lois Boisson,Dalma Galfi,328884,321106,R128,7-6(6) 5-7 6-2,completed,present,2025-09-24,2025-10-05,2025-09-25T08:19:25.92+00:00,False,2025-09-25T11:59:28.897+00:00,False,data/raw/wta/stats/_httpcache/2025/874b866917f5ee2d56e256b2a34c2fb508c0dceec29e8138a42888aa02ecb73a.json,0615346970639e7ba75cd78ac21982880303e58b39475fffe4feab085fb6fc9d,1,140302.0,True,2025-09-25,stats,False,False
2025,1020,LS070,Elena-Gabriela Ruse,Rebecca Sramkova,320408,320228,R128,6-2 6-2,completed,present,2025-09-24,2025-10-05,2025-09-25T04:13:11.017+00:00,False,2025-09-25T05:37:42.123+00:00,False,data/raw/wta/stats/_httpcache/2025/874b866917f5ee2d56e256b2a34c2fb508c0dceec29e8138a42888aa02ecb73a.json,0615346970639e7ba75cd78ac21982880303e58b39475fffe4feab085fb6fc9d,1,140294.0,True,2025-09-25,stats,False,False
2025,1020,LS073,Aliaksandra Sasnovich,Janice Tjen,317790,328818,R128,6-7(4) 7-5 6-1,completed,present,2025-09-24,2025-10-05,2025-09-25T05:18:09.1+00:00,False,2025-09-25T07:59:09.683+00:00,False,data/raw/wta/stats/_httpcache/2025/874b866917f5ee2d56e256b2a34c2fb508c0dceec29e8138a42888aa02ecb73a.json,0615346970639e7ba75cd78ac21982880303e58b39475fffe4feab085fb6fc9d,1,140295.0,True,2025-09-25,stats,False,False
2025,1020,LS074,Ella Seidel,Magdalena Frech,330548,320277,R128,7-5 6-4,completed,present,2025-09-24,2025-10-05,2025-09-25T06:12:11.527+00:00,False,2025-09-25T08:16:34.037+00:00,False,data/raw/wta/stats/_httpcache/2025/874b866917f5ee2d56e256b2a34c2fb508c0dceec29e8138a42888aa02ecb73a.json,0615346970639e7ba75cd78ac21982880303e58b39475fffe4feab085fb6fc9d,1,140298.0,True,2025-09-25,stats,False,False
2025,1020,LS077,Cristina Bucsa,Donna Vekic,321158,318516,R128,6-2 6-4,completed,present,2025-09-24,2025-10-05,2025-09-25T07:54:13.407+00:00,False,2025-09-25T09:31:46.697+00:00,False,data/raw/wta/stats/_httpcache/2025/874b866917f5ee2d56e256b2a34c2fb508c0dceec29e8138a42888aa02ecb73a.json,0615346970639e7ba75cd78ac21982880303e58b39475fffe4feab085fb6fc9d,1,140300.0,True,2025-09-25,stats,False,False
2025,1020,LS078,Ajla Tomljanovic,Yuliia Starodubtseva,315232,325338,R128,7-6(1) 6-2,completed,present,2025-09-24,2025-10-05,2025-09-25T02:44:12.183+00:00,False,2025-09-25T05:15:29.943+00:00,False,data/raw/wta/stats/_httpcache/2025/874b866917f5ee2d56e256b2a34c2fb508c0dceec29e8138a42888aa02ecb73a.json,0615346970639e7ba75cd78ac21982880303e58b39475fffe4feab085fb6fc9d,1,140291.0,True,2025-09-25,stats,False,False
2025,1020,LS081,Lin Zhu,Moyuka Uchijima,317306,327241,R128,6-1 6-3,completed,present,2025-09-24,2025-10-05,2025-09-25T06:10:33.55+00:00,False,2025-09-25T07:50:57.267+00:00,False,data/raw/wta/stats/_httpcache/2025/874b866917f5ee2d56e256b2a34c2fb508c0dceec29e8138a42888aa02ecb73a.json,0615346970639e7ba75cd78ac21982880303e58b39475fffe4feab085fb6fc9d,1,140297.0,True,2025-09-25,stats,False,False
2025,1020,LS082,Jessica Bouzas Maneiro,Jaqueline Cristian,328139,320319,R128,6-4 6-0,completed,present,2025-09-24,2025-10-05,2025-09-25T08:48:23.017+00:00,False,2025-09-25T10:18:43.743+00:00,False,data/raw/wta/stats/_httpcache/2025/874b866917f5ee2d56e256b2a34c2fb508c0dceec29e8138a42888aa02ecb73a.json,0615346970639e7ba75cd78ac21982880303e58b39475fffe4feab085fb6fc9d,1,140303.0,True,2025-09-25,stats,False,False
2025,1020,LS085,Maya Joint,Victoria Jimenez Kasintseva,330544,330352,R128,6-3 6-2,completed,present,2025-09-24,2025-10-05,2025-09-25T08:01:58.04+00:00,False,2025-09-25T09:30:50.643+00:00,False,data/raw/wta/stats/_httpcache/2025/874b866917f5ee2d56e256b2a34c2fb508c0dceec29e8138a42888aa02ecb73a.json,0615346970639e7ba75cd78ac21982880303e58b39475fffe4feab085fb6fc9d,1,140301.0,True,2025-09-25,stats,False,False
2025,1020,LS086,Sonay Kartal,Alycia Parks,329918,326007,R128,6-3 6-2,completed,present,2025-09-24,2025-10-05,2025-09-25T07:18:04.423+00:00,False,2025-09-25T08:42:17.407+00:00,False,data/raw/wta/stats/_httpcache/2025/874b866917f5ee2d56e256b2a34c2fb508c0dceec29e8138a42888aa02ecb73a.json,0615346970639e7ba75cd78ac21982880303e58b39475fffe4feab085fb6fc9d,1,140299.0,True,2025-09-25,stats,False,False
2025,1020,LS089,Zeynep Sonmez,Sijia Wei,326907,328426,R128,6-2 6-0,completed,present,2025-09-24,2025-10-05,2025-09-25T02:53:42.54+00:00,False,2025-09-25T04:10:27.83+00:00,False,data/raw/wta/stats/_httpcache/2025/874b866917f5ee2d56e256b2a34c2fb508c0dceec29e8138a42888aa02ecb73a.json,0615346970639e7ba75cd78ac21982880303e58b39475fffe4feab085fb6fc9d,1,140293.0,True,2025-09-25,stats,False,False
2025,1020,LS090,Anastasia Potapova,Katerina Siniakova,325601,320301,R128,6-3 6-4,completed,present,2025-09-24,2025-10-05,2025-09-25T05:40:20.4+00:00,False,2025-09-25T07:15:43.76+00:00,False,data/raw/wta/stats/_httpcache/2025/874b866917f5ee2d56e256b2a34c2fb508c0dceec29e8138a42888aa02ecb73a.json,0615346970639e7ba75cd78ac21982880303e58b39475fffe4feab085fb6fc9d,1,140296.0,True,2025-09-25,stats,False,False
2025,1020,LS093,Xiyu Wang,Hanyu Guo,326160,323087,R128,7-5 6-1,completed,present,2025-09-24,2025-10-05,2025-09-25T02:42:48.12+00:00,False,2025-09-25T04:44:30.277+00:00,False,data/raw/wta/stats/_httpcache/2025/874b866917f5ee2d56e256b2a34c2fb508c0dceec29e8138a42888aa02ecb73a.json,0615346970639e7ba75cd78ac21982880303e58b39475fffe4feab085fb6fc9d,1,140290.0,True,2025-09-25,stats,False,False
2025,1020,LS094,Emiliana Arango,Suzan Lamens,324789,324898,R128,6-3 6-3,completed,present,2025-09-24,2025-10-05,2025-09-25T09:45:00.097+00:00,False,2025-09-25T11:30:59.123+00:00,False,data/raw/wta/stats/_httpcache/2025/874b866917f5ee2d56e256b2a34c2fb508c0dceec29e8138a42888aa02ecb73a.json,0615346970639e7ba75cd78ac21982880303e58b39475fffe4feab085fb6fc9d,1,140304.0,True,2025-09-25,stats,False,False
2025,1020,LS097,Anastasija Sevastova,Kimberly Birrell,313987,320728,R128,6-3 7-6(1),completed,present,2025-09-24,2025-10-05,2025-09-24T02:48:19.21+00:00,False,2025-09-24T05:01:09.287+00:00,False,data/raw/wta/stats/_httpcache/2025/874b866917f5ee2d56e256b2a34c2fb508c0dceec29e8138a42888aa02ecb73a.json,0615346970639e7ba75cd78ac21982880303e58b39475fffe4feab085fb6fc9d,1,140271.0,True,2025-09-24,stats,False,False
2025,1020,LS098,Polina Kudermetova,Maddison Inglis,328897,321179,R128,7-5 7-6(7),completed,present,2025-09-24,2025-10-05,2025-09-24T08:07:24.543+00:00,False,2025-09-24T10:26:13.2+00:00,False,data/raw/wta/stats/_httpcache/2025/874b866917f5ee2d56e256b2a34c2fb508c0dceec29e8138a42888aa02ecb73a.json,0615346970639e7ba75cd78ac21982880303e58b39475fffe4feab085fb6fc9d,1,140280.0,True,2025-09-24,stats,False,False
2025,1020,LS101,Anna Bondar,Bianca Andreescu,322942,325088,R128,6-4 7-6(4),completed,present,2025-09-24,2025-10-05,2025-09-24T12:41:33.11+00:00,False,2025-09-24T14:56:04.093+00:00,False,data/raw/wta/stats/_httpcache/2025/874b866917f5ee2d56e256b2a34c2fb508c0dceec29e8138a42888aa02ecb73a.json,0615346970639e7ba75cd78ac21982880303e58b39475fffe4feab085fb6fc9d,1,140285.0,True,2025-09-24,stats,False,False
2025,1020,LS102,Marie Bouzkova,Tatjana Maria,320983,310440,R128,6-2 6-4,completed,present,2025-09-24,2025-10-05,2025-09-24T10:40:53.073+00:00,False,2025-09-24T12:10:48.25+00:00,False,data/raw/wta/stats/_httpcache/2025/874b866917f5ee2d56e256b2a34c2fb508c0dceec29e8138a42888aa02ecb73a.json,0615346970639e7ba75cd78ac21982880303e58b39475fffe4feab085fb6fc9d,1,140284.0,True,2025-09-24,stats,False,False
2025,1020,LS105,Sorana Cirstea,Caroline Dolehide,312469,322052,R128,6-2 6-3,completed,present,2025-09-24,2025-10-05,2025-09-24T02:52:41.823+00:00,False,2025-09-24T04:17:37.287+00:00,False,data/raw/wta/stats/_httpcache/2025/874b866917f5ee2d56e256b2a34c2fb508c0dceec29e8138a42888aa02ecb73a.json,0615346970639e7ba75cd78ac21982880303e58b39475fffe4feab085fb6fc9d,1,140272.0,True,2025-09-24,stats,False,False
2025,1020,LS106,Antonia Ruzic,Elsa Jacquemot,329505,328142,R128,6-3 6-3,completed,present,2025-09-24,2025-10-05,2025-09-24T06:15:08.07+00:00,False,2025-09-24T08:04:26.483+00:00,False,data/raw/wta/stats/_httpcache/2025/874b866917f5ee2d56e256b2a34c2fb508c0dceec29e8138a42888aa02ecb73a.json,0615346970639e7ba75cd78ac21982880303e58b39475fffe4feab085fb6fc9d,1,140276.0,True,2025-09-24,stats,False,False
2025,1020,LS109,Shuai Zhang,Anastasia Zakharova,311779,327367,R128,3-6 6-1 6-4,completed,present,2025-09-24,2025-10-05,2025-09-24T10:18:51.12+00:00,False,2025-09-24T12:37:15.937+00:00,False,data/raw/wta/stats/_httpcache/2025/874b866917f5ee2d56e256b2a34c2fb508c0dceec29e8138a42888aa02ecb73a.json,0615346970639e7ba75cd78ac21982880303e58b39475fffe4feab085fb6fc9d,1,140283.0,True,2025-09-24,stats,False,False
2025,1020,LS110,Katie Boulter,Hailey Baptiste,319125,327101,R128,7-5 5-7 6-4,completed,present,2025-09-24,2025-10-05,2025-09-24T07:44:12.977+00:00,False,2025-09-24T10:37:37.393+00:00,False,data/raw/wta/stats/_httpcache/2025/874b866917f5ee2d56e256b2a34c2fb508c0dceec29e8138a42888aa02ecb73a.json,0615346970639e7ba75cd78ac21982880303e58b39475fffe4feab085fb6fc9d,1,140279.0,True,2025-09-24,stats,False,False
2025,1020,LS113,Caty McNally,Laura Siegemund,325725,310926,R128,6-4 6-2,completed,present,2025-09-24,2025-10-05,2025-09-24T04:20:08.363+00:00,False,2025-09-24T06:24:06.267+00:00,False,data/raw/wta/stats/_httpcache/2025/874b866917f5ee2d56e256b2a34c2fb508c0dceec29e8138a42888aa02ecb73a.json,0615346970639e7ba75cd78ac21982880303e58b39475fffe4feab085fb6fc9d,1,140273.0,True,2025-09-24,stats,False,False
2025,1020,LS114,Eva Lys,Ruien Zhang,325826,333415,R128,6-1 6-0,completed,present,2025-09-24,2025-10-05,2025-09-24T06:29:06.083+00:00,False,2025-09-24T07:39:49.96+00:00,False,data/raw/wta/stats/_httpcache/2025/874b866917f5ee2d56e256b2a34c2fb508c0dceec29e8138a42888aa02ecb73a.json,0615346970639e7ba75cd78ac21982880303e58b39475fffe4feab085fb6fc9d,1,140277.0,True,2025-09-24,stats,False,False
2025,1020,LS117,McCartney Kessler,Han Shi,326678,329824,R128,6-2 7-6(5),completed,present,2025-09-24,2025-10-05,2025-09-24T02:45:15.987+00:00,False,2025-09-24T04:58:40.407+00:00,False,data/raw/wta/stats/_httpcache/2025/874b866917f5ee2d56e256b2a34c2fb508c0dceec29e8138a42888aa02ecb73a.json,0615346970639e7ba75cd78ac21982880303e58b39475fffe4feab085fb6fc9d,1,140270.0,True,2025-09-24,stats,False,False
2025,1020,LS118,Barbora Krejcikova,Anna Blinkova,318314,324267,R128,6-2 6-2,completed,present,2025-09-24,2025-10-05,2025-09-24T08:51:46.957+00:00,False,2025-09-24T10:16:27.613+00:00,False,data/raw/wta/stats/_httpcache/2025/874b866917f5ee2d56e256b2a34c2fb508c0dceec29e8138a42888aa02ecb73a.json,0615346970639e7ba75cd78ac21982880303e58b39475fffe4feab085fb6fc9d,1,140281.0,True,2025-09-24,stats,False,False
2025,1020,LS121,Katie Volynets,Peyton Stearns,327391,327573,R128,6-4 2-6 6-3,completed,present,2025-09-24,2025-10-05,2025-09-24T09:29:13.957+00:00,False,2025-09-24T11:50:23.837+00:00,False,data/raw/wta/stats/_httpcache/2025/874b866917f5ee2d56e256b2a34c2fb508c0dceec29e8138a42888aa02ecb73a.json,0615346970639e7ba75cd78ac21982880303e58b39475fffe4feab085fb6fc9d,1,140282.0,True,2025-09-24,stats,False,False
2025,1020,LS122,Priscilla Hon,Viktorija Golubic,320543,316296,R128,1-6 6-3 7-6(4),completed,present,2025-09-24,2025-10-05,2025-09-24T06:39:32.207+00:00,False,2025-09-24T09:25:01.65+00:00,False,data/raw/wta/stats/_httpcache/2025/874b866917f5ee2d56e256b2a34c2fb508c0dceec29e8138a42888aa02ecb73a.json,0615346970639e7ba75cd78ac21982880303e58b39475fffe4feab085fb6fc9d,1,140278.0,True,2025-09-24,stats,False,False
2025,1020,LS125,Maria Sakkari,Ashlyn Krueger,318312,329409,R128,7-6(5) 6-7(5) 7-5,completed,present,2025-09-24,2025-10-05,2025-09-24T05:01:01.287+00:00,False,2025-09-24T08:48:26.563+00:00,False,data/raw/wta/stats/_httpcache/2025/874b866917f5ee2d56e256b2a34c2fb508c0dceec29e8138a42888aa02ecb73a.json,0615346970639e7ba75cd78ac21982880303e58b39475fffe4feab085fb6fc9d,1,140274.0,True,2025-09-24,stats,False,False
2025,1020,LS126,Kamilla Rakhimova,Lucia Bronzetti,325936,322280,R128,6-4 6-1,completed,present,2025-09-24,2025-10-05,2025-09-24T05:03:45.437+00:00,False,2025-09-24T06:37:06.767+00:00,False,data/raw/wta/stats/_httpcache/2025/874b866917f5ee2d56e256b2a34c2fb508c0dceec29e8138a42888aa02ecb73a.json,0615346970639e7ba75cd78ac21982880303e58b39475fffe4feab085fb6fc9d,1,140275.0,True,2025-09-24,stats,False,False
2025,1023,LS001,Ann Li,Lulu Sun,326096,324576,F,7-6(6) 6-2,completed,present,2025-10-20,2025-10-26,2025-10-26T07:45:16.513+00:00,False,2025-10-26T09:49:57.04+00:00,False,data/raw/wta/stats/_httpcache/2025/ad84d1355652bb468ea3b9d3dbdb9ebc1c3b88b7d6074ac373b4e07b4bebebb5.json,642f9d09e901d8a3dac74a1edb8ccfa83f4442b2dd2e1e1dc022cec358370aa9,0,141059.0,True,2025-10-26,stats,False,False
2025,1023,LS002,Lulu Sun,Claire Liu,324576,323966,SF,6-0 7-6(3),completed,present,2025-10-20,2025-10-26,2025-10-25T08:28:11.033+00:00,False,2025-10-25T10:37:36.853+00:00,False,data/raw/wta/stats/_httpcache/2025/ad84d1355652bb468ea3b9d3dbdb9ebc1c3b88b7d6074ac373b4e07b4bebebb5.json,642f9d09e901d8a3dac74a1edb8ccfa83f4442b2dd2e1e1dc022cec358370aa9,0,141022.0,True,2025-10-25,stats,False,False
2025,1023,LS004,Lulu Sun,Caty McNally,324576,325725,QF,3-6 6-3 6-4,completed,present,2025-10-20,2025-10-26,2025-10-24T04:45:39.47+00:00,False,2025-10-24T07:05:56.973+00:00,False,data/raw/wta/stats/_httpcache/2025/ad84d1355652bb468ea3b9d3dbdb9ebc1c3b88b7d6074ac373b4e07b4bebebb5.json,642f9d09e901d8a3dac74a1edb8ccfa83f4442b2dd2e1e1dc022cec358370aa9,0,141001.0,True,2025-10-24,stats,False,False
2025,1023,LS005,Claire Liu,Ella Seidel,323966,330548,QF,4-6 6-0 6-4,completed,present,2025-10-20,2025-10-26,2025-10-24T07:09:33.103+00:00,False,2025-10-24T09:27:37.763+00:00,False,data/raw/wta/stats/_httpcache/2025/ad84d1355652bb468ea3b9d3dbdb9ebc1c3b88b7d6074ac373b4e07b4bebebb5.json,642f9d09e901d8a3dac74a1edb8ccfa83f4442b2dd2e1e1dc022cec358370aa9,0,141002.0,True,2025-10-24,stats,False,False
2025,1023,LS006,Shuai Zhang,Katie Volynets,311779,327391,QF,7-6(5) 5-7 7-5,completed,present,2025-10-20,2025-10-26,2025-10-24T11:11:32.007+00:00,False,2025-10-24T14:18:52.46+00:00,False,data/raw/wta/stats/_httpcache/2025/ad84d1355652bb468ea3b9d3dbdb9ebc1c3b88b7d6074ac373b4e07b4bebebb5.json,642f9d09e901d8a3dac74a1edb8ccfa83f4442b2dd2e1e1dc022cec358370aa9,0,141004.0,True,2025-10-24,stats,False,False
2025,1023,LS007,Ann Li,Elisabetta Cocciaretto,326096,327909,QF,6-3 6-4,completed,present,2025-10-20,2025-10-26,2025-10-24T09:29:26.73+00:00,False,2025-10-24T11:07:00.443+00:00,False,data/raw/wta/stats/_httpcache/2025/ad84d1355652bb468ea3b9d3dbdb9ebc1c3b88b7d6074ac373b4e07b4bebebb5.json,642f9d09e901d8a3dac74a1edb8ccfa83f4442b2dd2e1e1dc022cec358370aa9,0,141003.0,True,2025-10-24,stats,False,False
2025,1023,LS008,Lulu Sun,Yafan Wang,324576,317510,R16,6-3 6-1,completed,present,2025-10-20,2025-10-26,2025-10-23T04:55:32.9+00:00,False,2025-10-23T06:09:10.683+00:00,False,data/raw/wta/stats/_httpcache/2025/ad84d1355652bb468ea3b9d3dbdb9ebc1c3b88b7d6074ac373b4e07b4bebebb5.json,642f9d09e901d8a3dac74a1edb8ccfa83f4442b2dd2e1e1dc022cec358370aa9,0,140979.0,True,2025-10-23,stats,False,False
2025,1023,LS009,Caty McNally,Ajla Tomljanovic,325725,315232,R16,6-4 4-6 6-3,completed,present,2025-10-20,2025-10-26,2025-10-23T06:27:11.207+00:00,False,2025-10-23T09:21:08.19+00:00,False,data/raw/wta/stats/_httpcache/2025/ad84d1355652bb468ea3b9d3dbdb9ebc1c3b88b7d6074ac373b4e07b4bebebb5.json,642f9d09e901d8a3dac74a1edb8ccfa83f4442b2dd2e1e1dc022cec358370aa9,0,140981.0,True,2025-10-23,stats,False,False
2025,1023,LS010,Claire Liu,Anna Bondar,323966,322942,R16,6-3 6-4,completed,present,2025-10-20,2025-10-26,2025-10-23T09:23:48.46+00:00,False,2025-10-23T11:15:15.913+00:00,False,data/raw/wta/stats/_httpcache/2025/ad84d1355652bb468ea3b9d3dbdb9ebc1c3b88b7d6074ac373b4e07b4bebebb5.json,642f9d09e901d8a3dac74a1edb8ccfa83f4442b2dd2e1e1dc022cec358370aa9,0,140983.0,True,2025-10-23,stats,False,False
2025,1023,LS011,Ella Seidel,Yulia Putintseva,330548,317683,R16,6-3 6-2,completed,present,2025-10-20,2025-10-26,2025-10-23T08:40:10.96+00:00,False,2025-10-23T09:58:01.437+00:00,False,data/raw/wta/stats/_httpcache/2025/ad84d1355652bb468ea3b9d3dbdb9ebc1c3b88b7d6074ac373b4e07b4bebebb5.json,642f9d09e901d8a3dac74a1edb8ccfa83f4442b2dd2e1e1dc022cec358370aa9,0,140982.0,True,2025-10-23,stats,False,False
2025,1023,LS012,Katie Volynets,Tiantsoa Rakotomanga Rajaonah,327391,330970,R16,6-3 6-3,completed,present,2025-10-20,2025-10-26,2025-10-23T11:17:34.817+00:00,False,2025-10-23T12:54:42.947+00:00,False,data/raw/wta/stats/_httpcache/2025/ad84d1355652bb468ea3b9d3dbdb9ebc1c3b88b7d6074ac373b4e07b4bebebb5.json,642f9d09e901d8a3dac74a1edb8ccfa83f4442b2dd2e1e1dc022cec358370aa9,0,140985.0,True,2025-10-23,stats,False,False
2025,1023,LS013,Shuai Zhang,Veronika Erjavec,311779,327655,R16,3-6 6-3 6-2,completed,present,2025-10-20,2025-10-26,2025-10-23T10:45:16.307+00:00,False,2025-10-23T12:46:11.977+00:00,False,data/raw/wta/stats/_httpcache/2025/ad84d1355652bb468ea3b9d3dbdb9ebc1c3b88b7d6074ac373b4e07b4bebebb5.json,642f9d09e901d8a3dac74a1edb8ccfa83f4442b2dd2e1e1dc022cec358370aa9,0,140984.0,True,2025-10-23,stats,False,False
2025,1023,LS014,Elisabetta Cocciaretto,Xiyu Wang,327909,326160,R16,6-3 2-6 6-3,completed,present,2025-10-20,2025-10-26,2025-10-23T06:11:28.393+00:00,False,2025-10-23T08:37:04.907+00:00,False,data/raw/wta/stats/_httpcache/2025/ad84d1355652bb468ea3b9d3dbdb9ebc1c3b88b7d6074ac373b4e07b4bebebb5.json,642f9d09e901d8a3dac74a1edb8ccfa83f4442b2dd2e1e1dc022cec358370aa9,0,140980.0,True,2025-10-23,stats,False,False
2025,1023,LS015,Ann Li,Camila Osorio,326096,325898,R16,7-5 6-2,completed,present,2025-10-20,2025-10-26,2025-10-23T04:53:25.673+00:00,False,2025-10-23T06:25:07.54+00:00,False,data/raw/wta/stats/_httpcache/2025/ad84d1355652bb468ea3b9d3dbdb9ebc1c3b88b7d6074ac373b4e07b4bebebb5.json,642f9d09e901d8a3dac74a1edb8ccfa83f4442b2dd2e1e1dc022cec358370aa9,0,140978.0,True,2025-10-23,stats,False,False
2025,1023,LS016,Lulu Sun,Jessica Bouzas Maneiro,324576,328139,R32,7-6(3) 7-6(2),completed,present,2025-10-20,2025-10-26,2025-10-21T04:15:21.327+00:00,False,2025-10-21T06:25:52.07+00:00,False,data/raw/wta/stats/_httpcache/2025/ad84d1355652bb468ea3b9d3dbdb9ebc1c3b88b7d6074ac373b4e07b4bebebb5.json,642f9d09e901d8a3dac74a1edb8ccfa83f4442b2dd2e1e1dc022cec358370aa9,0,140913.0,True,2025-10-21,stats,False,False
2025,1023,LS017,Yafan Wang,Kamilla Rakhimova,317510,325936,R32,6-2 6-4,completed,present,2025-10-20,2025-10-26,2025-10-20T14:11:46.24+00:00,False,2025-10-20T15:59:42.56+00:00,False,data/raw/wta/stats/_httpcache/2025/ad84d1355652bb468ea3b9d3dbdb9ebc1c3b88b7d6074ac373b4e07b4bebebb5.json,642f9d09e901d8a3dac74a1edb8ccfa83f4442b2dd2e1e1dc022cec358370aa9,0,140884.0,True,2025-10-20,stats,False,False
2025,1023,LS018,Caty McNally,Kaja Juvan,325725,324702,R32,6-3 1-6 6-3,completed,present,2025-10-20,2025-10-26,2025-10-21T08:07:46.47+00:00,False,2025-10-21T11:14:59.09+00:00,False,data/raw/wta/stats/_httpcache/2025/ad84d1355652bb468ea3b9d3dbdb9ebc1c3b88b7d6074ac373b4e07b4bebebb5.json,642f9d09e901d8a3dac74a1edb8ccfa83f4442b2dd2e1e1dc022cec358370aa9,0,140919.0,True,2025-10-21,stats,False,False
2025,1023,LS019,Ajla Tomljanovic,Alycia Parks,315232,326007,R32,7-5 7-5,completed,present,2025-10-20,2025-10-26,2025-10-21T12:52:06.33+00:00,False,2025-10-21T14:51:12.77+00:00,False,data/raw/wta/stats/_httpcache/2025/ad84d1355652bb468ea3b9d3dbdb9ebc1c3b88b7d6074ac373b4e07b4bebebb5.json,642f9d09e901d8a3dac74a1edb8ccfa83f4442b2dd2e1e1dc022cec358370aa9,0,140921.0,True,2025-10-21,stats,False,False
2025,1023,LS020,Claire Liu,Alexandra Eala,323966,330332,R32,2-6 6-4 6-4,completed,present,2025-10-20,2025-10-26,2025-10-21T10:49:34.86+00:00,False,2025-10-21T13:32:48.863+00:00,False,data/raw/wta/stats/_httpcache/2025/ad84d1355652bb468ea3b9d3dbdb9ebc1c3b88b7d6074ac373b4e07b4bebebb5.json,642f9d09e901d8a3dac74a1edb8ccfa83f4442b2dd2e1e1dc022cec358370aa9,0,140920.0,True,2025-10-21,stats,False,False
2025,1023,LS021,Anna Bondar,Hanyu Guo,322942,323087,R32,6-3 3-6 7-6(4),completed,present,2025-10-20,2025-10-26,2025-10-21T05:04:28.4+00:00,False,2025-10-21T08:04:41.29+00:00,False,data/raw/wta/stats/_httpcache/2025/ad84d1355652bb468ea3b9d3dbdb9ebc1c3b88b7d6074ac373b4e07b4bebebb5.json,642f9d09e901d8a3dac74a1edb8ccfa83f4442b2dd2e1e1dc022cec358370aa9,0,140915.0,True,2025-10-21,stats,False,False
2025,1023,LS022,Ella Seidel,Leolia Jeanjean,330548,320313,R32,6-2 6-2,completed,present,2025-10-20,2025-10-26,2025-10-21T02:50:55.57+00:00,False,2025-10-21T04:14:05.487+00:00,False,data/raw/wta/stats/_httpcache/2025/ad84d1355652bb468ea3b9d3dbdb9ebc1c3b88b7d6074ac373b4e07b4bebebb5.json,642f9d09e901d8a3dac74a1edb8ccfa83f4442b2dd2e1e1dc022cec358370aa9,0,140911.0,True,2025-10-21,stats,False,False
2025,1023,LS023,Yulia Putintseva,Alina Korneeva,317683,331330,R32,7-6(2) 4-6 6-4,completed,present,2025-10-20,2025-10-26,2025-10-21T04:18:44.523+00:00,False,2025-10-21T06:54:47.02+00:00,False,data/raw/wta/stats/_httpcache/2025/ad84d1355652bb468ea3b9d3dbdb9ebc1c3b88b7d6074ac373b4e07b4bebebb5.json,642f9d09e901d8a3dac74a1edb8ccfa83f4442b2dd2e1e1dc022cec358370aa9,0,140914.0,True,2025-10-21,stats,False,False
2025,1023,LS024,Tiantsoa Rakotomanga Rajaonah,Polina Kudermetova,330970,328897,R32,1-6 6-1 6-2,completed,present,2025-10-20,2025-10-26,2025-10-21T06:27:42.487+00:00,False,2025-10-21T08:05:51.747+00:00,False,data/raw/wta/stats/_httpcache/2025/ad84d1355652bb468ea3b9d3dbdb9ebc1c3b88b7d6074ac373b4e07b4bebebb5.json,642f9d09e901d8a3dac74a1edb8ccfa83f4442b2dd2e1e1dc022cec358370aa9,0,140916.0,True,2025-10-21,stats,False,False
2025,1023,LS025,Katie Volynets,Katarzyna Kawa,327391,315806,R32,4-6 6-2 6-2,completed,present,2025-10-20,2025-10-26,2025-10-21T06:57:40.43+00:00,False,2025-10-21T10:27:20.897+00:00,False,data/raw/wta/stats/_httpcache/2025/ad84d1355652bb468ea3b9d3dbdb9ebc1c3b88b7d6074ac373b4e07b4bebebb5.json,642f9d09e901d8a3dac74a1edb8ccfa83f4442b2dd2e1e1dc022cec358370aa9,0,140917.0,True,2025-10-21,stats,False,False
2025,1023,LS026,Shuai Zhang,Anastasia Zakharova,311779,327367,R32,6-4 6-1,completed,present,2025-10-20,2025-10-26,2025-10-21T08:06:58.63+00:00,False,2025-10-21T10:47:47.383+00:00,False,data/raw/wta/stats/_httpcache/2025/ad84d1355652bb468ea3b9d3dbdb9ebc1c3b88b7d6074ac373b4e07b4bebebb5.json,642f9d09e901d8a3dac74a1edb8ccfa83f4442b2dd2e1e1dc022cec358370aa9,0,140918.0,True,2025-10-21,stats,False,False
2025,1023,LS027,Veronika Erjavec,Tatjana Maria,327655,310440,R32,6-4 6-7(7) 6-2,completed,present,2025-10-20,2025-10-26,2025-10-20T07:23:58.287+00:00,False,2025-10-20T09:51:31.897+00:00,False,data/raw/wta/stats/_httpcache/2025/ad84d1355652bb468ea3b9d3dbdb9ebc1c3b88b7d6074ac373b4e07b4bebebb5.json,642f9d09e901d8a3dac74a1edb8ccfa83f4442b2dd2e1e1dc022cec358370aa9,0,140881.0,True,2025-10-20,stats,False,False
2025,1023,LS028,Xiyu Wang,Francesca Jones,326160,324479,R32,6-4 6-4,completed,present,2025-10-20,2025-10-26,2025-10-20T08:57:02.077+00:00,False,2025-10-20T11:08:13.31+00:00,False,data/raw/wta/stats/_httpcache/2025/ad84d1355652bb468ea3b9d3dbdb9ebc1c3b88b7d6074ac373b4e07b4bebebb5.json,642f9d09e901d8a3dac74a1edb8ccfa83f4442b2dd2e1e1dc022cec358370aa9,0,140882.0,True,2025-10-20,stats,False,False
2025,1023,LS029,Elisabetta Cocciaretto,Diane Parry,327909,327077,R32,6-4 6-7(7) 6-2,completed,present,2025-10-20,2025-10-26,2025-10-20T11:11:17.053+00:00,False,2025-10-20T14:09:23.073+00:00,False,data/raw/wta/stats/_httpcache/2025/ad84d1355652bb468ea3b9d3dbdb9ebc1c3b88b7d6074ac373b4e07b4bebebb5.json,642f9d09e901d8a3dac74a1edb8ccfa83f4442b2dd2e1e1dc022cec358370aa9,0,140883.0,True,2025-10-20,stats,False,False
2025,1023,LS030,Camila Osorio,Lucia Bronzetti,325898,322280,R32,6-1 6-2,completed,present,2025-10-20,2025-10-26,2025-10-21T02:53:00.283+00:00,False,2025-10-21T04:12:26.873+00:00,False,data/raw/wta/stats/_httpcache/2025/ad84d1355652bb468ea3b9d3dbdb9ebc1c3b88b7d6074ac373b4e07b4bebebb5.json,642f9d09e901d8a3dac74a1edb8ccfa83f4442b2dd2e1e1dc022cec358370aa9,0,140912.0,True,2025-10-21,stats,False,False
2025,1023,LS031,Ann Li,Victoria Jimenez Kasintseva,326096,330352,R32,6-4 7-6(4),completed,present,2025-10-20,2025-10-26,2025-10-21T02:47:17.53+00:00,False,2025-10-21T05:02:52.523+00:00,False,data/raw/wta/stats/_httpcache/2025/ad84d1355652bb468ea3b9d3dbdb9ebc1c3b88b7d6074ac373b4e07b4bebebb5.json,642f9d09e901d8a3dac74a1edb8ccfa83f4442b2dd2e1e1dc022cec358370aa9,0,140910.0,True,2025-10-21,stats,False,False
2025,1024,LS001,Iga Swiatek,Ekaterina Alexandrova,326408,319007,F,1-6 7-6(3) 7-5,completed,present,2025-09-15,2025-09-21,2025-09-21T07:54:46.727+00:00,False,2025-09-21T10:53:25.527+00:00,False,data/raw/wta/stats/_httpcache/2025/424fdb61cc7d5856b58e3648b73352646cc5a3d8761d09180bd4d1887df2f26c.json,8c3db087f5360b3ec5d1cccee3e574778e488584ef8f691b7c76427309909ce7,0,140213.0,True,2025-09-21,stats,False,False
2025,1024,LS002,Iga Swiatek,Maya Joint,326408,330544,SF,6-0 6-2,completed,present,2025-09-15,2025-09-21,2025-09-20T07:46:32.703+00:00,False,2025-09-20T09:15:55.467+00:00,False,data/raw/wta/stats/_httpcache/2025/424fdb61cc7d5856b58e3648b73352646cc5a3d8761d09180bd4d1887df2f26c.json,8c3db087f5360b3ec5d1cccee3e574778e488584ef8f691b7c76427309909ce7,0,140201.0,True,2025-09-20,stats,False,False
2025,1024,LS003,Ekaterina Alexandrova,Katerina Siniakova,319007,320301,SF,6-4 6-2,completed,present,2025-09-15,2025-09-21,2025-09-20T09:17:36.753+00:00,False,2025-09-20T11:15:40.007+00:00,False,data/raw/wta/stats/_httpcache/2025/424fdb61cc7d5856b58e3648b73352646cc5a3d8761d09180bd4d1887df2f26c.json,8c3db087f5360b3ec5d1cccee3e574778e488584ef8f691b7c76427309909ce7,0,140202.0,True,2025-09-20,stats,False,False
2025,1024,LS004,Iga Swiatek,Barbora Krejcikova,326408,318314,QF,6-0 6-3,completed,present,2025-09-15,2025-09-21,2025-09-20T02:46:10.847+00:00,False,2025-09-20T04:36:34.373+00:00,False,data/raw/wta/stats/_httpcache/2025/424fdb61cc7d5856b58e3648b73352646cc5a3d8761d09180bd4d1887df2f26c.json,8c3db087f5360b3ec5d1cccee3e574778e488584ef8f691b7c76427309909ce7,0,140197.0,True,2025-09-20,stats,False,False
2025,1024,LS005,Maya Joint,Clara Tauson,330544,327793,QF,6-0 6-3,completed,present,2025-09-15,2025-09-21,2025-09-20T02:54:39.937+00:00,False,2025-09-20T04:19:15.607+00:00,False,data/raw/wta/stats/_httpcache/2025/424fdb61cc7d5856b58e3648b73352646cc5a3d8761d09180bd4d1887df2f26c.json,8c3db087f5360b3ec5d1cccee3e574778e488584ef8f691b7c76427309909ce7,0,140198.0,True,2025-09-20,stats,False,False
2025,1024,LS006,Katerina Siniakova,Suzan Lamens,320301,324898,QF,6-1 7-5,completed,present,2025-09-15,2025-09-21,2025-09-20T04:23:10.66+00:00,False,2025-09-20T06:19:30.397+00:00,False,data/raw/wta/stats/_httpcache/2025/424fdb61cc7d5856b58e3648b73352646cc5a3d8761d09180bd4d1887df2f26c.json,8c3db087f5360b3ec5d1cccee3e574778e488584ef8f691b7c76427309909ce7,0,140199.0,True,2025-09-20,stats,False,False
2025,1024,LS007,Ekaterina Alexandrova,Ella Seidel,319007,330548,QF,6-2 6-3,completed,present,2025-09-15,2025-09-21,2025-09-20T04:41:34.22+00:00,False,2025-09-20T06:09:34.713+00:00,False,data/raw/wta/stats/_httpcache/2025/424fdb61cc7d5856b58e3648b73352646cc5a3d8761d09180bd4d1887df2f26c.json,8c3db087f5360b3ec5d1cccee3e574778e488584ef8f691b7c76427309909ce7,0,140200.0,True,2025-09-20,stats,False,False
2025,1024,LS008,Iga Swiatek,Sorana Cirstea,326408,312469,R16,6-3 6-2,completed,present,2025-09-15,2025-09-21,2025-09-18T07:11:31.127+00:00,False,2025-09-18T08:59:57.603+00:00,False,data/raw/wta/stats/_httpcache/2025/424fdb61cc7d5856b58e3648b73352646cc5a3d8761d09180bd4d1887df2f26c.json,8c3db087f5360b3ec5d1cccee3e574778e488584ef8f691b7c76427309909ce7,0,140181.0,True,2025-09-18,stats,False,False
2025,1024,LS009,Barbora Krejcikova,Emma Raducanu,318314,328366,R16,4-6 7-6(10) 6-1,completed,present,2025-09-15,2025-09-21,2025-09-18T11:27:18.413+00:00,False,2025-09-18T14:26:45.83+00:00,False,data/raw/wta/stats/_httpcache/2025/424fdb61cc7d5856b58e3648b73352646cc5a3d8761d09180bd4d1887df2f26c.json,8c3db087f5360b3ec5d1cccee3e574778e488584ef8f691b7c76427309909ce7,0,140183.0,True,2025-09-18,stats,False,False
2025,1024,LS010,Clara Tauson,Eva Lys,327793,325826,R16,6-2 7-6(4),completed,present,2025-09-15,2025-09-21,2025-09-17T11:59:55.61+00:00,False,2025-09-17T13:52:28.967+00:00,False,data/raw/wta/stats/_httpcache/2025/424fdb61cc7d5856b58e3648b73352646cc5a3d8761d09180bd4d1887df2f26c.json,8c3db087f5360b3ec5d1cccee3e574778e488584ef8f691b7c76427309909ce7,0,140168.0,True,2025-09-17,stats,False,False
2025,1024,LS011,Maya Joint,Sofia Kenin,330544,320942,R16,6-3 6-1,completed,present,2025-09-15,2025-09-21,2025-09-17T12:13:40.977+00:00,False,2025-09-17T13:31:24.923+00:00,False,data/raw/wta/stats/_httpcache/2025/424fdb61cc7d5856b58e3648b73352646cc5a3d8761d09180bd4d1887df2f26c.json,8c3db087f5360b3ec5d1cccee3e574778e488584ef8f691b7c76427309909ce7,0,140169.0,True,2025-09-17,stats,False,False
2025,1024,LS012,Suzan Lamens,Diana Shnaider,324898,330482,R16,6-4 6-4,completed,present,2025-09-15,2025-09-21,2025-09-18T04:49:39.42+00:00,False,2025-09-18T06:32:53.583+00:00,False,data/raw/wta/stats/_httpcache/2025/424fdb61cc7d5856b58e3648b73352646cc5a3d8761d09180bd4d1887df2f26c.json,8c3db087f5360b3ec5d1cccee3e574778e488584ef8f691b7c76427309909ce7,0,140179.0,True,2025-09-18,stats,False,False
2025,1024,LS013,Katerina Siniakova,Daria Kasatkina,320301,322082,R16,7-6(2) 6-2,completed,present,2025-09-15,2025-09-21,2025-09-18T09:04:39.7+00:00,False,2025-09-18T11:17:05.757+00:00,False,data/raw/wta/stats/_httpcache/2025/424fdb61cc7d5856b58e3648b73352646cc5a3d8761d09180bd4d1887df2f26c.json,8c3db087f5360b3ec5d1cccee3e574778e488584ef8f691b7c76427309909ce7,0,140182.0,True,2025-09-18,stats,False,False
2025,1024,LS014,Ella Seidel,Beatriz Haddad Maia,330548,318176,R16,6-7(4) 7-6(3) 7-5,completed,present,2025-09-15,2025-09-21,2025-09-18T06:35:56.893+00:00,False,2025-09-18T10:20:46.02+00:00,False,data/raw/wta/stats/_httpcache/2025/424fdb61cc7d5856b58e3648b73352646cc5a3d8761d09180bd4d1887df2f26c.json,8c3db087f5360b3ec5d1cccee3e574778e488584ef8f691b7c76427309909ce7,0,140180.0,True,2025-09-18,stats,False,False
2025,1024,LS015,Ekaterina Alexandrova,Lois Boisson,319007,328884,R16,4-6 6-2 6-2,completed,present,2025-09-15,2025-09-21,2025-09-18T04:46:58.493+00:00,False,2025-09-18T07:09:28.34+00:00,False,data/raw/wta/stats/_httpcache/2025/424fdb61cc7d5856b58e3648b73352646cc5a3d8761d09180bd4d1887df2f26c.json,8c3db087f5360b3ec5d1cccee3e574778e488584ef8f691b7c76427309909ce7,0,140178.0,True,2025-09-18,stats,False,False
2025,1024,LS017,Sorana Cirstea,Anastasia Zakharova,312469,327367,R32,6-3 6-1,completed,present,2025-09-15,2025-09-21,2025-09-17T04:19:54.91+00:00,False,2025-09-17T09:35:38.69+00:00,False,data/raw/wta/stats/_httpcache/2025/424fdb61cc7d5856b58e3648b73352646cc5a3d8761d09180bd4d1887df2f26c.json,8c3db087f5360b3ec5d1cccee3e574778e488584ef8f691b7c76427309909ce7,0,140165.0,True,2025-09-17,stats,False,False
2025,1024,LS018,Barbora Krejcikova,Tatiana Prozorova,318314,330723,R32,6-1 6-2,completed,present,2025-09-15,2025-09-21,2025-09-16T07:33:27.59+00:00,False,2025-09-16T09:10:26.893+00:00,False,data/raw/wta/stats/_httpcache/2025/424fdb61cc7d5856b58e3648b73352646cc5a3d8761d09180bd4d1887df2f26c.json,8c3db087f5360b3ec5d1cccee3e574778e488584ef8f691b7c76427309909ce7,0,140143.0,True,2025-09-16,stats,False,False
2025,1024,LS019,Emma Raducanu,Jaqueline Cristian,328366,320319,R32,6-3 6-4,completed,present,2025-09-15,2025-09-21,2025-09-16T09:12:30.39+00:00,False,2025-09-17T11:56:44.973+00:00,False,data/raw/wta/stats/_httpcache/2025/424fdb61cc7d5856b58e3648b73352646cc5a3d8761d09180bd4d1887df2f26c.json,8c3db087f5360b3ec5d1cccee3e574778e488584ef8f691b7c76427309909ce7,0,140145.0,True,2025-09-16,stats,False,False
2025,1024,LS021,Eva Lys,Ashlyn Krueger,325826,329409,R32,6-3 6-4,completed,present,2025-09-15,2025-09-21,2025-09-15T04:47:01.997+00:00,False,2025-09-15T06:32:44.677+00:00,False,data/raw/wta/stats/_httpcache/2025/424fdb61cc7d5856b58e3648b73352646cc5a3d8761d09180bd4d1887df2f26c.json,8c3db087f5360b3ec5d1cccee3e574778e488584ef8f691b7c76427309909ce7,0,140119.0,True,2025-09-15,stats,False,False
2025,1024,LS022,Maya Joint,Linda Fruhvirtova,330544,329627,R32,6-4 7-6(4),completed,present,2025-09-15,2025-09-21,2025-09-15T04:52:45.89+00:00,False,2025-09-15T07:16:52.423+00:00,False,data/raw/wta/stats/_httpcache/2025/424fdb61cc7d5856b58e3648b73352646cc5a3d8761d09180bd4d1887df2f26c.json,8c3db087f5360b3ec5d1cccee3e574778e488584ef8f691b7c76427309909ce7,0,140120.0,True,2025-09-15,stats,False,False
2025,1024,LS023,Sofia Kenin,Laura Siegemund,320942,310926,R32,2-6 6-3 7-5,completed,present,2025-09-15,2025-09-21,2025-09-15T08:21:28.557+00:00,False,2025-09-15T11:20:37.9+00:00,False,data/raw/wta/stats/_httpcache/2025/424fdb61cc7d5856b58e3648b73352646cc5a3d8761d09180bd4d1887df2f26c.json,8c3db087f5360b3ec5d1cccee3e574778e488584ef8f691b7c76427309909ce7,0,140123.0,True,2025-09-15,stats,False,False
2025,1024,LS024,Diana Shnaider,Caty McNally,330482,325725,R32,2-6 6-2 6-4,completed,present,2025-09-15,2025-09-21,2025-09-16T07:34:40.6+00:00,False,2025-09-17T09:32:55.12+00:00,False,data/raw/wta/stats/_httpcache/2025/424fdb61cc7d5856b58e3648b73352646cc5a3d8761d09180bd4d1887df2f26c.json,8c3db087f5360b3ec5d1cccee3e574778e488584ef8f691b7c76427309909ce7,0,140144.0,True,2025-09-16,stats,False,False
2025,1024,LS025,Suzan Lamens,Tatjana Maria,324898,310440,R32,6-4 6-1,completed,present,2025-09-15,2025-09-21,2025-09-17T09:11:17.877+00:00,False,2025-09-17T10:48:28.267+00:00,False,data/raw/wta/stats/_httpcache/2025/424fdb61cc7d5856b58e3648b73352646cc5a3d8761d09180bd4d1887df2f26c.json,8c3db087f5360b3ec5d1cccee3e574778e488584ef8f691b7c76427309909ce7,0,140166.0,True,2025-09-17,stats,False,False
2025,1024,LS026,Katerina Siniakova,Sohyun Park,320301,326561,R32,6-2 6-2,completed,present,2025-09-15,2025-09-21,2025-09-15T06:35:48.293+00:00,False,2025-09-15T08:04:21.753+00:00,False,data/raw/wta/stats/_httpcache/2025/424fdb61cc7d5856b58e3648b73352646cc5a3d8761d09180bd4d1887df2f26c.json,8c3db087f5360b3ec5d1cccee3e574778e488584ef8f691b7c76427309909ce7,0,140121.0,True,2025-09-15,stats,False,False
2025,1024,LS028,Beatriz Haddad Maia,Dayeon Back,318176,327351,R32,6-4 6-3,completed,present,2025-09-15,2025-09-21,2025-09-17T09:33:52.013+00:00,False,2025-09-17T12:12:09.607+00:00,False,data/raw/wta/stats/_httpcache/2025/424fdb61cc7d5856b58e3648b73352646cc5a3d8761d09180bd4d1887df2f26c.json,8c3db087f5360b3ec5d1cccee3e574778e488584ef8f691b7c76427309909ce7,0,140167.0,True,2025-09-17,stats,False,False
2025,1024,LS029,Ella Seidel,Jessika Ponchet,330548,319421,R32,5-7 6-4 6-2,completed,present,2025-09-15,2025-09-21,2025-09-15T07:21:23.77+00:00,False,2025-09-15T10:07:10.37+00:00,False,data/raw/wta/stats/_httpcache/2025/424fdb61cc7d5856b58e3648b73352646cc5a3d8761d09180bd4d1887df2f26c.json,8c3db087f5360b3ec5d1cccee3e574778e488584ef8f691b7c76427309909ce7,0,140122.0,True,2025-09-15,stats,False,False
2025,1024,LS030,Lois Boisson,Yeonwoo Ku,328884,327252,R32,6-2 6-1,completed,present,2025-09-15,2025-09-21,2025-09-15T11:21:55.397+00:00,False,2025-09-15T13:02:55.783+00:00,False,data/raw/wta/stats/_httpcache/2025/424fdb61cc7d5856b58e3648b73352646cc5a3d8761d09180bd4d1887df2f26c.json,8c3db087f5360b3ec5d1cccee3e574778e488584ef8f691b7c76427309909ce7,0,140124.0,True,2025-09-15,stats,False,False
2025,1038,LS001,Aryna Sabalenka,Coco Gauff,320760,328560,F,6-3 7-6(3),completed,present,2025-04-22,2025-05-04,2025-05-03T16:20:37.567+00:00,False,2025-05-03T18:16:38.953+00:00,False,data/raw/wta/stats/_httpcache/2025/55f732d7531a288c3ab45f5bb0e6ea9669abfa7b834bab60fd6ac61c6156fd04.json,85b7d22987fe389c83b3dc6ba03323f7eb184eca60dbf9c5ee48d02fba4e44cb,1,137908.0,True,2025-05-03,stats,False,False
2025,1038,LS002,Aryna Sabalenka,Elina Svitolina,320760,316738,SF,6-3 7-5,completed,present,2025-04-22,2025-05-04,2025-05-01T19:45:04.723+00:00,False,2025-05-01T21:29:41.983+00:00,False,data/raw/wta/stats/_httpcache/2025/55f732d7531a288c3ab45f5bb0e6ea9669abfa7b834bab60fd6ac61c6156fd04.json,85b7d22987fe389c83b3dc6ba03323f7eb184eca60dbf9c5ee48d02fba4e44cb,1,137899.0,True,2025-05-01,stats,False,False
2025,1038,LS003,Coco Gauff,Iga Swiatek,328560,326408,SF,6-1 6-1,completed,present,2025-04-22,2025-05-04,2025-05-01T13:43:28.597+00:00,False,2025-05-01T15:13:05.207+00:00,False,data/raw/wta/stats/_httpcache/2025/55f732d7531a288c3ab45f5bb0e6ea9669abfa7b834bab60fd6ac61c6156fd04.json,85b7d22987fe389c83b3dc6ba03323f7eb184eca60dbf9c5ee48d02fba4e44cb,1,137898.0,True,2025-05-01,stats,False,False
2025,1038,LS004,Aryna Sabalenka,Marta Kostyuk,320760,326482,QF,7-6(4) 7-6(7),completed,present,2025-04-22,2025-05-04,2025-04-30T17:54:29.157+00:00,False,2025-04-30T20:47:12.31+00:00,False,data/raw/wta/stats/_httpcache/2025/55f732d7531a288c3ab45f5bb0e6ea9669abfa7b834bab60fd6ac61c6156fd04.json,85b7d22987fe389c83b3dc6ba03323f7eb184eca60dbf9c5ee48d02fba4e44cb,1,137893.0,True,2025-04-30,stats,False,False
2025,1038,LS005,Elina Svitolina,Moyuka Uchijima,316738,327241,QF,6-2 6-1,completed,present,2025-04-22,2025-05-04,2025-04-30T14:48:09.31+00:00,False,2025-04-30T15:56:39.74+00:00,False,data/raw/wta/stats/_httpcache/2025/55f732d7531a288c3ab45f5bb0e6ea9669abfa7b834bab60fd6ac61c6156fd04.json,85b7d22987fe389c83b3dc6ba03323f7eb184eca60dbf9c5ee48d02fba4e44cb,1,137892.0,True,2025-04-30,stats,False,False
2025,1038,LS006,Coco Gauff,Mirra Andreeva,328560,331809,QF,7-5 6-1,completed,present,2025-04-22,2025-05-04,2025-04-30T13:05:22.16+00:00,False,2025-04-30T14:44:14.76+00:00,False,data/raw/wta/stats/_httpcache/2025/55f732d7531a288c3ab45f5bb0e6ea9669abfa7b834bab60fd6ac61c6156fd04.json,85b7d22987fe389c83b3dc6ba03323f7eb184eca60dbf9c5ee48d02fba4e44cb,1,137891.0,True,2025-04-30,stats,False,False
2025,1038,LS007,Iga Swiatek,Madison Keys,326408,316959,QF,0-6 6-3 6-2,completed,present,2025-04-22,2025-05-04,2025-04-30T10:38:31.58+00:00,False,2025-04-30T12:55:09.667+00:00,False,data/raw/wta/stats/_httpcache/2025/55f732d7531a288c3ab45f5bb0e6ea9669abfa7b834bab60fd6ac61c6156fd04.json,85b7d22987fe389c83b3dc6ba03323f7eb184eca60dbf9c5ee48d02fba4e44cb,1,137890.0,True,2025-04-30,stats,False,False
2025,1038,LS008,Aryna Sabalenka,Peyton Stearns,320760,327573,R16,6-2 6-4,completed,present,2025-04-22,2025-05-04,2025-04-29T17:38:10.77+00:00,False,2025-04-29T19:27:52.403+00:00,False,data/raw/wta/stats/_httpcache/2025/55f732d7531a288c3ab45f5bb0e6ea9669abfa7b834bab60fd6ac61c6156fd04.json,85b7d22987fe389c83b3dc6ba03323f7eb184eca60dbf9c5ee48d02fba4e44cb,1,137878.0,True,2025-04-29,stats,False,False
2025,1038,LS009,Marta Kostyuk,Anastasia Potapova,326482,325601,R16,6-3 6-2,completed,present,2025-04-22,2025-05-04,2025-04-29T19:14:57.053+00:00,False,2025-04-29T21:02:17.007+00:00,False,data/raw/wta/stats/_httpcache/2025/55f732d7531a288c3ab45f5bb0e6ea9669abfa7b834bab60fd6ac61c6156fd04.json,85b7d22987fe389c83b3dc6ba03323f7eb184eca60dbf9c5ee48d02fba4e44cb,1,137879.0,True,2025-04-29,stats,False,False
2025,1038,LS010,Moyuka Uchijima,Ekaterina Alexandrova,327241,319007,R16,6-4 7-6(5),completed,present,2025-04-22,2025-05-04,2025-04-29T14:30:21.967+00:00,False,2025-04-29T16:20:28.98+00:00,False,data/raw/wta/stats/_httpcache/2025/55f732d7531a288c3ab45f5bb0e6ea9669abfa7b834bab60fd6ac61c6156fd04.json,85b7d22987fe389c83b3dc6ba03323f7eb184eca60dbf9c5ee48d02fba4e44cb,1,137877.0,True,2025-04-29,stats,False,False
2025,1038,LS011,Elina Svitolina,Maria Sakkari,316738,318312,R16,6-3 6-4,completed,present,2025-04-22,2025-05-04,2025-04-29T13:16:52.05+00:00,False,2025-04-29T15:12:47.763+00:00,False,data/raw/wta/stats/_httpcache/2025/55f732d7531a288c3ab45f5bb0e6ea9669abfa7b834bab60fd6ac61c6156fd04.json,85b7d22987fe389c83b3dc6ba03323f7eb184eca60dbf9c5ee48d02fba4e44cb,1,137876.0,True,2025-04-29,stats,False,False
2025,1038,LS012,Mirra Andreeva,Yuliia Starodubtseva,331809,325338,R16,6-1 6-4,completed,present,2025-04-22,2025-05-04,2025-04-28T08:51:31.793+00:00,False,2025-04-28T10:55:29.17+00:00,False,data/raw/wta/stats/_httpcache/2025/55f732d7531a288c3ab45f5bb0e6ea9669abfa7b834bab60fd6ac61c6156fd04.json,85b7d22987fe389c83b3dc6ba03323f7eb184eca60dbf9c5ee48d02fba4e44cb,1,137863.0,True,2025-04-28,stats,False,False
2025,1038,LS013,Coco Gauff,Belinda Bencic,328560,319001,R16,6-4 6-2,completed,present,2025-04-22,2025-05-04,2025-04-28T08:48:09.73+00:00,False,2025-04-28T10:31:12.4+00:00,False,data/raw/wta/stats/_httpcache/2025/55f732d7531a288c3ab45f5bb0e6ea9669abfa7b834bab60fd6ac61c6156fd04.json,85b7d22987fe389c83b3dc6ba03323f7eb184eca60dbf9c5ee48d02fba4e44cb,1,137862.0,True,2025-04-28,stats,False,False
2025,1038,LS014,Madison Keys,Donna Vekic,316959,318516,R16,6-2 6-3,completed,present,2025-04-22,2025-05-04,2025-04-29T11:45:42.1+00:00,False,2025-04-29T13:14:35.453+00:00,False,data/raw/wta/stats/_httpcache/2025/55f732d7531a288c3ab45f5bb0e6ea9669abfa7b834bab60fd6ac61c6156fd04.json,85b7d22987fe389c83b3dc6ba03323f7eb184eca60dbf9c5ee48d02fba4e44cb,1,137875.0,True,2025-04-29,stats,False,False
2025,1038,LS015,Iga Swiatek,Diana Shnaider,326408,330482,R16,6-0 6-7(3) 6-4,completed,present,2025-04-22,2025-05-04,2025-04-29T09:38:11.363+00:00,False,2025-04-29T12:44:03.68+00:00,False,data/raw/wta/stats/_httpcache/2025/55f732d7531a288c3ab45f5bb0e6ea9669abfa7b834bab60fd6ac61c6156fd04.json,85b7d22987fe389c83b3dc6ba03323f7eb184eca60dbf9c5ee48d02fba4e44cb,1,137874.0,True,2025-04-29,stats,False,False
2025,1038,LS016,Aryna Sabalenka,Elise Mertens,320760,317964,R32,3-6 6-2 6-1,completed,present,2025-04-22,2025-05-04,2025-04-27T08:46:44.09+00:00,False,2025-04-27T11:08:03.707+00:00,False,data/raw/wta/stats/_httpcache/2025/55f732d7531a288c3ab45f5bb0e6ea9669abfa7b834bab60fd6ac61c6156fd04.json,85b7d22987fe389c83b3dc6ba03323f7eb184eca60dbf9c5ee48d02fba4e44cb,1,137847.0,True,2025-04-27,stats,False,False
2025,1038,LS017,Peyton Stearns,Rebeka Masarova,327573,322087,R32,6-2 6-0,completed,present,2025-04-22,2025-05-04,2025-04-27T13:43:15.49+00:00,False,2025-04-27T15:04:19.44+00:00,False,data/raw/wta/stats/_httpcache/2025/55f732d7531a288c3ab45f5bb0e6ea9669abfa7b834bab60fd6ac61c6156fd04.json,85b7d22987fe389c83b3dc6ba03323f7eb184eca60dbf9c5ee48d02fba4e44cb,1,137851.0,True,2025-04-27,stats,False,False
2025,1038,LS018,Marta Kostyuk,Veronika Kudermetova,326482,319526,R32,6-0 4-6 6-4,completed,present,2025-04-22,2025-05-04,2025-04-27T08:46:28.24+00:00,False,2025-04-27T11:44:33.823+00:00,False,data/raw/wta/stats/_httpcache/2025/55f732d7531a288c3ab45f5bb0e6ea9669abfa7b834bab60fd6ac61c6156fd04.json,85b7d22987fe389c83b3dc6ba03323f7eb184eca60dbf9c5ee48d02fba4e44cb,1,137846.0,True,2025-04-27,stats,False,False
2025,1038,LS019,Anastasia Potapova,Sofia Kenin,325601,320942,R32,3-6 6-4 7-6(6),completed,present,2025-04-22,2025-05-04,2025-04-27T10:56:30.333+00:00,False,2025-04-27T13:38:43.81+00:00,False,data/raw/wta/stats/_httpcache/2025/55f732d7531a288c3ab45f5bb0e6ea9669abfa7b834bab60fd6ac61c6156fd04.json,85b7d22987fe389c83b3dc6ba03323f7eb184eca60dbf9c5ee48d02fba4e44cb,1,137849.0,True,2025-04-27,stats,False,False
2025,1038,LS020,Moyuka Uchijima,Jessica Pegula,327241,316956,R32,6-3 6-2,completed,present,2025-04-22,2025-05-04,2025-04-27T12:30:30.007+00:00,False,2025-04-27T14:09:31.837+00:00,False,data/raw/wta/stats/_httpcache/2025/55f732d7531a288c3ab45f5bb0e6ea9669abfa7b834bab60fd6ac61c6156fd04.json,85b7d22987fe389c83b3dc6ba03323f7eb184eca60dbf9c5ee48d02fba4e44cb,1,137850.0,True,2025-04-27,stats,False,False
2025,1038,LS021,Ekaterina Alexandrova,Daria Kasatkina,319007,322082,R32,6-3 7-6(3),completed,present,2025-04-22,2025-05-04,2025-04-27T19:24:03.993+00:00,False,2025-04-27T21:22:28.317+00:00,False,data/raw/wta/stats/_httpcache/2025/55f732d7531a288c3ab45f5bb0e6ea9669abfa7b834bab60fd6ac61c6156fd04.json,85b7d22987fe389c83b3dc6ba03323f7eb184eca60dbf9c5ee48d02fba4e44cb,1,137853.0,True,2025-04-27,stats,False,False
2025,1038,LS022,Elina Svitolina,Elena Rybakina,316738,324166,R32,6-3 6-4,completed,present,2025-04-22,2025-05-04,2025-04-27T17:46:31.7+00:00,False,2025-04-27T19:32:17.3+00:00,False,data/raw/wta/stats/_httpcache/2025/55f732d7531a288c3ab45f5bb0e6ea9669abfa7b834bab60fd6ac61c6156fd04.json,85b7d22987fe389c83b3dc6ba03323f7eb184eca60dbf9c5ee48d02fba4e44cb,1,137852.0,True,2025-04-27,stats,False,False
2025,1038,LS023,Maria Sakkari,Jasmine Paolini,318312,319280,R32,6-2 6-1,completed,present,2025-04-22,2025-05-04,2025-04-27T10:42:38.02+00:00,False,2025-04-27T12:28:24.45+00:00,False,data/raw/wta/stats/_httpcache/2025/55f732d7531a288c3ab45f5bb0e6ea9669abfa7b834bab60fd6ac61c6156fd04.json,85b7d22987fe389c83b3dc6ba03323f7eb184eca60dbf9c5ee48d02fba4e44cb,1,137848.0,True,2025-04-27,stats,False,False
2025,1038,LS024,Mirra Andreeva,Magdalena Frech,331809,320277,R32,7-5 6-3,completed,present,2025-04-22,2025-05-04,2025-04-26T08:45:48.24+00:00,False,2025-04-26T10:50:59.437+00:00,False,data/raw/wta/stats/_httpcache/2025/55f732d7531a288c3ab45f5bb0e6ea9669abfa7b834bab60fd6ac61c6156fd04.json,85b7d22987fe389c83b3dc6ba03323f7eb184eca60dbf9c5ee48d02fba4e44cb,1,137838.0,True,2025-04-26,stats,False,False
2025,1038,LS025,Yuliia Starodubtseva,Liudmila Samsonova,325338,322222,R32,2-6 7-6(2) 6-0,completed,present,2025-04-22,2025-05-04,2025-04-26T09:58:21.91+00:00,False,2025-04-26T12:46:54.817+00:00,False,data/raw/wta/stats/_httpcache/2025/55f732d7531a288c3ab45f5bb0e6ea9669abfa7b834bab60fd6ac61c6156fd04.json,85b7d22987fe389c83b3dc6ba03323f7eb184eca60dbf9c5ee48d02fba4e44cb,1,137840.0,True,2025-04-26,stats,False,False
2025,1038,LS026,Belinda Bencic,Beatriz Haddad Maia,319001,318176,R32,6-3 4-6 7-6(2),completed,present,2025-04-22,2025-05-04,2025-04-26T12:18:41.227+00:00,False,2025-04-26T15:33:09.797+00:00,False,data/raw/wta/stats/_httpcache/2025/55f732d7531a288c3ab45f5bb0e6ea9669abfa7b834bab60fd6ac61c6156fd04.json,85b7d22987fe389c83b3dc6ba03323f7eb184eca60dbf9c5ee48d02fba4e44cb,1,137842.0,True,2025-04-26,stats,False,False
2025,1038,LS027,Coco Gauff,Ann Li,328560,326096,R32,6-2 6-3,completed,present,2025-04-22,2025-05-04,2025-04-26T13:14:59.577+00:00,False,2025-04-26T14:35:28.087+00:00,False,data/raw/wta/stats/_httpcache/2025/55f732d7531a288c3ab45f5bb0e6ea9669abfa7b834bab60fd6ac61c6156fd04.json,85b7d22987fe389c83b3dc6ba03323f7eb184eca60dbf9c5ee48d02fba4e44cb,1,137843.0,True,2025-04-26,stats,False,False
2025,1038,LS028,Madison Keys,Anna Kalinskaya,316959,323942,R32,7-5 7-6(3),completed,present,2025-04-22,2025-05-04,2025-04-26T11:04:32.693+00:00,False,2025-04-26T13:08:52.213+00:00,False,data/raw/wta/stats/_httpcache/2025/55f732d7531a288c3ab45f5bb0e6ea9669abfa7b834bab60fd6ac61c6156fd04.json,85b7d22987fe389c83b3dc6ba03323f7eb184eca60dbf9c5ee48d02fba4e44cb,1,137841.0,True,2025-04-26,stats,False,False
2025,1038,LS029,Donna Vekic,Emma Navarro,318516,325410,R32,4-6 6-3 6-2,completed,present,2025-04-22,2025-05-04,2025-04-26T19:12:52.69+00:00,False,2025-04-26T21:44:45.707+00:00,False,data/raw/wta/stats/_httpcache/2025/55f732d7531a288c3ab45f5bb0e6ea9669abfa7b834bab60fd6ac61c6156fd04.json,85b7d22987fe389c83b3dc6ba03323f7eb184eca60dbf9c5ee48d02fba4e44cb,1,137845.0,True,2025-04-26,stats,False,False
2025,1038,LS030,Diana Shnaider,Anastasija Sevastova,330482,313987,R32,6-0 6-0,completed,present,2025-04-22,2025-05-04,2025-04-26T08:48:11.6+00:00,False,2025-04-26T09:54:18.907+00:00,False,data/raw/wta/stats/_httpcache/2025/55f732d7531a288c3ab45f5bb0e6ea9669abfa7b834bab60fd6ac61c6156fd04.json,85b7d22987fe389c83b3dc6ba03323f7eb184eca60dbf9c5ee48d02fba4e44cb,1,137839.0,True,2025-04-26,stats,False,False
2025,1038,LS031,Iga Swiatek,Linda Noskova,326408,329668,R32,6-4 6-2,completed,present,2025-04-22,2025-05-04,2025-04-26T17:43:22.723+00:00,False,2025-04-26T19:26:59.547+00:00,False,data/raw/wta/stats/_httpcache/2025/55f732d7531a288c3ab45f5bb0e6ea9669abfa7b834bab60fd6ac61c6156fd04.json,85b7d22987fe389c83b3dc6ba03323f7eb184eca60dbf9c5ee48d02fba4e44cb,1,137844.0,True,2025-04-26,stats,False,False
2025,1038,LS032,Aryna Sabalenka,Anna Blinkova,320760,324267,R64,6-3 6-4,completed,present,2025-04-22,2025-05-04,2025-04-25T10:14:01.89+00:00,False,2025-04-25T12:07:15.687+00:00,False,data/raw/wta/stats/_httpcache/2025/55f732d7531a288c3ab45f5bb0e6ea9669abfa7b834bab60fd6ac61c6156fd04.json,85b7d22987fe389c83b3dc6ba03323f7eb184eca60dbf9c5ee48d02fba4e44cb,1,137826.0,True,2025-04-25,stats,False,False
2025,1038,LS033,Elise Mertens,Camila Osorio,317964,325898,R64,6-3 6-3,completed,present,2025-04-22,2025-05-04,2025-04-25T12:47:25.143+00:00,False,2025-04-25T14:38:28.54+00:00,False,data/raw/wta/stats/_httpcache/2025/55f732d7531a288c3ab45f5bb0e6ea9669abfa7b834bab60fd6ac61c6156fd04.json,85b7d22987fe389c83b3dc6ba03323f7eb184eca60dbf9c5ee48d02fba4e44cb,1,137831.0,True,2025-04-25,stats,False,False
2025,1038,LS034,Rebeka Masarova,Yulia Putintseva,322087,317683,R64,6-3 6-3,completed,present,2025-04-22,2025-05-04,2025-04-25T14:40:42.9+00:00,False,2025-04-25T16:02:57.457+00:00,False,data/raw/wta/stats/_httpcache/2025/55f732d7531a288c3ab45f5bb0e6ea9669abfa7b834bab60fd6ac61c6156fd04.json,85b7d22987fe389c83b3dc6ba03323f7eb184eca60dbf9c5ee48d02fba4e44cb,1,137835.0,True,2025-04-25,stats,False,False
2025,1038,LS035,Peyton Stearns,Amanda Anisimova,327573,326384,R64,6-2 2-6 7-5,completed,present,2025-04-22,2025-05-04,2025-04-25T11:56:54.673+00:00,False,2025-04-25T14:24:30.257+00:00,False,data/raw/wta/stats/_httpcache/2025/55f732d7531a288c3ab45f5bb0e6ea9669abfa7b834bab60fd6ac61c6156fd04.json,85b7d22987fe389c83b3dc6ba03323f7eb184eca60dbf9c5ee48d02fba4e44cb,1,137829.0,True,2025-04-25,stats,False,False
2025,1038,LS036,Veronika Kudermetova,Cristina Bucsa,319526,321158,R64,4-6 7-6(1) 7-5,completed,present,2025-04-22,2025-05-04,2025-04-25T08:46:42.847+00:00,False,2025-04-25T11:53:37.353+00:00,False,data/raw/wta/stats/_httpcache/2025/55f732d7531a288c3ab45f5bb0e6ea9669abfa7b834bab60fd6ac61c6156fd04.json,85b7d22987fe389c83b3dc6ba03323f7eb184eca60dbf9c5ee48d02fba4e44cb,1,137822.0,True,2025-04-25,stats,False,False
2025,1038,LS037,Marta Kostyuk,Emma Raducanu,326482,328366,R64,6-4 2-6 6-2,completed,present,2025-04-22,2025-05-04,2025-04-25T14:14:54.88+00:00,False,2025-04-25T16:46:16.057+00:00,False,data/raw/wta/stats/_httpcache/2025/55f732d7531a288c3ab45f5bb0e6ea9669abfa7b834bab60fd6ac61c6156fd04.json,85b7d22987fe389c83b3dc6ba03323f7eb184eca60dbf9c5ee48d02fba4e44cb,1,137834.0,True,2025-04-25,stats,False,False
2025,1038,LS038,Sofia Kenin,Lulu Sun,320942,324576,R64,6-3 6-2,completed,present,2025-04-22,2025-05-04,2025-04-25T12:41:28.097+00:00,False,2025-04-25T14:06:33.313+00:00,False,data/raw/wta/stats/_httpcache/2025/55f732d7531a288c3ab45f5bb0e6ea9669abfa7b834bab60fd6ac61c6156fd04.json,85b7d22987fe389c83b3dc6ba03323f7eb184eca60dbf9c5ee48d02fba4e44cb,1,137830.0,True,2025-04-25,stats,False,False
2025,1038,LS039,Anastasia Potapova,Qinwen Zheng,325601,328120,R64,6-4 6-4,completed,present,2025-04-22,2025-05-04,2025-04-25T12:49:57.057+00:00,False,2025-04-25T14:48:44.85+00:00,False,data/raw/wta/stats/_httpcache/2025/55f732d7531a288c3ab45f5bb0e6ea9669abfa7b834bab60fd6ac61c6156fd04.json,85b7d22987fe389c83b3dc6ba03323f7eb184eca60dbf9c5ee48d02fba4e44cb,1,137832.0,True,2025-04-25,stats,False,False
2025,1038,LS040,Jessica Pegula,Eva Lys,316956,325826,R64,6-2 6-2,completed,present,2025-04-22,2025-05-04,2025-04-25T16:52:22.403+00:00,False,2025-04-25T18:21:33.163+00:00,False,data/raw/wta/stats/_httpcache/2025/55f732d7531a288c3ab45f5bb0e6ea9669abfa7b834bab60fd6ac61c6156fd04.json,85b7d22987fe389c83b3dc6ba03323f7eb184eca60dbf9c5ee48d02fba4e44cb,1,137836.0,True,2025-04-25,stats,False,False
2025,1038,LS041,Moyuka Uchijima,Ons Jabeur,327241,316847,R64,4-6 6-3 6-4,completed,present,2025-04-22,2025-05-04,2025-04-25T10:42:53.33+00:00,False,2025-04-25T12:50:37.683+00:00,False,data/raw/wta/stats/_httpcache/2025/55f732d7531a288c3ab45f5bb0e6ea9669abfa7b834bab60fd6ac61c6156fd04.json,85b7d22987fe389c83b3dc6ba03323f7eb184eca60dbf9c5ee48d02fba4e44cb,1,137827.0,True,2025-04-25,stats,False,False
2025,1038,LS042,Ekaterina Alexandrova,Olga Danilovic,319007,324934,R64,6-3 6-4,completed,present,2025-04-22,2025-05-04,2025-04-25T11:04:36.07+00:00,False,2025-04-25T12:39:21.173+00:00,False,data/raw/wta/stats/_httpcache/2025/55f732d7531a288c3ab45f5bb0e6ea9669abfa7b834bab60fd6ac61c6156fd04.json,85b7d22987fe389c83b3dc6ba03323f7eb184eca60dbf9c5ee48d02fba4e44cb,1,137828.0,True,2025-04-25,stats,False,False
2025,1038,LS043,Daria Kasatkina,Alycia Parks,322082,326007,R64,6-2 7-5,completed,present,2025-04-22,2025-05-04,2025-04-25T08:48:19.683+00:00,False,2025-04-25T10:38:33.513+00:00,False,data/raw/wta/stats/_httpcache/2025/55f732d7531a288c3ab45f5bb0e6ea9669abfa7b834bab60fd6ac61c6156fd04.json,85b7d22987fe389c83b3dc6ba03323f7eb184eca60dbf9c5ee48d02fba4e44cb,1,137825.0,True,2025-04-25,stats,False,False
2025,1038,LS044,Elena Rybakina,Bianca Andreescu,324166,325088,R64,6-3 6-2,completed,present,2025-04-22,2025-05-04,2025-04-25T19:25:01.55+00:00,False,2025-04-25T20:58:30.383+00:00,False,data/raw/wta/stats/_httpcache/2025/55f732d7531a288c3ab45f5bb0e6ea9669abfa7b834bab60fd6ac61c6156fd04.json,85b7d22987fe389c83b3dc6ba03323f7eb184eca60dbf9c5ee48d02fba4e44cb,1,137837.0,True,2025-04-25,stats,False,False
2025,1038,LS045,Elina Svitolina,Sonay Kartal,316738,329918,R64,6-3 6-1,completed,present,2025-04-22,2025-05-04,2025-04-25T13:06:23.393+00:00,False,2025-04-25T14:09:28.113+00:00,False,data/raw/wta/stats/_httpcache/2025/55f732d7531a288c3ab45f5bb0e6ea9669abfa7b834bab60fd6ac61c6156fd04.json,85b7d22987fe389c83b3dc6ba03323f7eb184eca60dbf9c5ee48d02fba4e44cb,1,137833.0,True,2025-04-25,stats,False,False
2025,1038,LS046,Maria Sakkari,Magda Linette,318312,315130,R64,7-6(5) 6-3,completed,present,2025-04-22,2025-05-04,2025-04-25T08:46:55.127+00:00,False,2025-04-25T10:59:19.64+00:00,False,data/raw/wta/stats/_httpcache/2025/55f732d7531a288c3ab45f5bb0e6ea9669abfa7b834bab60fd6ac61c6156fd04.json,85b7d22987fe389c83b3dc6ba03323f7eb184eca60dbf9c5ee48d02fba4e44cb,1,137823.0,True,2025-04-25,stats,False,False
2025,1038,LS047,Jasmine Paolini,Katie Boulter,319280,319125,R64,6-1 6-2,completed,present,2025-04-22,2025-05-04,2025-04-25T08:47:18.78+00:00,False,2025-04-25T10:09:33.583+00:00,False,data/raw/wta/stats/_httpcache/2025/55f732d7531a288c3ab45f5bb0e6ea9669abfa7b834bab60fd6ac61c6156fd04.json,85b7d22987fe389c83b3dc6ba03323f7eb184eca60dbf9c5ee48d02fba4e44cb,1,137824.0,True,2025-04-25,stats,False,False
2025,1038,LS048,Mirra Andreeva,Marie Bouzkova,331809,320983,R64,6-3 6-4,completed,present,2025-04-22,2025-05-04,2025-04-24T11:20:30.24+00:00,False,2025-04-24T13:17:56.717+00:00,False,data/raw/wta/stats/_httpcache/2025/55f732d7531a288c3ab45f5bb0e6ea9669abfa7b834bab60fd6ac61c6156fd04.json,85b7d22987fe389c83b3dc6ba03323f7eb184eca60dbf9c5ee48d02fba4e44cb,1,137812.0,True,2025-04-24,stats,False,False
2025,1038,LS049,Magdalena Frech,Jessica Bouzas Maneiro,320277,328139,R64,5-7 7-6(2) 6-4,completed,present,2025-04-22,2025-05-04,2025-04-24T08:41:36.063+00:00,False,2025-04-24T12:07:20.607+00:00,False,data/raw/wta/stats/_httpcache/2025/55f732d7531a288c3ab45f5bb0e6ea9669abfa7b834bab60fd6ac61c6156fd04.json,85b7d22987fe389c83b3dc6ba03323f7eb184eca60dbf9c5ee48d02fba4e44cb,1,137806.0,True,2025-04-24,stats,False,False
2025,1038,LS050,Liudmila Samsonova,Caroline Dolehide,322222,322052,R64,6-4 6-4,completed,present,2025-04-22,2025-05-04,2025-04-24T08:41:51.033+00:00,False,2025-04-24T10:38:10.537+00:00,False,data/raw/wta/stats/_httpcache/2025/55f732d7531a288c3ab45f5bb0e6ea9669abfa7b834bab60fd6ac61c6156fd04.json,85b7d22987fe389c83b3dc6ba03323f7eb184eca60dbf9c5ee48d02fba4e44cb,1,137807.0,True,2025-04-24,stats,False,False
2025,1038,LS051,Yuliia Starodubtseva,Elisabetta Cocciaretto,325338,327909,R64,7-6(5) 6-4,completed,present,2025-04-22,2025-05-04,2025-04-24T14:58:22.547+00:00,False,2025-04-24T17:09:44.6+00:00,False,data/raw/wta/stats/_httpcache/2025/55f732d7531a288c3ab45f5bb0e6ea9669abfa7b834bab60fd6ac61c6156fd04.json,85b7d22987fe389c83b3dc6ba03323f7eb184eca60dbf9c5ee48d02fba4e44cb,1,137818.0,True,2025-04-24,stats,False,False
2025,1038,LS052,Beatriz Haddad Maia,Bernarda Pera,318176,317708,R64,2-6 6-3 6-1,completed,present,2025-04-22,2025-05-04,2025-04-24T10:46:32.95+00:00,False,2025-04-24T12:57:43.467+00:00,False,data/raw/wta/stats/_httpcache/2025/55f732d7531a288c3ab45f5bb0e6ea9669abfa7b834bab60fd6ac61c6156fd04.json,85b7d22987fe389c83b3dc6ba03323f7eb184eca60dbf9c5ee48d02fba4e44cb,1,137811.0,True,2025-04-24,stats,False,False
2025,1038,LS053,Belinda Bencic,Clara Tauson,319001,327793,R64,7-5 7-5,completed,present,2025-04-22,2025-05-04,2025-04-24T08:56:21.027+00:00,False,2025-04-24T11:02:32.5+00:00,False,data/raw/wta/stats/_httpcache/2025/55f732d7531a288c3ab45f5bb0e6ea9669abfa7b834bab60fd6ac61c6156fd04.json,85b7d22987fe389c83b3dc6ba03323f7eb184eca60dbf9c5ee48d02fba4e44cb,1,137809.0,True,2025-04-24,stats,False,False
2025,1038,LS054,Ann Li,Leylah Fernandez,326096,326735,R64,6-4 3-6 6-4,completed,present,2025-04-22,2025-05-04,2025-04-24T15:51:13.94+00:00,False,2025-04-24T18:14:35.233+00:00,False,data/raw/wta/stats/_httpcache/2025/55f732d7531a288c3ab45f5bb0e6ea9669abfa7b834bab60fd6ac61c6156fd04.json,85b7d22987fe389c83b3dc6ba03323f7eb184eca60dbf9c5ee48d02fba4e44cb,1,137819.0,True,2025-04-24,stats,False,False
2025,1038,LS055,Coco Gauff,Dayana Yastremska,328560,324261,R64,0-6 6-2 7-5,completed,score-conflict,2025-04-22,2025-05-04,2025-04-24T17:36:51.813+00:00,False,2025-04-24T20:13:59.72+00:00,False,data/raw/wta/stats/_httpcache/2025/55f732d7531a288c3ab45f5bb0e6ea9669abfa7b834bab60fd6ac61c6156fd04.json,85b7d22987fe389c83b3dc6ba03323f7eb184eca60dbf9c5ee48d02fba4e44cb,1,137821.0,True,2025-04-24,stats,False,False
2025,1038,LS056,Madison Keys,Lucia Bronzetti,316959,322280,R64,6-4 6-3,completed,present,2025-04-22,2025-05-04,2025-04-24T16:42:01.387+00:00,False,2025-04-24T18:17:18+00:00,False,data/raw/wta/stats/_httpcache/2025/55f732d7531a288c3ab45f5bb0e6ea9669abfa7b834bab60fd6ac61c6156fd04.json,85b7d22987fe389c83b3dc6ba03323f7eb184eca60dbf9c5ee48d02fba4e44cb,1,137820.0,True,2025-04-24,stats,False,False
2025,1038,LS057,Anna Kalinskaya,Diane Parry,323942,327077,R64,7-6(4) 6-4,completed,present,2025-04-22,2025-05-04,2025-04-24T10:40:50.583+00:00,False,2025-04-24T12:37:29.477+00:00,False,data/raw/wta/stats/_httpcache/2025/55f732d7531a288c3ab45f5bb0e6ea9669abfa7b834bab60fd6ac61c6156fd04.json,85b7d22987fe389c83b3dc6ba03323f7eb184eca60dbf9c5ee48d02fba4e44cb,1,137810.0,True,2025-04-24,stats,False,False
2025,1038,LS058,Donna Vekic,Hailey Baptiste,318516,327101,R64,6-4 6-3,completed,present,2025-04-22,2025-05-04,2025-04-24T08:50:02.877+00:00,False,2025-04-24T10:43:01.863+00:00,False,data/raw/wta/stats/_httpcache/2025/55f732d7531a288c3ab45f5bb0e6ea9669abfa7b834bab60fd6ac61c6156fd04.json,85b7d22987fe389c83b3dc6ba03323f7eb184eca60dbf9c5ee48d02fba4e44cb,1,137808.0,True,2025-04-24,stats,False,False
2025,1038,LS059,Emma Navarro,Maya Joint,325410,330544,R64,7-5 7-5,completed,present,2025-04-22,2025-05-04,2025-04-24T12:14:15.14+00:00,False,2025-04-24T14:13:32.45+00:00,False,data/raw/wta/stats/_httpcache/2025/55f732d7531a288c3ab45f5bb0e6ea9669abfa7b834bab60fd6ac61c6156fd04.json,85b7d22987fe389c83b3dc6ba03323f7eb184eca60dbf9c5ee48d02fba4e44cb,1,137813.0,True,2025-04-24,stats,False,False
2025,1038,LS060,Diana Shnaider,Katie Volynets,330482,327391,R64,6-1 6-2,completed,present,2025-04-22,2025-05-04,2025-04-24T12:22:25.917+00:00,False,2025-04-24T13:53:19.687+00:00,False,data/raw/wta/stats/_httpcache/2025/55f732d7531a288c3ab45f5bb0e6ea9669abfa7b834bab60fd6ac61c6156fd04.json,85b7d22987fe389c83b3dc6ba03323f7eb184eca60dbf9c5ee48d02fba4e44cb,1,137814.0,True,2025-04-24,stats,False,False
2025,1038,LS061,Anastasija Sevastova,Jelena Ostapenko,313987,319939,R64,7-6(2) 6-2,completed,present,2025-04-22,2025-05-04,2025-04-24T13:59:44.67+00:00,False,2025-04-24T15:45:17.21+00:00,False,data/raw/wta/stats/_httpcache/2025/55f732d7531a288c3ab45f5bb0e6ea9669abfa7b834bab60fd6ac61c6156fd04.json,85b7d22987fe389c83b3dc6ba03323f7eb184eca60dbf9c5ee48d02fba4e44cb,1,137817.0,True,2025-04-24,stats,False,False
2025,1038,LS062,Linda Noskova,Maria Lourdes Carle,329668,322638,R64,7-5 6-1,completed,present,2025-04-22,2025-05-04,2025-04-24T13:00:32.887+00:00,False,2025-04-24T14:52:56.06+00:00,False,data/raw/wta/stats/_httpcache/2025/55f732d7531a288c3ab45f5bb0e6ea9669abfa7b834bab60fd6ac61c6156fd04.json,85b7d22987fe389c83b3dc6ba03323f7eb184eca60dbf9c5ee48d02fba4e44cb,1,137815.0,True,2025-04-24,stats,False,False
2025,1038,LS063,Iga Swiatek,Alexandra Eala,326408,330332,R64,4-6 6-4 6-2,completed,present,2025-04-22,2025-05-04,2025-04-24T13:20:51.073+00:00,False,2025-04-24T15:55:11.26+00:00,False,data/raw/wta/stats/_httpcache/2025/55f732d7531a288c3ab45f5bb0e6ea9669abfa7b834bab60fd6ac61c6156fd04.json,85b7d22987fe389c83b3dc6ba03323f7eb184eca60dbf9c5ee48d02fba4e44cb,1,137816.0,True,2025-04-24,stats,False,False
2025,1038,LS065,Anna Blinkova,Panna Udvardy,324267,325956,R128,6-4 6-2,completed,present,2025-04-22,2025-05-04,2025-04-23T12:58:45.187+00:00,False,2025-04-23T14:27:45.803+00:00,False,data/raw/wta/stats/_httpcache/2025/55f732d7531a288c3ab45f5bb0e6ea9669abfa7b834bab60fd6ac61c6156fd04.json,85b7d22987fe389c83b3dc6ba03323f7eb184eca60dbf9c5ee48d02fba4e44cb,1,137796.0,True,2025-04-23,stats,False,False
2025,1038,LS066,Camila Osorio,Emiliana Arango,325898,324789,R128,6-3 6-3,completed,present,2025-04-22,2025-05-04,2025-04-22T17:13:16.323+00:00,False,2025-04-22T18:46:07.59+00:00,False,data/raw/wta/stats/_httpcache/2025/55f732d7531a288c3ab45f5bb0e6ea9669abfa7b834bab60fd6ac61c6156fd04.json,85b7d22987fe389c83b3dc6ba03323f7eb184eca60dbf9c5ee48d02fba4e44cb,1,137782.0,True,2025-04-22,stats,False,False
2025,1038,LS069,Rebeka Masarova,Ajla Tomljanovic,322087,315232,R128,6-3 1-6 7-5,completed,present,2025-04-22,2025-05-04,2025-04-23T12:43:05.15+00:00,False,2025-04-23T14:46:08.687+00:00,False,data/raw/wta/stats/_httpcache/2025/55f732d7531a288c3ab45f5bb0e6ea9669abfa7b834bab60fd6ac61c6156fd04.json,85b7d22987fe389c83b3dc6ba03323f7eb184eca60dbf9c5ee48d02fba4e44cb,1,137795.0,True,2025-04-23,stats,False,False
2025,1038,LS070,Peyton Stearns,Kimberly Birrell,327573,320728,R128,5-7 6-3 6-4,completed,present,2025-04-22,2025-05-04,2025-04-22T18:53:08.807+00:00,False,2025-04-22T21:36:39.893+00:00,False,data/raw/wta/stats/_httpcache/2025/55f732d7531a288c3ab45f5bb0e6ea9669abfa7b834bab60fd6ac61c6156fd04.json,85b7d22987fe389c83b3dc6ba03323f7eb184eca60dbf9c5ee48d02fba4e44cb,1,137783.0,True,2025-04-22,stats,False,False
2025,1038,LS073,Veronika Kudermetova,Polina Kudermetova,319526,328897,R128,6-2 6-2,completed,present,2025-04-22,2025-05-04,2025-04-23T14:33:42.583+00:00,False,2025-04-23T15:52:12.083+00:00,False,data/raw/wta/stats/_httpcache/2025/55f732d7531a288c3ab45f5bb0e6ea9669abfa7b834bab60fd6ac61c6156fd04.json,85b7d22987fe389c83b3dc6ba03323f7eb184eca60dbf9c5ee48d02fba4e44cb,1,137799.0,True,2025-04-23,stats,False,False
2025,1038,LS074,Emma Raducanu,Suzan Lamens,328366,324898,R128,7-6(4) 6-4,completed,present,2025-04-22,2025-05-04,2025-04-23T12:14:47.393+00:00,False,2025-04-23T14:28:13.18+00:00,False,data/raw/wta/stats/_httpcache/2025/55f732d7531a288c3ab45f5bb0e6ea9669abfa7b834bab60fd6ac61c6156fd04.json,85b7d22987fe389c83b3dc6ba03323f7eb184eca60dbf9c5ee48d02fba4e44cb,1,137794.0,True,2025-04-23,stats,False,False
2025,1038,LS077,Lulu Sun,Varvara Gracheva,324576,325836,R128,3-6 6-1 6-4,completed,present,2025-04-22,2025-05-04,2025-04-22T16:45:59.033+00:00,False,2025-04-22T18:57:55.803+00:00,False,data/raw/wta/stats/_httpcache/2025/55f732d7531a288c3ab45f5bb0e6ea9669abfa7b834bab60fd6ac61c6156fd04.json,85b7d22987fe389c83b3dc6ba03323f7eb184eca60dbf9c5ee48d02fba4e44cb,1,137781.0,True,2025-04-22,stats,False,False
2025,1038,LS078,Anastasia Potapova,Ashlyn Krueger,325601,329409,R128,6-7(7) 6-4 6-2,completed,present,2025-04-22,2025-05-04,2025-04-23T13:48:58+00:00,False,2025-04-23T16:15:50.58+00:00,False,data/raw/wta/stats/_httpcache/2025/55f732d7531a288c3ab45f5bb0e6ea9669abfa7b834bab60fd6ac61c6156fd04.json,85b7d22987fe389c83b3dc6ba03323f7eb184eca60dbf9c5ee48d02fba4e44cb,1,137798.0,True,2025-04-23,stats,False,False
2025,1038,LS081,Eva Lys,Teodora Kostovic,325826,334791,R128,6-2 6-2,completed,present,2025-04-22,2025-05-04,2025-04-23T15:54:06.437+00:00,False,2025-04-23T17:35:13.817+00:00,False,data/raw/wta/stats/_httpcache/2025/55f732d7531a288c3ab45f5bb0e6ea9669abfa7b834bab60fd6ac61c6156fd04.json,85b7d22987fe389c83b3dc6ba03323f7eb184eca60dbf9c5ee48d02fba4e44cb,1,137802.0,True,2025-04-23,stats,False,False
2025,1038,LS082,Moyuka Uchijima,Robin Montgomery,327241,329408,R128,1-6 6-4 6-3,completed,present,2025-04-22,2025-05-04,2025-04-23T14:48:20.58+00:00,False,2025-04-23T16:36:47.423+00:00,False,data/raw/wta/stats/_httpcache/2025/55f732d7531a288c3ab45f5bb0e6ea9669abfa7b834bab60fd6ac61c6156fd04.json,85b7d22987fe389c83b3dc6ba03323f7eb184eca60dbf9c5ee48d02fba4e44cb,1,137800.0,True,2025-04-23,stats,False,False
2025,1038,LS085,Olga Danilovic,Victoria Azarenka,324934,312001,R128,6-4 6-2,completed,present,2025-04-22,2025-05-04,2025-04-23T16:12:52.53+00:00,False,2025-04-23T17:58:37.903+00:00,False,data/raw/wta/stats/_httpcache/2025/55f732d7531a288c3ab45f5bb0e6ea9669abfa7b834bab60fd6ac61c6156fd04.json,85b7d22987fe389c83b3dc6ba03323f7eb184eca60dbf9c5ee48d02fba4e44cb,1,137803.0,True,2025-04-23,stats,False,False
2025,1038,LS086,Alycia Parks,Victoria Jimenez Kasintseva,326007,330352,R128,6-3 6-3,completed,present,2025-04-22,2025-05-04,2025-04-23T10:50:09.293+00:00,False,2025-04-23T12:54:49.85+00:00,False,data/raw/wta/stats/_httpcache/2025/55f732d7531a288c3ab45f5bb0e6ea9669abfa7b834bab60fd6ac61c6156fd04.json,85b7d22987fe389c83b3dc6ba03323f7eb184eca60dbf9c5ee48d02fba4e44cb,1,137790.0,True,2025-04-23,stats,False,False
2025,1038,LS089,Bianca Andreescu,McCartney Kessler,325088,326678,R128,6-2 6-4,completed,present,2025-04-22,2025-05-04,2025-04-23T16:47:18.053+00:00,False,2025-04-23T18:17:43.277+00:00,False,data/raw/wta/stats/_httpcache/2025/55f732d7531a288c3ab45f5bb0e6ea9669abfa7b834bab60fd6ac61c6156fd04.json,85b7d22987fe389c83b3dc6ba03323f7eb184eca60dbf9c5ee48d02fba4e44cb,1,137804.0,True,2025-04-23,stats,False,False
2025,1038,LS090,Sonay Kartal,Jaqueline Cristian,329918,320319,R128,6-2 7-5,completed,present,2025-04-22,2025-05-04,2025-04-23T17:37:16.15+00:00,False,2025-04-23T19:20:06.74+00:00,False,data/raw/wta/stats/_httpcache/2025/55f732d7531a288c3ab45f5bb0e6ea9669abfa7b834bab60fd6ac61c6156fd04.json,85b7d22987fe389c83b3dc6ba03323f7eb184eca60dbf9c5ee48d02fba4e44cb,1,137805.0,True,2025-04-23,stats,False,False
2025,1038,LS093,Maria Sakkari,Xinyu Wang,318312,326376,R128,6-4 7-6(7),completed,present,2025-04-22,2025-05-04,2025-04-23T11:19:46.763+00:00,False,2025-04-23T13:45:17.39+00:00,False,data/raw/wta/stats/_httpcache/2025/55f732d7531a288c3ab45f5bb0e6ea9669abfa7b834bab60fd6ac61c6156fd04.json,85b7d22987fe389c83b3dc6ba03323f7eb184eca60dbf9c5ee48d02fba4e44cb,1,137792.0,True,2025-04-23,stats,False,False
2025,1038,LS094,Katie Boulter,Katerina Siniakova,319125,320301,R128,4-6 6-2 6-1,completed,present,2025-04-22,2025-05-04,2025-04-22T14:42:21.677+00:00,False,2025-04-22T17:07:34.58+00:00,False,data/raw/wta/stats/_httpcache/2025/55f732d7531a288c3ab45f5bb0e6ea9669abfa7b834bab60fd6ac61c6156fd04.json,85b7d22987fe389c83b3dc6ba03323f7eb184eca60dbf9c5ee48d02fba4e44cb,1,137780.0,True,2025-04-22,stats,False,False
2025,1038,LS097,Marie Bouzkova,Renata Zarazua,320983,320716,R128,6-2 4-6 6-1,completed,present,2025-04-22,2025-05-04,2025-04-22T10:45:04.95+00:00,False,2025-04-22T13:51:03.19+00:00,False,data/raw/wta/stats/_httpcache/2025/55f732d7531a288c3ab45f5bb0e6ea9669abfa7b834bab60fd6ac61c6156fd04.json,85b7d22987fe389c83b3dc6ba03323f7eb184eca60dbf9c5ee48d02fba4e44cb,1,137777.0,True,2025-04-22,stats,False,False
2025,1038,LS098,Jessica Bouzas Maneiro,Mayar Sherif,328139,318711,R128,6-3 6-1,completed,present,2025-04-22,2025-05-04,2025-04-22T13:09:28.733+00:00,False,2025-04-22T14:38:51.717+00:00,False,data/raw/wta/stats/_httpcache/2025/55f732d7531a288c3ab45f5bb0e6ea9669abfa7b834bab60fd6ac61c6156fd04.json,85b7d22987fe389c83b3dc6ba03323f7eb184eca60dbf9c5ee48d02fba4e44cb,1,137778.0,True,2025-04-22,stats,False,False
2025,1038,LS101,Caroline Dolehide,Elina Avanesyan,322052,327620,R128,6-4 6-4,completed,present,2025-04-22,2025-05-04,2025-04-22T08:49:16.973+00:00,False,2025-04-22T10:42:57.77+00:00,False,data/raw/wta/stats/_httpcache/2025/55f732d7531a288c3ab45f5bb0e6ea9669abfa7b834bab60fd6ac61c6156fd04.json,85b7d22987fe389c83b3dc6ba03323f7eb184eca60dbf9c5ee48d02fba4e44cb,1,137774.0,True,2025-04-22,stats,False,False
2025,1038,LS102,Yuliia Starodubtseva,Linda Fruhvirtova,325338,329627,R128,6-2 6-2,completed,present,2025-04-22,2025-05-04,2025-04-23T13:10:17+00:00,False,2025-04-23T14:50:33.427+00:00,False,data/raw/wta/stats/_httpcache/2025/55f732d7531a288c3ab45f5bb0e6ea9669abfa7b834bab60fd6ac61c6156fd04.json,85b7d22987fe389c83b3dc6ba03323f7eb184eca60dbf9c5ee48d02fba4e44cb,1,137797.0,True,2025-04-23,stats,False,False
2025,1038,LS105,Bernarda Pera,Jana Fett,317708,320945,R128,6-4 6-3,completed,present,2025-04-22,2025-05-04,2025-04-23T10:41:08.933+00:00,False,2025-04-23T12:38:41.64+00:00,False,data/raw/wta/stats/_httpcache/2025/55f732d7531a288c3ab45f5bb0e6ea9669abfa7b834bab60fd6ac61c6156fd04.json,85b7d22987fe389c83b3dc6ba03323f7eb184eca60dbf9c5ee48d02fba4e44cb,1,137789.0,True,2025-04-23,stats,False,False
2025,1038,LS106,Belinda Bencic,Zeynep Sonmez,319001,326907,R128,6-0 6-2,completed,present,2025-04-22,2025-05-04,2025-04-23T10:50:25.937+00:00,False,2025-04-23T12:09:49.167+00:00,False,data/raw/wta/stats/_httpcache/2025/55f732d7531a288c3ab45f5bb0e6ea9669abfa7b834bab60fd6ac61c6156fd04.json,85b7d22987fe389c83b3dc6ba03323f7eb184eca60dbf9c5ee48d02fba4e44cb,1,137791.0,True,2025-04-23,stats,False,False
2025,1038,LS109,Ann Li,Aliaksandra Sasnovich,326096,317790,R128,6-3 6-2,completed,present,2025-04-22,2025-05-04,2025-04-23T08:46:55.45+00:00,False,2025-04-23T10:37:06.39+00:00,False,data/raw/wta/stats/_httpcache/2025/55f732d7531a288c3ab45f5bb0e6ea9669abfa7b834bab60fd6ac61c6156fd04.json,85b7d22987fe389c83b3dc6ba03323f7eb184eca60dbf9c5ee48d02fba4e44cb,1,137785.0,True,2025-04-23,stats,False,False
2025,1038,LS110,Dayana Yastremska,Francesca Jones,324261,324479,R128,7-6(5) 4-6 6-3,completed,present,2025-04-22,2025-05-04,2025-04-23T14:51:57.593+00:00,False,2025-04-23T17:34:57.25+00:00,False,data/raw/wta/stats/_httpcache/2025/55f732d7531a288c3ab45f5bb0e6ea9669abfa7b834bab60fd6ac61c6156fd04.json,85b7d22987fe389c83b3dc6ba03323f7eb184eca60dbf9c5ee48d02fba4e44cb,1,137801.0,True,2025-04-23,stats,False,False
2025,1038,LS113,Lucia Bronzetti,Naomi Osaka,322280,319998,R128,6-4 2-6 6-4,completed,present,2025-04-22,2025-05-04,2025-04-22T10:28:40.773+00:00,False,2025-04-22T13:06:31.513+00:00,False,data/raw/wta/stats/_httpcache/2025/55f732d7531a288c3ab45f5bb0e6ea9669abfa7b834bab60fd6ac61c6156fd04.json,85b7d22987fe389c83b3dc6ba03323f7eb184eca60dbf9c5ee48d02fba4e44cb,1,137776.0,True,2025-04-22,stats,False,False
2025,1038,LS114,Diane Parry,Irina-Camelia Begu,327077,313169,R128,6-3 6-4,completed,present,2025-04-22,2025-05-04,2025-04-23T08:43:06.21+00:00,False,2025-04-23T10:47:08.25+00:00,False,data/raw/wta/stats/_httpcache/2025/55f732d7531a288c3ab45f5bb0e6ea9669abfa7b834bab60fd6ac61c6156fd04.json,85b7d22987fe389c83b3dc6ba03323f7eb184eca60dbf9c5ee48d02fba4e44cb,1,137784.0,True,2025-04-23,stats,False,False
2025,1038,LS117,Hailey Baptiste,Sorana Cirstea,327101,312469,R128,6-2 5-7 7-6(4),completed,present,2025-04-22,2025-05-04,2025-04-22T13:55:54.683+00:00,False,2025-04-22T16:42:54.203+00:00,False,data/raw/wta/stats/_httpcache/2025/55f732d7531a288c3ab45f5bb0e6ea9669abfa7b834bab60fd6ac61c6156fd04.json,85b7d22987fe389c83b3dc6ba03323f7eb184eca60dbf9c5ee48d02fba4e44cb,1,137779.0,True,2025-04-22,stats,False,False
2025,1038,LS118,Maya Joint,Carlota Martinez Cirez,330544,326911,R128,6-2 2-6 6-4,completed,present,2025-04-22,2025-05-04,2025-04-23T08:49:28.33+00:00,False,2025-04-23T11:16:08.15+00:00,False,data/raw/wta/stats/_httpcache/2025/55f732d7531a288c3ab45f5bb0e6ea9669abfa7b834bab60fd6ac61c6156fd04.json,85b7d22987fe389c83b3dc6ba03323f7eb184eca60dbf9c5ee48d02fba4e44cb,1,137787.0,True,2025-04-23,stats,False,False
2025,1038,LS121,Katie Volynets,Petra Kvitova,327391,314206,R128,6-4 6-0,completed,present,2025-04-22,2025-05-04,2025-04-23T08:50:50.86+00:00,False,2025-04-23T10:36:51.743+00:00,False,data/raw/wta/stats/_httpcache/2025/55f732d7531a288c3ab45f5bb0e6ea9669abfa7b834bab60fd6ac61c6156fd04.json,85b7d22987fe389c83b3dc6ba03323f7eb184eca60dbf9c5ee48d02fba4e44cb,1,137788.0,True,2025-04-23,stats,False,False
2025,1038,LS122,Anastasija Sevastova,Anastasia Pavlyuchenkova,313987,313796,R128,6-4 7-5,completed,present,2025-04-22,2025-05-04,2025-04-23T08:48:49.99+00:00,False,2025-04-23T11:16:43.8+00:00,False,data/raw/wta/stats/_httpcache/2025/55f732d7531a288c3ab45f5bb0e6ea9669abfa7b834bab60fd6ac61c6156fd04.json,85b7d22987fe389c83b3dc6ba03323f7eb184eca60dbf9c5ee48d02fba4e44cb,1,137786.0,True,2025-04-23,stats,False,False
2025,1038,LS125,Maria Lourdes Carle,Rebecca Sramkova,322638,320228,R128,6-3 6-2,completed,present,2025-04-22,2025-05-04,2025-04-23T11:24:01.127+00:00,False,2025-04-23T13:07:19.027+00:00,False,data/raw/wta/stats/_httpcache/2025/55f732d7531a288c3ab45f5bb0e6ea9669abfa7b834bab60fd6ac61c6156fd04.json,85b7d22987fe389c83b3dc6ba03323f7eb184eca60dbf9c5ee48d02fba4e44cb,1,137793.0,True,2025-04-23,stats,False,False
2025,1038,LS126,Alexandra Eala,Viktoriya Tomova,330332,317584,R128,6-3 6-2,completed,present,2025-04-22,2025-05-04,2025-04-22T08:53:02.097+00:00,False,2025-04-22T10:25:27.607+00:00,False,data/raw/wta/stats/_httpcache/2025/55f732d7531a288c3ab45f5bb0e6ea9669abfa7b834bab60fd6ac61c6156fd04.json,85b7d22987fe389c83b3dc6ba03323f7eb184eca60dbf9c5ee48d02fba4e44cb,1,137775.0,True,2025-04-22,stats,False,False
2025,1039,LS001,Diana Shnaider,Ekaterina Alexandrova,330482,319007,F,6-3 4-6 6-4,completed,absent,2025-08-18,2025-08-23,2025-08-24T00:15:20.25+00:00,False,2025-08-24T02:52:47.117+00:00,False,data/raw/wta/stats/_httpcache/2025/e797383910d47ceb7e8794ae3a4d24b45debaafbd96d8ae00bc40eb159be209e.json,15c024ac66872470ee71f4857bec009c6bb9521cce4f93e7fd8629d12ed6bab3,0,,,,,False,False
2025,1039,LS002,Diana Shnaider,Alycia Parks,330482,326007,SF,6-3 7-6(8),completed,present,2025-08-18,2025-08-23,2025-08-22T22:46:20.53+00:00,False,2025-08-23T00:55:13.183+00:00,False,data/raw/wta/stats/_httpcache/2025/e797383910d47ceb7e8794ae3a4d24b45debaafbd96d8ae00bc40eb159be209e.json,15c024ac66872470ee71f4857bec009c6bb9521cce4f93e7fd8629d12ed6bab3,0,139632.0,True,2025-08-22,stats,False,False
2025,1039,LS004,Alycia Parks,Rebecca Sramkova,326007,320228,QF,6-2 7-5,completed,present,2025-08-18,2025-08-23,2025-08-22T00:14:27.377+00:00,False,2025-08-22T01:51:19.607+00:00,False,data/raw/wta/stats/_httpcache/2025/e797383910d47ceb7e8794ae3a4d24b45debaafbd96d8ae00bc40eb159be209e.json,15c024ac66872470ee71f4857bec009c6bb9521cce4f93e7fd8629d12ed6bab3,0,139629.0,True,2025-08-22,stats,False,False
2025,1039,LS005,Diana Shnaider,Elise Mertens,330482,317964,QF,3-6 7-6(6) 7-6(4),completed,present,2025-08-18,2025-08-23,2025-08-21T20:50:19.84+00:00,False,2025-08-22T00:09:00.7+00:00,False,data/raw/wta/stats/_httpcache/2025/e797383910d47ceb7e8794ae3a4d24b45debaafbd96d8ae00bc40eb159be209e.json,15c024ac66872470ee71f4857bec009c6bb9521cce4f93e7fd8629d12ed6bab3,0,139600.0,True,2025-08-21,stats,False,False
2025,1039,LS006,Marie Bouzkova,Antonia Ruzic,320983,329505,QF,6-3 6-2,completed,present,2025-08-18,2025-08-23,2025-08-22T04:31:30.32+00:00,False,2025-08-22T06:06:38.683+00:00,False,data/raw/wta/stats/_httpcache/2025/e797383910d47ceb7e8794ae3a4d24b45debaafbd96d8ae00bc40eb159be209e.json,15c024ac66872470ee71f4857bec009c6bb9521cce4f93e7fd8629d12ed6bab3,0,139631.0,True,2025-08-22,stats,False,False
2025,1039,LS007,Ekaterina Alexandrova,Linda Noskova,319007,329668,QF,7-6(5) 4-6 6-2,completed,present,2025-08-18,2025-08-23,2025-08-22T01:52:46.7+00:00,False,2025-08-22T04:28:35.227+00:00,False,data/raw/wta/stats/_httpcache/2025/e797383910d47ceb7e8794ae3a4d24b45debaafbd96d8ae00bc40eb159be209e.json,15c024ac66872470ee71f4857bec009c6bb9521cce4f93e7fd8629d12ed6bab3,0,139630.0,True,2025-08-22,stats,False,False
2025,1039,LS008,Alycia Parks,Emma Navarro,326007,325410,R16,4-6 6-3 6-2,completed,present,2025-08-18,2025-08-23,2025-08-21T01:16:10.607+00:00,False,2025-08-21T03:53:11.557+00:00,False,data/raw/wta/stats/_httpcache/2025/e797383910d47ceb7e8794ae3a4d24b45debaafbd96d8ae00bc40eb159be209e.json,15c024ac66872470ee71f4857bec009c6bb9521cce4f93e7fd8629d12ed6bab3,0,139598.0,True,2025-08-21,stats,False,False
2025,1039,LS009,Rebecca Sramkova,Leylah Fernandez,320228,326735,R16,2-6 6-3 6-2,completed,present,2025-08-18,2025-08-23,2025-08-20T22:40:05.773+00:00,False,2025-08-21T01:01:39.177+00:00,False,data/raw/wta/stats/_httpcache/2025/e797383910d47ceb7e8794ae3a4d24b45debaafbd96d8ae00bc40eb159be209e.json,15c024ac66872470ee71f4857bec009c6bb9521cce4f93e7fd8629d12ed6bab3,0,139583.0,True,2025-08-20,stats,False,False
2025,1039,LS010,Diana Shnaider,Kamilla Rakhimova,330482,325936,R16,7-6(3) 6-1,completed,present,2025-08-18,2025-08-23,2025-08-20T20:46:00.923+00:00,False,2025-08-20T22:56:02.95+00:00,False,data/raw/wta/stats/_httpcache/2025/e797383910d47ceb7e8794ae3a4d24b45debaafbd96d8ae00bc40eb159be209e.json,15c024ac66872470ee71f4857bec009c6bb9521cce4f93e7fd8629d12ed6bab3,0,139580.0,True,2025-08-20,stats,False,False
2025,1039,LS011,Elise Mertens,Donna Vekic,317964,318516,R16,6-3 6-3,completed,present,2025-08-18,2025-08-23,2025-08-20T20:46:55.35+00:00,False,2025-08-20T22:36:35.51+00:00,False,data/raw/wta/stats/_httpcache/2025/e797383910d47ceb7e8794ae3a4d24b45debaafbd96d8ae00bc40eb159be209e.json,15c024ac66872470ee71f4857bec009c6bb9521cce4f93e7fd8629d12ed6bab3,0,139581.0,True,2025-08-20,stats,False,False
2025,1039,LS012,Antonia Ruzic,Elisabetta Cocciaretto,329505,327909,R16,7-6(2) 2-6 6-0,completed,present,2025-08-18,2025-08-23,2025-08-20T22:19:25.357+00:00,False,2025-08-21T00:59:09.13+00:00,False,data/raw/wta/stats/_httpcache/2025/e797383910d47ceb7e8794ae3a4d24b45debaafbd96d8ae00bc40eb159be209e.json,15c024ac66872470ee71f4857bec009c6bb9521cce4f93e7fd8629d12ed6bab3,0,139582.0,True,2025-08-20,stats,False,False
2025,1039,LS013,Marie Bouzkova,Beatriz Haddad Maia,320983,318176,R16,6-3 6-4,completed,present,2025-08-18,2025-08-23,2025-08-20T22:59:05.107+00:00,False,2025-08-21T01:13:05.81+00:00,False,data/raw/wta/stats/_httpcache/2025/e797383910d47ceb7e8794ae3a4d24b45debaafbd96d8ae00bc40eb159be209e.json,15c024ac66872470ee71f4857bec009c6bb9521cce4f93e7fd8629d12ed6bab3,0,139584.0,True,2025-08-20,stats,False,False
2025,1039,LS014,Linda Noskova,Tatjana Maria,329668,310440,R16,6-3 6-2,completed,present,2025-08-18,2025-08-23,2025-08-21T01:04:42.017+00:00,False,2025-08-21T02:24:16.503+00:00,False,data/raw/wta/stats/_httpcache/2025/e797383910d47ceb7e8794ae3a4d24b45debaafbd96d8ae00bc40eb159be209e.json,15c024ac66872470ee71f4857bec009c6bb9521cce4f93e7fd8629d12ed6bab3,0,139597.0,True,2025-08-21,stats,False,False
2025,1039,LS015,Ekaterina Alexandrova,Ajla Tomljanovic,319007,315232,R16,6-4 6-3,completed,present,2025-08-18,2025-08-23,2025-08-21T03:56:36.783+00:00,False,2025-08-21T05:43:22.873+00:00,False,data/raw/wta/stats/_httpcache/2025/e797383910d47ceb7e8794ae3a4d24b45debaafbd96d8ae00bc40eb159be209e.json,15c024ac66872470ee71f4857bec009c6bb9521cce4f93e7fd8629d12ed6bab3,0,139599.0,True,2025-08-21,stats,False,False
2025,1039,LS017,Alycia Parks,Cristina Bucsa,326007,321158,R32,6-2 6-1,completed,present,2025-08-18,2025-08-23,2025-08-19T22:50:28.027+00:00,False,2025-08-20T00:04:07.61+00:00,False,data/raw/wta/stats/_httpcache/2025/e797383910d47ceb7e8794ae3a4d24b45debaafbd96d8ae00bc40eb159be209e.json,15c024ac66872470ee71f4857bec009c6bb9521cce4f93e7fd8629d12ed6bab3,0,139539.0,True,2025-08-19,stats,False,False
2025,1039,LS018,Rebecca Sramkova,Victoria Rodriguez,320228,320512,R32,6-0 6-3,completed,present,2025-08-18,2025-08-23,2025-08-19T20:45:17.647+00:00,False,2025-08-19T22:06:38.907+00:00,False,data/raw/wta/stats/_httpcache/2025/e797383910d47ceb7e8794ae3a4d24b45debaafbd96d8ae00bc40eb159be209e.json,15c024ac66872470ee71f4857bec009c6bb9521cce4f93e7fd8629d12ed6bab3,0,139538.0,True,2025-08-19,stats,False,False
2025,1039,LS019,Leylah Fernandez,Jaqueline Cristian,326735,320319,R32,6-3 7-5,completed,present,2025-08-18,2025-08-23,2025-08-19T03:06:41.617+00:00,False,2025-08-19T04:54:59.177+00:00,False,data/raw/wta/stats/_httpcache/2025/e797383910d47ceb7e8794ae3a4d24b45debaafbd96d8ae00bc40eb159be209e.json,15c024ac66872470ee71f4857bec009c6bb9521cce4f93e7fd8629d12ed6bab3,0,139537.0,True,2025-08-19,stats,False,False
2025,1039,LS021,Kamilla Rakhimova,Jessica Bouzas Maneiro,325936,328139,R32,6-4 7-5,completed,present,2025-08-18,2025-08-23,2025-08-18T20:48:25.88+00:00,False,2025-08-18T22:40:46.463+00:00,False,data/raw/wta/stats/_httpcache/2025/e797383910d47ceb7e8794ae3a4d24b45debaafbd96d8ae00bc40eb159be209e.json,15c024ac66872470ee71f4857bec009c6bb9521cce4f93e7fd8629d12ed6bab3,0,139491.0,True,2025-08-18,stats,False,False
2025,1039,LS022,Donna Vekic,Maria Sakkari,318516,318312,R32,6-2 6-3,completed,present,2025-08-18,2025-08-23,2025-08-19T01:22:35.877+00:00,False,2025-08-19T03:02:38.13+00:00,False,data/raw/wta/stats/_httpcache/2025/e797383910d47ceb7e8794ae3a4d24b45debaafbd96d8ae00bc40eb159be209e.json,15c024ac66872470ee71f4857bec009c6bb9521cce4f93e7fd8629d12ed6bab3,0,139536.0,True,2025-08-19,stats,False,False
2025,1039,LS023,Elise Mertens,Anna Blinkova,317964,324267,R32,6-4 6-3,completed,present,2025-08-18,2025-08-23,2025-08-18T22:45:02.407+00:00,False,2025-08-19T00:45:42.747+00:00,False,data/raw/wta/stats/_httpcache/2025/e797383910d47ceb7e8794ae3a4d24b45debaafbd96d8ae00bc40eb159be209e.json,15c024ac66872470ee71f4857bec009c6bb9521cce4f93e7fd8629d12ed6bab3,0,139493.0,True,2025-08-18,stats,False,False
2025,1039,LS024,Antonia Ruzic,Anastasia Pavlyuchenkova,329505,313796,R32,7-6(4) 6-1,completed,present,2025-08-18,2025-08-23,2025-08-19T22:54:49.613+00:00,False,2025-08-20T00:57:29.687+00:00,False,data/raw/wta/stats/_httpcache/2025/e797383910d47ceb7e8794ae3a4d24b45debaafbd96d8ae00bc40eb159be209e.json,15c024ac66872470ee71f4857bec009c6bb9521cce4f93e7fd8629d12ed6bab3,0,139540.0,True,2025-08-19,stats,False,False
2025,1039,LS025,Elisabetta Cocciaretto,Leolia Jeanjean,327909,320313,R32,6-3 6-4,completed,present,2025-08-18,2025-08-23,2025-08-20T00:08:00.1+00:00,False,2025-08-20T01:49:59.663+00:00,False,data/raw/wta/stats/_httpcache/2025/e797383910d47ceb7e8794ae3a4d24b45debaafbd96d8ae00bc40eb159be209e.json,15c024ac66872470ee71f4857bec009c6bb9521cce4f93e7fd8629d12ed6bab3,0,139577.0,True,2025-08-20,stats,False,False
2025,1039,LS026,Marie Bouzkova,Zeynep Sonmez,320983,326907,R32,3-6 6-2 6-4,completed,present,2025-08-18,2025-08-23,2025-08-18T23:53:19.927+00:00,False,2025-08-19T02:33:21.227+00:00,False,data/raw/wta/stats/_httpcache/2025/e797383910d47ceb7e8794ae3a4d24b45debaafbd96d8ae00bc40eb159be209e.json,15c024ac66872470ee71f4857bec009c6bb9521cce4f93e7fd8629d12ed6bab3,0,139494.0,True,2025-08-18,stats,False,False
2025,1039,LS028,Linda Noskova,Lulu Sun,329668,324576,R32,7-6(2) 7-6(7),completed,present,2025-08-18,2025-08-23,2025-08-20T04:40:41.73+00:00,False,2025-08-20T06:36:00.463+00:00,False,data/raw/wta/stats/_httpcache/2025/e797383910d47ceb7e8794ae3a4d24b45debaafbd96d8ae00bc40eb159be209e.json,15c024ac66872470ee71f4857bec009c6bb9521cce4f93e7fd8629d12ed6bab3,0,139579.0,True,2025-08-20,stats,False,False
2025,1039,LS029,Tatjana Maria,Anna Bondar,310440,322942,R32,7-6(5) 7-5,completed,present,2025-08-18,2025-08-23,2025-08-18T20:58:46.85+00:00,False,2025-08-18T23:50:32.553+00:00,False,data/raw/wta/stats/_httpcache/2025/e797383910d47ceb7e8794ae3a4d24b45debaafbd96d8ae00bc40eb159be209e.json,15c024ac66872470ee71f4857bec009c6bb9521cce4f93e7fd8629d12ed6bab3,0,139492.0,True,2025-08-18,stats,False,False
2025,1039,LS030,Ajla Tomljanovic,Renata Zarazua,315232,320716,R32,4-6 6-3 7-6(1),completed,present,2025-08-18,2025-08-23,2025-08-20T01:14:10.977+00:00,False,2025-08-20T04:38:06.91+00:00,False,data/raw/wta/stats/_httpcache/2025/e797383910d47ceb7e8794ae3a4d24b45debaafbd96d8ae00bc40eb159be209e.json,15c024ac66872470ee71f4857bec009c6bb9521cce4f93e7fd8629d12ed6bab3,0,139578.0,True,2025-08-20,stats,False,False
2025,1045,LS001,Leylah Fernandez,Anna Kalinskaya,326735,323942,F,6-1 6-2,completed,present,2025-07-21,2025-07-27,2025-07-27T18:34:25.723+00:00,False,2025-07-27T20:08:22.687+00:00,False,data/raw/wta/stats/_httpcache/2025/73218121127fdf402ed93dcb27cc6ef3c64757b33f7c67f5eb468d23fc2f7876.json,2d76b30e63a239fbe79a00bd3d625bc229d1f19a143ba0d9a87a0358c569512b,0,139201.0,True,2025-07-27,stats,False,False
2025,1045,LS002,Leylah Fernandez,Elena Rybakina,326735,324166,SF,6-7(2) 7-6(3) 7-6(3),completed,present,2025-07-21,2025-07-27,2025-07-26T18:21:46.78+00:00,False,2025-07-26T21:51:58.857+00:00,False,data/raw/wta/stats/_httpcache/2025/73218121127fdf402ed93dcb27cc6ef3c64757b33f7c67f5eb468d23fc2f7876.json,2d76b30e63a239fbe79a00bd3d625bc229d1f19a143ba0d9a87a0358c569512b,0,139180.0,True,2025-07-26,stats,False,False
2025,1045,LS003,Anna Kalinskaya,Emma Raducanu,323942,328366,SF,6-4 6-3,completed,present,2025-07-21,2025-07-27,2025-07-26T21:53:32.857+00:00,False,2025-07-26T23:47:21.723+00:00,False,data/raw/wta/stats/_httpcache/2025/73218121127fdf402ed93dcb27cc6ef3c64757b33f7c67f5eb468d23fc2f7876.json,2d76b30e63a239fbe79a00bd3d625bc229d1f19a143ba0d9a87a0358c569512b,0,139181.0,True,2025-07-26,stats,False,False
2025,1045,LS004,Leylah Fernandez,Taylor Townsend,326735,318609,QF,6-4 7-6(4),completed,present,2025-07-21,2025-07-27,2025-07-25T17:58:08.767+00:00,False,2025-07-25T20:30:34.41+00:00,False,data/raw/wta/stats/_httpcache/2025/73218121127fdf402ed93dcb27cc6ef3c64757b33f7c67f5eb468d23fc2f7876.json,2d76b30e63a239fbe79a00bd3d625bc229d1f19a143ba0d9a87a0358c569512b,0,139171.0,True,2025-07-25,stats,False,False
2025,1045,LS005,Elena Rybakina,Magdalena Frech,324166,320277,QF,6-3 6-3,completed,present,2025-07-21,2025-07-27,2025-07-25T22:24:33.213+00:00,False,2025-07-25T23:52:26.207+00:00,False,data/raw/wta/stats/_httpcache/2025/73218121127fdf402ed93dcb27cc6ef3c64757b33f7c67f5eb468d23fc2f7876.json,2d76b30e63a239fbe79a00bd3d625bc229d1f19a143ba0d9a87a0358c569512b,0,139172.0,True,2025-07-25,stats,False,False
2025,1045,LS006,Anna Kalinskaya,Clara Tauson,323942,327793,QF,6-3 7-5,completed,present,2025-07-21,2025-07-27,2025-07-25T23:37:28.217+00:00,False,2025-07-26T01:25:36.033+00:00,False,data/raw/wta/stats/_httpcache/2025/73218121127fdf402ed93dcb27cc6ef3c64757b33f7c67f5eb468d23fc2f7876.json,2d76b30e63a239fbe79a00bd3d625bc229d1f19a143ba0d9a87a0358c569512b,0,139173.0,True,2025-07-25,stats,False,False
2025,1045,LS007,Emma Raducanu,Maria Sakkari,328366,318312,QF,6-4 7-5,completed,present,2025-07-21,2025-07-27,2025-07-25T15:48:17.233+00:00,False,2025-07-25T18:18:14.54+00:00,False,data/raw/wta/stats/_httpcache/2025/73218121127fdf402ed93dcb27cc6ef3c64757b33f7c67f5eb468d23fc2f7876.json,2d76b30e63a239fbe79a00bd3d625bc229d1f19a143ba0d9a87a0358c569512b,0,139170.0,True,2025-07-25,stats,False,False
2025,1045,LS008,Leylah Fernandez,Jessica Pegula,326735,316956,R16,6-3 1-6 7-5,completed,present,2025-07-21,2025-07-27,2025-07-24T21:23:18.953+00:00,False,2025-07-24T23:59:35.113+00:00,False,data/raw/wta/stats/_httpcache/2025/73218121127fdf402ed93dcb27cc6ef3c64757b33f7c67f5eb468d23fc2f7876.json,2d76b30e63a239fbe79a00bd3d625bc229d1f19a143ba0d9a87a0358c569512b,0,139162.0,True,2025-07-24,stats,False,False
2025,1045,LS009,Taylor Townsend,Sofia Kenin,318609,320942,R16,6-3 6-0,completed,present,2025-07-21,2025-07-27,2025-07-24T20:10:46.627+00:00,False,2025-07-24T21:21:22.333+00:00,False,data/raw/wta/stats/_httpcache/2025/73218121127fdf402ed93dcb27cc6ef3c64757b33f7c67f5eb468d23fc2f7876.json,2d76b30e63a239fbe79a00bd3d625bc229d1f19a143ba0d9a87a0358c569512b,0,139161.0,True,2025-07-24,stats,False,False
2025,1045,LS010,Elena Rybakina,Victoria Mboko,324166,331006,R16,6-3 7-5,completed,present,2025-07-21,2025-07-27,2025-07-23T23:50:45.847+00:00,False,2025-07-24T01:29:09.183+00:00,False,data/raw/wta/stats/_httpcache/2025/73218121127fdf402ed93dcb27cc6ef3c64757b33f7c67f5eb468d23fc2f7876.json,2d76b30e63a239fbe79a00bd3d625bc229d1f19a143ba0d9a87a0358c569512b,0,139147.0,True,2025-07-23,stats,False,False
2025,1045,LS011,Magdalena Frech,Venus Williams,320277,230220,R16,6-2 6-2,completed,present,2025-07-21,2025-07-27,2025-07-24T23:31:46.337+00:00,False,2025-07-25T01:03:24.713+00:00,False,data/raw/wta/stats/_httpcache/2025/73218121127fdf402ed93dcb27cc6ef3c64757b33f7c67f5eb468d23fc2f7876.json,2d76b30e63a239fbe79a00bd3d625bc229d1f19a143ba0d9a87a0358c569512b,0,139163.0,True,2025-07-24,stats,False,False
2025,1045,LS012,Anna Kalinskaya,Magda Linette,323942,315130,R16,6-4 6-0,completed,present,2025-07-21,2025-07-27,2025-07-23T14:47:46.223+00:00,False,2025-07-23T16:31:01.11+00:00,False,data/raw/wta/stats/_httpcache/2025/73218121127fdf402ed93dcb27cc6ef3c64757b33f7c67f5eb468d23fc2f7876.json,2d76b30e63a239fbe79a00bd3d625bc229d1f19a143ba0d9a87a0358c569512b,0,139144.0,True,2025-07-23,stats,False,False
2025,1045,LS013,Clara Tauson,Caroline Dolehide,327793,322052,R16,3-6 7-5 6-4,completed,present,2025-07-21,2025-07-27,2025-07-23T19:45:09.38+00:00,False,2025-07-23T23:03:12.613+00:00,False,data/raw/wta/stats/_httpcache/2025/73218121127fdf402ed93dcb27cc6ef3c64757b33f7c67f5eb468d23fc2f7876.json,2d76b30e63a239fbe79a00bd3d625bc229d1f19a143ba0d9a87a0358c569512b,0,139145.0,True,2025-07-23,stats,False,False
2025,1045,LS014,Emma Raducanu,Naomi Osaka,328366,319998,R16,6-4 6-2,completed,present,2025-07-21,2025-07-27,2025-07-24T16:43:39.413+00:00,False,2025-07-24T18:29:41.72+00:00,False,data/raw/wta/stats/_httpcache/2025/73218121127fdf402ed93dcb27cc6ef3c64757b33f7c67f5eb468d23fc2f7876.json,2d76b30e63a239fbe79a00bd3d625bc229d1f19a143ba0d9a87a0358c569512b,0,139160.0,True,2025-07-24,stats,False,False
2025,1045,LS015,Maria Sakkari,Emma Navarro,318312,325410,R16,7-5 7-6(1),completed,present,2025-07-21,2025-07-27,2025-07-23T21:51:49.62+00:00,False,2025-07-24T00:07:02.82+00:00,False,data/raw/wta/stats/_httpcache/2025/73218121127fdf402ed93dcb27cc6ef3c64757b33f7c67f5eb468d23fc2f7876.json,2d76b30e63a239fbe79a00bd3d625bc229d1f19a143ba0d9a87a0358c569512b,0,139146.0,True,2025-07-23,stats,False,False
2025,1045,LS017,Leylah Fernandez,Maya Joint,326735,330544,R32,6-3 6-3,completed,present,2025-07-21,2025-07-27,2025-07-21T16:48:29.57+00:00,False,2025-07-21T18:28:46+00:00,False,data/raw/wta/stats/_httpcache/2025/73218121127fdf402ed93dcb27cc6ef3c64757b33f7c67f5eb468d23fc2f7876.json,2d76b30e63a239fbe79a00bd3d625bc229d1f19a143ba0d9a87a0358c569512b,0,139101.0,True,2025-07-21,stats,False,False
2025,1045,LS018,Taylor Townsend,Tatjana Maria,318609,310440,R32,6-4 7-5,completed,present,2025-07-21,2025-07-27,2025-07-22T14:39:00.807+00:00,False,2025-07-22T16:57:29.57+00:00,False,data/raw/wta/stats/_httpcache/2025/73218121127fdf402ed93dcb27cc6ef3c64757b33f7c67f5eb468d23fc2f7876.json,2d76b30e63a239fbe79a00bd3d625bc229d1f19a143ba0d9a87a0358c569512b,0,139119.0,True,2025-07-22,stats,False,False
2025,1045,LS019,Sofia Kenin,Hailey Baptiste,320942,327101,R32,6-3 7-6(4),completed,present,2025-07-21,2025-07-27,2025-07-22T16:46:54.803+00:00,False,2025-07-22T18:44:28.68+00:00,False,data/raw/wta/stats/_httpcache/2025/73218121127fdf402ed93dcb27cc6ef3c64757b33f7c67f5eb468d23fc2f7876.json,2d76b30e63a239fbe79a00bd3d625bc229d1f19a143ba0d9a87a0358c569512b,0,139121.0,True,2025-07-22,stats,False,False
2025,1045,LS021,Victoria Mboko,Anastasia Potapova,331006,325601,R32,6-2 6-4,completed,present,2025-07-21,2025-07-27,2025-07-21T14:47:57.89+00:00,False,2025-07-21T16:46:13.307+00:00,False,data/raw/wta/stats/_httpcache/2025/73218121127fdf402ed93dcb27cc6ef3c64757b33f7c67f5eb468d23fc2f7876.json,2d76b30e63a239fbe79a00bd3d625bc229d1f19a143ba0d9a87a0358c569512b,0,139100.0,True,2025-07-21,stats,False,False
2025,1045,LS022,Venus Williams,Peyton Stearns,230220,327573,R32,6-3 6-4,completed,present,2025-07-21,2025-07-27,2025-07-22T23:30:11.427+00:00,False,2025-07-23T01:25:51.553+00:00,False,data/raw/wta/stats/_httpcache/2025/73218121127fdf402ed93dcb27cc6ef3c64757b33f7c67f5eb468d23fc2f7876.json,2d76b30e63a239fbe79a00bd3d625bc229d1f19a143ba0d9a87a0358c569512b,0,139125.0,True,2025-07-22,stats,False,False
2025,1045,LS023,Magdalena Frech,Yuliia Starodubtseva,320277,325338,R32,6-2 6-4,completed,present,2025-07-21,2025-07-27,2025-07-21T21:59:28.343+00:00,False,2025-07-21T23:44:18.347+00:00,False,data/raw/wta/stats/_httpcache/2025/73218121127fdf402ed93dcb27cc6ef3c64757b33f7c67f5eb468d23fc2f7876.json,2d76b30e63a239fbe79a00bd3d625bc229d1f19a143ba0d9a87a0358c569512b,0,139103.0,True,2025-07-21,stats,False,False
2025,1045,LS024,Magda Linette,Danielle Collins,315130,316925,R32,7-5 6-4,completed,present,2025-07-21,2025-07-27,2025-07-21T23:57:46.32+00:00,False,2025-07-22T01:59:26.003+00:00,False,data/raw/wta/stats/_httpcache/2025/73218121127fdf402ed93dcb27cc6ef3c64757b33f7c67f5eb468d23fc2f7876.json,2d76b30e63a239fbe79a00bd3d625bc229d1f19a143ba0d9a87a0358c569512b,0,139104.0,True,2025-07-21,stats,False,False
2025,1045,LS025,Anna Kalinskaya,Kamilla Rakhimova,323942,325936,R32,6-2 6-3,completed,present,2025-07-21,2025-07-27,2025-07-22T17:09:43.553+00:00,False,2025-07-22T18:34:16.9+00:00,False,data/raw/wta/stats/_httpcache/2025/73218121127fdf402ed93dcb27cc6ef3c64757b33f7c67f5eb468d23fc2f7876.json,2d76b30e63a239fbe79a00bd3d625bc229d1f19a143ba0d9a87a0358c569512b,0,139122.0,True,2025-07-22,stats,False,False
2025,1045,LS026,Caroline Dolehide,McCartney Kessler,322052,326678,R32,7-6(3) 5-7 6-3,completed,present,2025-07-21,2025-07-27,2025-07-22T14:49:16.697+00:00,False,2025-07-22T17:46:12.89+00:00,False,data/raw/wta/stats/_httpcache/2025/73218121127fdf402ed93dcb27cc6ef3c64757b33f7c67f5eb468d23fc2f7876.json,2d76b30e63a239fbe79a00bd3d625bc229d1f19a143ba0d9a87a0358c569512b,0,139120.0,True,2025-07-22,stats,False,False
2025,1045,LS028,Emma Raducanu,Marta Kostyuk,328366,326482,R32,7-6(4) 6-4,completed,present,2025-07-21,2025-07-27,2025-07-22T19:19:48.873+00:00,False,2025-07-22T21:35:15.903+00:00,False,data/raw/wta/stats/_httpcache/2025/73218121127fdf402ed93dcb27cc6ef3c64757b33f7c67f5eb468d23fc2f7876.json,2d76b30e63a239fbe79a00bd3d625bc229d1f19a143ba0d9a87a0358c569512b,0,139123.0,True,2025-07-22,stats,False,False
2025,1045,LS029,Naomi Osaka,Yulia Putintseva,319998,317683,R32,6-2 7-5,completed,present,2025-07-21,2025-07-27,2025-07-22T21:09:51.54+00:00,False,2025-07-22T22:55:15.217+00:00,False,data/raw/wta/stats/_httpcache/2025/73218121127fdf402ed93dcb27cc6ef3c64757b33f7c67f5eb468d23fc2f7876.json,2d76b30e63a239fbe79a00bd3d625bc229d1f19a143ba0d9a87a0358c569512b,0,139124.0,True,2025-07-22,stats,False,False
2025,1045,LS030,Maria Sakkari,Katie Boulter,318312,319125,R32,6-3 6-4,completed,present,2025-07-21,2025-07-27,2025-07-21T21:44:30.36+00:00,False,2025-07-21T23:31:08.393+00:00,False,data/raw/wta/stats/_httpcache/2025/73218121127fdf402ed93dcb27cc6ef3c64757b33f7c67f5eb468d23fc2f7876.json,2d76b30e63a239fbe79a00bd3d625bc229d1f19a143ba0d9a87a0358c569512b,0,139102.0,True,2025-07-21,stats,False,False
2025,1049,LS002,Clara Tauson,Robin Montgomery,327793,329408,SF,6-4 6-3,completed,present,2024-12-30,2025-01-05,2025-01-04T01:44:51.923+00:00,False,2025-01-04T03:35:54.27+00:00,False,data/raw/wta/stats/_httpcache/2024/2389ae51c75fbb1fa93b9608385932986d944aa014d0ff50ce779bbca7c8e40d.json,e0527841ea43e41e1eaa1c9487df70e7e57fea5ace2a7063acf71ebd70522095,1,136331.0,True,2025-01-04,stats,False,False
2025,1049,LS003,Naomi Osaka,Alycia Parks,319998,326007,SF,6-4 6-2,completed,present,2024-12-30,2025-01-05,2025-01-04T04:17:53.197+00:00,False,2025-01-04T05:49:57.87+00:00,False,data/raw/wta/stats/_httpcache/2024/2389ae51c75fbb1fa93b9608385932986d944aa014d0ff50ce779bbca7c8e40d.json,e0527841ea43e41e1eaa1c9487df70e7e57fea5ace2a7063acf71ebd70522095,1,136332.0,True,2025-01-04,stats,False,False
2025,1049,LS004,Clara Tauson,Madison Keys,327793,316959,QF,6-4 7-6(7),completed,present,2024-12-30,2025-01-05,2025-01-03T05:14:53.687+00:00,False,2025-01-03T23:23:48.83+00:00,False,data/raw/wta/stats/_httpcache/2024/2389ae51c75fbb1fa93b9608385932986d944aa014d0ff50ce779bbca7c8e40d.json,e0527841ea43e41e1eaa1c9487df70e7e57fea5ace2a7063acf71ebd70522095,1,136318.0,True,2025-01-03,stats,False,False
2025,1049,LS005,Robin Montgomery,Bernarda Pera,329408,317708,QF,6-4 6-4,completed,present,2024-12-30,2025-01-05,2025-01-02T22:19:55.96+00:00,False,2025-01-03T00:23:30.067+00:00,False,data/raw/wta/stats/_httpcache/2024/2389ae51c75fbb1fa93b9608385932986d944aa014d0ff50ce779bbca7c8e40d.json,e0527841ea43e41e1eaa1c9487df70e7e57fea5ace2a7063acf71ebd70522095,1,136304.0,True,2025-01-02,stats,False,False
2025,1049,LS006,Alycia Parks,Katie Volynets,326007,327391,QF,6-1 6-4,completed,present,2024-12-30,2025-01-05,2025-01-03T23:00:25.607+00:00,False,2025-01-04T00:39:02.08+00:00,False,data/raw/wta/stats/_httpcache/2024/2389ae51c75fbb1fa93b9608385932986d944aa014d0ff50ce779bbca7c8e40d.json,e0527841ea43e41e1eaa1c9487df70e7e57fea5ace2a7063acf71ebd70522095,1,136319.0,True,2025-01-03,stats,False,False
2025,1049,LS007,Naomi Osaka,Hailey Baptiste,319998,327101,QF,6-7(2) 6-1 6-2,completed,present,2024-12-30,2025-01-05,2025-01-03T00:26:38.62+00:00,False,2025-01-03T03:09:13.69+00:00,False,data/raw/wta/stats/_httpcache/2024/2389ae51c75fbb1fa93b9608385932986d944aa014d0ff50ce779bbca7c8e40d.json,e0527841ea43e41e1eaa1c9487df70e7e57fea5ace2a7063acf71ebd70522095,1,136317.0,True,2025-01-03,stats,False,False
2025,1049,LS008,Madison Keys,Jaqueline Cristian,316959,320319,R16,6-1 6-2,completed,present,2024-12-30,2025-01-05,2025-01-02T00:21:32.21+00:00,False,2025-01-02T02:32:59.237+00:00,False,data/raw/wta/stats/_httpcache/2024/2389ae51c75fbb1fa93b9608385932986d944aa014d0ff50ce779bbca7c8e40d.json,e0527841ea43e41e1eaa1c9487df70e7e57fea5ace2a7063acf71ebd70522095,1,136300.0,True,2025-01-02,stats,False,False
2025,1049,LS009,Clara Tauson,Sofia Kenin,327793,320942,R16,4-6 7-6(7) 7-6(3),completed,present,2024-12-30,2025-01-05,2025-01-01T02:39:47.903+00:00,False,2025-01-01T05:31:12.233+00:00,False,data/raw/wta/stats/_httpcache/2024/2389ae51c75fbb1fa93b9608385932986d944aa014d0ff50ce779bbca7c8e40d.json,e0527841ea43e41e1eaa1c9487df70e7e57fea5ace2a7063acf71ebd70522095,1,136283.0,True,2025-01-01,stats,False,False
2025,1049,LS010,Bernarda Pera,Rebecca Marino,317708,313485,R16,7-6(2) 6-4,completed,present,2024-12-30,2025-01-05,2024-12-31T22:18:15.477+00:00,False,2025-01-01T00:13:36.777+00:00,False,data/raw/wta/stats/_httpcache/2024/2389ae51c75fbb1fa93b9608385932986d944aa014d0ff50ce779bbca7c8e40d.json,e0527841ea43e41e1eaa1c9487df70e7e57fea5ace2a7063acf71ebd70522095,1,136261.0,True,2024-12-31,stats,False,False
2025,1049,LS011,Robin Montgomery,Nao Hibino,329408,320238,R16,6-2 6-2,completed,present,2024-12-30,2025-01-05,2025-01-02T02:35:42.5+00:00,False,2025-01-02T03:56:53.023+00:00,False,data/raw/wta/stats/_httpcache/2024/2389ae51c75fbb1fa93b9608385932986d944aa014d0ff50ce779bbca7c8e40d.json,e0527841ea43e41e1eaa1c9487df70e7e57fea5ace2a7063acf71ebd70522095,1,136301.0,True,2025-01-02,stats,False,False
2025,1049,LS012,Katie Volynets,Ann Li,327391,326096,R16,6-4 6-3,completed,present,2024-12-30,2025-01-05,2025-01-01T05:49:43.73+00:00,False,2025-01-01T08:24:52.33+00:00,False,data/raw/wta/stats/_httpcache/2024/2389ae51c75fbb1fa93b9608385932986d944aa014d0ff50ce779bbca7c8e40d.json,e0527841ea43e41e1eaa1c9487df70e7e57fea5ace2a7063acf71ebd70522095,1,136284.0,True,2025-01-01,stats,False,False
2025,1049,LS013,Alycia Parks,Greet Minnen,326007,321454,R16,7-5 6-3,completed,present,2024-12-30,2025-01-05,2025-01-02T05:22:18.033+00:00,False,2025-01-02T07:04:00.327+00:00,False,data/raw/wta/stats/_httpcache/2024/2389ae51c75fbb1fa93b9608385932986d944aa014d0ff50ce779bbca7c8e40d.json,e0527841ea43e41e1eaa1c9487df70e7e57fea5ace2a7063acf71ebd70522095,1,136302.0,True,2025-01-02,stats,False,False
2025,1049,LS014,Naomi Osaka,Julia Grabher,319998,320316,R16,7-5 6-3,completed,present,2024-12-30,2025-01-05,2025-01-01T00:18:22.233+00:00,False,2025-01-01T02:35:19.343+00:00,False,data/raw/wta/stats/_httpcache/2024/2389ae51c75fbb1fa93b9608385932986d944aa014d0ff50ce779bbca7c8e40d.json,e0527841ea43e41e1eaa1c9487df70e7e57fea5ace2a7063acf71ebd70522095,1,136282.0,True,2025-01-01,stats,False,False
2025,1049,LS015,Hailey Baptiste,Jodie Burrage,327101,323802,R16,5-7 7-5 7-6(6),completed,present,2024-12-30,2025-01-05,2025-01-02T07:06:44.293+00:00,False,2025-01-02T10:14:52.327+00:00,False,data/raw/wta/stats/_httpcache/2024/2389ae51c75fbb1fa93b9608385932986d944aa014d0ff50ce779bbca7c8e40d.json,e0527841ea43e41e1eaa1c9487df70e7e57fea5ace2a7063acf71ebd70522095,1,136303.0,True,2025-01-02,stats,False,False
2025,1049,LS016,Madison Keys,Lucia Bronzetti,316959,322280,R32,6-4 6-4,completed,present,2024-12-30,2025-01-05,2024-12-31T00:08:42.527+00:00,False,2024-12-31T01:55:32.553+00:00,False,data/raw/wta/stats/_httpcache/2024/2389ae51c75fbb1fa93b9608385932986d944aa014d0ff50ce779bbca7c8e40d.json,e0527841ea43e41e1eaa1c9487df70e7e57fea5ace2a7063acf71ebd70522095,1,136256.0,True,2024-12-31,stats,False,False
2025,1049,LS018,Sofia Kenin,Xiyu Wang,320942,326160,R32,7-6(5) 6-1,completed,present,2024-12-30,2025-01-05,2024-12-30T22:11:34.89+00:00,False,2024-12-31T00:08:24.75+00:00,False,data/raw/wta/stats/_httpcache/2024/2389ae51c75fbb1fa93b9608385932986d944aa014d0ff50ce779bbca7c8e40d.json,e0527841ea43e41e1eaa1c9487df70e7e57fea5ace2a7063acf71ebd70522095,1,136233.0,True,2024-12-30,stats,False,False
2025,1049,LS019,Clara Tauson,Lucrezia Stefanini,327793,323149,R32,6-2 6-3,completed,absent,2024-12-30,2025-01-05,2024-12-29T22:18:08.03+00:00,False,2024-12-29T23:59:39.317+00:00,False,data/raw/wta/stats/_httpcache/2024/2389ae51c75fbb1fa93b9608385932986d944aa014d0ff50ce779bbca7c8e40d.json,e0527841ea43e41e1eaa1c9487df70e7e57fea5ace2a7063acf71ebd70522095,1,,,,,False,False
2025,1049,LS020,Rebecca Marino,Lulu Sun,313485,324576,R32,6-3 3-6 6-3,completed,present,2024-12-30,2025-01-05,2024-12-30T00:02:53.01+00:00,False,2024-12-30T03:20:47.163+00:00,False,data/raw/wta/stats/_httpcache/2024/2389ae51c75fbb1fa93b9608385932986d944aa014d0ff50ce779bbca7c8e40d.json,e0527841ea43e41e1eaa1c9487df70e7e57fea5ace2a7063acf71ebd70522095,1,136227.0,True,2024-12-30,stats,False,False
2025,1049,LS021,Bernarda Pera,Victoria Jimenez Kasintseva,317708,330352,R32,6-2 7-5,completed,present,2024-12-30,2025-01-05,2024-12-30T00:20:52.38+00:00,False,2024-12-30T03:39:39.66+00:00,False,data/raw/wta/stats/_httpcache/2024/2389ae51c75fbb1fa93b9608385932986d944aa014d0ff50ce779bbca7c8e40d.json,e0527841ea43e41e1eaa1c9487df70e7e57fea5ace2a7063acf71ebd70522095,1,136228.0,True,2024-12-30,stats,False,False
2025,1049,LS022,Nao Hibino,Jule Niemeier,320238,325940,R32,6-3 6-4,completed,absent,2024-12-30,2025-01-05,2024-12-29T22:18:29.94+00:00,False,2024-12-30T00:17:35.46+00:00,False,data/raw/wta/stats/_httpcache/2024/2389ae51c75fbb1fa93b9608385932986d944aa014d0ff50ce779bbca7c8e40d.json,e0527841ea43e41e1eaa1c9487df70e7e57fea5ace2a7063acf71ebd70522095,1,,,,,False,False
2025,1049,LS023,Robin Montgomery,Mai Hontama,329408,324750,R32,6-3 2-6 6-0,completed,present,2024-12-30,2025-01-05,2024-12-31T05:13:09.263+00:00,False,2024-12-31T07:23:42.373+00:00,False,data/raw/wta/stats/_httpcache/2024/2389ae51c75fbb1fa93b9608385932986d944aa014d0ff50ce779bbca7c8e40d.json,e0527841ea43e41e1eaa1c9487df70e7e57fea5ace2a7063acf71ebd70522095,1,136259.0,True,2024-12-31,stats,False,False
2025,1049,LS024,Katie Volynets,Erika Andreeva,327391,330151,R32,6-4 6-7(6) 6-2,completed,present,2024-12-30,2025-01-05,2024-12-30T08:02:12.727+00:00,False,2024-12-30T11:23:34.09+00:00,False,data/raw/wta/stats/_httpcache/2024/2389ae51c75fbb1fa93b9608385932986d944aa014d0ff50ce779bbca7c8e40d.json,e0527841ea43e41e1eaa1c9487df70e7e57fea5ace2a7063acf71ebd70522095,1,136232.0,True,2024-12-30,stats,False,False
2025,1049,LS025,Ann Li,Sloane Stephens,326096,315683,R32,5-7 6-4 6-4,completed,present,2024-12-30,2025-01-05,2024-12-30T05:16:01.453+00:00,False,2024-12-30T07:59:07.127+00:00,False,data/raw/wta/stats/_httpcache/2024/2389ae51c75fbb1fa93b9608385932986d944aa014d0ff50ce779bbca7c8e40d.json,e0527841ea43e41e1eaa1c9487df70e7e57fea5ace2a7063acf71ebd70522095,1,136231.0,True,2024-12-30,stats,False,False
2025,1049,LS026,Greet Minnen,Anna-Lena Friedsam,321454,319091,R32,6-4 6-0,completed,present,2024-12-30,2025-01-05,2024-12-31T01:17:51.643+00:00,False,2024-12-31T03:12:11.367+00:00,False,data/raw/wta/stats/_httpcache/2024/2389ae51c75fbb1fa93b9608385932986d944aa014d0ff50ce779bbca7c8e40d.json,e0527841ea43e41e1eaa1c9487df70e7e57fea5ace2a7063acf71ebd70522095,1,136257.0,True,2024-12-31,stats,False,False
2025,1049,LS027,Alycia Parks,Amanda Anisimova,326007,326384,R32,2-6 6-2 6-3,completed,present,2024-12-30,2025-01-05,2024-12-31T07:26:06.46+00:00,False,2024-12-31T09:42:37.373+00:00,False,data/raw/wta/stats/_httpcache/2024/2389ae51c75fbb1fa93b9608385932986d944aa014d0ff50ce779bbca7c8e40d.json,e0527841ea43e41e1eaa1c9487df70e7e57fea5ace2a7063acf71ebd70522095,1,136260.0,True,2024-12-31,stats,False,False
2025,1049,LS028,Naomi Osaka,Lina Glushko,319998,323091,R32,6-4 6-4,completed,present,2024-12-30,2025-01-05,2024-12-30T03:23:06.09+00:00,False,2024-12-30T05:04:28.427+00:00,False,data/raw/wta/stats/_httpcache/2024/2389ae51c75fbb1fa93b9608385932986d944aa014d0ff50ce779bbca7c8e40d.json,e0527841ea43e41e1eaa1c9487df70e7e57fea5ace2a7063acf71ebd70522095,1,136229.0,True,2024-12-30,stats,False,False
2025,1049,LS029,Julia Grabher,Leyre Romero Gormaz,320316,326891,R32,2-6 6-3 7-6(7),completed,present,2024-12-30,2025-01-05,2024-12-30T03:41:46.457+00:00,False,2024-12-30T06:30:21.093+00:00,False,data/raw/wta/stats/_httpcache/2024/2389ae51c75fbb1fa93b9608385932986d944aa014d0ff50ce779bbca7c8e40d.json,e0527841ea43e41e1eaa1c9487df70e7e57fea5ace2a7063acf71ebd70522095,1,136230.0,True,2024-12-30,stats,False,False
2025,1049,LS030,Hailey Baptiste,Renata Jamrichova,327101,332467,R32,6-0 6-2,completed,present,2024-12-30,2025-01-05,2024-12-30T23:49:52.613+00:00,False,2024-12-31T01:15:38.66+00:00,False,data/raw/wta/stats/_httpcache/2024/2389ae51c75fbb1fa93b9608385932986d944aa014d0ff50ce779bbca7c8e40d.json,e0527841ea43e41e1eaa1c9487df70e7e57fea5ace2a7063acf71ebd70522095,1,136234.0,True,2024-12-30,stats,False,False
2025,1049,LS031,Jodie Burrage,Vivian Yang,323802,330275,R32,6-3 6-3,completed,present,2024-12-30,2025-01-05,2024-12-31T01:59:36.65+00:00,False,2024-12-31T03:35:41.367+00:00,False,data/raw/wta/stats/_httpcache/2024/2389ae51c75fbb1fa93b9608385932986d944aa014d0ff50ce779bbca7c8e40d.json,e0527841ea43e41e1eaa1c9487df70e7e57fea5ace2a7063acf71ebd70522095,1,136258.0,True,2024-12-31,stats,False,False
2025,1050,LS001,McCartney Kessler,Elise Mertens,326678,317964,F,6-4 3-6 6-0,completed,present,2025-01-06,2025-01-11,2025-01-11T01:50:42.317+00:00,False,2025-01-11T04:21:15.68+00:00,False,data/raw/wta/stats/_httpcache/2025/170e8d33ccafac5507522fd99c8eea08aad2b14090886c08b72cd63a11f1d221.json,e0f981f3fe38d7d79101ebdec267a2a636c2a41172a30e627d4e0c878f32f2cd,0,136425.0,True,2025-01-11,stats,False,False
2025,1050,LS002,McCartney Kessler,Elina Avanesyan,326678,327620,SF,4-6 6-3 6-4,completed,present,2025-01-06,2025-01-11,2025-01-10T04:07:40.443+00:00,False,2025-01-10T06:22:14.993+00:00,False,data/raw/wta/stats/_httpcache/2025/170e8d33ccafac5507522fd99c8eea08aad2b14090886c08b72cd63a11f1d221.json,e0f981f3fe38d7d79101ebdec267a2a636c2a41172a30e627d4e0c878f32f2cd,0,136421.0,True,2025-01-10,stats,False,False
2025,1050,LS003,Elise Mertens,Maya Joint,317964,330544,SF,6-2 6-3,completed,present,2025-01-06,2025-01-11,2025-01-10T06:24:24.387+00:00,False,2025-01-10T07:56:50.083+00:00,False,data/raw/wta/stats/_httpcache/2025/170e8d33ccafac5507522fd99c8eea08aad2b14090886c08b72cd63a11f1d221.json,e0f981f3fe38d7d79101ebdec267a2a636c2a41172a30e627d4e0c878f32f2cd,0,136422.0,True,2025-01-10,stats,False,False
2025,1050,LS004,McCartney Kessler,Dayana Yastremska,326678,324261,QF,7-5 6-4,completed,present,2025-01-06,2025-01-11,2025-01-09T01:50:42.56+00:00,False,2025-01-09T03:42:20.75+00:00,False,data/raw/wta/stats/_httpcache/2025/170e8d33ccafac5507522fd99c8eea08aad2b14090886c08b72cd63a11f1d221.json,e0f981f3fe38d7d79101ebdec267a2a636c2a41172a30e627d4e0c878f32f2cd,0,136413.0,True,2025-01-09,stats,False,False
2025,1050,LS006,Maya Joint,Sofia Kenin,330544,320942,QF,6-3 6-1,completed,present,2025-01-06,2025-01-11,2025-01-09T03:44:32.417+00:00,False,2025-01-09T05:00:59.343+00:00,False,data/raw/wta/stats/_httpcache/2025/170e8d33ccafac5507522fd99c8eea08aad2b14090886c08b72cd63a11f1d221.json,e0f981f3fe38d7d79101ebdec267a2a636c2a41172a30e627d4e0c878f32f2cd,0,136414.0,True,2025-01-09,stats,False,False
2025,1050,LS007,Elise Mertens,Veronika Kudermetova,317964,319526,QF,6-1 0-6 6-2,completed,present,2025-01-06,2025-01-11,2025-01-09T07:18:00.983+00:00,False,2025-01-09T09:42:57.257+00:00,False,data/raw/wta/stats/_httpcache/2025/170e8d33ccafac5507522fd99c8eea08aad2b14090886c08b72cd63a11f1d221.json,e0f981f3fe38d7d79101ebdec267a2a636c2a41172a30e627d4e0c878f32f2cd,0,136415.0,True,2025-01-09,stats,False,False
2025,1050,LS008,Dayana Yastremska,Ann Li,324261,326096,R16,1-6 7-5 6-2,completed,present,2025-01-06,2025-01-11,2025-01-08T02:10:58.97+00:00,False,2025-01-08T04:34:00.363+00:00,False,data/raw/wta/stats/_httpcache/2025/170e8d33ccafac5507522fd99c8eea08aad2b14090886c08b72cd63a11f1d221.json,e0f981f3fe38d7d79101ebdec267a2a636c2a41172a30e627d4e0c878f32f2cd,0,136401.0,True,2025-01-08,stats,False,False
2025,1050,LS009,McCartney Kessler,Maria Lourdes Carle,326678,322638,R16,6-2 6-2,completed,present,2025-01-06,2025-01-11,2025-01-07T23:44:05.953+00:00,False,2025-01-08T01:34:27.817+00:00,False,data/raw/wta/stats/_httpcache/2025/170e8d33ccafac5507522fd99c8eea08aad2b14090886c08b72cd63a11f1d221.json,e0f981f3fe38d7d79101ebdec267a2a636c2a41172a30e627d4e0c878f32f2cd,0,136389.0,True,2025-01-07,stats,False,False
2025,1050,LS010,Amanda Anisimova,Anna Bondar,326384,322942,R16,6-3 6-4,completed,present,2025-01-06,2025-01-11,2025-01-08T07:21:16.517+00:00,False,2025-01-08T08:44:57.13+00:00,False,data/raw/wta/stats/_httpcache/2025/170e8d33ccafac5507522fd99c8eea08aad2b14090886c08b72cd63a11f1d221.json,e0f981f3fe38d7d79101ebdec267a2a636c2a41172a30e627d4e0c878f32f2cd,0,136403.0,True,2025-01-08,stats,False,False
2025,1050,LS011,Elina Avanesyan,Greet Minnen,327620,321454,R16,6-2 6-2,completed,present,2025-01-06,2025-01-11,2025-01-08T01:49:41.71+00:00,False,2025-01-08T03:06:51.193+00:00,False,data/raw/wta/stats/_httpcache/2025/170e8d33ccafac5507522fd99c8eea08aad2b14090886c08b72cd63a11f1d221.json,e0f981f3fe38d7d79101ebdec267a2a636c2a41172a30e627d4e0c878f32f2cd,0,136400.0,True,2025-01-08,stats,False,False
2025,1050,LS012,Sofia Kenin,Anna Blinkova,320942,324267,R16,6-2 3-6 6-2,completed,present,2025-01-06,2025-01-11,2025-01-07T23:45:36.167+00:00,False,2025-01-08T01:47:45.69+00:00,False,data/raw/wta/stats/_httpcache/2025/170e8d33ccafac5507522fd99c8eea08aad2b14090886c08b72cd63a11f1d221.json,e0f981f3fe38d7d79101ebdec267a2a636c2a41172a30e627d4e0c878f32f2cd,0,136390.0,True,2025-01-07,stats,False,False
2025,1050,LS013,Maya Joint,Magda Linette,330544,315130,R16,6-1 6-1,completed,present,2025-01-06,2025-01-11,2025-01-08T00:48:45.407+00:00,False,2025-01-08T02:08:44.327+00:00,False,data/raw/wta/stats/_httpcache/2025/170e8d33ccafac5507522fd99c8eea08aad2b14090886c08b72cd63a11f1d221.json,e0f981f3fe38d7d79101ebdec267a2a636c2a41172a30e627d4e0c878f32f2cd,0,136399.0,True,2025-01-08,stats,False,False
2025,1050,LS014,Veronika Kudermetova,Camila Osorio,319526,325898,R16,6-4 6-1,completed,present,2025-01-06,2025-01-11,2025-01-08T06:22:37.52+00:00,False,2025-01-08T07:57:46.217+00:00,False,data/raw/wta/stats/_httpcache/2025/170e8d33ccafac5507522fd99c8eea08aad2b14090886c08b72cd63a11f1d221.json,e0f981f3fe38d7d79101ebdec267a2a636c2a41172a30e627d4e0c878f32f2cd,0,136402.0,True,2025-01-08,stats,False,False
2025,1050,LS015,Elise Mertens,Renata Zarazua,317964,320716,R16,6-4 6-3,completed,present,2025-01-06,2025-01-11,2025-01-08T08:47:30.333+00:00,False,2025-01-08T10:39:09.2+00:00,False,data/raw/wta/stats/_httpcache/2025/170e8d33ccafac5507522fd99c8eea08aad2b14090886c08b72cd63a11f1d221.json,e0f981f3fe38d7d79101ebdec267a2a636c2a41172a30e627d4e0c878f32f2cd,0,136404.0,True,2025-01-08,stats,False,False
2025,1050,LS016,Dayana Yastremska,Katie Volynets,324261,327391,R32,2-6 6-4 6-1,completed,present,2025-01-06,2025-01-11,2025-01-07T00:47:38.637+00:00,False,2025-01-07T03:06:47.623+00:00,False,data/raw/wta/stats/_httpcache/2025/170e8d33ccafac5507522fd99c8eea08aad2b14090886c08b72cd63a11f1d221.json,e0f981f3fe38d7d79101ebdec267a2a636c2a41172a30e627d4e0c878f32f2cd,0,136382.0,True,2025-01-07,stats,False,False
2025,1050,LS017,Ann Li,Sloane Stephens,326096,315683,R32,7-5 6-1,completed,present,2025-01-06,2025-01-11,2025-01-06T23:50:06.823+00:00,False,2025-01-07T01:25:11.42+00:00,False,data/raw/wta/stats/_httpcache/2025/170e8d33ccafac5507522fd99c8eea08aad2b14090886c08b72cd63a11f1d221.json,e0f981f3fe38d7d79101ebdec267a2a636c2a41172a30e627d4e0c878f32f2cd,0,136375.0,True,2025-01-06,stats,False,False
2025,1050,LS018,Maria Lourdes Carle,Jessica Bouzas Maneiro,322638,328139,R32,6-3 3-6 6-0,completed,present,2025-01-06,2025-01-11,2025-01-06T01:48:18.477+00:00,False,2025-01-06T04:02:40.423+00:00,False,data/raw/wta/stats/_httpcache/2025/170e8d33ccafac5507522fd99c8eea08aad2b14090886c08b72cd63a11f1d221.json,e0f981f3fe38d7d79101ebdec267a2a636c2a41172a30e627d4e0c878f32f2cd,0,136370.0,True,2025-01-06,stats,False,False
2025,1050,LS019,McCartney Kessler,Rebecca Sramkova,326678,320228,R32,6-3 7-5,completed,absent,2025-01-06,2025-01-11,2025-01-05T23:50:51.29+00:00,False,2025-01-06T01:48:58.85+00:00,False,data/raw/wta/stats/_httpcache/2025/170e8d33ccafac5507522fd99c8eea08aad2b14090886c08b72cd63a11f1d221.json,e0f981f3fe38d7d79101ebdec267a2a636c2a41172a30e627d4e0c878f32f2cd,0,,,,,False,False
2025,1050,LS020,Amanda Anisimova,Daria Saville,326384,315997,R32,6-3 6-3,completed,present,2025-01-06,2025-01-11,2025-01-07T07:27:47.16+00:00,False,2025-01-07T09:00:54.087+00:00,False,data/raw/wta/stats/_httpcache/2025/170e8d33ccafac5507522fd99c8eea08aad2b14090886c08b72cd63a11f1d221.json,e0f981f3fe38d7d79101ebdec267a2a636c2a41172a30e627d4e0c878f32f2cd,0,136387.0,True,2025-01-07,stats,False,False
2025,1050,LS021,Anna Bondar,Mayar Sherif,322942,318711,R32,7-5 6-4,completed,present,2025-01-06,2025-01-11,2025-01-06T00:46:14.697+00:00,False,2025-01-06T03:19:15.39+00:00,False,data/raw/wta/stats/_httpcache/2025/170e8d33ccafac5507522fd99c8eea08aad2b14090886c08b72cd63a11f1d221.json,e0f981f3fe38d7d79101ebdec267a2a636c2a41172a30e627d4e0c878f32f2cd,0,136369.0,True,2025-01-06,stats,False,False
2025,1050,LS022,Greet Minnen,Viktoriya Tomova,321454,317584,R32,7-5 6-3,completed,present,2025-01-06,2025-01-11,2025-01-06T03:21:39.187+00:00,False,2025-01-06T05:08:30.75+00:00,False,data/raw/wta/stats/_httpcache/2025/170e8d33ccafac5507522fd99c8eea08aad2b14090886c08b72cd63a11f1d221.json,e0f981f3fe38d7d79101ebdec267a2a636c2a41172a30e627d4e0c878f32f2cd,0,136371.0,True,2025-01-06,stats,False,False
2025,1050,LS023,Elina Avanesyan,Xiyu Wang,327620,326160,R32,6-3 7-5,completed,absent,2025-01-06,2025-01-11,2025-01-05T23:44:59.967+00:00,False,2025-01-06T01:44:58.277+00:00,False,data/raw/wta/stats/_httpcache/2025/170e8d33ccafac5507522fd99c8eea08aad2b14090886c08b72cd63a11f1d221.json,e0f981f3fe38d7d79101ebdec267a2a636c2a41172a30e627d4e0c878f32f2cd,0,,,,,False,False
2025,1050,LS024,Sofia Kenin,Lulu Sun,320942,324576,R32,4-6 6-3 6-3,completed,present,2025-01-06,2025-01-11,2025-01-07T01:27:54.86+00:00,False,2025-01-07T03:35:24.06+00:00,False,data/raw/wta/stats/_httpcache/2025/170e8d33ccafac5507522fd99c8eea08aad2b14090886c08b72cd63a11f1d221.json,e0f981f3fe38d7d79101ebdec267a2a636c2a41172a30e627d4e0c878f32f2cd,0,136383.0,True,2025-01-07,stats,False,False
2025,1050,LS025,Anna Blinkova,Bernarda Pera,324267,317708,R32,7-5 6-4,completed,present,2025-01-06,2025-01-11,2025-01-06T23:50:05.98+00:00,False,2025-01-07T01:54:21.09+00:00,False,data/raw/wta/stats/_httpcache/2025/170e8d33ccafac5507522fd99c8eea08aad2b14090886c08b72cd63a11f1d221.json,e0f981f3fe38d7d79101ebdec267a2a636c2a41172a30e627d4e0c878f32f2cd,0,136374.0,True,2025-01-06,stats,False,False
2025,1050,LS026,Maya Joint,Olga Danilovic,330544,324934,R32,6-2 6-3,completed,present,2025-01-06,2025-01-11,2025-01-07T03:09:58.66+00:00,False,2025-01-07T04:48:12.33+00:00,False,data/raw/wta/stats/_httpcache/2025/170e8d33ccafac5507522fd99c8eea08aad2b14090886c08b72cd63a11f1d221.json,e0f981f3fe38d7d79101ebdec267a2a636c2a41172a30e627d4e0c878f32f2cd,0,136384.0,True,2025-01-07,stats,False,False
2025,1050,LS027,Magda Linette,Varvara Gracheva,315130,325836,R32,6-3 3-6 6-4,completed,present,2025-01-06,2025-01-11,2025-01-07T03:37:38.633+00:00,False,2025-01-07T06:22:17.993+00:00,False,data/raw/wta/stats/_httpcache/2025/170e8d33ccafac5507522fd99c8eea08aad2b14090886c08b72cd63a11f1d221.json,e0f981f3fe38d7d79101ebdec267a2a636c2a41172a30e627d4e0c878f32f2cd,0,136385.0,True,2025-01-07,stats,False,False
2025,1050,LS028,Camila Osorio,Yue Yuan,325898,324325,R32,6-2 6-3,completed,present,2025-01-06,2025-01-11,2025-01-06T07:17:17.193+00:00,False,2025-01-06T09:16:10.38+00:00,False,data/raw/wta/stats/_httpcache/2025/170e8d33ccafac5507522fd99c8eea08aad2b14090886c08b72cd63a11f1d221.json,e0f981f3fe38d7d79101ebdec267a2a636c2a41172a30e627d4e0c878f32f2cd,0,136372.0,True,2025-01-06,stats,False,False
2025,1050,LS029,Veronika Kudermetova,Elisabetta Cocciaretto,319526,327909,R32,7-5 6-0,completed,present,2025-01-06,2025-01-11,2025-01-06T09:18:42.787+00:00,False,2025-01-06T11:20:18.25+00:00,False,data/raw/wta/stats/_httpcache/2025/170e8d33ccafac5507522fd99c8eea08aad2b14090886c08b72cd63a11f1d221.json,e0f981f3fe38d7d79101ebdec267a2a636c2a41172a30e627d4e0c878f32f2cd,0,136373.0,True,2025-01-06,stats,False,False
2025,1050,LS030,Renata Zarazua,Lucia Bronzetti,320716,322280,R32,6-4 6-3,completed,present,2025-01-06,2025-01-11,2025-01-07T06:24:14.027+00:00,False,2025-01-07T08:31:46.043+00:00,False,data/raw/wta/stats/_httpcache/2025/170e8d33ccafac5507522fd99c8eea08aad2b14090886c08b72cd63a11f1d221.json,e0f981f3fe38d7d79101ebdec267a2a636c2a41172a30e627d4e0c878f32f2cd,0,136386.0,True,2025-01-07,stats,False,False
2025,1050,LS031,Elise Mertens,Nuria Parrizas Diaz,317964,314359,R32,6-3 6-1,completed,present,2025-01-06,2025-01-11,2025-01-07T09:04:05.05+00:00,False,2025-01-07T10:30:54.55+00:00,False,data/raw/wta/stats/_httpcache/2025/170e8d33ccafac5507522fd99c8eea08aad2b14090886c08b72cd63a11f1d221.json,e0f981f3fe38d7d79101ebdec267a2a636c2a41172a30e627d4e0c878f32f2cd,0,136388.0,True,2025-01-07,stats,False,False
2025,1051,LS001,Jelena Ostapenko,Aryna Sabalenka,319939,320760,F,6-4 6-1,completed,present,2025-04-14,2025-04-21,2025-04-21T10:52:09.627+00:00,False,2025-04-21T12:33:44.173+00:00,False,data/raw/wta/stats/_httpcache/2025/00f7b4d49cd057c3037267da4acb1965d6d00e7786dc99a6777ca7548e45a3e8.json,ccfdbaa5a13ffb144cbbeebc244f4604fa5b84deeed64779428eb17c3a8a3f71,0,137761.0,True,2025-04-21,stats,False,False
2025,1051,LS002,Aryna Sabalenka,Jasmine Paolini,320760,319280,SF,7-5 6-4,completed,present,2025-04-14,2025-04-21,2025-04-20T12:46:49.513+00:00,False,2025-04-20T14:33:04.717+00:00,False,data/raw/wta/stats/_httpcache/2025/00f7b4d49cd057c3037267da4acb1965d6d00e7786dc99a6777ca7548e45a3e8.json,ccfdbaa5a13ffb144cbbeebc244f4604fa5b84deeed64779428eb17c3a8a3f71,0,137735.0,True,2025-04-20,stats,False,False
2025,1051,LS003,Jelena Ostapenko,Ekaterina Alexandrova,319939,319007,SF,6-4 6-4,completed,present,2025-04-14,2025-04-21,2025-04-20T10:51:20.21+00:00,False,2025-04-20T12:37:11.93+00:00,False,data/raw/wta/stats/_httpcache/2025/00f7b4d49cd057c3037267da4acb1965d6d00e7786dc99a6777ca7548e45a3e8.json,ccfdbaa5a13ffb144cbbeebc244f4604fa5b84deeed64779428eb17c3a8a3f71,0,137734.0,True,2025-04-20,stats,False,False
2025,1051,LS004,Aryna Sabalenka,Elise Mertens,320760,317964,QF,6-4 6-1,completed,present,2025-04-14,2025-04-21,2025-04-19T14:53:09.113+00:00,False,2025-04-19T16:27:24.5+00:00,False,data/raw/wta/stats/_httpcache/2025/00f7b4d49cd057c3037267da4acb1965d6d00e7786dc99a6777ca7548e45a3e8.json,ccfdbaa5a13ffb144cbbeebc244f4604fa5b84deeed64779428eb17c3a8a3f71,0,137728.0,True,2025-04-19,stats,False,False
2025,1051,LS005,Jasmine Paolini,Coco Gauff,319280,328560,QF,6-4 6-3,completed,present,2025-04-14,2025-04-21,2025-04-19T16:32:45.317+00:00,False,2025-04-19T18:14:08.69+00:00,False,data/raw/wta/stats/_httpcache/2025/00f7b4d49cd057c3037267da4acb1965d6d00e7786dc99a6777ca7548e45a3e8.json,ccfdbaa5a13ffb144cbbeebc244f4604fa5b84deeed64779428eb17c3a8a3f71,0,137729.0,True,2025-04-19,stats,False,False
2025,1051,LS006,Ekaterina Alexandrova,Jessica Pegula,319007,316956,QF,6-0 6-4,completed,present,2025-04-14,2025-04-21,2025-04-19T10:23:54.143+00:00,False,2025-04-19T11:59:49.55+00:00,False,data/raw/wta/stats/_httpcache/2025/00f7b4d49cd057c3037267da4acb1965d6d00e7786dc99a6777ca7548e45a3e8.json,ccfdbaa5a13ffb144cbbeebc244f4604fa5b84deeed64779428eb17c3a8a3f71,0,137726.0,True,2025-04-19,stats,False,False
2025,1051,LS007,Jelena Ostapenko,Iga Swiatek,319939,326408,QF,6-3 3-6 6-2,completed,present,2025-04-14,2025-04-21,2025-04-19T12:03:48.227+00:00,False,2025-04-19T14:25:34.643+00:00,False,data/raw/wta/stats/_httpcache/2025/00f7b4d49cd057c3037267da4acb1965d6d00e7786dc99a6777ca7548e45a3e8.json,ccfdbaa5a13ffb144cbbeebc244f4604fa5b84deeed64779428eb17c3a8a3f71,0,137727.0,True,2025-04-19,stats,False,False
2025,1051,LS009,Elise Mertens,Diana Shnaider,317964,330482,R16,6-2 7-6(5),completed,present,2025-04-14,2025-04-21,2025-04-16T19:48:49.917+00:00,False,2025-04-16T21:50:43.73+00:00,False,data/raw/wta/stats/_httpcache/2025/00f7b4d49cd057c3037267da4acb1965d6d00e7786dc99a6777ca7548e45a3e8.json,ccfdbaa5a13ffb144cbbeebc244f4604fa5b84deeed64779428eb17c3a8a3f71,0,137683.0,True,2025-04-16,stats,False,False
2025,1051,LS010,Coco Gauff,Ella Seidel,328560,330548,R16,6-1 6-1,completed,present,2025-04-14,2025-04-21,2025-04-17T16:17:22.99+00:00,False,2025-04-17T17:35:19.013+00:00,False,data/raw/wta/stats/_httpcache/2025/00f7b4d49cd057c3037267da4acb1965d6d00e7786dc99a6777ca7548e45a3e8.json,ccfdbaa5a13ffb144cbbeebc244f4604fa5b84deeed64779428eb17c3a8a3f71,0,137702.0,True,2025-04-17,stats,False,False
2025,1051,LS011,Jasmine Paolini,Jule Niemeier,319280,325940,R16,6-1 7-5,completed,present,2025-04-14,2025-04-21,2025-04-17T11:49:02.203+00:00,False,2025-04-17T13:27:14.697+00:00,False,data/raw/wta/stats/_httpcache/2025/00f7b4d49cd057c3037267da4acb1965d6d00e7786dc99a6777ca7548e45a3e8.json,ccfdbaa5a13ffb144cbbeebc244f4604fa5b84deeed64779428eb17c3a8a3f71,0,137700.0,True,2025-04-17,stats,False,False
2025,1051,LS012,Ekaterina Alexandrova,Mirra Andreeva,319007,331809,R16,6-3 6-2,completed,present,2025-04-14,2025-04-21,2025-04-17T10:19:23.843+00:00,False,2025-04-17T11:42:47.613+00:00,False,data/raw/wta/stats/_httpcache/2025/00f7b4d49cd057c3037267da4acb1965d6d00e7786dc99a6777ca7548e45a3e8.json,ccfdbaa5a13ffb144cbbeebc244f4604fa5b84deeed64779428eb17c3a8a3f71,0,137699.0,True,2025-04-17,stats,False,False
2025,1051,LS013,Jessica Pegula,Magdalena Frech,316956,320277,R16,6-1 6-1,completed,present,2025-04-14,2025-04-21,2025-04-17T14:49:10.763+00:00,False,2025-04-17T16:08:08.953+00:00,False,data/raw/wta/stats/_httpcache/2025/00f7b4d49cd057c3037267da4acb1965d6d00e7786dc99a6777ca7548e45a3e8.json,ccfdbaa5a13ffb144cbbeebc244f4604fa5b84deeed64779428eb17c3a8a3f71,0,137701.0,True,2025-04-17,stats,False,False
2025,1051,LS014,Jelena Ostapenko,Emma Navarro,319939,325410,R16,7-5 3-6 6-2,completed,present,2025-04-14,2025-04-21,2025-04-17T17:36:30.667+00:00,False,2025-04-17T20:12:30.437+00:00,False,data/raw/wta/stats/_httpcache/2025/00f7b4d49cd057c3037267da4acb1965d6d00e7786dc99a6777ca7548e45a3e8.json,ccfdbaa5a13ffb144cbbeebc244f4604fa5b84deeed64779428eb17c3a8a3f71,0,137703.0,True,2025-04-17,stats,False,False
2025,1051,LS015,Iga Swiatek,Jana Fett,326408,320945,R16,6-2 6-2,completed,present,2025-04-14,2025-04-21,2025-04-16T14:57:53.403+00:00,False,2025-04-16T16:32:38.903+00:00,False,data/raw/wta/stats/_httpcache/2025/00f7b4d49cd057c3037267da4acb1965d6d00e7786dc99a6777ca7548e45a3e8.json,ccfdbaa5a13ffb144cbbeebc244f4604fa5b84deeed64779428eb17c3a8a3f71,0,137682.0,True,2025-04-16,stats,False,False
2025,1051,LS017,Anastasia Potapova,Clara Tauson,325601,327793,R32,2-6 7-6(8) 6-3,completed,present,2025-04-14,2025-04-21,2025-04-14T16:21:27.01+00:00,False,2025-04-14T19:20:55.137+00:00,False,data/raw/wta/stats/_httpcache/2025/00f7b4d49cd057c3037267da4acb1965d6d00e7786dc99a6777ca7548e45a3e8.json,ccfdbaa5a13ffb144cbbeebc244f4604fa5b84deeed64779428eb17c3a8a3f71,0,137647.0,True,2025-04-14,stats,False,False
2025,1051,LS018,Elise Mertens,Aliaksandra Sasnovich,317964,317790,R32,7-6(3) 6-2,completed,present,2025-04-14,2025-04-21,2025-04-14T13:54:22.28+00:00,False,2025-04-14T15:56:00.797+00:00,False,data/raw/wta/stats/_httpcache/2025/00f7b4d49cd057c3037267da4acb1965d6d00e7786dc99a6777ca7548e45a3e8.json,ccfdbaa5a13ffb144cbbeebc244f4604fa5b84deeed64779428eb17c3a8a3f71,0,137646.0,True,2025-04-14,stats,False,False
2025,1051,LS019,Diana Shnaider,Veronika Kudermetova,330482,319526,R32,5-7 6-2 6-3,completed,present,2025-04-14,2025-04-21,2025-04-14T19:22:43.26+00:00,False,2025-04-14T21:53:36.323+00:00,False,data/raw/wta/stats/_httpcache/2025/00f7b4d49cd057c3037267da4acb1965d6d00e7786dc99a6777ca7548e45a3e8.json,ccfdbaa5a13ffb144cbbeebc244f4604fa5b84deeed64779428eb17c3a8a3f71,0,137648.0,True,2025-04-14,stats,False,False
2025,1051,LS021,Ella Seidel,Tatjana Maria,330548,310440,R32,3-6 7-6(2) 6-4,completed,present,2025-04-14,2025-04-21,2025-04-16T16:34:16.667+00:00,False,2025-04-16T19:44:00.957+00:00,False,data/raw/wta/stats/_httpcache/2025/00f7b4d49cd057c3037267da4acb1965d6d00e7786dc99a6777ca7548e45a3e8.json,ccfdbaa5a13ffb144cbbeebc244f4604fa5b84deeed64779428eb17c3a8a3f71,0,137681.0,True,2025-04-16,stats,False,False
2025,1051,LS022,Jule Niemeier,Laura Siegemund,325940,310926,R32,4-6 6-3 6-4,completed,present,2025-04-14,2025-04-21,2025-04-15T14:49:49.223+00:00,False,2025-04-15T18:20:49.687+00:00,False,data/raw/wta/stats/_httpcache/2025/00f7b4d49cd057c3037267da4acb1965d6d00e7786dc99a6777ca7548e45a3e8.json,ccfdbaa5a13ffb144cbbeebc244f4604fa5b84deeed64779428eb17c3a8a3f71,0,137658.0,True,2025-04-15,stats,False,False
2025,1051,LS023,Jasmine Paolini,Eva Lys,319280,325826,R32,6-2 6-1,completed,present,2025-04-14,2025-04-21,2025-04-15T18:27:08.973+00:00,False,2025-04-15T19:44:00.02+00:00,False,data/raw/wta/stats/_httpcache/2025/00f7b4d49cd057c3037267da4acb1965d6d00e7786dc99a6777ca7548e45a3e8.json,ccfdbaa5a13ffb144cbbeebc244f4604fa5b84deeed64779428eb17c3a8a3f71,0,137659.0,True,2025-04-15,stats,False,False
2025,1051,LS025,Ekaterina Alexandrova,Liudmila Samsonova,319007,322222,R32,6-3 6-3,completed,present,2025-04-14,2025-04-21,2025-04-15T12:50:00.423+00:00,False,2025-04-15T14:23:06.977+00:00,False,data/raw/wta/stats/_httpcache/2025/00f7b4d49cd057c3037267da4acb1965d6d00e7786dc99a6777ca7548e45a3e8.json,ccfdbaa5a13ffb144cbbeebc244f4604fa5b84deeed64779428eb17c3a8a3f71,0,137657.0,True,2025-04-15,stats,False,False
2025,1051,LS026,Magdalena Frech,Sara Errani,320277,310761,R32,7-5 4-6 7-6(5),completed,present,2025-04-14,2025-04-21,2025-04-16T11:28:49.803+00:00,False,2025-04-16T14:55:31.263+00:00,False,data/raw/wta/stats/_httpcache/2025/00f7b4d49cd057c3037267da4acb1965d6d00e7786dc99a6777ca7548e45a3e8.json,ccfdbaa5a13ffb144cbbeebc244f4604fa5b84deeed64779428eb17c3a8a3f71,0,137680.0,True,2025-04-16,stats,False,False
2025,1051,LS028,Emma Navarro,Beatriz Haddad Maia,325410,318176,R32,6-3 6-0,completed,present,2025-04-14,2025-04-21,2025-04-15T19:49:23.93+00:00,False,2025-04-15T21:20:44.773+00:00,False,data/raw/wta/stats/_httpcache/2025/00f7b4d49cd057c3037267da4acb1965d6d00e7786dc99a6777ca7548e45a3e8.json,ccfdbaa5a13ffb144cbbeebc244f4604fa5b84deeed64779428eb17c3a8a3f71,0,137660.0,True,2025-04-15,stats,False,False
2025,1051,LS030,Jana Fett,Donna Vekic,320945,318516,R32,7-6(2) 6-4,completed,present,2025-04-14,2025-04-21,2025-04-15T11:56:13.1+00:00,False,2025-04-15T14:07:52.1+00:00,False,data/raw/wta/stats/_httpcache/2025/00f7b4d49cd057c3037267da4acb1965d6d00e7786dc99a6777ca7548e45a3e8.json,ccfdbaa5a13ffb144cbbeebc244f4604fa5b84deeed64779428eb17c3a8a3f71,0,137656.0,True,2025-04-15,stats,False,False
2025,1056,LS001,Belinda Bencic,Linda Noskova,319001,329668,F,6-2 6-3,completed,present,2025-10-20,2025-10-26,2025-10-26T02:41:48.47+00:00,False,2025-10-26T04:30:22.97+00:00,False,data/raw/wta/stats/_httpcache/2025/a47936c8c19436d3bb40a05c6729652c27b68949c10224fb0805cbc12c76216b.json,f8976d0b38b6a7e8f9d289b34a4165fcc5559afd3e200e10af13668b827d88cf,0,141060.0,True,2025-10-26,stats,False,False
2025,1056,LS002,Belinda Bencic,Sofia Kenin,319001,320942,SF,7-6(5) 3-6 6-2,completed,present,2025-10-20,2025-10-26,2025-10-25T03:47:15.237+00:00,False,2025-10-25T06:23:23.053+00:00,False,data/raw/wta/stats/_httpcache/2025/a47936c8c19436d3bb40a05c6729652c27b68949c10224fb0805cbc12c76216b.json,f8976d0b38b6a7e8f9d289b34a4165fcc5559afd3e200e10af13668b827d88cf,0,141023.0,True,2025-10-25,stats,False,False
2025,1056,LS004,Belinda Bencic,Karolina Muchova,319001,322191,QF,3-6 7-5 7-5,completed,present,2025-10-20,2025-10-26,2025-10-24T07:47:38.81+00:00,False,2025-10-24T11:16:25.967+00:00,False,data/raw/wta/stats/_httpcache/2025/a47936c8c19436d3bb40a05c6729652c27b68949c10224fb0805cbc12c76216b.json,f8976d0b38b6a7e8f9d289b34a4165fcc5559afd3e200e10af13668b827d88cf,0,141007.0,True,2025-10-24,stats,False,False
2025,1056,LS005,Sofia Kenin,Ekaterina Alexandrova,320942,319007,QF,6-0 2-6 7-6(3),completed,present,2025-10-20,2025-10-26,2025-10-24T04:15:50.09+00:00,False,2025-10-24T06:47:58.413+00:00,False,data/raw/wta/stats/_httpcache/2025/a47936c8c19436d3bb40a05c6729652c27b68949c10224fb0805cbc12c76216b.json,f8976d0b38b6a7e8f9d289b34a4165fcc5559afd3e200e10af13668b827d88cf,0,141006.0,True,2025-10-24,stats,False,False
2025,1056,LS007,Elena Rybakina,Victoria Mboko,324166,331006,QF,6-3 7-6(4),completed,present,2025-10-20,2025-10-26,2025-10-24T02:22:10.27+00:00,False,2025-10-24T04:12:53.023+00:00,False,data/raw/wta/stats/_httpcache/2025/a47936c8c19436d3bb40a05c6729652c27b68949c10224fb0805cbc12c76216b.json,f8976d0b38b6a7e8f9d289b34a4165fcc5559afd3e200e10af13668b827d88cf,0,141005.0,True,2025-10-24,stats,False,False
2025,1056,LS008,Belinda Bencic,Varvara Gracheva,319001,325836,R16,6-4 6-3,completed,present,2025-10-20,2025-10-26,2025-10-23T01:11:46.12+00:00,False,2025-10-23T03:03:33.77+00:00,False,data/raw/wta/stats/_httpcache/2025/a47936c8c19436d3bb40a05c6729652c27b68949c10224fb0805cbc12c76216b.json,f8976d0b38b6a7e8f9d289b34a4165fcc5559afd3e200e10af13668b827d88cf,0,140986.0,True,2025-10-23,stats,False,False
2025,1056,LS009,Karolina Muchova,Maya Joint,322191,330544,R16,6-3 7-5,completed,present,2025-10-20,2025-10-26,2025-10-22T07:58:28.21+00:00,False,2025-10-22T09:41:38.99+00:00,False,data/raw/wta/stats/_httpcache/2025/a47936c8c19436d3bb40a05c6729652c27b68949c10224fb0805cbc12c76216b.json,f8976d0b38b6a7e8f9d289b34a4165fcc5559afd3e200e10af13668b827d88cf,0,140965.0,True,2025-10-22,stats,False,False
2025,1056,LS010,Ekaterina Alexandrova,Jaqueline Cristian,319007,320319,R16,6-1 6-2,completed,present,2025-10-20,2025-10-26,2025-10-23T04:57:25.01+00:00,False,2025-10-23T06:16:50.617+00:00,False,data/raw/wta/stats/_httpcache/2025/a47936c8c19436d3bb40a05c6729652c27b68949c10224fb0805cbc12c76216b.json,f8976d0b38b6a7e8f9d289b34a4165fcc5559afd3e200e10af13668b827d88cf,0,140988.0,True,2025-10-23,stats,False,False
2025,1056,LS011,Sofia Kenin,Wakana Sonobe,320942,331857,R16,3-6 6-1 7-6(2),completed,present,2025-10-20,2025-10-26,2025-10-23T07:48:23.757+00:00,False,2025-10-23T10:26:58.28+00:00,False,data/raw/wta/stats/_httpcache/2025/a47936c8c19436d3bb40a05c6729652c27b68949c10224fb0805cbc12c76216b.json,f8976d0b38b6a7e8f9d289b34a4165fcc5559afd3e200e10af13668b827d88cf,0,140989.0,True,2025-10-23,stats,False,False
2025,1056,LS012,Anna Kalinskaya,Diana Shnaider,323942,330482,R16,7-6(4) 2-6 7-6(5),completed,present,2025-10-20,2025-10-26,2025-10-22T05:06:01.417+00:00,False,2025-10-22T07:55:32.063+00:00,False,data/raw/wta/stats/_httpcache/2025/a47936c8c19436d3bb40a05c6729652c27b68949c10224fb0805cbc12c76216b.json,f8976d0b38b6a7e8f9d289b34a4165fcc5559afd3e200e10af13668b827d88cf,0,140964.0,True,2025-10-22,stats,False,False
2025,1056,LS013,Linda Noskova,McCartney Kessler,329668,326678,R16,5-7 6-3 6-4,completed,present,2025-10-20,2025-10-26,2025-10-22T01:19:58.637+00:00,False,2025-10-22T03:43:04.137+00:00,False,data/raw/wta/stats/_httpcache/2025/a47936c8c19436d3bb40a05c6729652c27b68949c10224fb0805cbc12c76216b.json,f8976d0b38b6a7e8f9d289b34a4165fcc5559afd3e200e10af13668b827d88cf,0,140962.0,True,2025-10-22,stats,False,False
2025,1056,LS014,Victoria Mboko,Eva Lys,331006,325826,R16,6-1 6-1,completed,present,2025-10-20,2025-10-26,2025-10-22T03:45:45.8+00:00,False,2025-10-22T04:54:44.43+00:00,False,data/raw/wta/stats/_httpcache/2025/a47936c8c19436d3bb40a05c6729652c27b68949c10224fb0805cbc12c76216b.json,f8976d0b38b6a7e8f9d289b34a4165fcc5559afd3e200e10af13668b827d88cf,0,140963.0,True,2025-10-22,stats,False,False
2025,1056,LS015,Elena Rybakina,Leylah Fernandez,324166,326735,R16,6-4 6-3,completed,present,2025-10-20,2025-10-26,2025-10-23T03:14:09.877+00:00,False,2025-10-23T04:49:35.46+00:00,False,data/raw/wta/stats/_httpcache/2025/a47936c8c19436d3bb40a05c6729652c27b68949c10224fb0805cbc12c76216b.json,f8976d0b38b6a7e8f9d289b34a4165fcc5559afd3e200e10af13668b827d88cf,0,140987.0,True,2025-10-23,stats,False,False
2025,1056,LS017,Varvara Gracheva,Xinyu Wang,325836,326376,R32,4-6 6-3 6-4,completed,present,2025-10-20,2025-10-26,2025-10-20T01:47:45.057+00:00,False,2025-10-20T04:24:56.933+00:00,False,data/raw/wta/stats/_httpcache/2025/a47936c8c19436d3bb40a05c6729652c27b68949c10224fb0805cbc12c76216b.json,f8976d0b38b6a7e8f9d289b34a4165fcc5559afd3e200e10af13668b827d88cf,0,140886.0,True,2025-10-20,stats,False,False
2025,1056,LS018,Maya Joint,Viktorija Golubic,330544,316296,R32,1-6 7-6(5) 6-2,completed,present,2025-10-20,2025-10-26,2025-10-20T04:26:39.86+00:00,False,2025-10-30T18:33:29.977+00:00,False,data/raw/wta/stats/_httpcache/2025/a47936c8c19436d3bb40a05c6729652c27b68949c10224fb0805cbc12c76216b.json,f8976d0b38b6a7e8f9d289b34a4165fcc5559afd3e200e10af13668b827d88cf,0,140888.0,True,2025-10-20,stats,False,False
2025,1056,LS021,Jaqueline Cristian,Alina Charaeva,320319,329198,R32,6-2 6-3,completed,present,2025-10-20,2025-10-26,2025-10-21T02:53:16.807+00:00,False,2025-10-21T04:40:06.09+00:00,False,data/raw/wta/stats/_httpcache/2025/a47936c8c19436d3bb40a05c6729652c27b68949c10224fb0805cbc12c76216b.json,f8976d0b38b6a7e8f9d289b34a4165fcc5559afd3e200e10af13668b827d88cf,0,140924.0,True,2025-10-21,stats,False,False
2025,1056,LS022,Wakana Sonobe,Nikola Bartunkova,331857,330364,R32,6-4 6-3,completed,present,2025-10-20,2025-10-26,2025-10-21T05:16:05.4+00:00,False,2025-10-21T07:30:07.38+00:00,False,data/raw/wta/stats/_httpcache/2025/a47936c8c19436d3bb40a05c6729652c27b68949c10224fb0805cbc12c76216b.json,f8976d0b38b6a7e8f9d289b34a4165fcc5559afd3e200e10af13668b827d88cf,0,140926.0,True,2025-10-21,stats,False,False
2025,1056,LS023,Sofia Kenin,Moyuka Uchijima,320942,327241,R32,6-1 6-3,completed,present,2025-10-20,2025-10-26,2025-10-21T07:52:53.333+00:00,False,2025-10-21T09:18:38.937+00:00,False,data/raw/wta/stats/_httpcache/2025/a47936c8c19436d3bb40a05c6729652c27b68949c10224fb0805cbc12c76216b.json,f8976d0b38b6a7e8f9d289b34a4165fcc5559afd3e200e10af13668b827d88cf,0,140927.0,True,2025-10-21,stats,False,False
2025,1056,LS024,Diana Shnaider,Dayana Yastremska,330482,324261,R32,6-3 6-1,completed,present,2025-10-20,2025-10-26,2025-10-21T01:21:11.46+00:00,False,2025-10-21T02:50:11.153+00:00,False,data/raw/wta/stats/_httpcache/2025/a47936c8c19436d3bb40a05c6729652c27b68949c10224fb0805cbc12c76216b.json,f8976d0b38b6a7e8f9d289b34a4165fcc5559afd3e200e10af13668b827d88cf,0,140922.0,True,2025-10-21,stats,False,False
2025,1056,LS025,Anna Kalinskaya,Suzan Lamens,323942,324898,R32,6-3 6-1,completed,present,2025-10-20,2025-10-26,2025-10-20T05:38:11.063+00:00,False,2025-10-20T06:57:03.083+00:00,False,data/raw/wta/stats/_httpcache/2025/a47936c8c19436d3bb40a05c6729652c27b68949c10224fb0805cbc12c76216b.json,f8976d0b38b6a7e8f9d289b34a4165fcc5559afd3e200e10af13668b827d88cf,0,140889.0,True,2025-10-20,stats,False,False
2025,1056,LS026,McCartney Kessler,Cristina Bucsa,326678,321158,R32,3-6 7-5 6-3,completed,present,2025-10-20,2025-10-26,2025-10-20T02:53:33.013+00:00,False,2025-10-20T05:32:10.02+00:00,False,data/raw/wta/stats/_httpcache/2025/a47936c8c19436d3bb40a05c6729652c27b68949c10224fb0805cbc12c76216b.json,f8976d0b38b6a7e8f9d289b34a4165fcc5559afd3e200e10af13668b827d88cf,0,140887.0,True,2025-10-20,stats,False,False
2025,1056,LS028,Victoria Mboko,Bianca Andreescu,331006,325088,R32,6-3 6-3,completed,present,2025-10-20,2025-10-26,2025-10-21T03:48:42.813+00:00,False,2025-10-21T05:12:05.43+00:00,False,data/raw/wta/stats/_httpcache/2025/a47936c8c19436d3bb40a05c6729652c27b68949c10224fb0805cbc12c76216b.json,f8976d0b38b6a7e8f9d289b34a4165fcc5559afd3e200e10af13668b827d88cf,0,140925.0,True,2025-10-21,stats,False,False
2025,1056,LS029,Eva Lys,Katie Boulter,325826,319125,R32,6-2 6-1,completed,present,2025-10-20,2025-10-26,2025-10-20T01:16:41.853+00:00,False,2025-10-20T02:50:39.95+00:00,False,data/raw/wta/stats/_httpcache/2025/a47936c8c19436d3bb40a05c6729652c27b68949c10224fb0805cbc12c76216b.json,f8976d0b38b6a7e8f9d289b34a4165fcc5559afd3e200e10af13668b827d88cf,0,140885.0,True,2025-10-20,stats,False,False
2025,1056,LS030,Leylah Fernandez,Maria Sakkari,326735,318312,R32,7-6(5) 6-4,completed,present,2025-10-20,2025-10-26,2025-10-21T01:23:50.32+00:00,False,2025-10-21T03:39:22.497+00:00,False,data/raw/wta/stats/_httpcache/2025/a47936c8c19436d3bb40a05c6729652c27b68949c10224fb0805cbc12c76216b.json,f8976d0b38b6a7e8f9d289b34a4165fcc5559afd3e200e10af13668b827d88cf,0,140923.0,True,2025-10-21,stats,False,False
2025,1074,LS001,Victoria Mboko,Cristina Bucsa,331006,321158,F,7-5 6-7(9) 6-2,completed,present,2025-10-27,2025-11-02,2025-11-02T07:49:49.617+00:00,False,2025-11-02T10:57:54.557+00:00,False,data/raw/wta/stats/_httpcache/2025/4fe2fce48893f57f405200582bc045f03a157ac1b431a7c0a3fcf40b70b015d9.json,6074572ef9c592d70280b38bf9005b3a1d3e195f9acf347d8ddcbc72c853015c,0,141221.0,True,2025-11-02,stats,False,False
2025,1074,LS002,Cristina Bucsa,Maya Joint,321158,330544,SF,6-3 6-1,completed,present,2025-10-27,2025-11-02,2025-11-01T05:44:02.627+00:00,False,2025-11-04T19:40:06.903+00:00,False,data/raw/wta/stats/_httpcache/2025/4fe2fce48893f57f405200582bc045f03a157ac1b431a7c0a3fcf40b70b015d9.json,6074572ef9c592d70280b38bf9005b3a1d3e195f9acf347d8ddcbc72c853015c,0,141209.0,True,2025-11-01,stats,False,False
2025,1074,LS003,Victoria Mboko,Leylah Fernandez,331006,326735,SF,2-6 6-3 6-2,completed,present,2025-10-27,2025-11-02,2025-11-01T07:15:18.14+00:00,False,2025-11-01T09:23:11.86+00:00,False,data/raw/wta/stats/_httpcache/2025/4fe2fce48893f57f405200582bc045f03a157ac1b431a7c0a3fcf40b70b015d9.json,6074572ef9c592d70280b38bf9005b3a1d3e195f9acf347d8ddcbc72c853015c,0,141210.0,True,2025-11-01,stats,False,False
2025,1074,LS005,Maya Joint,Himeno Sakatsume,330544,326568,QF,6-4 2-6 6-4,completed,present,2025-10-27,2025-11-02,2025-10-31T07:38:07.877+00:00,False,2025-10-31T09:43:35.11+00:00,False,data/raw/wta/stats/_httpcache/2025/4fe2fce48893f57f405200582bc045f03a157ac1b431a7c0a3fcf40b70b015d9.json,6074572ef9c592d70280b38bf9005b3a1d3e195f9acf347d8ddcbc72c853015c,0,141196.0,True,2025-10-31,stats,False,False
2025,1074,LS007,Leylah Fernandez,Sorana Cirstea,326735,312469,QF,6-4 6-4,completed,present,2025-10-27,2025-11-02,2025-10-31T11:32:17.503+00:00,False,2025-10-31T13:38:08.417+00:00,False,data/raw/wta/stats/_httpcache/2025/4fe2fce48893f57f405200582bc045f03a157ac1b431a7c0a3fcf40b70b015d9.json,6074572ef9c592d70280b38bf9005b3a1d3e195f9acf347d8ddcbc72c853015c,0,141197.0,True,2025-10-31,stats,False,False
2025,1074,LS008,Belinda Bencic,Yafan Wang,319001,317510,R16,6-2 6-2,completed,present,2025-10-27,2025-11-02,2025-10-30T07:03:58.707+00:00,False,2025-10-30T19:29:48.63+00:00,False,data/raw/wta/stats/_httpcache/2025/4fe2fce48893f57f405200582bc045f03a157ac1b431a7c0a3fcf40b70b015d9.json,6074572ef9c592d70280b38bf9005b3a1d3e195f9acf347d8ddcbc72c853015c,0,141176.0,True,2025-10-30,stats,False,False
2025,1074,LS009,Cristina Bucsa,Emiliana Arango,321158,324789,R16,6-2 6-4,completed,present,2025-10-27,2025-11-02,2025-10-29T05:56:22.587+00:00,False,2025-10-29T07:35:57.147+00:00,False,data/raw/wta/stats/_httpcache/2025/4fe2fce48893f57f405200582bc045f03a157ac1b431a7c0a3fcf40b70b015d9.json,6074572ef9c592d70280b38bf9005b3a1d3e195f9acf347d8ddcbc72c853015c,0,141141.0,True,2025-10-29,stats,False,False
2025,1074,LS010,Himeno Sakatsume,Eudice Chong,326568,319438,R16,6-2 6-1,completed,present,2025-10-27,2025-11-02,2025-10-30T13:13:26.607+00:00,False,2025-10-30T14:34:11.403+00:00,False,data/raw/wta/stats/_httpcache/2025/4fe2fce48893f57f405200582bc045f03a157ac1b431a7c0a3fcf40b70b015d9.json,6074572ef9c592d70280b38bf9005b3a1d3e195f9acf347d8ddcbc72c853015c,0,141178.0,True,2025-10-30,stats,False,False
2025,1074,LS011,Maya Joint,Viktoria Morvayova,330544,324465,R16,6-1 6-4,completed,present,2025-10-27,2025-11-02,2025-10-29T05:50:21.04+00:00,False,2025-10-29T07:18:29.243+00:00,False,data/raw/wta/stats/_httpcache/2025/4fe2fce48893f57f405200582bc045f03a157ac1b431a7c0a3fcf40b70b015d9.json,6074572ef9c592d70280b38bf9005b3a1d3e195f9acf347d8ddcbc72c853015c,0,141140.0,True,2025-10-29,stats,False,False
2025,1074,LS012,Anna Kalinskaya,Shuai Zhang,323942,311779,R16,6-1 6-1,completed,present,2025-10-27,2025-11-02,2025-10-30T05:49:22.007+00:00,False,2025-10-30T07:00:42.153+00:00,False,data/raw/wta/stats/_httpcache/2025/4fe2fce48893f57f405200582bc045f03a157ac1b431a7c0a3fcf40b70b015d9.json,6074572ef9c592d70280b38bf9005b3a1d3e195f9acf347d8ddcbc72c853015c,0,141175.0,True,2025-10-30,stats,False,False
2025,1074,LS013,Victoria Mboko,Alexandra Eala,331006,330332,R16,3-6 6-3 6-4,completed,present,2025-10-27,2025-11-02,2025-10-30T10:18:51.263+00:00,False,2025-10-30T13:08:11.173+00:00,False,data/raw/wta/stats/_httpcache/2025/4fe2fce48893f57f405200582bc045f03a157ac1b431a7c0a3fcf40b70b015d9.json,6074572ef9c592d70280b38bf9005b3a1d3e195f9acf347d8ddcbc72c853015c,0,141177.0,True,2025-10-30,stats,False,False
2025,1074,LS014,Sorana Cirstea,Ajla Tomljanovic,312469,315232,R16,4-6 6-4 6-3,completed,present,2025-10-27,2025-11-02,2025-10-29T07:20:36.99+00:00,False,2025-10-29T09:55:50.6+00:00,False,data/raw/wta/stats/_httpcache/2025/4fe2fce48893f57f405200582bc045f03a157ac1b431a7c0a3fcf40b70b015d9.json,6074572ef9c592d70280b38bf9005b3a1d3e195f9acf347d8ddcbc72c853015c,0,141142.0,True,2025-10-29,stats,False,False
2025,1074,LS015,Leylah Fernandez,Eva Lys,326735,325826,R16,6-4 6-1,completed,present,2025-10-27,2025-11-02,2025-10-29T10:21:53.89+00:00,False,2025-10-30T19:28:21.303+00:00,False,data/raw/wta/stats/_httpcache/2025/4fe2fce48893f57f405200582bc045f03a157ac1b431a7c0a3fcf40b70b015d9.json,6074572ef9c592d70280b38bf9005b3a1d3e195f9acf347d8ddcbc72c853015c,0,141143.0,True,2025-10-29,stats,False,False
2025,1074,LS016,Belinda Bencic,Aliaksandra Sasnovich,319001,317790,R32,6-3 6-4,completed,present,2025-10-27,2025-11-02,2025-10-28T10:17:01.66+00:00,False,2025-10-28T12:07:37.783+00:00,False,data/raw/wta/stats/_httpcache/2025/4fe2fce48893f57f405200582bc045f03a157ac1b431a7c0a3fcf40b70b015d9.json,6074572ef9c592d70280b38bf9005b3a1d3e195f9acf347d8ddcbc72c853015c,0,141116.0,True,2025-10-28,stats,False,False
2025,1074,LS017,Yafan Wang,Maddison Inglis,317510,321179,R32,6-4 6-7(6) 6-3,completed,present,2025-10-27,2025-11-02,2025-10-27T05:46:58.657+00:00,False,2025-10-27T08:55:21.247+00:00,False,data/raw/wta/stats/_httpcache/2025/4fe2fce48893f57f405200582bc045f03a157ac1b431a7c0a3fcf40b70b015d9.json,6074572ef9c592d70280b38bf9005b3a1d3e195f9acf347d8ddcbc72c853015c,0,141085.0,True,2025-10-27,stats,False,False
2025,1074,LS018,Cristina Bucsa,Ye-Xin Ma,321158,322417,R32,6-1 6-2,completed,present,2025-10-27,2025-11-02,2025-10-27T05:47:33.817+00:00,False,2025-10-27T07:13:26.423+00:00,False,data/raw/wta/stats/_httpcache/2025/4fe2fce48893f57f405200582bc045f03a157ac1b431a7c0a3fcf40b70b015d9.json,6074572ef9c592d70280b38bf9005b3a1d3e195f9acf347d8ddcbc72c853015c,0,141086.0,True,2025-10-27,stats,False,False
2025,1074,LS019,Emiliana Arango,Moyuka Uchijima,324789,327241,R32,6-7(3) 6-1 6-4,completed,present,2025-10-27,2025-11-02,2025-10-28T08:12:42.917+00:00,False,2025-10-28T10:43:41.353+00:00,False,data/raw/wta/stats/_httpcache/2025/4fe2fce48893f57f405200582bc045f03a157ac1b431a7c0a3fcf40b70b015d9.json,6074572ef9c592d70280b38bf9005b3a1d3e195f9acf347d8ddcbc72c853015c,0,141113.0,True,2025-10-28,stats,False,False
2025,1074,LS020,Himeno Sakatsume,Sofia Kenin,326568,320942,R32,6-2 6-1,completed,present,2025-10-27,2025-11-02,2025-10-28T05:44:42.387+00:00,False,2025-10-28T07:48:59.02+00:00,False,data/raw/wta/stats/_httpcache/2025/4fe2fce48893f57f405200582bc045f03a157ac1b431a7c0a3fcf40b70b015d9.json,6074572ef9c592d70280b38bf9005b3a1d3e195f9acf347d8ddcbc72c853015c,0,141109.0,True,2025-10-28,stats,False,False
2025,1074,LS021,Eudice Chong,Suzan Lamens,319438,324898,R32,6-3 6-4,completed,present,2025-10-27,2025-11-02,2025-10-28T07:51:00.947+00:00,False,2025-10-28T09:39:03.797+00:00,False,data/raw/wta/stats/_httpcache/2025/4fe2fce48893f57f405200582bc045f03a157ac1b431a7c0a3fcf40b70b015d9.json,6074572ef9c592d70280b38bf9005b3a1d3e195f9acf347d8ddcbc72c853015c,0,141112.0,True,2025-10-28,stats,False,False
2025,1074,LS022,Viktoria Morvayova,Hong Yi Cody Wong,324465,326723,R32,6-1 6-0,completed,present,2025-10-27,2025-11-02,2025-10-27T10:50:38.7+00:00,False,2025-10-27T12:10:03.86+00:00,False,data/raw/wta/stats/_httpcache/2025/4fe2fce48893f57f405200582bc045f03a157ac1b431a7c0a3fcf40b70b015d9.json,6074572ef9c592d70280b38bf9005b3a1d3e195f9acf347d8ddcbc72c853015c,0,141089.0,True,2025-10-27,stats,False,False
2025,1074,LS023,Maya Joint,Anastasija Sevastova,330544,313987,R32,2-6 6-4 6-3,completed,present,2025-10-27,2025-11-02,2025-10-27T12:14:12.6+00:00,False,2025-10-30T20:00:46.657+00:00,False,data/raw/wta/stats/_httpcache/2025/4fe2fce48893f57f405200582bc045f03a157ac1b431a7c0a3fcf40b70b015d9.json,6074572ef9c592d70280b38bf9005b3a1d3e195f9acf347d8ddcbc72c853015c,0,141090.0,True,2025-10-27,stats,False,False
2025,1074,LS024,Anna Kalinskaya,Kamilla Rakhimova,323942,325936,R32,6-4 6-4,completed,present,2025-10-27,2025-11-02,2025-10-28T09:40:43.727+00:00,False,2025-10-30T19:51:12.06+00:00,False,data/raw/wta/stats/_httpcache/2025/4fe2fce48893f57f405200582bc045f03a157ac1b431a7c0a3fcf40b70b015d9.json,6074572ef9c592d70280b38bf9005b3a1d3e195f9acf347d8ddcbc72c853015c,0,141115.0,True,2025-10-28,stats,False,False
2025,1074,LS025,Shuai Zhang,Veronika Erjavec,311779,327655,R32,6-2 6-2,completed,present,2025-10-27,2025-11-02,2025-10-28T11:23:06.617+00:00,False,2025-10-28T12:33:31.39+00:00,False,data/raw/wta/stats/_httpcache/2025/4fe2fce48893f57f405200582bc045f03a157ac1b431a7c0a3fcf40b70b015d9.json,6074572ef9c592d70280b38bf9005b3a1d3e195f9acf347d8ddcbc72c853015c,0,141117.0,True,2025-10-28,stats,False,False
2025,1074,LS027,Victoria Mboko,Talia Gibson,331006,329393,R32,6-7(2) 6-1 6-4,completed,present,2025-10-27,2025-11-02,2025-10-28T05:47:31.64+00:00,False,2025-10-30T20:02:21.173+00:00,False,data/raw/wta/stats/_httpcache/2025/4fe2fce48893f57f405200582bc045f03a157ac1b431a7c0a3fcf40b70b015d9.json,6074572ef9c592d70280b38bf9005b3a1d3e195f9acf347d8ddcbc72c853015c,0,141110.0,True,2025-10-28,stats,False,False
2025,1074,LS028,Sorana Cirstea,Dalma Galfi,312469,321106,R32,7-5 6-3,completed,present,2025-10-27,2025-11-02,2025-10-28T05:47:50.93+00:00,False,2025-10-28T08:10:58.783+00:00,False,data/raw/wta/stats/_httpcache/2025/4fe2fce48893f57f405200582bc045f03a157ac1b431a7c0a3fcf40b70b015d9.json,6074572ef9c592d70280b38bf9005b3a1d3e195f9acf347d8ddcbc72c853015c,0,141111.0,True,2025-10-28,stats,False,False
2025,1074,LS029,Ajla Tomljanovic,Momoko Kobori,315232,324125,R32,7-5 6-2,completed,present,2025-10-27,2025-11-02,2025-10-27T08:57:15.97+00:00,False,2025-10-27T10:46:28.607+00:00,False,data/raw/wta/stats/_httpcache/2025/4fe2fce48893f57f405200582bc045f03a157ac1b431a7c0a3fcf40b70b015d9.json,6074572ef9c592d70280b38bf9005b3a1d3e195f9acf347d8ddcbc72c853015c,0,141088.0,True,2025-10-27,stats,False,False
2025,1074,LS030,Eva Lys,Kristiana Sidorova,325826,331986,R32,6-0 6-3,completed,present,2025-10-27,2025-11-02,2025-10-27T07:15:38.16+00:00,False,2025-10-27T08:37:55.7+00:00,False,data/raw/wta/stats/_httpcache/2025/4fe2fce48893f57f405200582bc045f03a157ac1b431a7c0a3fcf40b70b015d9.json,6074572ef9c592d70280b38bf9005b3a1d3e195f9acf347d8ddcbc72c853015c,0,141087.0,True,2025-10-27,stats,False,False
2025,1074,LS031,Leylah Fernandez,Xiyu Wang,326735,326160,R32,6-1 6-4,completed,present,2025-10-27,2025-11-02,2025-10-28T08:30:54.17+00:00,False,2025-10-28T10:10:06.437+00:00,False,data/raw/wta/stats/_httpcache/2025/4fe2fce48893f57f405200582bc045f03a157ac1b431a7c0a3fcf40b70b015d9.json,6074572ef9c592d70280b38bf9005b3a1d3e195f9acf347d8ddcbc72c853015c,0,141114.0,True,2025-10-28,stats,False,False
2025,1075,LS001,Coco Gauff,Jessica Pegula,328560,316956,F,6-4 7-5,completed,present,2025-10-06,2025-10-12,2025-10-12T10:12:24.743+00:00,False,2025-10-12T12:21:00.397+00:00,False,data/raw/wta/stats/_httpcache/2025/2b52d77a81a532d049c418630472d8e24e7b11e3982c67b7bc8d8889fb6e611f.json,cad734f6c72d86c3c19b9b54cad19b66648de7608767f582e65ae5fa7e6d62ba,1,140641.0,True,2025-10-12,stats,False,False
2025,1075,LS002,Jessica Pegula,Aryna Sabalenka,316956,320760,SF,2-6 6-4 7-6(2),completed,present,2025-10-06,2025-10-12,2025-10-11T10:35:34.243+00:00,False,2025-10-11T13:09:27.817+00:00,False,data/raw/wta/stats/_httpcache/2025/2b52d77a81a532d049c418630472d8e24e7b11e3982c67b7bc8d8889fb6e611f.json,cad734f6c72d86c3c19b9b54cad19b66648de7608767f582e65ae5fa7e6d62ba,1,140621.0,True,2025-10-11,stats,False,False
2025,1075,LS003,Coco Gauff,Jasmine Paolini,328560,319280,SF,6-4 6-3,completed,present,2025-10-06,2025-10-12,2025-10-11T08:47:14.653+00:00,False,2025-10-11T10:31:43.6+00:00,False,data/raw/wta/stats/_httpcache/2025/2b52d77a81a532d049c418630472d8e24e7b11e3982c67b7bc8d8889fb6e611f.json,cad734f6c72d86c3c19b9b54cad19b66648de7608767f582e65ae5fa7e6d62ba,1,140620.0,True,2025-10-11,stats,False,False
2025,1075,LS004,Aryna Sabalenka,Elena Rybakina,320760,324166,QF,6-3 6-3,completed,present,2025-10-06,2025-10-12,2025-10-10T04:54:38.507+00:00,False,2025-10-10T06:35:31.563+00:00,False,data/raw/wta/stats/_httpcache/2025/2b52d77a81a532d049c418630472d8e24e7b11e3982c67b7bc8d8889fb6e611f.json,cad734f6c72d86c3c19b9b54cad19b66648de7608767f582e65ae5fa7e6d62ba,1,140614.0,True,2025-10-10,stats,False,False
2025,1075,LS005,Jessica Pegula,Katerina Siniakova,316956,320301,QF,2-6 6-0 6-3,completed,present,2025-10-06,2025-10-12,2025-10-10T02:48:34.62+00:00,False,2025-10-10T04:48:04.667+00:00,False,data/raw/wta/stats/_httpcache/2025/2b52d77a81a532d049c418630472d8e24e7b11e3982c67b7bc8d8889fb6e611f.json,cad734f6c72d86c3c19b9b54cad19b66648de7608767f582e65ae5fa7e6d62ba,1,140613.0,True,2025-10-10,stats,False,False
2025,1075,LS006,Coco Gauff,Laura Siegemund,328560,310926,QF,6-3 6-0,completed,present,2025-10-06,2025-10-12,2025-10-10T07:18:30.143+00:00,False,2025-10-10T09:03:54.15+00:00,False,data/raw/wta/stats/_httpcache/2025/2b52d77a81a532d049c418630472d8e24e7b11e3982c67b7bc8d8889fb6e611f.json,cad734f6c72d86c3c19b9b54cad19b66648de7608767f582e65ae5fa7e6d62ba,1,140615.0,True,2025-10-10,stats,False,False
2025,1075,LS007,Jasmine Paolini,Iga Swiatek,319280,326408,QF,6-1 6-2,completed,present,2025-10-06,2025-10-12,2025-10-10T10:48:41.117+00:00,False,2025-10-10T12:16:06.143+00:00,False,data/raw/wta/stats/_httpcache/2025/2b52d77a81a532d049c418630472d8e24e7b11e3982c67b7bc8d8889fb6e611f.json,cad734f6c72d86c3c19b9b54cad19b66648de7608767f582e65ae5fa7e6d62ba,1,140616.0,True,2025-10-10,stats,False,False
2025,1075,LS008,Aryna Sabalenka,Liudmila Samsonova,320760,322222,R16,6-3 6-2,completed,present,2025-10-06,2025-10-12,2025-10-09T05:17:30.983+00:00,False,2025-10-09T06:48:48.68+00:00,False,data/raw/wta/stats/_httpcache/2025/2b52d77a81a532d049c418630472d8e24e7b11e3982c67b7bc8d8889fb6e611f.json,cad734f6c72d86c3c19b9b54cad19b66648de7608767f582e65ae5fa7e6d62ba,1,140605.0,True,2025-10-09,stats,False,False
2025,1075,LS009,Elena Rybakina,Linda Noskova,324166,329668,R16,6-3 6-4,completed,present,2025-10-06,2025-10-12,2025-10-09T08:32:32.03+00:00,False,2025-10-09T10:11:35.05+00:00,False,data/raw/wta/stats/_httpcache/2025/2b52d77a81a532d049c418630472d8e24e7b11e3982c67b7bc8d8889fb6e611f.json,cad734f6c72d86c3c19b9b54cad19b66648de7608767f582e65ae5fa7e6d62ba,1,140607.0,True,2025-10-09,stats,False,False
2025,1075,LS010,Katerina Siniakova,Iva Jovic,320301,332285,R16,7-5 6-3,completed,present,2025-10-06,2025-10-12,2025-10-09T02:45:28.77+00:00,False,2025-10-09T08:28:37.523+00:00,False,data/raw/wta/stats/_httpcache/2025/2b52d77a81a532d049c418630472d8e24e7b11e3982c67b7bc8d8889fb6e611f.json,cad734f6c72d86c3c19b9b54cad19b66648de7608767f582e65ae5fa7e6d62ba,1,140603.0,True,2025-10-09,stats,False,False
2025,1075,LS011,Jessica Pegula,Ekaterina Alexandrova,316956,319007,R16,7-5 3-6 6-3,completed,present,2025-10-06,2025-10-12,2025-10-09T02:46:01.303+00:00,False,2025-10-09T05:15:06.25+00:00,False,data/raw/wta/stats/_httpcache/2025/2b52d77a81a532d049c418630472d8e24e7b11e3982c67b7bc8d8889fb6e611f.json,cad734f6c72d86c3c19b9b54cad19b66648de7608767f582e65ae5fa7e6d62ba,1,140604.0,True,2025-10-09,stats,False,False
2025,1075,LS012,Laura Siegemund,Magdalena Frech,310926,320277,R16,6-4 7-6(2),completed,present,2025-10-06,2025-10-12,2025-10-09T06:14:23.467+00:00,False,2025-10-09T09:22:55.33+00:00,False,data/raw/wta/stats/_httpcache/2025/2b52d77a81a532d049c418630472d8e24e7b11e3982c67b7bc8d8889fb6e611f.json,cad734f6c72d86c3c19b9b54cad19b66648de7608767f582e65ae5fa7e6d62ba,1,140606.0,True,2025-10-09,stats,False,False
2025,1075,LS013,Coco Gauff,Shuai Zhang,328560,311779,R16,6-3 6-2,completed,present,2025-10-06,2025-10-12,2025-10-09T13:27:19.06+00:00,False,2025-10-09T14:35:51.337+00:00,False,data/raw/wta/stats/_httpcache/2025/2b52d77a81a532d049c418630472d8e24e7b11e3982c67b7bc8d8889fb6e611f.json,cad734f6c72d86c3c19b9b54cad19b66648de7608767f582e65ae5fa7e6d62ba,1,140609.0,True,2025-10-09,stats,False,False
2025,1075,LS015,Iga Swiatek,Belinda Bencic,326408,319001,R16,7-6(2) 6-4,completed,present,2025-10-06,2025-10-12,2025-10-09T10:37:09.18+00:00,False,2025-10-09T13:18:29.063+00:00,False,data/raw/wta/stats/_httpcache/2025/2b52d77a81a532d049c418630472d8e24e7b11e3982c67b7bc8d8889fb6e611f.json,cad734f6c72d86c3c19b9b54cad19b66648de7608767f582e65ae5fa7e6d62ba,1,140608.0,True,2025-10-09,stats,False,False
2025,1075,LS016,Aryna Sabalenka,Rebecca Sramkova,320760,320228,R32,4-6 6-3 6-1,completed,present,2025-10-06,2025-10-12,2025-10-08T07:20:48.613+00:00,False,2025-10-08T09:31:28.203+00:00,False,data/raw/wta/stats/_httpcache/2025/2b52d77a81a532d049c418630472d8e24e7b11e3982c67b7bc8d8889fb6e611f.json,cad734f6c72d86c3c19b9b54cad19b66648de7608767f582e65ae5fa7e6d62ba,1,140593.0,True,2025-10-08,stats,False,False
2025,1075,LS017,Liudmila Samsonova,Sofia Kenin,322222,320942,R32,3-6 6-3 6-1,completed,present,2025-10-06,2025-10-12,2025-10-08T04:36:45.067+00:00,False,2025-10-08T06:49:04.117+00:00,False,data/raw/wta/stats/_httpcache/2025/2b52d77a81a532d049c418630472d8e24e7b11e3982c67b7bc8d8889fb6e611f.json,cad734f6c72d86c3c19b9b54cad19b66648de7608767f582e65ae5fa7e6d62ba,1,140589.0,True,2025-10-08,stats,False,False
2025,1075,LS018,Linda Noskova,Naomi Osaka,329668,319998,R32,7-6(2) 6-3,completed,present,2025-10-06,2025-10-12,2025-10-08T08:51:44.687+00:00,False,2025-10-08T10:34:02.147+00:00,False,data/raw/wta/stats/_httpcache/2025/2b52d77a81a532d049c418630472d8e24e7b11e3982c67b7bc8d8889fb6e611f.json,cad734f6c72d86c3c19b9b54cad19b66648de7608767f582e65ae5fa7e6d62ba,1,140594.0,True,2025-10-08,stats,False,False
2025,1075,LS019,Elena Rybakina,Jaqueline Cristian,324166,320319,R32,6-4 6-3,completed,present,2025-10-06,2025-10-12,2025-10-08T13:21:38.677+00:00,False,2025-10-08T15:01:50.657+00:00,False,data/raw/wta/stats/_httpcache/2025/2b52d77a81a532d049c418630472d8e24e7b11e3982c67b7bc8d8889fb6e611f.json,cad734f6c72d86c3c19b9b54cad19b66648de7608767f582e65ae5fa7e6d62ba,1,140596.0,True,2025-10-08,stats,False,False
2025,1075,LS020,Iva Jovic,Jessica Bouzas Maneiro,332285,328139,R32,6-4 6-4,completed,present,2025-10-06,2025-10-12,2025-10-08T02:48:05.457+00:00,False,2025-10-08T04:34:34.82+00:00,False,data/raw/wta/stats/_httpcache/2025/2b52d77a81a532d049c418630472d8e24e7b11e3982c67b7bc8d8889fb6e611f.json,cad734f6c72d86c3c19b9b54cad19b66648de7608767f582e65ae5fa7e6d62ba,1,140588.0,True,2025-10-08,stats,False,False
2025,1075,LS021,Katerina Siniakova,Maya Joint,320301,330544,R32,6-3 6-1,completed,present,2025-10-06,2025-10-12,2025-10-08T02:44:21.743+00:00,False,2025-10-08T04:30:22.34+00:00,False,data/raw/wta/stats/_httpcache/2025/2b52d77a81a532d049c418630472d8e24e7b11e3982c67b7bc8d8889fb6e611f.json,cad734f6c72d86c3c19b9b54cad19b66648de7608767f582e65ae5fa7e6d62ba,1,140586.0,True,2025-10-08,stats,False,False
2025,1075,LS022,Ekaterina Alexandrova,Ann Li,319007,326096,R32,7-6(5) 6-2,completed,present,2025-10-06,2025-10-12,2025-10-08T02:41:20.273+00:00,False,2025-10-08T04:39:55.26+00:00,False,data/raw/wta/stats/_httpcache/2025/2b52d77a81a532d049c418630472d8e24e7b11e3982c67b7bc8d8889fb6e611f.json,cad734f6c72d86c3c19b9b54cad19b66648de7608767f582e65ae5fa7e6d62ba,1,140585.0,True,2025-10-08,stats,False,False
2025,1075,LS023,Jessica Pegula,Hailey Baptiste,316956,327101,R32,6-4 4-6 7-6(6),completed,present,2025-10-06,2025-10-12,2025-10-08T02:45:08.707+00:00,False,2025-10-08T06:04:29.88+00:00,False,data/raw/wta/stats/_httpcache/2025/2b52d77a81a532d049c418630472d8e24e7b11e3982c67b7bc8d8889fb6e611f.json,cad734f6c72d86c3c19b9b54cad19b66648de7608767f582e65ae5fa7e6d62ba,1,140587.0,True,2025-10-08,stats,False,False
2025,1075,LS024,Laura Siegemund,Mirra Andreeva,310926,331809,R32,6-7(4) 6-3 6-3,completed,present,2025-10-06,2025-10-12,2025-10-07T12:33:43.07+00:00,False,2025-10-07T15:50:04.747+00:00,False,data/raw/wta/stats/_httpcache/2025/2b52d77a81a532d049c418630472d8e24e7b11e3982c67b7bc8d8889fb6e611f.json,cad734f6c72d86c3c19b9b54cad19b66648de7608767f582e65ae5fa7e6d62ba,1,140576.0,True,2025-10-07,stats,False,False
2025,1075,LS026,Shuai Zhang,Sorana Cirstea,311779,312469,R32,6-4 3-6 6-4,completed,present,2025-10-06,2025-10-12,2025-10-08T06:31:34.127+00:00,False,2025-10-08T08:49:33.483+00:00,False,data/raw/wta/stats/_httpcache/2025/2b52d77a81a532d049c418630472d8e24e7b11e3982c67b7bc8d8889fb6e611f.json,cad734f6c72d86c3c19b9b54cad19b66648de7608767f582e65ae5fa7e6d62ba,1,140591.0,True,2025-10-08,stats,False,False
2025,1075,LS027,Coco Gauff,Moyuka Uchijima,328560,327241,R32,6-1 6-0,completed,present,2025-10-06,2025-10-12,2025-10-08T06:15:38.51+00:00,False,2025-10-08T07:14:43.453+00:00,False,data/raw/wta/stats/_httpcache/2025/2b52d77a81a532d049c418630472d8e24e7b11e3982c67b7bc8d8889fb6e611f.json,cad734f6c72d86c3c19b9b54cad19b66648de7608767f582e65ae5fa7e6d62ba,1,140590.0,True,2025-10-08,stats,False,False
2025,1075,LS028,Jasmine Paolini,Yue Yuan,319280,324325,R32,3-6 6-4 6-3,completed,present,2025-10-06,2025-10-12,2025-10-08T10:45:17.49+00:00,False,2025-10-08T13:19:40.387+00:00,False,data/raw/wta/stats/_httpcache/2025/2b52d77a81a532d049c418630472d8e24e7b11e3982c67b7bc8d8889fb6e611f.json,cad734f6c72d86c3c19b9b54cad19b66648de7608767f582e65ae5fa7e6d62ba,1,140595.0,True,2025-10-08,stats,False,False
2025,1075,LS029,Clara Tauson,Antonia Ruzic,327793,329505,R32,6-4 6-0,completed,present,2025-10-06,2025-10-12,2025-10-08T06:44:29.213+00:00,False,2025-10-08T08:16:56.027+00:00,False,data/raw/wta/stats/_httpcache/2025/2b52d77a81a532d049c418630472d8e24e7b11e3982c67b7bc8d8889fb6e611f.json,cad734f6c72d86c3c19b9b54cad19b66648de7608767f582e65ae5fa7e6d62ba,1,140592.0,True,2025-10-08,stats,False,False
2025,1075,LS031,Iga Swiatek,Marie Bouzkova,326408,320983,R32,6-1 6-1,completed,present,2025-10-06,2025-10-12,2025-10-07T10:44:11.32+00:00,False,2025-10-07T12:30:13.59+00:00,False,data/raw/wta/stats/_httpcache/2025/2b52d77a81a532d049c418630472d8e24e7b11e3982c67b7bc8d8889fb6e611f.json,cad734f6c72d86c3c19b9b54cad19b66648de7608767f582e65ae5fa7e6d62ba,1,140575.0,True,2025-10-07,stats,False,False
2025,1075,LS033,Rebecca Sramkova,Anna Kalinskaya,320228,323942,R64,6-2 3-6 6-3,completed,present,2025-10-06,2025-10-12,2025-10-07T05:51:29.347+00:00,False,2025-10-07T08:11:50.38+00:00,False,data/raw/wta/stats/_httpcache/2025/2b52d77a81a532d049c418630472d8e24e7b11e3982c67b7bc8d8889fb6e611f.json,cad734f6c72d86c3c19b9b54cad19b66648de7608767f582e65ae5fa7e6d62ba,1,140571.0,True,2025-10-07,stats,False,False
2025,1075,LS034,Sofia Kenin,Anastasia Zakharova,320942,327367,R64,3-6 7-6(5) 6-3,completed,present,2025-10-06,2025-10-12,2025-10-07T02:47:35.667+00:00,False,2025-10-07T05:27:05.583+00:00,False,data/raw/wta/stats/_httpcache/2025/2b52d77a81a532d049c418630472d8e24e7b11e3982c67b7bc8d8889fb6e611f.json,cad734f6c72d86c3c19b9b54cad19b66648de7608767f582e65ae5fa7e6d62ba,1,140568.0,True,2025-10-07,stats,False,False
2025,1075,LS035,Liudmila Samsonova,Emiliana Arango,322222,324789,R64,6-1 7-5,completed,present,2025-10-06,2025-10-12,2025-10-07T02:42:34.78+00:00,False,2025-10-07T04:48:08.607+00:00,False,data/raw/wta/stats/_httpcache/2025/2b52d77a81a532d049c418630472d8e24e7b11e3982c67b7bc8d8889fb6e611f.json,cad734f6c72d86c3c19b9b54cad19b66648de7608767f582e65ae5fa7e6d62ba,1,140565.0,True,2025-10-07,stats,False,False
2025,1075,LS036,Naomi Osaka,Leylah Fernandez,319998,326735,R64,4-6 7-5 6-3,completed,present,2025-10-06,2025-10-12,2025-10-07T02:45:28.543+00:00,False,2025-10-07T05:40:24.723+00:00,False,data/raw/wta/stats/_httpcache/2025/2b52d77a81a532d049c418630472d8e24e7b11e3982c67b7bc8d8889fb6e611f.json,cad734f6c72d86c3c19b9b54cad19b66648de7608767f582e65ae5fa7e6d62ba,1,140566.0,True,2025-10-07,stats,False,False
2025,1075,LS037,Linda Noskova,Yulia Putintseva,329668,317683,R64,6-4 4-6 7-6(2),completed,present,2025-10-06,2025-10-12,2025-10-07T08:15:10.973+00:00,False,2025-10-07T11:07:40.04+00:00,False,data/raw/wta/stats/_httpcache/2025/2b52d77a81a532d049c418630472d8e24e7b11e3982c67b7bc8d8889fb6e611f.json,cad734f6c72d86c3c19b9b54cad19b66648de7608767f582e65ae5fa7e6d62ba,1,140574.0,True,2025-10-07,stats,False,False
2025,1075,LS038,Jaqueline Cristian,McCartney Kessler,320319,326678,R64,6-7(6) 6-0 6-3,completed,present,2025-10-06,2025-10-12,2025-10-07T02:45:51.503+00:00,False,2025-10-07T05:48:27.837+00:00,False,data/raw/wta/stats/_httpcache/2025/2b52d77a81a532d049c418630472d8e24e7b11e3982c67b7bc8d8889fb6e611f.json,cad734f6c72d86c3c19b9b54cad19b66648de7608767f582e65ae5fa7e6d62ba,1,140567.0,True,2025-10-07,stats,False,False
2025,1075,LS041,Jessica Bouzas Maneiro,Varvara Gracheva,328139,325836,R64,7-6(0) 6-2,completed,present,2025-10-06,2025-10-12,2025-10-06T06:01:16.673+00:00,False,2025-10-06T08:59:05.743+00:00,False,data/raw/wta/stats/_httpcache/2025/2b52d77a81a532d049c418630472d8e24e7b11e3982c67b7bc8d8889fb6e611f.json,cad734f6c72d86c3c19b9b54cad19b66648de7608767f582e65ae5fa7e6d62ba,1,140547.0,True,2025-10-06,stats,False,False
2025,1075,LS042,Maya Joint,Lin Zhu,330544,317306,R64,7-5 7-6(10),completed,present,2025-10-06,2025-10-12,2025-10-06T06:59:30.227+00:00,False,2025-10-06T09:13:36.24+00:00,False,data/raw/wta/stats/_httpcache/2025/2b52d77a81a532d049c418630472d8e24e7b11e3982c67b7bc8d8889fb6e611f.json,cad734f6c72d86c3c19b9b54cad19b66648de7608767f582e65ae5fa7e6d62ba,1,140548.0,True,2025-10-06,stats,False,False
2025,1075,LS043,Katerina Siniakova,Diana Shnaider,320301,330482,R64,6-4 6-4,completed,present,2025-10-06,2025-10-12,2025-10-06T05:06:23.913+00:00,False,2025-10-06T06:56:09.943+00:00,False,data/raw/wta/stats/_httpcache/2025/2b52d77a81a532d049c418630472d8e24e7b11e3982c67b7bc8d8889fb6e611f.json,cad734f6c72d86c3c19b9b54cad19b66648de7608767f582e65ae5fa7e6d62ba,1,140546.0,True,2025-10-06,stats,False,False
2025,1075,LS044,Ekaterina Alexandrova,Victoria Mboko,319007,331006,R64,6-3 6-2,completed,present,2025-10-06,2025-10-12,2025-10-06T13:46:57.083+00:00,False,2025-10-06T15:20:10.3+00:00,False,data/raw/wta/stats/_httpcache/2025/2b52d77a81a532d049c418630472d8e24e7b11e3982c67b7bc8d8889fb6e611f.json,cad734f6c72d86c3c19b9b54cad19b66648de7608767f582e65ae5fa7e6d62ba,1,140553.0,True,2025-10-06,stats,False,False
2025,1075,LS046,Hailey Baptiste,Ashlyn Krueger,327101,329409,R64,2-6 6-4 6-2,completed,present,2025-10-06,2025-10-12,2025-10-06T02:42:17.267+00:00,False,2025-10-06T05:02:36.96+00:00,False,data/raw/wta/stats/_httpcache/2025/2b52d77a81a532d049c418630472d8e24e7b11e3982c67b7bc8d8889fb6e611f.json,cad734f6c72d86c3c19b9b54cad19b66648de7608767f582e65ae5fa7e6d62ba,1,140543.0,True,2025-10-06,stats,False,False
2025,1075,LS050,Magdalena Frech,Veronika Kudermetova,320277,319526,R64,6-3 2-6 6-3,completed,present,2025-10-06,2025-10-12,2025-10-07T05:31:13.57+00:00,False,2025-10-07T08:20:45.627+00:00,False,data/raw/wta/stats/_httpcache/2025/2b52d77a81a532d049c418630472d8e24e7b11e3982c67b7bc8d8889fb6e611f.json,cad734f6c72d86c3c19b9b54cad19b66648de7608767f582e65ae5fa7e6d62ba,1,140570.0,True,2025-10-07,stats,False,False
2025,1075,LS051,Karolina Muchova,Marta Kostyuk,322191,326482,R64,2-6 6-2 6-4,completed,present,2025-10-06,2025-10-12,2025-10-07T04:51:51.033+00:00,False,2025-10-07T07:39:30.173+00:00,False,data/raw/wta/stats/_httpcache/2025/2b52d77a81a532d049c418630472d8e24e7b11e3982c67b7bc8d8889fb6e611f.json,cad734f6c72d86c3c19b9b54cad19b66648de7608767f582e65ae5fa7e6d62ba,1,140569.0,True,2025-10-07,stats,False,False
2025,1075,LS052,Shuai Zhang,Emma Navarro,311779,325410,R64,6-2 2-6 6-3,completed,present,2025-10-06,2025-10-12,2025-10-07T07:04:48.63+00:00,False,2025-10-07T08:59:32.693+00:00,False,data/raw/wta/stats/_httpcache/2025/2b52d77a81a532d049c418630472d8e24e7b11e3982c67b7bc8d8889fb6e611f.json,cad734f6c72d86c3c19b9b54cad19b66648de7608767f582e65ae5fa7e6d62ba,1,140572.0,True,2025-10-07,stats,False,False
2025,1075,LS054,Moyuka Uchijima,Xinyu Wang,327241,326376,R64,6-4 7-6(3),completed,present,2025-10-06,2025-10-12,2025-10-06T11:21:57.18+00:00,False,2025-10-06T13:40:28.783+00:00,False,data/raw/wta/stats/_httpcache/2025/2b52d77a81a532d049c418630472d8e24e7b11e3982c67b7bc8d8889fb6e611f.json,cad734f6c72d86c3c19b9b54cad19b66648de7608767f582e65ae5fa7e6d62ba,1,140552.0,True,2025-10-06,stats,False,False
2025,1075,LS057,Yue Yuan,Lucia Bronzetti,324325,322280,R64,7-6(2) 7-6(1),completed,present,2025-10-06,2025-10-12,2025-10-06T10:33:07.437+00:00,False,2025-10-06T13:09:12.417+00:00,False,data/raw/wta/stats/_httpcache/2025/2b52d77a81a532d049c418630472d8e24e7b11e3982c67b7bc8d8889fb6e611f.json,cad734f6c72d86c3c19b9b54cad19b66648de7608767f582e65ae5fa7e6d62ba,1,140551.0,True,2025-10-06,stats,False,False
2025,1075,LS058,Antonia Ruzic,Magda Linette,329505,315130,R64,6-2 6-3,completed,present,2025-10-06,2025-10-12,2025-10-06T09:01:58.93+00:00,False,2025-10-06T10:46:22.003+00:00,False,data/raw/wta/stats/_httpcache/2025/2b52d77a81a532d049c418630472d8e24e7b11e3982c67b7bc8d8889fb6e611f.json,cad734f6c72d86c3c19b9b54cad19b66648de7608767f582e65ae5fa7e6d62ba,1,140550.0,True,2025-10-06,stats,False,False
2025,1075,LS059,Clara Tauson,Olga Danilovic,327793,324934,R64,6-3 7-5,completed,present,2025-10-06,2025-10-12,2025-10-06T08:23:06.917+00:00,False,2025-10-06T10:29:50.47+00:00,False,data/raw/wta/stats/_httpcache/2025/2b52d77a81a532d049c418630472d8e24e7b11e3982c67b7bc8d8889fb6e611f.json,cad734f6c72d86c3c19b9b54cad19b66648de7608767f582e65ae5fa7e6d62ba,1,140549.0,True,2025-10-06,stats,False,False
2025,1075,LS060,Belinda Bencic,Donna Vekic,319001,318516,R64,6-2 6-2,completed,present,2025-10-06,2025-10-12,2025-10-07T07:43:23.77+00:00,False,2025-10-07T09:12:14.117+00:00,False,data/raw/wta/stats/_httpcache/2025/2b52d77a81a532d049c418630472d8e24e7b11e3982c67b7bc8d8889fb6e611f.json,cad734f6c72d86c3c19b9b54cad19b66648de7608767f582e65ae5fa7e6d62ba,1,140573.0,True,2025-10-07,stats,False,False
2025,1075,LS061,Elise Mertens,Polina Kudermetova,317964,328897,R64,7-6(5) 6-3,completed,present,2025-10-06,2025-10-12,2025-10-06T04:48:19.08+00:00,False,2025-10-06T08:20:47.79+00:00,False,data/raw/wta/stats/_httpcache/2025/2b52d77a81a532d049c418630472d8e24e7b11e3982c67b7bc8d8889fb6e611f.json,cad734f6c72d86c3c19b9b54cad19b66648de7608767f582e65ae5fa7e6d62ba,1,140545.0,True,2025-10-06,stats,False,False
2025,1075,LS062,Marie Bouzkova,Camila Osorio,320983,325898,R64,6-3 6-4,completed,present,2025-10-06,2025-10-12,2025-10-06T02:43:27.663+00:00,False,2025-10-06T04:44:52.013+00:00,False,data/raw/wta/stats/_httpcache/2025/2b52d77a81a532d049c418630472d8e24e7b11e3982c67b7bc8d8889fb6e611f.json,cad734f6c72d86c3c19b9b54cad19b66648de7608767f582e65ae5fa7e6d62ba,1,140544.0,True,2025-10-06,stats,False,False
2025,1077,LS001,Anna Blinkova,Lilli Tagger,324267,332150,F,6-3 6-3,completed,present,2025-10-27,2025-11-02,2025-11-02T07:22:01.7+00:00,False,2025-11-02T09:19:05.227+00:00,False,data/raw/wta/stats/_httpcache/2025/a4bc86832af60780d87289c636c764387ace08b80df44d685f87dbfefc30ff66.json,30ea73f2e4bc4dba26b74a59eb0be0ecec783494d4fcc97291cdd3ebc844bd6d,0,141222.0,True,2025-11-02,stats,False,False
2025,1077,LS002,Anna Blinkova,Dominika Salkova,324267,330149,SF,6-4 6-4,completed,present,2025-10-27,2025-11-02,2025-11-01T06:03:24.37+00:00,False,2025-11-01T07:56:54.913+00:00,False,data/raw/wta/stats/_httpcache/2025/a4bc86832af60780d87289c636c764387ace08b80df44d685f87dbfefc30ff66.json,30ea73f2e4bc4dba26b74a59eb0be0ecec783494d4fcc97291cdd3ebc844bd6d,0,141211.0,True,2025-11-01,stats,False,False
2025,1077,LS003,Lilli Tagger,Viktorija Golubic,332150,316296,SF,6-1 4-6 7-5,completed,present,2025-10-27,2025-11-02,2025-11-01T08:00:06.397+00:00,False,2025-11-01T10:28:00.603+00:00,False,data/raw/wta/stats/_httpcache/2025/a4bc86832af60780d87289c636c764387ace08b80df44d685f87dbfefc30ff66.json,30ea73f2e4bc4dba26b74a59eb0be0ecec783494d4fcc97291cdd3ebc844bd6d,0,141212.0,True,2025-11-01,stats,False,False
2025,1077,LS004,Dominika Salkova,Zhuoxuan Bai,330149,327196,QF,6-3 6-4,completed,present,2025-10-27,2025-11-02,2025-10-31T06:56:28.447+00:00,False,2025-10-31T08:36:26.95+00:00,False,data/raw/wta/stats/_httpcache/2025/a4bc86832af60780d87289c636c764387ace08b80df44d685f87dbfefc30ff66.json,30ea73f2e4bc4dba26b74a59eb0be0ecec783494d4fcc97291cdd3ebc844bd6d,0,141200.0,True,2025-10-31,stats,False,False
2025,1077,LS005,Anna Blinkova,Alycia Parks,324267,326007,QF,7-5 7-5,completed,present,2025-10-27,2025-11-02,2025-10-31T08:51:09.63+00:00,False,2025-10-31T11:06:00.99+00:00,False,data/raw/wta/stats/_httpcache/2025/a4bc86832af60780d87289c636c764387ace08b80df44d685f87dbfefc30ff66.json,30ea73f2e4bc4dba26b74a59eb0be0ecec783494d4fcc97291cdd3ebc844bd6d,0,141201.0,True,2025-10-31,stats,False,False
2025,1077,LS006,Lilli Tagger,Tamara Korpatsch,332150,319571,QF,6-3 6-4,completed,present,2025-10-27,2025-11-02,2025-10-31T02:46:10.647+00:00,False,2025-10-31T05:11:38.61+00:00,False,data/raw/wta/stats/_httpcache/2025/a4bc86832af60780d87289c636c764387ace08b80df44d685f87dbfefc30ff66.json,30ea73f2e4bc4dba26b74a59eb0be0ecec783494d4fcc97291cdd3ebc844bd6d,0,141198.0,True,2025-10-31,stats,False,False
2025,1077,LS007,Viktorija Golubic,Yulia Putintseva,316296,317683,QF,7-5 6-2,completed,present,2025-10-27,2025-11-02,2025-10-31T05:14:49.18+00:00,False,2025-10-31T06:53:20.297+00:00,False,data/raw/wta/stats/_httpcache/2025/a4bc86832af60780d87289c636c764387ace08b80df44d685f87dbfefc30ff66.json,30ea73f2e4bc4dba26b74a59eb0be0ecec783494d4fcc97291cdd3ebc844bd6d,0,141199.0,True,2025-10-31,stats,False,False
2025,1077,LS008,Zhuoxuan Bai,Hanyu Guo,327196,323087,R16,3-6 7-5 6-4,completed,present,2025-10-27,2025-11-02,2025-10-30T10:40:18.69+00:00,False,2025-10-30T13:10:56.967+00:00,False,data/raw/wta/stats/_httpcache/2025/a4bc86832af60780d87289c636c764387ace08b80df44d685f87dbfefc30ff66.json,30ea73f2e4bc4dba26b74a59eb0be0ecec783494d4fcc97291cdd3ebc844bd6d,0,141182.0,True,2025-10-30,stats,False,False
2025,1077,LS009,Dominika Salkova,Anastasia Zakharova,330149,327367,R16,7-6(4) 2-6 6-2,completed,present,2025-10-27,2025-11-02,2025-10-30T06:31:09.63+00:00,False,2025-10-30T08:58:51.54+00:00,False,data/raw/wta/stats/_httpcache/2025/a4bc86832af60780d87289c636c764387ace08b80df44d685f87dbfefc30ff66.json,30ea73f2e4bc4dba26b74a59eb0be0ecec783494d4fcc97291cdd3ebc844bd6d,0,141180.0,True,2025-10-30,stats,False,False
2025,1077,LS010,Alycia Parks,Kaja Juvan,326007,324702,R16,1-6 6-1 6-1,completed,present,2025-10-27,2025-11-02,2025-10-30T06:25:00.593+00:00,False,2025-10-30T08:17:54.947+00:00,False,data/raw/wta/stats/_httpcache/2025/a4bc86832af60780d87289c636c764387ace08b80df44d685f87dbfefc30ff66.json,30ea73f2e4bc4dba26b74a59eb0be0ecec783494d4fcc97291cdd3ebc844bd6d,0,141179.0,True,2025-10-30,stats,False,False
2025,1077,LS011,Anna Blinkova,Anna Bondar,324267,322942,R16,7-6(3) 7-5,completed,present,2025-10-27,2025-11-02,2025-10-30T08:22:19.623+00:00,False,2025-10-30T10:37:05.047+00:00,False,data/raw/wta/stats/_httpcache/2025/a4bc86832af60780d87289c636c764387ace08b80df44d685f87dbfefc30ff66.json,30ea73f2e4bc4dba26b74a59eb0be0ecec783494d4fcc97291cdd3ebc844bd6d,0,141181.0,True,2025-10-30,stats,False,False
2025,1077,LS012,Lilli Tagger,Elisabetta Cocciaretto,332150,327909,R16,6-4 6-2,completed,present,2025-10-27,2025-11-02,2025-10-29T02:45:00.377+00:00,False,2025-10-29T04:45:50.343+00:00,False,data/raw/wta/stats/_httpcache/2025/a4bc86832af60780d87289c636c764387ace08b80df44d685f87dbfefc30ff66.json,30ea73f2e4bc4dba26b74a59eb0be0ecec783494d4fcc97291cdd3ebc844bd6d,0,141144.0,True,2025-10-29,stats,False,False
2025,1077,LS013,Tamara Korpatsch,Ella Seidel,319571,330548,R16,3-6 6-0 6-1,completed,present,2025-10-27,2025-11-02,2025-10-29T04:48:07.28+00:00,False,2025-10-29T06:58:01.27+00:00,False,data/raw/wta/stats/_httpcache/2025/a4bc86832af60780d87289c636c764387ace08b80df44d685f87dbfefc30ff66.json,30ea73f2e4bc4dba26b74a59eb0be0ecec783494d4fcc97291cdd3ebc844bd6d,0,141145.0,True,2025-10-29,stats,False,False
2025,1077,LS014,Yulia Putintseva,Wushuang Zheng,317683,321329,R16,6-2 6-0,completed,present,2025-10-27,2025-11-02,2025-10-29T10:00:12.437+00:00,False,2025-10-29T11:17:48.52+00:00,False,data/raw/wta/stats/_httpcache/2025/a4bc86832af60780d87289c636c764387ace08b80df44d685f87dbfefc30ff66.json,30ea73f2e4bc4dba26b74a59eb0be0ecec783494d4fcc97291cdd3ebc844bd6d,0,141147.0,True,2025-10-29,stats,False,False
2025,1077,LS015,Viktorija Golubic,Elena Pridankina,316296,330905,R16,6-0 4-6 7-5,completed,present,2025-10-27,2025-11-02,2025-10-29T07:01:12.733+00:00,False,2025-10-29T09:56:30.483+00:00,False,data/raw/wta/stats/_httpcache/2025/a4bc86832af60780d87289c636c764387ace08b80df44d685f87dbfefc30ff66.json,30ea73f2e4bc4dba26b74a59eb0be0ecec783494d4fcc97291cdd3ebc844bd6d,0,141146.0,True,2025-10-29,stats,False,False
2025,1077,LS016,Zhuoxuan Bai,Ann Li,327196,326096,R32,6-3 6-1,completed,present,2025-10-27,2025-11-02,2025-10-28T09:03:51.003+00:00,False,2025-10-28T10:26:32.727+00:00,False,data/raw/wta/stats/_httpcache/2025/a4bc86832af60780d87289c636c764387ace08b80df44d685f87dbfefc30ff66.json,30ea73f2e4bc4dba26b74a59eb0be0ecec783494d4fcc97291cdd3ebc844bd6d,0,141123.0,True,2025-10-28,stats,False,False
2025,1077,LS017,Hanyu Guo,Alina Korneeva,323087,331330,R32,3-6 6-2 7-6(6),completed,present,2025-10-27,2025-11-02,2025-10-27T02:50:44.72+00:00,False,2025-10-27T05:21:40.84+00:00,False,data/raw/wta/stats/_httpcache/2025/a4bc86832af60780d87289c636c764387ace08b80df44d685f87dbfefc30ff66.json,30ea73f2e4bc4dba26b74a59eb0be0ecec783494d4fcc97291cdd3ebc844bd6d,0,141092.0,True,2025-10-27,stats,False,False
2025,1077,LS018,Dominika Salkova,Aliona Falei,330149,329250,R32,7-6(2) 7-5,completed,present,2025-10-27,2025-11-02,2025-10-27T03:47:57.12+00:00,False,2025-10-27T06:03:07.32+00:00,False,data/raw/wta/stats/_httpcache/2025/a4bc86832af60780d87289c636c764387ace08b80df44d685f87dbfefc30ff66.json,30ea73f2e4bc4dba26b74a59eb0be0ecec783494d4fcc97291cdd3ebc844bd6d,0,141093.0,True,2025-10-27,stats,False,False
2025,1077,LS019,Anastasia Zakharova,Ena Shibahara,327367,322527,R32,6-4 6-1,completed,present,2025-10-27,2025-11-02,2025-10-27T06:05:19.327+00:00,False,2025-10-27T07:25:58.17+00:00,False,data/raw/wta/stats/_httpcache/2025/a4bc86832af60780d87289c636c764387ace08b80df44d685f87dbfefc30ff66.json,30ea73f2e4bc4dba26b74a59eb0be0ecec783494d4fcc97291cdd3ebc844bd6d,0,141096.0,True,2025-10-27,stats,False,False
2025,1077,LS021,Kaja Juvan,Claire Liu,324702,323966,R32,3-6 6-2 7-5,completed,present,2025-10-27,2025-11-02,2025-10-28T07:43:53.817+00:00,False,2025-10-28T10:51:19.047+00:00,False,data/raw/wta/stats/_httpcache/2025/a4bc86832af60780d87289c636c764387ace08b80df44d685f87dbfefc30ff66.json,30ea73f2e4bc4dba26b74a59eb0be0ecec783494d4fcc97291cdd3ebc844bd6d,0,141122.0,True,2025-10-28,stats,False,False
2025,1077,LS022,Anna Blinkova,Chloe Paquet,324267,318839,R32,6-4 6-4,completed,present,2025-10-27,2025-11-02,2025-10-28T02:48:05.963+00:00,False,2025-10-28T04:39:03.17+00:00,False,data/raw/wta/stats/_httpcache/2025/a4bc86832af60780d87289c636c764387ace08b80df44d685f87dbfefc30ff66.json,30ea73f2e4bc4dba26b74a59eb0be0ecec783494d4fcc97291cdd3ebc844bd6d,0,141118.0,True,2025-10-28,stats,False,False
2025,1077,LS023,Anna Bondar,Sijia Wei,322942,328426,R32,6-2 6-2,completed,present,2025-10-27,2025-11-02,2025-10-27T02:46:18.19+00:00,False,2025-10-27T04:26:22.923+00:00,False,data/raw/wta/stats/_httpcache/2025/a4bc86832af60780d87289c636c764387ace08b80df44d685f87dbfefc30ff66.json,30ea73f2e4bc4dba26b74a59eb0be0ecec783494d4fcc97291cdd3ebc844bd6d,0,141091.0,True,2025-10-27,stats,False,False
2025,1077,LS025,Lilli Tagger,Chenting Zhu,332150,333678,R32,6-2 6-1,completed,present,2025-10-27,2025-11-02,2025-10-28T06:05:16.593+00:00,False,2025-10-28T07:41:27.123+00:00,False,data/raw/wta/stats/_httpcache/2025/a4bc86832af60780d87289c636c764387ace08b80df44d685f87dbfefc30ff66.json,30ea73f2e4bc4dba26b74a59eb0be0ecec783494d4fcc97291cdd3ebc844bd6d,0,141121.0,True,2025-10-28,stats,False,False
2025,1077,LS026,Ella Seidel,Tiantsoa Rakotomanga Rajaonah,330548,330970,R32,6-4 6-3,completed,present,2025-10-27,2025-11-02,2025-10-27T05:16:53.653+00:00,False,2025-10-27T06:50:38.447+00:00,False,data/raw/wta/stats/_httpcache/2025/a4bc86832af60780d87289c636c764387ace08b80df44d685f87dbfefc30ff66.json,30ea73f2e4bc4dba26b74a59eb0be0ecec783494d4fcc97291cdd3ebc844bd6d,0,141094.0,True,2025-10-27,stats,False,False
2025,1077,LS028,Yulia Putintseva,Victoria Jimenez Kasintseva,317683,330352,R32,6-3 6-1,completed,present,2025-10-27,2025-11-02,2025-10-27T05:24:01.82+00:00,False,2025-10-27T06:57:16.727+00:00,False,data/raw/wta/stats/_httpcache/2025/a4bc86832af60780d87289c636c764387ace08b80df44d685f87dbfefc30ff66.json,30ea73f2e4bc4dba26b74a59eb0be0ecec783494d4fcc97291cdd3ebc844bd6d,0,141095.0,True,2025-10-27,stats,False,False
2025,1077,LS029,Wushuang Zheng,Yuliia Starodubtseva,321329,325338,R32,6-3 7-6(5),completed,present,2025-10-27,2025-11-02,2025-10-27T10:22:04.34+00:00,False,2025-10-27T12:42:38.403+00:00,False,data/raw/wta/stats/_httpcache/2025/a4bc86832af60780d87289c636c764387ace08b80df44d685f87dbfefc30ff66.json,30ea73f2e4bc4dba26b74a59eb0be0ecec783494d4fcc97291cdd3ebc844bd6d,0,141097.0,True,2025-10-27,stats,False,False
2025,1077,LS030,Elena Pridankina,Yue Yuan,330905,324325,R32,6-2 3-6 7-6(5),completed,present,2025-10-27,2025-11-02,2025-10-28T06:02:21.147+00:00,False,2025-10-28T09:01:04.5+00:00,False,data/raw/wta/stats/_httpcache/2025/a4bc86832af60780d87289c636c764387ace08b80df44d685f87dbfefc30ff66.json,30ea73f2e4bc4dba26b74a59eb0be0ecec783494d4fcc97291cdd3ebc844bd6d,0,141120.0,True,2025-10-28,stats,False,False
2025,1077,LS031,Viktorija Golubic,Rina Saigo,316296,326049,R32,6-2 6-4,completed,present,2025-10-27,2025-11-02,2025-10-28T04:16:43.46+00:00,False,2025-10-28T05:58:09.273+00:00,False,data/raw/wta/stats/_httpcache/2025/a4bc86832af60780d87289c636c764387ace08b80df44d685f87dbfefc30ff66.json,30ea73f2e4bc4dba26b74a59eb0be0ecec783494d4fcc97291cdd3ebc844bd6d,0,141119.0,True,2025-10-28,stats,False,False
2025,1080,LS001,McCartney Kessler,Dayana Yastremska,326678,324261,F,6-4 7-5,completed,present,2025-06-16,2025-06-22,2025-06-22T10:39:31.693+00:00,False,2025-06-22T14:19:12.29+00:00,False,data/raw/wta/stats/_httpcache/2025/4be48b0365c0dcfc2dbde86e0288a94ed35cd3687977b97757d24d54fd2ac639.json,613cfe41a402dbdc4636e1953a6d7fdc4c568a7cbcf506c13c3354ac1abed94b,0,138588.0,True,2025-06-22,stats,False,False
2025,1080,LS002,McCartney Kessler,Rebecca Sramkova,326678,320228,SF,6-4 6-2,completed,present,2025-06-16,2025-06-22,2025-06-21T15:13:00.583+00:00,False,2025-06-21T16:47:35.25+00:00,False,data/raw/wta/stats/_httpcache/2025/4be48b0365c0dcfc2dbde86e0288a94ed35cd3687977b97757d24d54fd2ac639.json,613cfe41a402dbdc4636e1953a6d7fdc4c568a7cbcf506c13c3354ac1abed94b,0,138577.0,True,2025-06-21,stats,False,False
2025,1080,LS003,Dayana Yastremska,Magda Linette,324261,315130,SF,6-4 6-4,completed,present,2025-06-16,2025-06-22,2025-06-21T09:47:57.07+00:00,False,2025-06-21T12:29:07.803+00:00,False,data/raw/wta/stats/_httpcache/2025/4be48b0365c0dcfc2dbde86e0288a94ed35cd3687977b97757d24d54fd2ac639.json,613cfe41a402dbdc4636e1953a6d7fdc4c568a7cbcf506c13c3354ac1abed94b,0,138576.0,True,2025-06-21,stats,False,False
2025,1080,LS004,McCartney Kessler,Katie Boulter,326678,319125,QF,6-3 3-6 6-4,completed,present,2025-06-16,2025-06-22,2025-06-20T13:57:44.27+00:00,False,2025-06-20T16:16:02.957+00:00,False,data/raw/wta/stats/_httpcache/2025/4be48b0365c0dcfc2dbde86e0288a94ed35cd3687977b97757d24d54fd2ac639.json,613cfe41a402dbdc4636e1953a6d7fdc4c568a7cbcf506c13c3354ac1abed94b,0,138570.0,True,2025-06-20,stats,False,False
2025,1080,LS005,Rebecca Sramkova,Linda Noskova,320228,329668,QF,3-6 6-4 6-4,completed,present,2025-06-16,2025-06-22,2025-06-20T16:19:36.833+00:00,False,2025-06-20T18:25:35.95+00:00,False,data/raw/wta/stats/_httpcache/2025/4be48b0365c0dcfc2dbde86e0288a94ed35cd3687977b97757d24d54fd2ac639.json,613cfe41a402dbdc4636e1953a6d7fdc4c568a7cbcf506c13c3354ac1abed94b,0,138571.0,True,2025-06-20,stats,False,False
2025,1080,LS006,Dayana Yastremska,Leylah Fernandez,324261,326735,QF,6-3 7-6(6),completed,present,2025-06-16,2025-06-22,2025-06-20T09:50:54.643+00:00,False,2025-06-20T11:56:19.527+00:00,False,data/raw/wta/stats/_httpcache/2025/4be48b0365c0dcfc2dbde86e0288a94ed35cd3687977b97757d24d54fd2ac639.json,613cfe41a402dbdc4636e1953a6d7fdc4c568a7cbcf506c13c3354ac1abed94b,0,138568.0,True,2025-06-20,stats,False,False
2025,1080,LS007,Magda Linette,Clara Tauson,315130,327793,QF,6-2 7-5,completed,present,2025-06-16,2025-06-22,2025-06-20T11:59:34.067+00:00,False,2025-06-20T13:52:33.123+00:00,False,data/raw/wta/stats/_httpcache/2025/4be48b0365c0dcfc2dbde86e0288a94ed35cd3687977b97757d24d54fd2ac639.json,613cfe41a402dbdc4636e1953a6d7fdc4c568a7cbcf506c13c3354ac1abed94b,0,138569.0,True,2025-06-20,stats,False,False
2025,1080,LS008,McCartney Kessler,Lin Zhu,326678,317306,R16,6-1 6-4,completed,present,2025-06-16,2025-06-22,2025-06-19T09:44:54.48+00:00,False,2025-06-19T11:31:54.34+00:00,False,data/raw/wta/stats/_httpcache/2025/4be48b0365c0dcfc2dbde86e0288a94ed35cd3687977b97757d24d54fd2ac639.json,613cfe41a402dbdc4636e1953a6d7fdc4c568a7cbcf506c13c3354ac1abed94b,0,138560.0,True,2025-06-19,stats,False,False
2025,1080,LS009,Katie Boulter,Sonay Kartal,319125,329918,R16,6-4 1-6 7-5,completed,present,2025-06-16,2025-06-22,2025-06-19T12:23:00.16+00:00,False,2025-06-19T15:03:19.927+00:00,False,data/raw/wta/stats/_httpcache/2025/4be48b0365c0dcfc2dbde86e0288a94ed35cd3687977b97757d24d54fd2ac639.json,613cfe41a402dbdc4636e1953a6d7fdc4c568a7cbcf506c13c3354ac1abed94b,0,138562.0,True,2025-06-19,stats,False,False
2025,1080,LS010,Rebecca Sramkova,Yulia Putintseva,320228,317683,R16,6-1 4-6 6-4,completed,present,2025-06-16,2025-06-22,2025-06-18T12:14:36.923+00:00,False,2025-06-18T14:34:06.7+00:00,False,data/raw/wta/stats/_httpcache/2025/4be48b0365c0dcfc2dbde86e0288a94ed35cd3687977b97757d24d54fd2ac639.json,613cfe41a402dbdc4636e1953a6d7fdc4c568a7cbcf506c13c3354ac1abed94b,0,138553.0,True,2025-06-18,stats,False,False
2025,1080,LS011,Linda Noskova,Francesca Jones,329668,324479,R16,6-1 6-3,completed,present,2025-06-16,2025-06-22,2025-06-18T14:44:44.637+00:00,False,2025-06-18T16:45:17.5+00:00,False,data/raw/wta/stats/_httpcache/2025/4be48b0365c0dcfc2dbde86e0288a94ed35cd3687977b97757d24d54fd2ac639.json,613cfe41a402dbdc4636e1953a6d7fdc4c568a7cbcf506c13c3354ac1abed94b,0,138554.0,True,2025-06-18,stats,False,False
2025,1080,LS012,Leylah Fernandez,Cristina Bucsa,326735,321158,R16,6-3 6-4,completed,present,2025-06-16,2025-06-22,2025-06-18T16:48:31.827+00:00,False,2025-06-18T18:44:35.083+00:00,False,data/raw/wta/stats/_httpcache/2025/4be48b0365c0dcfc2dbde86e0288a94ed35cd3687977b97757d24d54fd2ac639.json,613cfe41a402dbdc4636e1953a6d7fdc4c568a7cbcf506c13c3354ac1abed94b,0,138555.0,True,2025-06-18,stats,False,False
2025,1080,LS013,Dayana Yastremska,Antonia Ruzic,324261,329505,R16,6-2 2-6 6-4,completed,present,2025-06-16,2025-06-22,2025-06-18T09:51:39.03+00:00,False,2025-06-18T12:11:38.607+00:00,False,data/raw/wta/stats/_httpcache/2025/4be48b0365c0dcfc2dbde86e0288a94ed35cd3687977b97757d24d54fd2ac639.json,613cfe41a402dbdc4636e1953a6d7fdc4c568a7cbcf506c13c3354ac1abed94b,0,138552.0,True,2025-06-18,stats,False,False
2025,1080,LS014,Magda Linette,Mingge Xu,315130,331725,R16,7-5 6-1,completed,present,2025-06-16,2025-06-22,2025-06-19T10:20:16.97+00:00,False,2025-06-19T12:20:35.357+00:00,False,data/raw/wta/stats/_httpcache/2025/4be48b0365c0dcfc2dbde86e0288a94ed35cd3687977b97757d24d54fd2ac639.json,613cfe41a402dbdc4636e1953a6d7fdc4c568a7cbcf506c13c3354ac1abed94b,0,138561.0,True,2025-06-19,stats,False,False
2025,1080,LS015,Clara Tauson,Anna Blinkova,327793,324267,R16,6-4 6-4,completed,present,2025-06-16,2025-06-22,2025-06-19T15:07:19.483+00:00,False,2025-06-19T16:55:41.623+00:00,False,data/raw/wta/stats/_httpcache/2025/4be48b0365c0dcfc2dbde86e0288a94ed35cd3687977b97757d24d54fd2ac639.json,613cfe41a402dbdc4636e1953a6d7fdc4c568a7cbcf506c13c3354ac1abed94b,0,138563.0,True,2025-06-19,stats,False,False
2025,1080,LS016,McCartney Kessler,Beatriz Haddad Maia,326678,318176,R32,7-5 6-7(3) 7-5,completed,present,2025-06-16,2025-06-22,2025-06-17T16:40:48.383+00:00,False,2025-06-17T19:41:55.95+00:00,False,data/raw/wta/stats/_httpcache/2025/4be48b0365c0dcfc2dbde86e0288a94ed35cd3687977b97757d24d54fd2ac639.json,613cfe41a402dbdc4636e1953a6d7fdc4c568a7cbcf506c13c3354ac1abed94b,0,138545.0,True,2025-06-17,stats,False,False
2025,1080,LS017,Lin Zhu,Aliaksandra Sasnovich,317306,317790,R32,6-4 6-1,completed,present,2025-06-16,2025-06-22,2025-06-16T17:19:09.713+00:00,False,2025-06-16T18:54:44.703+00:00,False,data/raw/wta/stats/_httpcache/2025/4be48b0365c0dcfc2dbde86e0288a94ed35cd3687977b97757d24d54fd2ac639.json,613cfe41a402dbdc4636e1953a6d7fdc4c568a7cbcf506c13c3354ac1abed94b,0,138530.0,True,2025-06-16,stats,False,False
2025,1080,LS018,Sonay Kartal,Leolia Jeanjean,329918,320313,R32,6-3 6-4,completed,present,2025-06-16,2025-06-22,2025-06-17T10:21:20.957+00:00,False,2025-06-17T12:19:31.6+00:00,False,data/raw/wta/stats/_httpcache/2025/4be48b0365c0dcfc2dbde86e0288a94ed35cd3687977b97757d24d54fd2ac639.json,613cfe41a402dbdc4636e1953a6d7fdc4c568a7cbcf506c13c3354ac1abed94b,0,138540.0,True,2025-06-17,stats,False,False
2025,1080,LS019,Katie Boulter,Lulu Sun,319125,324576,R32,6-2 6-2,completed,present,2025-06-16,2025-06-22,2025-06-17T12:23:37.79+00:00,False,2025-06-17T13:51:11.427+00:00,False,data/raw/wta/stats/_httpcache/2025/4be48b0365c0dcfc2dbde86e0288a94ed35cd3687977b97757d24d54fd2ac639.json,613cfe41a402dbdc4636e1953a6d7fdc4c568a7cbcf506c13c3354ac1abed94b,0,138542.0,True,2025-06-17,stats,False,False
2025,1080,LS020,Yulia Putintseva,Hannah Klugman,317683,333440,R32,6-2 6-2,completed,present,2025-06-16,2025-06-22,2025-06-16T10:11:05.79+00:00,False,2025-06-16T11:47:48.23+00:00,False,data/raw/wta/stats/_httpcache/2025/4be48b0365c0dcfc2dbde86e0288a94ed35cd3687977b97757d24d54fd2ac639.json,613cfe41a402dbdc4636e1953a6d7fdc4c568a7cbcf506c13c3354ac1abed94b,0,138525.0,True,2025-06-16,stats,False,False
2025,1080,LS021,Rebecca Sramkova,Laura Siegemund,320228,310926,R32,7-6(2) 4-6 7-6(6),completed,present,2025-06-16,2025-06-22,2025-06-17T11:56:22.693+00:00,False,2025-06-17T15:25:09.27+00:00,False,data/raw/wta/stats/_httpcache/2025/4be48b0365c0dcfc2dbde86e0288a94ed35cd3687977b97757d24d54fd2ac639.json,613cfe41a402dbdc4636e1953a6d7fdc4c568a7cbcf506c13c3354ac1abed94b,0,138541.0,True,2025-06-17,stats,False,False
2025,1080,LS022,Francesca Jones,Harriet Dart,324479,319489,R32,7-5 6-4,completed,present,2025-06-16,2025-06-22,2025-06-17T09:51:27.72+00:00,False,2025-06-17T12:18:41.633+00:00,False,data/raw/wta/stats/_httpcache/2025/4be48b0365c0dcfc2dbde86e0288a94ed35cd3687977b97757d24d54fd2ac639.json,613cfe41a402dbdc4636e1953a6d7fdc4c568a7cbcf506c13c3354ac1abed94b,0,138538.0,True,2025-06-17,stats,False,False
2025,1080,LS023,Linda Noskova,Anca Todoni,329668,330442,R32,6-4 3-6 7-6(6),completed,present,2025-06-16,2025-06-22,2025-06-16T12:47:18.973+00:00,False,2025-06-16T15:35:06.843+00:00,False,data/raw/wta/stats/_httpcache/2025/4be48b0365c0dcfc2dbde86e0288a94ed35cd3687977b97757d24d54fd2ac639.json,613cfe41a402dbdc4636e1953a6d7fdc4c568a7cbcf506c13c3354ac1abed94b,0,138527.0,True,2025-06-16,stats,False,False
2025,1080,LS024,Leylah Fernandez,Suzan Lamens,326735,324898,R32,6-3 4-6 7-5,completed,present,2025-06-16,2025-06-22,2025-06-16T09:49:41.767+00:00,False,2025-06-16T12:43:53.81+00:00,False,data/raw/wta/stats/_httpcache/2025/4be48b0365c0dcfc2dbde86e0288a94ed35cd3687977b97757d24d54fd2ac639.json,613cfe41a402dbdc4636e1953a6d7fdc4c568a7cbcf506c13c3354ac1abed94b,0,138524.0,True,2025-06-16,stats,False,False
2025,1080,LS025,Cristina Bucsa,Yuliia Starodubtseva,321158,325338,R32,6-3 6-3,completed,present,2025-06-16,2025-06-22,2025-06-17T15:29:12.73+00:00,False,2025-06-17T17:11:06.973+00:00,False,data/raw/wta/stats/_httpcache/2025/4be48b0365c0dcfc2dbde86e0288a94ed35cd3687977b97757d24d54fd2ac639.json,613cfe41a402dbdc4636e1953a6d7fdc4c568a7cbcf506c13c3354ac1abed94b,0,138544.0,True,2025-06-17,stats,False,False
2025,1080,LS026,Antonia Ruzic,Lucia Bronzetti,329505,322280,R32,6-0 6-4,completed,present,2025-06-16,2025-06-22,2025-06-16T15:37:17.59+00:00,False,2025-06-16T17:17:20.457+00:00,False,data/raw/wta/stats/_httpcache/2025/4be48b0365c0dcfc2dbde86e0288a94ed35cd3687977b97757d24d54fd2ac639.json,613cfe41a402dbdc4636e1953a6d7fdc4c568a7cbcf506c13c3354ac1abed94b,0,138528.0,True,2025-06-16,stats,False,False
2025,1080,LS027,Dayana Yastremska,Olga Danilovic,324261,324934,R32,6-4 7-6(4),completed,present,2025-06-16,2025-06-22,2025-06-16T09:48:07.797+00:00,False,2025-06-16T11:51:09.343+00:00,False,data/raw/wta/stats/_httpcache/2025/4be48b0365c0dcfc2dbde86e0288a94ed35cd3687977b97757d24d54fd2ac639.json,613cfe41a402dbdc4636e1953a6d7fdc4c568a7cbcf506c13c3354ac1abed94b,0,138523.0,True,2025-06-16,stats,False,False
2025,1080,LS028,Magda Linette,Alexandra Eala,315130,330332,R32,6-4 6-3,completed,present,2025-06-16,2025-06-22,2025-06-17T09:55:59.45+00:00,False,2025-06-17T11:53:09.957+00:00,False,data/raw/wta/stats/_httpcache/2025/4be48b0365c0dcfc2dbde86e0288a94ed35cd3687977b97757d24d54fd2ac639.json,613cfe41a402dbdc4636e1953a6d7fdc4c568a7cbcf506c13c3354ac1abed94b,0,138539.0,True,2025-06-17,stats,False,False
2025,1080,LS029,Mingge Xu,Katie Volynets,331725,327391,R32,6-3 6-3,completed,present,2025-06-16,2025-06-22,2025-06-17T12:25:07.22+00:00,False,2025-06-17T14:01:41.947+00:00,False,data/raw/wta/stats/_httpcache/2025/4be48b0365c0dcfc2dbde86e0288a94ed35cd3687977b97757d24d54fd2ac639.json,613cfe41a402dbdc4636e1953a6d7fdc4c568a7cbcf506c13c3354ac1abed94b,0,138543.0,True,2025-06-17,stats,False,False
2025,1080,LS030,Anna Blinkova,Kamilla Rakhimova,324267,325936,R32,6-2 6-3,completed,present,2025-06-16,2025-06-22,2025-06-16T15:37:36.117+00:00,False,2025-06-16T17:22:37.96+00:00,False,data/raw/wta/stats/_httpcache/2025/4be48b0365c0dcfc2dbde86e0288a94ed35cd3687977b97757d24d54fd2ac639.json,613cfe41a402dbdc4636e1953a6d7fdc4c568a7cbcf506c13c3354ac1abed94b,0,138529.0,True,2025-06-16,stats,False,False
2025,1080,LS031,Clara Tauson,Kimberly Birrell,327793,320728,R32,7-5 6-2,completed,present,2025-06-16,2025-06-22,2025-06-16T11:53:20.68+00:00,False,2025-06-16T13:44:31.387+00:00,False,data/raw/wta/stats/_httpcache/2025/4be48b0365c0dcfc2dbde86e0288a94ed35cd3687977b97757d24d54fd2ac639.json,613cfe41a402dbdc4636e1953a6d7fdc4c568a7cbcf506c13c3354ac1abed94b,0,138526.0,True,2025-06-16,stats,False,False
2025,1082,LS001,Marie Bouzkova,Linda Noskova,320983,329668,F,2-6 6-1 6-3,completed,present,2025-07-21,2025-07-26,2025-07-26T11:54:59.363+00:00,False,2025-07-26T14:21:51.443+00:00,False,data/raw/wta/stats/_httpcache/2025/47d3586c399d4980d7d1ada357fb8dd41175b3dead8458623a4f76c21257f03c.json,ddcc5a1c40b0933781bc1f9608803972af697ae908f9348fbe404c7a329bc695,0,139182.0,True,2025-07-26,stats,False,False
2025,1082,LS002,Linda Noskova,Xinyu Wang,329668,326376,SF,6-4 6-1,completed,present,2025-07-21,2025-07-26,2025-07-25T14:13:05.913+00:00,False,2025-07-25T15:36:53.61+00:00,False,data/raw/wta/stats/_httpcache/2025/47d3586c399d4980d7d1ada357fb8dd41175b3dead8458623a4f76c21257f03c.json,ddcc5a1c40b0933781bc1f9608803972af697ae908f9348fbe404c7a329bc695,0,139175.0,True,2025-07-25,stats,False,False
2025,1082,LS003,Marie Bouzkova,Tereza Valentova,320983,330808,SF,6-4 7-5,completed,present,2025-07-21,2025-07-26,2025-07-25T11:43:42.603+00:00,False,2025-07-25T14:08:34.503+00:00,False,data/raw/wta/stats/_httpcache/2025/47d3586c399d4980d7d1ada357fb8dd41175b3dead8458623a4f76c21257f03c.json,ddcc5a1c40b0933781bc1f9608803972af697ae908f9348fbe404c7a329bc695,0,139174.0,True,2025-07-25,stats,False,False
2025,1082,LS004,Linda Noskova,Katerina Siniakova,329668,320301,QF,6-2 4-6 6-3,completed,present,2025-07-21,2025-07-26,2025-07-24T12:52:46.05+00:00,False,2025-07-24T15:13:24.41+00:00,False,data/raw/wta/stats/_httpcache/2025/47d3586c399d4980d7d1ada357fb8dd41175b3dead8458623a4f76c21257f03c.json,ddcc5a1c40b0933781bc1f9608803972af697ae908f9348fbe404c7a329bc695,0,139166.0,True,2025-07-24,stats,False,False
2025,1082,LS005,Xinyu Wang,Sara Bejlek,326376,330375,QF,6-4 6-1,completed,present,2025-07-21,2025-07-26,2025-07-24T15:20:08.527+00:00,False,2025-07-25T09:39:46.573+00:00,False,data/raw/wta/stats/_httpcache/2025/47d3586c399d4980d7d1ada357fb8dd41175b3dead8458623a4f76c21257f03c.json,ddcc5a1c40b0933781bc1f9608803972af697ae908f9348fbe404c7a329bc695,0,139167.0,True,2025-07-24,stats,False,False
2025,1082,LS006,Marie Bouzkova,Ann Li,320983,326096,QF,3-6 6-3 6-3,completed,present,2025-07-21,2025-07-26,2025-07-24T10:19:55.287+00:00,False,2025-07-24T12:49:40.22+00:00,False,data/raw/wta/stats/_httpcache/2025/47d3586c399d4980d7d1ada357fb8dd41175b3dead8458623a4f76c21257f03c.json,ddcc5a1c40b0933781bc1f9608803972af697ae908f9348fbe404c7a329bc695,0,139165.0,True,2025-07-24,stats,False,False
2025,1082,LS007,Tereza Valentova,Jessika Ponchet,330808,319421,QF,6-2 6-0,completed,present,2025-07-21,2025-07-26,2025-07-24T08:50:58.54+00:00,False,2025-07-24T10:17:02.9+00:00,False,data/raw/wta/stats/_httpcache/2025/47d3586c399d4980d7d1ada357fb8dd41175b3dead8458623a4f76c21257f03c.json,ddcc5a1c40b0933781bc1f9608803972af697ae908f9348fbe404c7a329bc695,0,139164.0,True,2025-07-24,stats,False,False
2025,1082,LS008,Linda Noskova,Elisabetta Cocciaretto,329668,327909,R16,6-2 6-4,completed,present,2025-07-21,2025-07-26,2025-07-23T13:17:25.753+00:00,False,2025-07-23T14:52:20.697+00:00,False,data/raw/wta/stats/_httpcache/2025/47d3586c399d4980d7d1ada357fb8dd41175b3dead8458623a4f76c21257f03c.json,ddcc5a1c40b0933781bc1f9608803972af697ae908f9348fbe404c7a329bc695,0,139154.0,True,2025-07-23,stats,False,False
2025,1082,LS009,Katerina Siniakova,Dominika Salkova,320301,330149,R16,7-6(4) 6-3,completed,present,2025-07-21,2025-07-26,2025-07-23T11:19:10.757+00:00,False,2025-07-23T13:10:08.353+00:00,False,data/raw/wta/stats/_httpcache/2025/47d3586c399d4980d7d1ada357fb8dd41175b3dead8458623a4f76c21257f03c.json,ddcc5a1c40b0933781bc1f9608803972af697ae908f9348fbe404c7a329bc695,0,139152.0,True,2025-07-23,stats,False,False
2025,1082,LS010,Xinyu Wang,Lucie Havlickova,326376,330147,R16,3-6 7-5 7-6(6),completed,present,2025-07-21,2025-07-26,2025-07-23T12:51:35.63+00:00,False,2025-07-23T15:54:01.497+00:00,False,data/raw/wta/stats/_httpcache/2025/47d3586c399d4980d7d1ada357fb8dd41175b3dead8458623a4f76c21257f03c.json,ddcc5a1c40b0933781bc1f9608803972af697ae908f9348fbe404c7a329bc695,0,139153.0,True,2025-07-23,stats,False,False
2025,1082,LS011,Sara Bejlek,Alycia Parks,330375,326007,R16,7-6(9) 6-3,completed,present,2025-07-21,2025-07-26,2025-07-23T14:54:26.397+00:00,False,2025-07-23T16:59:09.037+00:00,False,data/raw/wta/stats/_httpcache/2025/47d3586c399d4980d7d1ada357fb8dd41175b3dead8458623a4f76c21257f03c.json,ddcc5a1c40b0933781bc1f9608803972af697ae908f9348fbe404c7a329bc695,0,139155.0,True,2025-07-23,stats,False,False
2025,1082,LS012,Marie Bouzkova,Lucrezia Stefanini,320983,323149,R16,6-4 6-4,completed,present,2025-07-21,2025-07-26,2025-07-23T10:48:23.17+00:00,False,2025-07-23T12:47:18.323+00:00,False,data/raw/wta/stats/_httpcache/2025/47d3586c399d4980d7d1ada357fb8dd41175b3dead8458623a4f76c21257f03c.json,ddcc5a1c40b0933781bc1f9608803972af697ae908f9348fbe404c7a329bc695,0,139151.0,True,2025-07-23,stats,False,False
2025,1082,LS013,Ann Li,Leolia Jeanjean,326096,320313,R16,6-4 6-3,completed,present,2025-07-21,2025-07-26,2025-07-23T10:35:15.993+00:00,False,2025-07-23T12:07:30.933+00:00,False,data/raw/wta/stats/_httpcache/2025/47d3586c399d4980d7d1ada357fb8dd41175b3dead8458623a4f76c21257f03c.json,ddcc5a1c40b0933781bc1f9608803972af697ae908f9348fbe404c7a329bc695,0,139150.0,True,2025-07-23,stats,False,False
2025,1082,LS014,Jessika Ponchet,Barbora Palicova,319421,330363,R16,6-1 7-5,completed,present,2025-07-21,2025-07-26,2025-07-23T08:52:37.123+00:00,False,2025-07-23T10:45:37.443+00:00,False,data/raw/wta/stats/_httpcache/2025/47d3586c399d4980d7d1ada357fb8dd41175b3dead8458623a4f76c21257f03c.json,ddcc5a1c40b0933781bc1f9608803972af697ae908f9348fbe404c7a329bc695,0,139149.0,True,2025-07-23,stats,False,False
2025,1082,LS015,Tereza Valentova,Rebecca Sramkova,330808,320228,R16,7-6(1) 7-5,completed,present,2025-07-21,2025-07-26,2025-07-23T08:46:26.423+00:00,False,2025-07-23T11:15:55.083+00:00,False,data/raw/wta/stats/_httpcache/2025/47d3586c399d4980d7d1ada357fb8dd41175b3dead8458623a4f76c21257f03c.json,ddcc5a1c40b0933781bc1f9608803972af697ae908f9348fbe404c7a329bc695,0,139148.0,True,2025-07-23,stats,False,False
2025,1082,LS016,Linda Noskova,Anastasia Gasanova,329668,322333,R32,7-6(5) 7-6(7),completed,present,2025-07-21,2025-07-26,2025-07-22T13:47:37.44+00:00,False,2025-07-22T16:12:32.103+00:00,False,data/raw/wta/stats/_httpcache/2025/47d3586c399d4980d7d1ada357fb8dd41175b3dead8458623a4f76c21257f03c.json,ddcc5a1c40b0933781bc1f9608803972af697ae908f9348fbe404c7a329bc695,0,139133.0,True,2025-07-22,stats,False,False
2025,1082,LS017,Elisabetta Cocciaretto,Viktorija Golubic,327909,316296,R32,6-2 6-3,completed,present,2025-07-21,2025-07-26,2025-07-21T12:14:26.037+00:00,False,2025-07-21T13:59:09.477+00:00,False,data/raw/wta/stats/_httpcache/2025/47d3586c399d4980d7d1ada357fb8dd41175b3dead8458623a4f76c21257f03c.json,ddcc5a1c40b0933781bc1f9608803972af697ae908f9348fbe404c7a329bc695,0,139109.0,True,2025-07-21,stats,False,False
2025,1082,LS018,Dominika Salkova,Laura Samson,330149,333944,R32,6-3 6-3,completed,present,2025-07-21,2025-07-26,2025-07-22T08:45:17.73+00:00,False,2025-07-22T10:30:12.53+00:00,False,data/raw/wta/stats/_httpcache/2025/47d3586c399d4980d7d1ada357fb8dd41175b3dead8458623a4f76c21257f03c.json,ddcc5a1c40b0933781bc1f9608803972af697ae908f9348fbe404c7a329bc695,0,139126.0,True,2025-07-22,stats,False,False
2025,1082,LS019,Katerina Siniakova,Elena-Gabriela Ruse,320301,320408,R32,7-5 6-2,completed,present,2025-07-21,2025-07-26,2025-07-22T11:45:01.58+00:00,False,2025-07-22T13:45:38.99+00:00,False,data/raw/wta/stats/_httpcache/2025/47d3586c399d4980d7d1ada357fb8dd41175b3dead8458623a4f76c21257f03c.json,ddcc5a1c40b0933781bc1f9608803972af697ae908f9348fbe404c7a329bc695,0,139131.0,True,2025-07-22,stats,False,False
2025,1082,LS020,Xinyu Wang,Harriet Dart,326376,319489,R32,6-3 6-3,completed,present,2025-07-21,2025-07-26,2025-07-22T11:19:08.993+00:00,False,2025-07-22T13:01:25.737+00:00,False,data/raw/wta/stats/_httpcache/2025/47d3586c399d4980d7d1ada357fb8dd41175b3dead8458623a4f76c21257f03c.json,ddcc5a1c40b0933781bc1f9608803972af697ae908f9348fbe404c7a329bc695,0,139130.0,True,2025-07-22,stats,False,False
2025,1082,LS021,Lucie Havlickova,Alena Kovackova,330147,334557,R32,7-5 6-1,completed,present,2025-07-21,2025-07-26,2025-07-22T13:04:10.52+00:00,False,2025-07-22T14:50:39.917+00:00,False,data/raw/wta/stats/_httpcache/2025/47d3586c399d4980d7d1ada357fb8dd41175b3dead8458623a4f76c21257f03c.json,ddcc5a1c40b0933781bc1f9608803972af697ae908f9348fbe404c7a329bc695,0,139132.0,True,2025-07-22,stats,False,False
2025,1082,LS022,Sara Bejlek,Moyuka Uchijima,330375,327241,R32,7-5 6-2,completed,present,2025-07-21,2025-07-26,2025-07-21T10:36:13.69+00:00,False,2025-07-21T12:11:44.147+00:00,False,data/raw/wta/stats/_httpcache/2025/47d3586c399d4980d7d1ada357fb8dd41175b3dead8458623a4f76c21257f03c.json,ddcc5a1c40b0933781bc1f9608803972af697ae908f9348fbe404c7a329bc695,0,139108.0,True,2025-07-21,stats,False,False
2025,1082,LS023,Alycia Parks,Mai Hontama,326007,324750,R32,6-4 6-2,completed,present,2025-07-21,2025-07-26,2025-07-21T08:42:52.357+00:00,False,2025-07-21T10:24:32.517+00:00,False,data/raw/wta/stats/_httpcache/2025/47d3586c399d4980d7d1ada357fb8dd41175b3dead8458623a4f76c21257f03c.json,ddcc5a1c40b0933781bc1f9608803972af697ae908f9348fbe404c7a329bc695,0,139105.0,True,2025-07-21,stats,False,False
2025,1082,LS024,Marie Bouzkova,Xinyu Gao,320983,322925,R32,6-0 6-2,completed,present,2025-07-21,2025-07-26,2025-07-21T08:48:18.877+00:00,False,2025-07-21T10:32:54.377+00:00,False,data/raw/wta/stats/_httpcache/2025/47d3586c399d4980d7d1ada357fb8dd41175b3dead8458623a4f76c21257f03c.json,ddcc5a1c40b0933781bc1f9608803972af697ae908f9348fbe404c7a329bc695,0,139106.0,True,2025-07-21,stats,False,False
2025,1082,LS025,Lucrezia Stefanini,Viktoriya Tomova,323149,317584,R32,6-1 7-6(3),completed,present,2025-07-21,2025-07-26,2025-07-21T12:16:54.863+00:00,False,2025-07-21T14:16:21.803+00:00,False,data/raw/wta/stats/_httpcache/2025/47d3586c399d4980d7d1ada357fb8dd41175b3dead8458623a4f76c21257f03c.json,ddcc5a1c40b0933781bc1f9608803972af697ae908f9348fbe404c7a329bc695,0,139110.0,True,2025-07-21,stats,False,False
2025,1082,LS027,Ann Li,Astra Sharma,326096,319696,R32,7-6(1) 6-3,completed,present,2025-07-21,2025-07-26,2025-07-21T10:27:05.497+00:00,False,2025-07-21T12:14:48.027+00:00,False,data/raw/wta/stats/_httpcache/2025/47d3586c399d4980d7d1ada357fb8dd41175b3dead8458623a4f76c21257f03c.json,ddcc5a1c40b0933781bc1f9608803972af697ae908f9348fbe404c7a329bc695,0,139107.0,True,2025-07-21,stats,False,False
2025,1082,LS028,Jessika Ponchet,Nina Stojanovic,319421,319709,R32,4-6 7-5 6-1,completed,present,2025-07-21,2025-07-26,2025-07-22T08:50:54.08+00:00,False,2025-07-22T11:30:22.16+00:00,False,data/raw/wta/stats/_httpcache/2025/47d3586c399d4980d7d1ada357fb8dd41175b3dead8458623a4f76c21257f03c.json,ddcc5a1c40b0933781bc1f9608803972af697ae908f9348fbe404c7a329bc695,0,139127.0,True,2025-07-22,stats,False,False
2025,1082,LS029,Barbora Palicova,Priscilla Hon,330363,320543,R32,6-2 3-6 6-3,completed,present,2025-07-21,2025-07-26,2025-07-22T08:51:24.963+00:00,False,2025-07-22T11:16:38.663+00:00,False,data/raw/wta/stats/_httpcache/2025/47d3586c399d4980d7d1ada357fb8dd41175b3dead8458623a4f76c21257f03c.json,ddcc5a1c40b0933781bc1f9608803972af697ae908f9348fbe404c7a329bc695,0,139128.0,True,2025-07-22,stats,False,False
2025,1082,LS030,Tereza Valentova,Aoi Ito,330808,329009,R32,6-2 6-0,completed,present,2025-07-21,2025-07-26,2025-07-22T10:36:15.667+00:00,False,2025-07-22T11:42:40.643+00:00,False,data/raw/wta/stats/_httpcache/2025/47d3586c399d4980d7d1ada357fb8dd41175b3dead8458623a4f76c21257f03c.json,ddcc5a1c40b0933781bc1f9608803972af697ae908f9348fbe404c7a329bc695,0,139129.0,True,2025-07-22,stats,False,False
2025,1082,LS031,Rebecca Sramkova,Jesika Maleckova,320228,318488,R32,6-3 4-6 6-4,completed,present,2025-07-21,2025-07-26,2025-07-21T14:07:36.283+00:00,False,2025-07-21T18:47:39.717+00:00,False,data/raw/wta/stats/_httpcache/2025/47d3586c399d4980d7d1ada357fb8dd41175b3dead8458623a4f76c21257f03c.json,ddcc5a1c40b0933781bc1f9608803972af697ae908f9348fbe404c7a329bc695,0,139111.0,True,2025-07-21,stats,False,False
2025,1096,LS001,Elise Mertens,Ann Li,317964,326096,F,6-1 6-4,completed,present,2025-01-27,2025-02-02,2025-02-02T08:55:17.73+00:00,False,2025-02-02T10:31:05.67+00:00,False,data/raw/wta/stats/_httpcache/2025/e5364f61133d771b3e76f30abb1ae7a3348e2ea28f9d3d3cc2b05b1abafebf65.json,06bab98f52a172e57c5a4dfab54bf489960ba1e57a635dc02db06213e86f03bb,0,136675.0,True,2025-02-02,stats,False,False
2025,1096,LS003,Elise Mertens,Xinyu Wang,317964,326376,SF,6-3 6-4,completed,present,2025-01-27,2025-02-02,2025-02-01T07:18:31.283+00:00,False,2025-02-01T09:15:25.21+00:00,False,data/raw/wta/stats/_httpcache/2025/e5364f61133d771b3e76f30abb1ae7a3348e2ea28f9d3d3cc2b05b1abafebf65.json,06bab98f52a172e57c5a4dfab54bf489960ba1e57a635dc02db06213e86f03bb,0,136641.0,True,2025-02-01,stats,False,False
2025,1096,LS004,Anna Kalinskaya,Mananchaya Sawangkaew,323942,326929,QF,6-3 4-6 6-0,completed,present,2025-01-27,2025-02-02,2025-01-31T07:56:23.33+00:00,False,2025-01-31T10:09:28.367+00:00,False,data/raw/wta/stats/_httpcache/2025/e5364f61133d771b3e76f30abb1ae7a3348e2ea28f9d3d3cc2b05b1abafebf65.json,06bab98f52a172e57c5a4dfab54bf489960ba1e57a635dc02db06213e86f03bb,0,136634.0,True,2025-01-31,stats,False,False
2025,1096,LS005,Ann Li,Kimberly Birrell,326096,320728,QF,7-6(2) 7-6(4),completed,present,2025-01-27,2025-02-02,2025-01-31T05:55:28.827+00:00,False,2025-01-31T07:53:45.6+00:00,False,data/raw/wta/stats/_httpcache/2025/e5364f61133d771b3e76f30abb1ae7a3348e2ea28f9d3d3cc2b05b1abafebf65.json,06bab98f52a172e57c5a4dfab54bf489960ba1e57a635dc02db06213e86f03bb,0,136633.0,True,2025-01-31,stats,False,False
2025,1096,LS006,Xinyu Wang,Jil Teichmann,326376,320926,QF,6-7(5) 7-6(5) 6-4,completed,present,2025-01-27,2025-02-02,2025-01-31T10:11:21.067+00:00,False,2025-01-31T13:47:42.297+00:00,False,data/raw/wta/stats/_httpcache/2025/e5364f61133d771b3e76f30abb1ae7a3348e2ea28f9d3d3cc2b05b1abafebf65.json,06bab98f52a172e57c5a4dfab54bf489960ba1e57a635dc02db06213e86f03bb,0,136635.0,True,2025-01-31,stats,False,False
2025,1096,LS007,Elise Mertens,Camila Osorio,317964,325898,QF,6-4 6-2,completed,present,2025-01-27,2025-02-02,2025-01-31T13:49:27.48+00:00,False,2025-01-31T15:28:07.837+00:00,False,data/raw/wta/stats/_httpcache/2025/e5364f61133d771b3e76f30abb1ae7a3348e2ea28f9d3d3cc2b05b1abafebf65.json,06bab98f52a172e57c5a4dfab54bf489960ba1e57a635dc02db06213e86f03bb,0,136636.0,True,2025-01-31,stats,False,False
2025,1096,LS008,Anna Kalinskaya,Simona Waltert,323942,325771,R16,6-2 7-6(3),completed,present,2025-01-27,2025-02-02,2025-01-29T10:05:43.12+00:00,False,2025-01-29T11:55:45.07+00:00,False,data/raw/wta/stats/_httpcache/2025/e5364f61133d771b3e76f30abb1ae7a3348e2ea28f9d3d3cc2b05b1abafebf65.json,06bab98f52a172e57c5a4dfab54bf489960ba1e57a635dc02db06213e86f03bb,0,136617.0,True,2025-01-29,stats,False,False
2025,1096,LS009,Mananchaya Sawangkaew,Cristina Bucsa,326929,321158,R16,6-4 6-4,completed,present,2025-01-27,2025-02-02,2025-01-29T08:09:44.58+00:00,False,2025-01-29T10:03:02.49+00:00,False,data/raw/wta/stats/_httpcache/2025/e5364f61133d771b3e76f30abb1ae7a3348e2ea28f9d3d3cc2b05b1abafebf65.json,06bab98f52a172e57c5a4dfab54bf489960ba1e57a635dc02db06213e86f03bb,0,136616.0,True,2025-01-29,stats,False,False
2025,1096,LS010,Ann Li,Maria Timofeeva,326096,328896,R16,6-3 6-2,completed,present,2025-01-27,2025-02-02,2025-01-29T11:58:13.993+00:00,False,2025-01-29T13:20:23.38+00:00,False,data/raw/wta/stats/_httpcache/2025/e5364f61133d771b3e76f30abb1ae7a3348e2ea28f9d3d3cc2b05b1abafebf65.json,06bab98f52a172e57c5a4dfab54bf489960ba1e57a635dc02db06213e86f03bb,0,136618.0,True,2025-01-29,stats,False,False
2025,1096,LS011,Kimberly Birrell,Hailey Baptiste,320728,327101,R16,6-7(3) 6-3 7-5,completed,present,2025-01-27,2025-02-02,2025-01-30T05:45:43.013+00:00,False,2025-01-30T08:58:55.123+00:00,False,data/raw/wta/stats/_httpcache/2025/e5364f61133d771b3e76f30abb1ae7a3348e2ea28f9d3d3cc2b05b1abafebf65.json,06bab98f52a172e57c5a4dfab54bf489960ba1e57a635dc02db06213e86f03bb,0,136624.0,True,2025-01-30,stats,False,False
2025,1096,LS012,Jil Teichmann,Olivia Gadecki,320926,326653,R16,6-4 6-4,completed,present,2025-01-27,2025-02-02,2025-01-30T13:06:32.05+00:00,False,2025-01-30T14:52:52.633+00:00,False,data/raw/wta/stats/_httpcache/2025/e5364f61133d771b3e76f30abb1ae7a3348e2ea28f9d3d3cc2b05b1abafebf65.json,06bab98f52a172e57c5a4dfab54bf489960ba1e57a635dc02db06213e86f03bb,0,136627.0,True,2025-01-30,stats,False,False
2025,1096,LS013,Xinyu Wang,Maya Joint,326376,330544,R16,6-4 6-2,completed,present,2025-01-27,2025-02-02,2025-01-30T11:35:01.687+00:00,False,2025-01-30T13:04:42.557+00:00,False,data/raw/wta/stats/_httpcache/2025/e5364f61133d771b3e76f30abb1ae7a3348e2ea28f9d3d3cc2b05b1abafebf65.json,06bab98f52a172e57c5a4dfab54bf489960ba1e57a635dc02db06213e86f03bb,0,136626.0,True,2025-01-30,stats,False,False
2025,1096,LS014,Camila Osorio,Dominika Salkova,325898,330149,R16,3-6 6-2 6-4,completed,present,2025-01-27,2025-02-02,2025-01-29T05:45:51.43+00:00,False,2025-01-29T08:06:16.07+00:00,False,data/raw/wta/stats/_httpcache/2025/e5364f61133d771b3e76f30abb1ae7a3348e2ea28f9d3d3cc2b05b1abafebf65.json,06bab98f52a172e57c5a4dfab54bf489960ba1e57a635dc02db06213e86f03bb,0,136615.0,True,2025-01-29,stats,False,False
2025,1096,LS015,Elise Mertens,Tatjana Maria,317964,310440,R16,6-7(3) 6-3 6-1,completed,present,2025-01-27,2025-02-02,2025-01-30T09:01:03.87+00:00,False,2025-01-30T11:31:47.237+00:00,False,data/raw/wta/stats/_httpcache/2025/e5364f61133d771b3e76f30abb1ae7a3348e2ea28f9d3d3cc2b05b1abafebf65.json,06bab98f52a172e57c5a4dfab54bf489960ba1e57a635dc02db06213e86f03bb,0,136625.0,True,2025-01-30,stats,False,False
2025,1096,LS016,Anna Kalinskaya,Caroline Dolehide,323942,322052,R32,6-4 4-6 6-2,completed,present,2025-01-27,2025-02-02,2025-01-27T11:14:47.227+00:00,False,2025-01-27T14:02:10.647+00:00,False,data/raw/wta/stats/_httpcache/2025/e5364f61133d771b3e76f30abb1ae7a3348e2ea28f9d3d3cc2b05b1abafebf65.json,06bab98f52a172e57c5a4dfab54bf489960ba1e57a635dc02db06213e86f03bb,0,136588.0,True,2025-01-27,stats,False,False
2025,1096,LS017,Simona Waltert,Ajla Tomljanovic,325771,315232,R32,6-2 6-3,completed,present,2025-01-27,2025-02-02,2025-01-27T14:04:07.483+00:00,False,2025-01-27T15:35:07.933+00:00,False,data/raw/wta/stats/_httpcache/2025/e5364f61133d771b3e76f30abb1ae7a3348e2ea28f9d3d3cc2b05b1abafebf65.json,06bab98f52a172e57c5a4dfab54bf489960ba1e57a635dc02db06213e86f03bb,0,136590.0,True,2025-01-27,stats,False,False
2025,1096,LS018,Mananchaya Sawangkaew,Sijia Wei,326929,328426,R32,6-4 7-6(2),completed,present,2025-01-27,2025-02-02,2025-01-27T09:28:08.153+00:00,False,2025-01-27T11:33:22.757+00:00,False,data/raw/wta/stats/_httpcache/2025/e5364f61133d771b3e76f30abb1ae7a3348e2ea28f9d3d3cc2b05b1abafebf65.json,06bab98f52a172e57c5a4dfab54bf489960ba1e57a635dc02db06213e86f03bb,0,136587.0,True,2025-01-27,stats,False,False
2025,1096,LS019,Cristina Bucsa,Emma Raducanu,321158,328366,R32,5-7 7-5 7-5,completed,present,2025-01-27,2025-02-02,2025-01-27T07:53:54.477+00:00,False,2025-01-27T11:11:57.76+00:00,False,data/raw/wta/stats/_httpcache/2025/e5364f61133d771b3e76f30abb1ae7a3348e2ea28f9d3d3cc2b05b1abafebf65.json,06bab98f52a172e57c5a4dfab54bf489960ba1e57a635dc02db06213e86f03bb,0,136586.0,True,2025-01-27,stats,False,False
2025,1096,LS020,Maria Timofeeva,Xiyu Wang,328896,326160,R32,6-3 7-6(3),completed,present,2025-01-27,2025-02-02,2025-01-28T03:15:23.927+00:00,False,2025-01-28T05:13:46.963+00:00,False,data/raw/wta/stats/_httpcache/2025/e5364f61133d771b3e76f30abb1ae7a3348e2ea28f9d3d3cc2b05b1abafebf65.json,06bab98f52a172e57c5a4dfab54bf489960ba1e57a635dc02db06213e86f03bb,0,136601.0,True,2025-01-28,stats,False,False
2025,1096,LS021,Ann Li,Daria Saville,326096,315997,R32,6-3 6-1,completed,present,2025-01-27,2025-02-02,2025-01-27T06:14:20.53+00:00,False,2025-01-27T07:37:50.167+00:00,False,data/raw/wta/stats/_httpcache/2025/e5364f61133d771b3e76f30abb1ae7a3348e2ea28f9d3d3cc2b05b1abafebf65.json,06bab98f52a172e57c5a4dfab54bf489960ba1e57a635dc02db06213e86f03bb,0,136584.0,True,2025-01-27,stats,False,False
2025,1096,LS022,Hailey Baptiste,Renata Zarazua,327101,320716,R32,2-6 6-0 6-3,completed,present,2025-01-27,2025-02-02,2025-01-28T01:46:53.01+00:00,False,2025-01-28T03:51:19.72+00:00,False,data/raw/wta/stats/_httpcache/2025/e5364f61133d771b3e76f30abb1ae7a3348e2ea28f9d3d3cc2b05b1abafebf65.json,06bab98f52a172e57c5a4dfab54bf489960ba1e57a635dc02db06213e86f03bb,0,136599.0,True,2025-01-28,stats,False,False
2025,1096,LS023,Kimberly Birrell,Polina Kudermetova,320728,328897,R32,6-3 6-2,completed,present,2025-01-27,2025-02-02,2025-01-28T01:54:24.343+00:00,False,2025-01-28T03:11:29.657+00:00,False,data/raw/wta/stats/_httpcache/2025/e5364f61133d771b3e76f30abb1ae7a3348e2ea28f9d3d3cc2b05b1abafebf65.json,06bab98f52a172e57c5a4dfab54bf489960ba1e57a635dc02db06213e86f03bb,0,136600.0,True,2025-01-28,stats,False,False
2025,1096,LS024,Olivia Gadecki,Moyuka Uchijima,326653,327241,R32,6-1 6-7(1) 6-2,completed,ambiguous,2025-01-27,2025-02-02,2025-01-28T03:53:26.8+00:00,False,2025-01-28T06:22:03.917+00:00,False,data/raw/wta/stats/_httpcache/2025/e5364f61133d771b3e76f30abb1ae7a3348e2ea28f9d3d3cc2b05b1abafebf65.json,06bab98f52a172e57c5a4dfab54bf489960ba1e57a635dc02db06213e86f03bb,0,,,,,False,False
2025,1096,LS025,Jil Teichmann,Harriet Dart,320926,319489,R32,6-3 6-1,completed,present,2025-01-27,2025-02-02,2025-01-28T06:23:43.813+00:00,False,2025-01-28T08:18:01.263+00:00,False,data/raw/wta/stats/_httpcache/2025/e5364f61133d771b3e76f30abb1ae7a3348e2ea28f9d3d3cc2b05b1abafebf65.json,06bab98f52a172e57c5a4dfab54bf489960ba1e57a635dc02db06213e86f03bb,0,136604.0,True,2025-01-28,stats,False,False
2025,1096,LS026,Maya Joint,Alycia Parks,330544,326007,R32,4-6 6-1 7-5,completed,present,2025-01-27,2025-02-02,2025-01-27T07:19:37.677+00:00,False,2025-01-27T09:26:35.367+00:00,False,data/raw/wta/stats/_httpcache/2025/e5364f61133d771b3e76f30abb1ae7a3348e2ea28f9d3d3cc2b05b1abafebf65.json,06bab98f52a172e57c5a4dfab54bf489960ba1e57a635dc02db06213e86f03bb,0,136585.0,True,2025-01-27,stats,False,False
2025,1096,LS027,Xinyu Wang,Rebecca Marino,326376,313485,R32,6-4 5-7 7-5,completed,present,2025-01-27,2025-02-02,2025-01-28T05:16:05.263+00:00,False,2025-01-28T07:57:02.443+00:00,False,data/raw/wta/stats/_httpcache/2025/e5364f61133d771b3e76f30abb1ae7a3348e2ea28f9d3d3cc2b05b1abafebf65.json,06bab98f52a172e57c5a4dfab54bf489960ba1e57a635dc02db06213e86f03bb,0,136603.0,True,2025-01-28,stats,False,False
2025,1096,LS028,Camila Osorio,Bernarda Pera,325898,317708,R32,6-1 6-7(0) 6-3,completed,present,2025-01-27,2025-02-02,2025-01-27T03:46:26.797+00:00,False,2025-01-27T06:12:28.55+00:00,False,data/raw/wta/stats/_httpcache/2025/e5364f61133d771b3e76f30abb1ae7a3348e2ea28f9d3d3cc2b05b1abafebf65.json,06bab98f52a172e57c5a4dfab54bf489960ba1e57a635dc02db06213e86f03bb,0,136583.0,True,2025-01-27,stats,False,False
2025,1096,LS029,Dominika Salkova,Erika Andreeva,330149,330151,R32,7-6(5) 6-2,completed,present,2025-01-27,2025-02-02,2025-01-27T11:35:30.34+00:00,False,2025-01-27T13:29:39.533+00:00,False,data/raw/wta/stats/_httpcache/2025/e5364f61133d771b3e76f30abb1ae7a3348e2ea28f9d3d3cc2b05b1abafebf65.json,06bab98f52a172e57c5a4dfab54bf489960ba1e57a635dc02db06213e86f03bb,0,136589.0,True,2025-01-27,stats,False,False
2025,1096,LS030,Tatjana Maria,Yuliia Starodubtseva,310440,325338,R32,2-6 6-1 6-2,completed,present,2025-01-27,2025-02-02,2025-01-28T08:19:03.643+00:00,False,2025-01-28T10:35:39.913+00:00,False,data/raw/wta/stats/_httpcache/2025/e5364f61133d771b3e76f30abb1ae7a3348e2ea28f9d3d3cc2b05b1abafebf65.json,06bab98f52a172e57c5a4dfab54bf489960ba1e57a635dc02db06213e86f03bb,0,136606.0,True,2025-01-28,stats,False,False
2025,1096,LS031,Elise Mertens,Taylor Townsend,317964,318609,R32,6-1 6-0,completed,present,2025-01-27,2025-02-02,2025-01-28T07:59:34.35+00:00,False,2025-01-28T09:10:24.933+00:00,False,data/raw/wta/stats/_httpcache/2025/e5364f61133d771b3e76f30abb1ae7a3348e2ea28f9d3d3cc2b05b1abafebf65.json,06bab98f52a172e57c5a4dfab54bf489960ba1e57a635dc02db06213e86f03bb,0,136605.0,True,2025-01-28,stats,False,False
2025,1139,LS001,Tiantsoa Rakotomanga Rajaonah,Janice Tjen,330970,328818,F,6-3 6-4,completed,present,2025-09-08,2025-09-14,2025-09-14T17:51:10.057+00:00,False,2025-09-14T19:38:25.323+00:00,False,data/raw/wta/stats/_httpcache/2025/f818e7dd0ca27a8a732c040d04aaeaa77fd0fdf0875f53842b9c3fd3bc80df73.json,3c06ecd71783d7d6e21d47f20649e2a6c47eccd459e86ee536d6f34c81823ad3,0,140114.0,True,2025-09-14,stats,False,False
2025,1139,LS002,Tiantsoa Rakotomanga Rajaonah,Renata Zarazua,330970,320716,SF,6-3 6-2,completed,present,2025-09-08,2025-09-14,2025-09-13T17:50:43.983+00:00,False,2025-09-13T19:27:39.717+00:00,False,data/raw/wta/stats/_httpcache/2025/f818e7dd0ca27a8a732c040d04aaeaa77fd0fdf0875f53842b9c3fd3bc80df73.json,3c06ecd71783d7d6e21d47f20649e2a6c47eccd459e86ee536d6f34c81823ad3,0,140089.0,True,2025-09-13,stats,False,False
2025,1139,LS003,Janice Tjen,Francesca Jones,328818,324479,SF,7-6(0) 6-3,completed,present,2025-09-08,2025-09-14,2025-09-13T15:48:29.69+00:00,False,2025-09-13T17:45:19.453+00:00,False,data/raw/wta/stats/_httpcache/2025/f818e7dd0ca27a8a732c040d04aaeaa77fd0fdf0875f53842b9c3fd3bc80df73.json,3c06ecd71783d7d6e21d47f20649e2a6c47eccd459e86ee536d6f34c81823ad3,0,140088.0,True,2025-09-13,stats,False,False
2025,1139,LS004,Renata Zarazua,Beatriz Haddad Maia,320716,318176,QF,7-6(5) 6-3,completed,present,2025-09-08,2025-09-14,2025-09-12T19:18:46.607+00:00,False,2025-09-12T21:51:54.43+00:00,False,data/raw/wta/stats/_httpcache/2025/f818e7dd0ca27a8a732c040d04aaeaa77fd0fdf0875f53842b9c3fd3bc80df73.json,3c06ecd71783d7d6e21d47f20649e2a6c47eccd459e86ee536d6f34c81823ad3,0,140061.0,True,2025-09-12,stats,False,False
2025,1139,LS005,Tiantsoa Rakotomanga Rajaonah,Panna Udvardy,330970,325956,QF,6-2 6-4,completed,present,2025-09-08,2025-09-14,2025-09-12T19:24:12.327+00:00,False,2025-09-12T21:05:14.773+00:00,False,data/raw/wta/stats/_httpcache/2025/f818e7dd0ca27a8a732c040d04aaeaa77fd0fdf0875f53842b9c3fd3bc80df73.json,3c06ecd71783d7d6e21d47f20649e2a6c47eccd459e86ee536d6f34c81823ad3,0,140062.0,True,2025-09-12,stats,False,False
2025,1139,LS006,Janice Tjen,Alexandra Eala,328818,330332,QF,6-4 6-1,completed,present,2025-09-08,2025-09-14,2025-09-12T15:44:33.527+00:00,False,2025-09-12T17:22:47.93+00:00,False,data/raw/wta/stats/_httpcache/2025/f818e7dd0ca27a8a732c040d04aaeaa77fd0fdf0875f53842b9c3fd3bc80df73.json,3c06ecd71783d7d6e21d47f20649e2a6c47eccd459e86ee536d6f34c81823ad3,0,140059.0,True,2025-09-12,stats,False,False
2025,1139,LS007,Francesca Jones,Solana Sierra,324479,329081,QF,6-3 6-4,completed,present,2025-09-08,2025-09-14,2025-09-12T17:27:33.053+00:00,False,2025-09-12T19:05:17.303+00:00,False,data/raw/wta/stats/_httpcache/2025/f818e7dd0ca27a8a732c040d04aaeaa77fd0fdf0875f53842b9c3fd3bc80df73.json,3c06ecd71783d7d6e21d47f20649e2a6c47eccd459e86ee536d6f34c81823ad3,0,140060.0,True,2025-09-12,stats,False,False
2025,1139,LS008,Beatriz Haddad Maia,Laura Pigossi,318176,317155,R16,6-1 6-4,completed,present,2025-09-08,2025-09-14,2025-09-11T22:00:53.113+00:00,False,2025-09-11T23:54:49.32+00:00,False,data/raw/wta/stats/_httpcache/2025/f818e7dd0ca27a8a732c040d04aaeaa77fd0fdf0875f53842b9c3fd3bc80df73.json,3c06ecd71783d7d6e21d47f20649e2a6c47eccd459e86ee536d6f34c81823ad3,0,140041.0,True,2025-09-11,stats,False,False
2025,1139,LS009,Renata Zarazua,Berfu Cengiz,320716,322450,R16,6-4 6-4,completed,present,2025-09-08,2025-09-14,2025-09-11T17:54:46.223+00:00,False,2025-09-11T19:44:20.943+00:00,False,data/raw/wta/stats/_httpcache/2025/f818e7dd0ca27a8a732c040d04aaeaa77fd0fdf0875f53842b9c3fd3bc80df73.json,3c06ecd71783d7d6e21d47f20649e2a6c47eccd459e86ee536d6f34c81823ad3,0,140039.0,True,2025-09-11,stats,False,False
2025,1139,LS010,Tiantsoa Rakotomanga Rajaonah,Victoria Rodriguez,330970,320512,R16,7-5 6-1,completed,present,2025-09-08,2025-09-14,2025-09-10T17:53:55.077+00:00,False,2025-09-10T19:45:07.67+00:00,False,data/raw/wta/stats/_httpcache/2025/f818e7dd0ca27a8a732c040d04aaeaa77fd0fdf0875f53842b9c3fd3bc80df73.json,3c06ecd71783d7d6e21d47f20649e2a6c47eccd459e86ee536d6f34c81823ad3,0,140018.0,True,2025-09-10,stats,False,False
2025,1139,LS011,Panna Udvardy,Ana Candiotto,325956,331305,R16,6-3 6-3,completed,present,2025-09-08,2025-09-14,2025-09-11T20:20:45.42+00:00,False,2025-09-11T21:55:52.227+00:00,False,data/raw/wta/stats/_httpcache/2025/f818e7dd0ca27a8a732c040d04aaeaa77fd0fdf0875f53842b9c3fd3bc80df73.json,3c06ecd71783d7d6e21d47f20649e2a6c47eccd459e86ee536d6f34c81823ad3,0,140040.0,True,2025-09-11,stats,False,False
2025,1139,LS012,Janice Tjen,Martina Okalova,328818,323615,R16,6-1 6-0,completed,present,2025-09-08,2025-09-14,2025-09-10T17:52:54.353+00:00,False,2025-09-10T19:02:14.54+00:00,False,data/raw/wta/stats/_httpcache/2025/f818e7dd0ca27a8a732c040d04aaeaa77fd0fdf0875f53842b9c3fd3bc80df73.json,3c06ecd71783d7d6e21d47f20649e2a6c47eccd459e86ee536d6f34c81823ad3,0,140017.0,True,2025-09-10,stats,False,False
2025,1139,LS013,Alexandra Eala,Julia Riera,330332,327287,R16,6-1 6-4,completed,present,2025-09-08,2025-09-14,2025-09-10T21:47:41.63+00:00,False,2025-09-10T23:19:37.42+00:00,False,data/raw/wta/stats/_httpcache/2025/f818e7dd0ca27a8a732c040d04aaeaa77fd0fdf0875f53842b9c3fd3bc80df73.json,3c06ecd71783d7d6e21d47f20649e2a6c47eccd459e86ee536d6f34c81823ad3,0,140020.0,True,2025-09-10,stats,False,False
2025,1139,LS014,Francesca Jones,Whitney Osuigwe,324479,326101,R16,6-4 7-6(6),completed,present,2025-09-08,2025-09-14,2025-09-10T17:47:36.133+00:00,False,2025-09-10T19:57:21.233+00:00,False,data/raw/wta/stats/_httpcache/2025/f818e7dd0ca27a8a732c040d04aaeaa77fd0fdf0875f53842b9c3fd3bc80df73.json,3c06ecd71783d7d6e21d47f20649e2a6c47eccd459e86ee536d6f34c81823ad3,0,140016.0,True,2025-09-10,stats,False,False
2025,1139,LS015,Solana Sierra,Nauhany Vitoria Leme Da Silva,329081,334602,R16,6-0 6-4,completed,present,2025-09-08,2025-09-14,2025-09-10T20:23:08.47+00:00,False,2025-09-10T21:43:08.597+00:00,False,data/raw/wta/stats/_httpcache/2025/f818e7dd0ca27a8a732c040d04aaeaa77fd0fdf0875f53842b9c3fd3bc80df73.json,3c06ecd71783d7d6e21d47f20649e2a6c47eccd459e86ee536d6f34c81823ad3,0,140019.0,True,2025-09-10,stats,False,False
2025,1139,LS016,Beatriz Haddad Maia,Miriana Tona,318176,317541,R32,6-1 6-1,completed,present,2025-09-08,2025-09-14,2025-09-09T22:39:31.8+00:00,False,2025-09-10T00:21:29.793+00:00,False,data/raw/wta/stats/_httpcache/2025/f818e7dd0ca27a8a732c040d04aaeaa77fd0fdf0875f53842b9c3fd3bc80df73.json,3c06ecd71783d7d6e21d47f20649e2a6c47eccd459e86ee536d6f34c81823ad3,0,139989.0,True,2025-09-09,stats,False,False
2025,1139,LS017,Laura Pigossi,Elizabeth Mandlik,317155,326379,R32,2-6 6-3 6-4,completed,present,2025-09-08,2025-09-14,2025-09-09T18:06:43.077+00:00,False,2025-09-09T20:56:13.23+00:00,False,data/raw/wta/stats/_httpcache/2025/f818e7dd0ca27a8a732c040d04aaeaa77fd0fdf0875f53842b9c3fd3bc80df73.json,3c06ecd71783d7d6e21d47f20649e2a6c47eccd459e86ee536d6f34c81823ad3,0,139986.0,True,2025-09-09,stats,False,False
2025,1139,LS018,Berfu Cengiz,Jazmin Ortenzi,322450,327283,R32,6-1 6-2,completed,present,2025-09-08,2025-09-14,2025-09-09T18:01:02.62+00:00,False,2025-09-09T19:59:48.327+00:00,False,data/raw/wta/stats/_httpcache/2025/f818e7dd0ca27a8a732c040d04aaeaa77fd0fdf0875f53842b9c3fd3bc80df73.json,3c06ecd71783d7d6e21d47f20649e2a6c47eccd459e86ee536d6f34c81823ad3,0,139985.0,True,2025-09-09,stats,False,False
2025,1139,LS019,Renata Zarazua,Luiza Fullana,320716,327175,R32,6-2 6-1,completed,present,2025-09-08,2025-09-14,2025-09-09T15:44:18.72+00:00,False,2025-09-09T18:04:33.073+00:00,False,data/raw/wta/stats/_httpcache/2025/f818e7dd0ca27a8a732c040d04aaeaa77fd0fdf0875f53842b9c3fd3bc80df73.json,3c06ecd71783d7d6e21d47f20649e2a6c47eccd459e86ee536d6f34c81823ad3,0,139982.0,True,2025-09-09,stats,False,False
2025,1139,LS021,Tiantsoa Rakotomanga Rajaonah,Ana Sofia Sanchez,330970,316694,R32,6-4 4-6 7-6(7),completed,present,2025-09-08,2025-09-14,2025-09-08T15:48:20.443+00:00,False,2025-09-08T19:25:50.887+00:00,False,data/raw/wta/stats/_httpcache/2025/f818e7dd0ca27a8a732c040d04aaeaa77fd0fdf0875f53842b9c3fd3bc80df73.json,3c06ecd71783d7d6e21d47f20649e2a6c47eccd459e86ee536d6f34c81823ad3,0,139935.0,True,2025-09-08,stats,False,False
2025,1139,LS022,Ana Candiotto,Valeriya Strakhova,331305,319133,R32,6-3 5-7 6-0,completed,present,2025-09-08,2025-09-14,2025-09-09T19:04:16.017+00:00,False,2025-09-09T21:21:14.527+00:00,False,data/raw/wta/stats/_httpcache/2025/f818e7dd0ca27a8a732c040d04aaeaa77fd0fdf0875f53842b9c3fd3bc80df73.json,3c06ecd71783d7d6e21d47f20649e2a6c47eccd459e86ee536d6f34c81823ad3,0,139987.0,True,2025-09-09,stats,False,False
2025,1139,LS023,Panna Udvardy,Anna Rogers,325956,328647,R32,6-2 6-3,completed,present,2025-09-08,2025-09-14,2025-09-09T15:49:43.747+00:00,False,2025-09-09T17:56:38.52+00:00,False,data/raw/wta/stats/_httpcache/2025/f818e7dd0ca27a8a732c040d04aaeaa77fd0fdf0875f53842b9c3fd3bc80df73.json,3c06ecd71783d7d6e21d47f20649e2a6c47eccd459e86ee536d6f34c81823ad3,0,139984.0,True,2025-09-09,stats,False,False
2025,1139,LS024,Janice Tjen,Leolia Jeanjean,328818,320313,R32,6-2 6-3,completed,present,2025-09-08,2025-09-14,2025-09-08T19:07:39.003+00:00,False,2025-09-08T23:04:41.247+00:00,False,data/raw/wta/stats/_httpcache/2025/f818e7dd0ca27a8a732c040d04aaeaa77fd0fdf0875f53842b9c3fd3bc80df73.json,3c06ecd71783d7d6e21d47f20649e2a6c47eccd459e86ee536d6f34c81823ad3,0,139939.0,True,2025-09-08,stats,False,False
2025,1139,LS025,Martina Okalova,Arina Rodionova,323615,312413,R32,7-5 6-4,completed,present,2025-09-08,2025-09-14,2025-09-08T17:55:56.517+00:00,False,2025-09-08T20:41:19.277+00:00,False,data/raw/wta/stats/_httpcache/2025/f818e7dd0ca27a8a732c040d04aaeaa77fd0fdf0875f53842b9c3fd3bc80df73.json,3c06ecd71783d7d6e21d47f20649e2a6c47eccd459e86ee536d6f34c81823ad3,0,139938.0,True,2025-09-08,stats,False,False
2025,1139,LS026,Julia Riera,Vitalia Diatchenko,327287,315030,R32,6-3 7-6(1),completed,present,2025-09-08,2025-09-14,2025-09-08T20:45:29.79+00:00,False,2025-09-08T22:40:34.697+00:00,False,data/raw/wta/stats/_httpcache/2025/f818e7dd0ca27a8a732c040d04aaeaa77fd0fdf0875f53842b9c3fd3bc80df73.json,3c06ecd71783d7d6e21d47f20649e2a6c47eccd459e86ee536d6f34c81823ad3,0,139940.0,True,2025-09-08,stats,False,False
2025,1139,LS027,Alexandra Eala,Yasmine Mansouri,330332,325188,R32,6-0 6-2,completed,present,2025-09-08,2025-09-14,2025-09-09T21:01:47.053+00:00,False,2025-09-09T22:37:03.45+00:00,False,data/raw/wta/stats/_httpcache/2025/f818e7dd0ca27a8a732c040d04aaeaa77fd0fdf0875f53842b9c3fd3bc80df73.json,3c06ecd71783d7d6e21d47f20649e2a6c47eccd459e86ee536d6f34c81823ad3,0,139988.0,True,2025-09-09,stats,False,False
2025,1139,LS028,Francesca Jones,Lina Glushko,324479,323091,R32,4-6 6-2 6-3,completed,present,2025-09-08,2025-09-14,2025-09-09T15:45:37.777+00:00,False,2025-09-09T19:00:29.503+00:00,False,data/raw/wta/stats/_httpcache/2025/f818e7dd0ca27a8a732c040d04aaeaa77fd0fdf0875f53842b9c3fd3bc80df73.json,3c06ecd71783d7d6e21d47f20649e2a6c47eccd459e86ee536d6f34c81823ad3,0,139983.0,True,2025-09-09,stats,False,False
2025,1139,LS029,Whitney Osuigwe,Victoria Luiza Barros,326101,335246,R32,6-3 6-4,completed,present,2025-09-08,2025-09-14,2025-09-08T22:32:25.557+00:00,False,2025-09-09T00:35:35.867+00:00,False,data/raw/wta/stats/_httpcache/2025/f818e7dd0ca27a8a732c040d04aaeaa77fd0fdf0875f53842b9c3fd3bc80df73.json,3c06ecd71783d7d6e21d47f20649e2a6c47eccd459e86ee536d6f34c81823ad3,0,139941.0,True,2025-09-08,stats,False,False
2025,1139,LS030,Nauhany Vitoria Leme Da Silva,Carolina Alves,334602,319305,R32,6-7(0) 6-2 6-0,completed,present,2025-09-08,2025-09-14,2025-09-08T17:42:56.527+00:00,False,2025-09-08T19:47:12.647+00:00,False,data/raw/wta/stats/_httpcache/2025/f818e7dd0ca27a8a732c040d04aaeaa77fd0fdf0875f53842b9c3fd3bc80df73.json,3c06ecd71783d7d6e21d47f20649e2a6c47eccd459e86ee536d6f34c81823ad3,0,139937.0,True,2025-09-08,stats,False,False
2025,1139,LS031,Solana Sierra,Arianne Hartono,329081,323451,R32,7-6(4) 6-3,completed,present,2025-09-08,2025-09-14,2025-09-08T15:50:11.283+00:00,False,2025-09-08T17:51:18.773+00:00,False,data/raw/wta/stats/_httpcache/2025/f818e7dd0ca27a8a732c040d04aaeaa77fd0fdf0875f53842b9c3fd3bc80df73.json,3c06ecd71783d7d6e21d47f20649e2a6c47eccd459e86ee536d6f34c81823ad3,0,139936.0,True,2025-09-08,stats,False,False
2025,1148,LS001,Janice Tjen,Kimberly Birrell,328818,320728,F,6-4 6-3,completed,present,2025-10-27,2025-11-02,2025-11-02T12:20:55.567+00:00,False,2025-11-02T14:40:48.523+00:00,False,data/raw/wta/stats/_httpcache/2025/bcd6b70d85c9c583bf621bc3571dbc482174a40c44985f91151aa6cc529117e6.json,505f2cfbc34be97ad67df283c1cb08b2d31b225be258aec5e14707c6624b312e,0,141223.0,True,2025-11-02,stats,False,False
2025,1148,LS002,Janice Tjen,Lanlana Tararudee,328818,329651,SF,7-6(6) 7-6(5),completed,present,2025-10-27,2025-11-02,2025-11-01T11:27:52.96+00:00,False,2025-11-01T14:03:08.33+00:00,False,data/raw/wta/stats/_httpcache/2025/bcd6b70d85c9c583bf621bc3571dbc482174a40c44985f91151aa6cc529117e6.json,505f2cfbc34be97ad67df283c1cb08b2d31b225be258aec5e14707c6624b312e,0,141215.0,True,2025-11-01,stats,False,False
2025,1148,LS003,Kimberly Birrell,Joanna Garland,320728,326512,SF,6-7(2) 6-3 7-5,completed,present,2025-10-27,2025-11-02,2025-11-01T14:06:14.73+00:00,False,2025-11-01T17:47:39.35+00:00,False,data/raw/wta/stats/_httpcache/2025/bcd6b70d85c9c583bf621bc3571dbc482174a40c44985f91151aa6cc529117e6.json,505f2cfbc34be97ad67df283c1cb08b2d31b225be258aec5e14707c6624b312e,0,141216.0,True,2025-11-01,stats,False,False
2025,1148,LS004,Lanlana Tararudee,Polina Iatcenko,329651,330466,QF,6-0 6-2,completed,present,2025-10-27,2025-11-02,2025-10-31T14:41:37.26+00:00,False,2025-10-31T16:08:49.887+00:00,False,data/raw/wta/stats/_httpcache/2025/bcd6b70d85c9c583bf621bc3571dbc482174a40c44985f91151aa6cc529117e6.json,505f2cfbc34be97ad67df283c1cb08b2d31b225be258aec5e14707c6624b312e,0,141206.0,True,2025-10-31,stats,False,False
2025,1148,LS005,Janice Tjen,Mia Pohankova,328818,334183,QF,6-3 6-1,completed,present,2025-10-27,2025-11-02,2025-10-31T11:40:48.713+00:00,False,2025-10-31T13:06:36.27+00:00,False,data/raw/wta/stats/_httpcache/2025/bcd6b70d85c9c583bf621bc3571dbc482174a40c44985f91151aa6cc529117e6.json,505f2cfbc34be97ad67df283c1cb08b2d31b225be258aec5e14707c6624b312e,0,141204.0,True,2025-10-31,stats,False,False
2025,1148,LS006,Kimberly Birrell,Donna Vekic,320728,318516,QF,6-4 6-0,completed,present,2025-10-27,2025-11-02,2025-10-31T13:10:33.547+00:00,False,2025-10-31T14:36:50.48+00:00,False,data/raw/wta/stats/_httpcache/2025/bcd6b70d85c9c583bf621bc3571dbc482174a40c44985f91151aa6cc529117e6.json,505f2cfbc34be97ad67df283c1cb08b2d31b225be258aec5e14707c6624b312e,0,141205.0,True,2025-10-31,stats,False,False
2025,1148,LS007,Joanna Garland,Arina Rodionova,326512,312413,QF,6-2 7-6(2),completed,present,2025-10-27,2025-11-02,2025-10-31T09:21:04.873+00:00,False,2025-10-31T11:36:36.53+00:00,False,data/raw/wta/stats/_httpcache/2025/bcd6b70d85c9c583bf621bc3571dbc482174a40c44985f91151aa6cc529117e6.json,505f2cfbc34be97ad67df283c1cb08b2d31b225be258aec5e14707c6624b312e,0,141203.0,True,2025-10-31,stats,False,False
2025,1148,LS008,Lanlana Tararudee,Zeynep Sonmez,329651,326907,R16,2-6 6-3 6-3,completed,present,2025-10-27,2025-11-02,2025-10-30T16:17:04.93+00:00,False,2025-10-30T19:03:38.787+00:00,False,data/raw/wta/stats/_httpcache/2025/bcd6b70d85c9c583bf621bc3571dbc482174a40c44985f91151aa6cc529117e6.json,505f2cfbc34be97ad67df283c1cb08b2d31b225be258aec5e14707c6624b312e,0,141192.0,True,2025-10-30,stats,False,False
2025,1148,LS009,Polina Iatcenko,Katarzyna Kawa,330466,315806,R16,6-2 6-3,completed,present,2025-10-27,2025-11-02,2025-10-30T11:14:46.81+00:00,False,2025-10-30T13:02:32.42+00:00,False,data/raw/wta/stats/_httpcache/2025/bcd6b70d85c9c583bf621bc3571dbc482174a40c44985f91151aa6cc529117e6.json,505f2cfbc34be97ad67df283c1cb08b2d31b225be258aec5e14707c6624b312e,0,141188.0,True,2025-10-30,stats,False,False
2025,1148,LS010,Janice Tjen,Linda Fruhvirtova,328818,329627,R16,2-6 6-3 6-2,completed,present,2025-10-27,2025-11-02,2025-10-30T09:22:03.52+00:00,False,2025-10-30T11:58:41.127+00:00,False,data/raw/wta/stats/_httpcache/2025/bcd6b70d85c9c583bf621bc3571dbc482174a40c44985f91151aa6cc529117e6.json,505f2cfbc34be97ad67df283c1cb08b2d31b225be258aec5e14707c6624b312e,0,141187.0,True,2025-10-30,stats,False,False
2025,1148,LS011,Mia Pohankova,Diane Parry,334183,327077,R16,6-3 6-4,completed,present,2025-10-27,2025-11-02,2025-10-30T16:38:37.83+00:00,False,2025-10-30T18:33:51.433+00:00,False,data/raw/wta/stats/_httpcache/2025/bcd6b70d85c9c583bf621bc3571dbc482174a40c44985f91151aa6cc529117e6.json,505f2cfbc34be97ad67df283c1cb08b2d31b225be258aec5e14707c6624b312e,0,141193.0,True,2025-10-30,stats,False,False
2025,1148,LS012,Kimberly Birrell,Shrivalli Bhamidipaty,320728,328071,R16,7-5 7-6(2),completed,present,2025-10-27,2025-11-02,2025-10-30T13:37:50.18+00:00,False,2025-10-30T16:09:44.717+00:00,False,data/raw/wta/stats/_httpcache/2025/bcd6b70d85c9c583bf621bc3571dbc482174a40c44985f91151aa6cc529117e6.json,505f2cfbc34be97ad67df283c1cb08b2d31b225be258aec5e14707c6624b312e,0,141191.0,True,2025-10-30,stats,False,False
2025,1148,LS013,Donna Vekic,Sahaja Yamalapalli,318516,331152,R16,6-2 6-2,completed,present,2025-10-27,2025-11-02,2025-10-30T12:03:58.777+00:00,False,2025-10-30T13:34:43.66+00:00,False,data/raw/wta/stats/_httpcache/2025/bcd6b70d85c9c583bf621bc3571dbc482174a40c44985f91151aa6cc529117e6.json,505f2cfbc34be97ad67df283c1cb08b2d31b225be258aec5e14707c6624b312e,0,141189.0,True,2025-10-30,stats,False,False
2025,1148,LS014,Arina Rodionova,Storm Hunter,312413,317810,R16,1-6 6-4 7-6(9),completed,present,2025-10-27,2025-11-02,2025-10-30T08:21:49.72+00:00,False,2025-10-30T11:10:12.623+00:00,False,data/raw/wta/stats/_httpcache/2025/bcd6b70d85c9c583bf621bc3571dbc482174a40c44985f91151aa6cc529117e6.json,505f2cfbc34be97ad67df283c1cb08b2d31b225be258aec5e14707c6624b312e,0,141186.0,True,2025-10-30,stats,False,False
2025,1148,LS015,Joanna Garland,Mei Yamaguchi,326512,325473,R16,5-7 7-5 7-5,completed,present,2025-10-27,2025-11-02,2025-10-30T13:04:53.29+00:00,False,2025-10-30T16:35:15.11+00:00,False,data/raw/wta/stats/_httpcache/2025/bcd6b70d85c9c583bf621bc3571dbc482174a40c44985f91151aa6cc529117e6.json,505f2cfbc34be97ad67df283c1cb08b2d31b225be258aec5e14707c6624b312e,0,141190.0,True,2025-10-30,stats,False,False
2025,1148,LS016,Zeynep Sonmez,Tatiana Prozorova,326907,330723,R32,7-5 6-4,completed,present,2025-10-27,2025-11-02,2025-10-29T12:51:26.113+00:00,False,2025-10-29T14:42:41.11+00:00,False,data/raw/wta/stats/_httpcache/2025/bcd6b70d85c9c583bf621bc3571dbc482174a40c44985f91151aa6cc529117e6.json,505f2cfbc34be97ad67df283c1cb08b2d31b225be258aec5e14707c6624b312e,0,141167.0,True,2025-10-29,stats,False,False
2025,1148,LS019,Katarzyna Kawa,Lucia Bronzetti,315806,322280,R32,6-7 6-0 6-2,completed,present,2025-10-27,2025-11-02,2025-10-29T09:44:46.157+00:00,False,2025-10-29T12:48:55.543+00:00,False,data/raw/wta/stats/_httpcache/2025/bcd6b70d85c9c583bf621bc3571dbc482174a40c44985f91151aa6cc529117e6.json,505f2cfbc34be97ad67df283c1cb08b2d31b225be258aec5e14707c6624b312e,0,141163.0,True,2025-10-29,stats,False,False
2025,1148,LS020,Janice Tjen,Caroline Werner,328818,319444,R32,6-4 6-7(5) 6-2,completed,present,2025-10-27,2025-11-02,2025-10-29T07:19:00.253+00:00,False,2025-10-29T09:46:38.6+00:00,False,data/raw/wta/stats/_httpcache/2025/bcd6b70d85c9c583bf621bc3571dbc482174a40c44985f91151aa6cc529117e6.json,505f2cfbc34be97ad67df283c1cb08b2d31b225be258aec5e14707c6624b312e,0,141161.0,True,2025-10-29,stats,False,False
2025,1148,LS021,Linda Fruhvirtova,Astrid Lew Yan Foon,329627,330713,R32,6-2 6-2,completed,present,2025-10-27,2025-11-02,2025-10-29T05:17:37.193+00:00,False,2025-10-29T07:00:29.33+00:00,False,data/raw/wta/stats/_httpcache/2025/bcd6b70d85c9c583bf621bc3571dbc482174a40c44985f91151aa6cc529117e6.json,505f2cfbc34be97ad67df283c1cb08b2d31b225be258aec5e14707c6624b312e,0,141156.0,True,2025-10-29,stats,False,False
2025,1148,LS022,Mia Pohankova,Nao Hibino,334183,320238,R32,7-5 6-1,completed,present,2025-10-27,2025-11-02,2025-10-29T11:42:43.937+00:00,False,2025-10-29T13:29:30.023+00:00,False,data/raw/wta/stats/_httpcache/2025/bcd6b70d85c9c583bf621bc3571dbc482174a40c44985f91151aa6cc529117e6.json,505f2cfbc34be97ad67df283c1cb08b2d31b225be258aec5e14707c6624b312e,0,141166.0,True,2025-10-29,stats,False,False
2025,1148,LS023,Diane Parry,Thasaporn Naklo,327077,327633,R32,6-2 6-0,completed,present,2025-10-27,2025-11-02,2025-10-29T11:14:42.49+00:00,False,2025-10-29T12:47:59.487+00:00,False,data/raw/wta/stats/_httpcache/2025/bcd6b70d85c9c583bf621bc3571dbc482174a40c44985f91151aa6cc529117e6.json,505f2cfbc34be97ad67df283c1cb08b2d31b225be258aec5e14707c6624b312e,0,141165.0,True,2025-10-29,stats,False,False
2025,1148,LS024,Kimberly Birrell,Nikola Bartunkova,320728,330364,R32,1-6 6-1 6-3,completed,present,2025-10-27,2025-11-02,2025-10-29T05:26:06.607+00:00,False,2025-10-29T07:40:12.927+00:00,False,data/raw/wta/stats/_httpcache/2025/bcd6b70d85c9c583bf621bc3571dbc482174a40c44985f91151aa6cc529117e6.json,505f2cfbc34be97ad67df283c1cb08b2d31b225be258aec5e14707c6624b312e,0,141158.0,True,2025-10-29,stats,False,False
2025,1148,LS025,Shrivalli Bhamidipaty,Maaya Rajeshwaran Revathi,328071,334512,R32,6-1 6-4,completed,present,2025-10-27,2025-11-02,2025-10-29T07:05:53.333+00:00,False,2025-10-29T08:26:12.753+00:00,False,data/raw/wta/stats/_httpcache/2025/bcd6b70d85c9c583bf621bc3571dbc482174a40c44985f91151aa6cc529117e6.json,505f2cfbc34be97ad67df283c1cb08b2d31b225be258aec5e14707c6624b312e,0,141159.0,True,2025-10-29,stats,False,False
2025,1148,LS026,Sahaja Yamalapalli,Priska Nugroho,331152,328797,R32,6-4 6-2,completed,present,2025-10-27,2025-11-02,2025-10-29T10:34:02.393+00:00,False,2025-10-29T12:42:52.643+00:00,False,data/raw/wta/stats/_httpcache/2025/bcd6b70d85c9c583bf621bc3571dbc482174a40c44985f91151aa6cc529117e6.json,505f2cfbc34be97ad67df283c1cb08b2d31b225be258aec5e14707c6624b312e,0,141164.0,True,2025-10-29,stats,False,False
2025,1148,LS027,Donna Vekic,Vaishnavi Adkar,318516,333018,R32,6-1 6-2,completed,present,2025-10-27,2025-11-02,2025-10-29T08:32:33.297+00:00,False,2025-10-29T10:24:29.533+00:00,False,data/raw/wta/stats/_httpcache/2025/bcd6b70d85c9c583bf621bc3571dbc482174a40c44985f91151aa6cc529117e6.json,505f2cfbc34be97ad67df283c1cb08b2d31b225be258aec5e14707c6624b312e,0,141162.0,True,2025-10-29,stats,False,False
2025,1148,LS029,Storm Hunter,Mai Hontama,317810,324750,R32,6-7(0) 6-2 6-4,completed,present,2025-10-27,2025-11-02,2025-10-29T07:15:38.68+00:00,False,2025-10-29T10:05:48.817+00:00,False,data/raw/wta/stats/_httpcache/2025/bcd6b70d85c9c583bf621bc3571dbc482174a40c44985f91151aa6cc529117e6.json,505f2cfbc34be97ad67df283c1cb08b2d31b225be258aec5e14707c6624b312e,0,141160.0,True,2025-10-29,stats,False,False
2025,1148,LS030,Joanna Garland,Arianne Hartono,326512,323451,R32,6-4 6-3,completed,present,2025-10-27,2025-11-02,2025-10-29T05:23:42.397+00:00,False,2025-10-29T07:11:20.827+00:00,False,data/raw/wta/stats/_httpcache/2025/bcd6b70d85c9c583bf621bc3571dbc482174a40c44985f91151aa6cc529117e6.json,505f2cfbc34be97ad67df283c1cb08b2d31b225be258aec5e14707c6624b312e,0,141157.0,True,2025-10-29,stats,False,False
2025,2012,LS001,Marketa Vondrousova,Xinyu Wang,323027,326376,F,7-6(10) 4-6 6-2,completed,present,2025-06-16,2025-06-22,2025-06-22T09:48:45.833+00:00,False,2025-06-22T12:23:09.497+00:00,False,data/raw/wta/stats/_httpcache/2025/4af5219d7239bb070d7082c216c7ed33a7c8df6211482378db148b0864c7f436.json,185006be37b2dab0e215c603433f497c9b8316fb60ed50acd2c6731004ec617f,0,138589.0,True,2025-06-22,stats,False,False
2025,2012,LS002,Marketa Vondrousova,Aryna Sabalenka,323027,320760,SF,6-2 6-4,completed,present,2025-06-16,2025-06-22,2025-06-21T09:38:01.377+00:00,False,2025-06-21T11:29:21.95+00:00,False,data/raw/wta/stats/_httpcache/2025/4af5219d7239bb070d7082c216c7ed33a7c8df6211482378db148b0864c7f436.json,185006be37b2dab0e215c603433f497c9b8316fb60ed50acd2c6731004ec617f,0,138578.0,True,2025-06-21,stats,False,False
2025,2012,LS003,Xinyu Wang,Liudmila Samsonova,326376,322222,SF,6-4 6-1,completed,present,2025-06-16,2025-06-22,2025-06-21T12:17:33.297+00:00,False,2025-06-21T13:54:45.117+00:00,False,data/raw/wta/stats/_httpcache/2025/4af5219d7239bb070d7082c216c7ed33a7c8df6211482378db148b0864c7f436.json,185006be37b2dab0e215c603433f497c9b8316fb60ed50acd2c6731004ec617f,0,138579.0,True,2025-06-21,stats,False,False
2025,2012,LS004,Aryna Sabalenka,Elena Rybakina,320760,324166,QF,7-6(6) 3-6 7-6(6),completed,present,2025-06-16,2025-06-22,2025-06-20T13:47:52.447+00:00,False,2025-06-20T16:52:22.413+00:00,False,data/raw/wta/stats/_httpcache/2025/4af5219d7239bb070d7082c216c7ed33a7c8df6211482378db148b0864c7f436.json,185006be37b2dab0e215c603433f497c9b8316fb60ed50acd2c6731004ec617f,0,138573.0,True,2025-06-20,stats,False,False
2025,2012,LS005,Marketa Vondrousova,Ons Jabeur,323027,316847,QF,6-4 6-1,completed,present,2025-06-16,2025-06-22,2025-06-20T09:24:51.363+00:00,False,2025-06-20T10:51:04.333+00:00,False,data/raw/wta/stats/_httpcache/2025/4af5219d7239bb070d7082c216c7ed33a7c8df6211482378db148b0864c7f436.json,185006be37b2dab0e215c603433f497c9b8316fb60ed50acd2c6731004ec617f,0,138572.0,True,2025-06-20,stats,False,False
2025,2012,LS006,Liudmila Samsonova,Amanda Anisimova,322222,326384,QF,6-1 6-1,completed,present,2025-06-16,2025-06-22,2025-06-20T16:53:55.013+00:00,False,2025-06-20T18:03:25.303+00:00,False,data/raw/wta/stats/_httpcache/2025/4af5219d7239bb070d7082c216c7ed33a7c8df6211482378db148b0864c7f436.json,185006be37b2dab0e215c603433f497c9b8316fb60ed50acd2c6731004ec617f,0,138574.0,True,2025-06-20,stats,False,False
2025,2012,LS008,Aryna Sabalenka,Rebeka Masarova,320760,322087,R16,6-2 7-6(6),completed,present,2025-06-16,2025-06-22,2025-06-18T17:32:19.197+00:00,False,2025-06-19T13:18:24.943+00:00,False,data/raw/wta/stats/_httpcache/2025/4af5219d7239bb070d7082c216c7ed33a7c8df6211482378db148b0864c7f436.json,185006be37b2dab0e215c603433f497c9b8316fb60ed50acd2c6731004ec617f,0,138559.0,True,2025-06-18,stats,False,False
2025,2012,LS009,Elena Rybakina,Katerina Siniakova,324166,320301,R16,6-4 7-6(5),completed,present,2025-06-16,2025-06-22,2025-06-19T13:20:41.503+00:00,False,2025-06-19T15:16:46.973+00:00,False,data/raw/wta/stats/_httpcache/2025/4af5219d7239bb070d7082c216c7ed33a7c8df6211482378db148b0864c7f436.json,185006be37b2dab0e215c603433f497c9b8316fb60ed50acd2c6731004ec617f,0,138565.0,True,2025-06-19,stats,False,False
2025,2012,LS010,Ons Jabeur,Jasmine Paolini,316847,319280,R16,6-1 6-3,completed,present,2025-06-16,2025-06-22,2025-06-18T11:30:59.173+00:00,False,2025-06-18T12:59:40.243+00:00,False,data/raw/wta/stats/_httpcache/2025/4af5219d7239bb070d7082c216c7ed33a7c8df6211482378db148b0864c7f436.json,185006be37b2dab0e215c603433f497c9b8316fb60ed50acd2c6731004ec617f,0,138557.0,True,2025-06-18,stats,False,False
2025,2012,LS011,Marketa Vondrousova,Diana Shnaider,323027,330482,R16,6-3 6-7(3) 6-3,completed,present,2025-06-16,2025-06-22,2025-06-19T09:20:22.35+00:00,False,2025-06-19T11:59:27.73+00:00,False,data/raw/wta/stats/_httpcache/2025/4af5219d7239bb070d7082c216c7ed33a7c8df6211482378db148b0864c7f436.json,185006be37b2dab0e215c603433f497c9b8316fb60ed50acd2c6731004ec617f,0,138564.0,True,2025-06-19,stats,False,False
2025,2012,LS012,Amanda Anisimova,Magdalena Frech,326384,320277,R16,6-2 4-6 6-3,completed,present,2025-06-16,2025-06-22,2025-06-19T15:49:09.21+00:00,False,2025-06-19T18:12:25.253+00:00,False,data/raw/wta/stats/_httpcache/2025/4af5219d7239bb070d7082c216c7ed33a7c8df6211482378db148b0864c7f436.json,185006be37b2dab0e215c603433f497c9b8316fb60ed50acd2c6731004ec617f,0,138567.0,True,2025-06-19,stats,False,False
2025,2012,LS013,Liudmila Samsonova,Jessica Pegula,322222,316956,R16,6-7(8) 7-5 7-6(5),completed,present,2025-06-16,2025-06-22,2025-06-18T13:47:08.147+00:00,False,2025-06-18T17:29:24.597+00:00,False,data/raw/wta/stats/_httpcache/2025/4af5219d7239bb070d7082c216c7ed33a7c8df6211482378db148b0864c7f436.json,185006be37b2dab0e215c603433f497c9b8316fb60ed50acd2c6731004ec617f,0,138558.0,True,2025-06-18,stats,False,False
2025,2012,LS014,Paula Badosa,Emma Navarro,320124,325410,R16,7-6(2) 6-3,completed,present,2025-06-16,2025-06-22,2025-06-18T09:19:05.9+00:00,False,2025-06-18T11:27:27.163+00:00,False,data/raw/wta/stats/_httpcache/2025/4af5219d7239bb070d7082c216c7ed33a7c8df6211482378db148b0864c7f436.json,185006be37b2dab0e215c603433f497c9b8316fb60ed50acd2c6731004ec617f,0,138556.0,True,2025-06-18,stats,False,False
2025,2012,LS015,Xinyu Wang,Coco Gauff,326376,328560,R16,6-3 6-3,completed,present,2025-06-16,2025-06-22,2025-06-19T15:18:59.47+00:00,False,2025-06-19T16:47:26.03+00:00,False,data/raw/wta/stats/_httpcache/2025/4af5219d7239bb070d7082c216c7ed33a7c8df6211482378db148b0864c7f436.json,185006be37b2dab0e215c603433f497c9b8316fb60ed50acd2c6731004ec617f,0,138566.0,True,2025-06-19,stats,False,False
2025,2012,LS017,Rebeka Masarova,Sofia Kenin,322087,320942,R32,6-3 6-2,completed,present,2025-06-16,2025-06-22,2025-06-16T12:40:44.64+00:00,False,2025-06-16T13:58:16.26+00:00,False,data/raw/wta/stats/_httpcache/2025/4af5219d7239bb070d7082c216c7ed33a7c8df6211482378db148b0864c7f436.json,185006be37b2dab0e215c603433f497c9b8316fb60ed50acd2c6731004ec617f,0,138534.0,True,2025-06-16,stats,False,False
2025,2012,LS018,Katerina Siniakova,Viktoriya Tomova,320301,317584,R32,6-1 6-2,completed,present,2025-06-16,2025-06-22,2025-06-16T09:20:55.637+00:00,False,2025-06-16T10:48:17.017+00:00,False,data/raw/wta/stats/_httpcache/2025/4af5219d7239bb070d7082c216c7ed33a7c8df6211482378db148b0864c7f436.json,185006be37b2dab0e215c603433f497c9b8316fb60ed50acd2c6731004ec617f,0,138531.0,True,2025-06-16,stats,False,False
2025,2012,LS019,Elena Rybakina,Ashlyn Krueger,324166,329409,R32,6-3 7-6(3),completed,present,2025-06-16,2025-06-22,2025-06-17T16:04:47.717+00:00,False,2025-06-17T17:55:27.777+00:00,False,data/raw/wta/stats/_httpcache/2025/4af5219d7239bb070d7082c216c7ed33a7c8df6211482378db148b0864c7f436.json,185006be37b2dab0e215c603433f497c9b8316fb60ed50acd2c6731004ec617f,0,138551.0,True,2025-06-17,stats,False,False
2025,2012,LS021,Ons Jabeur,Caroline Dolehide,316847,322052,R32,7-6(5) 6-1,completed,present,2025-06-16,2025-06-22,2025-06-16T10:57:42.02+00:00,False,2025-06-16T12:36:59.93+00:00,False,data/raw/wta/stats/_httpcache/2025/4af5219d7239bb070d7082c216c7ed33a7c8df6211482378db148b0864c7f436.json,185006be37b2dab0e215c603433f497c9b8316fb60ed50acd2c6731004ec617f,0,138533.0,True,2025-06-16,stats,False,False
2025,2012,LS022,Diana Shnaider,Donna Vekic,330482,318516,R32,6-2 6-4,completed,present,2025-06-16,2025-06-22,2025-06-17T14:22:01.147+00:00,False,2025-06-17T16:02:07.747+00:00,False,data/raw/wta/stats/_httpcache/2025/4af5219d7239bb070d7082c216c7ed33a7c8df6211482378db148b0864c7f436.json,185006be37b2dab0e215c603433f497c9b8316fb60ed50acd2c6731004ec617f,0,138550.0,True,2025-06-17,stats,False,False
2025,2012,LS023,Marketa Vondrousova,Madison Keys,323027,316959,R32,7-5 7-6(6),completed,present,2025-06-16,2025-06-22,2025-06-17T12:18:53.037+00:00,False,2025-06-17T14:19:56.963+00:00,False,data/raw/wta/stats/_httpcache/2025/4af5219d7239bb070d7082c216c7ed33a7c8df6211482378db148b0864c7f436.json,185006be37b2dab0e215c603433f497c9b8316fb60ed50acd2c6731004ec617f,0,138548.0,True,2025-06-17,stats,False,False
2025,2012,LS024,Magdalena Frech,Mirra Andreeva,320277,331809,R32,2-6 7-5 6-0,completed,present,2025-06-16,2025-06-22,2025-06-16T13:51:55.553+00:00,False,2025-06-16T16:16:18.483+00:00,False,data/raw/wta/stats/_httpcache/2025/4af5219d7239bb070d7082c216c7ed33a7c8df6211482378db148b0864c7f436.json,185006be37b2dab0e215c603433f497c9b8316fb60ed50acd2c6731004ec617f,0,138535.0,True,2025-06-16,stats,False,False
2025,2012,LS025,Amanda Anisimova,Bianca Andreescu,326384,325088,R32,6-4 6-3,completed,present,2025-06-16,2025-06-22,2025-06-17T13:51:01.653+00:00,False,2025-06-17T15:11:54.68+00:00,False,data/raw/wta/stats/_httpcache/2025/4af5219d7239bb070d7082c216c7ed33a7c8df6211482378db148b0864c7f436.json,185006be37b2dab0e215c603433f497c9b8316fb60ed50acd2c6731004ec617f,0,138549.0,True,2025-06-17,stats,False,False
2025,2012,LS026,Liudmila Samsonova,Naomi Osaka,322222,319998,R32,3-6 7-6(3) 6-4,completed,present,2025-06-16,2025-06-22,2025-06-17T09:23:00.283+00:00,False,2025-06-17T12:15:23.223+00:00,False,data/raw/wta/stats/_httpcache/2025/4af5219d7239bb070d7082c216c7ed33a7c8df6211482378db148b0864c7f436.json,185006be37b2dab0e215c603433f497c9b8316fb60ed50acd2c6731004ec617f,0,138547.0,True,2025-06-17,stats,False,False
2025,2012,LS028,Paula Badosa,Eva Lys,320124,325826,R32,6-1 6-3,completed,present,2025-06-16,2025-06-22,2025-06-16T16:18:41.59+00:00,False,2025-06-16T17:33:12.13+00:00,False,data/raw/wta/stats/_httpcache/2025/4af5219d7239bb070d7082c216c7ed33a7c8df6211482378db148b0864c7f436.json,185006be37b2dab0e215c603433f497c9b8316fb60ed50acd2c6731004ec617f,0,138536.0,True,2025-06-16,stats,False,False
2025,2012,LS029,Emma Navarro,Marta Kostyuk,325410,326482,R32,6-2 6-3,completed,ambiguous,2025-06-16,2025-06-22,2025-06-16T09:23:47.42+00:00,False,2025-06-16T10:56:06.363+00:00,False,data/raw/wta/stats/_httpcache/2025/4af5219d7239bb070d7082c216c7ed33a7c8df6211482378db148b0864c7f436.json,185006be37b2dab0e215c603433f497c9b8316fb60ed50acd2c6731004ec617f,0,,,,,False,False
2025,2012,LS030,Xinyu Wang,Daria Kasatkina,326376,322082,R32,6-3 6-2,completed,present,2025-06-16,2025-06-22,2025-06-17T09:21:38.113+00:00,False,2025-06-17T10:45:11.48+00:00,False,data/raw/wta/stats/_httpcache/2025/4af5219d7239bb070d7082c216c7ed33a7c8df6211482378db148b0864c7f436.json,185006be37b2dab0e215c603433f497c9b8316fb60ed50acd2c6731004ec617f,0,138546.0,True,2025-06-17,stats,False,False
2025,2014,LS001,Madison Keys,Jessica Pegula,316959,316956,F,6-3 4-6 6-1,completed,present,2025-01-06,2025-01-11,2025-01-11T05:57:25.08+00:00,False,2025-01-11T07:57:07.263+00:00,False,data/raw/wta/stats/_httpcache/2025/984c61664a56526d3f6a2f448563b5d262b0a7f21f27b4472ca55ebbc2170638.json,3ae3cf83b9bc2beefefcce994200ee28a51d7996bc0e102e2da084d9a8455711,0,136426.0,True,2025-01-11,stats,False,False
2025,2014,LS002,Jessica Pegula,Yulia Putintseva,316956,317683,SF,7-6(4) 6-3,completed,present,2025-01-06,2025-01-11,2025-01-10T09:12:25.117+00:00,False,2025-01-10T11:08:41.553+00:00,False,data/raw/wta/stats/_httpcache/2025/984c61664a56526d3f6a2f448563b5d262b0a7f21f27b4472ca55ebbc2170638.json,3ae3cf83b9bc2beefefcce994200ee28a51d7996bc0e102e2da084d9a8455711,0,136423.0,True,2025-01-10,stats,False,False
2025,2014,LS005,Yulia Putintseva,Diana Shnaider,317683,330482,QF,7-6(3) 6-7(9) 6-4,completed,present,2025-01-06,2025-01-11,2025-01-09T09:15:06.037+00:00,False,2025-01-09T12:54:32.643+00:00,False,data/raw/wta/stats/_httpcache/2025/984c61664a56526d3f6a2f448563b5d262b0a7f21f27b4472ca55ebbc2170638.json,3ae3cf83b9bc2beefefcce994200ee28a51d7996bc0e102e2da084d9a8455711,0,136418.0,True,2025-01-09,stats,False,False
2025,2014,LS006,Madison Keys,Daria Kasatkina,316959,322082,QF,6-1 6-3,completed,present,2025-01-06,2025-01-11,2025-01-09T07:32:26.163+00:00,False,2025-01-09T09:07:03.49+00:00,False,data/raw/wta/stats/_httpcache/2025/984c61664a56526d3f6a2f448563b5d262b0a7f21f27b4472ca55ebbc2170638.json,3ae3cf83b9bc2beefefcce994200ee28a51d7996bc0e102e2da084d9a8455711,0,136417.0,True,2025-01-09,stats,False,False
2025,2014,LS007,Liudmila Samsonova,Emma Navarro,322222,325410,QF,6-4 6-4,completed,present,2025-01-06,2025-01-11,2025-01-09T00:12:28.993+00:00,False,2025-01-09T02:01:15.127+00:00,False,data/raw/wta/stats/_httpcache/2025/984c61664a56526d3f6a2f448563b5d262b0a7f21f27b4472ca55ebbc2170638.json,3ae3cf83b9bc2beefefcce994200ee28a51d7996bc0e102e2da084d9a8455711,0,136416.0,True,2025-01-09,stats,False,False
2025,2014,LS008,Jessica Pegula,Maria Sakkari,316956,318312,R16,6-4 6-1,completed,present,2025-01-06,2025-01-11,2025-01-08T02:44:24.913+00:00,False,2025-01-08T04:10:43.873+00:00,False,data/raw/wta/stats/_httpcache/2025/984c61664a56526d3f6a2f448563b5d262b0a7f21f27b4472ca55ebbc2170638.json,3ae3cf83b9bc2beefefcce994200ee28a51d7996bc0e102e2da084d9a8455711,0,136406.0,True,2025-01-08,stats,False,False
2025,2014,LS009,Ashlyn Krueger,Paula Badosa,329409,320124,R16,7-6(4) 6-7(4) 6-2,completed,present,2025-01-06,2025-01-11,2025-01-08T05:12:55.737+00:00,False,2025-01-08T07:51:37.99+00:00,False,data/raw/wta/stats/_httpcache/2025/984c61664a56526d3f6a2f448563b5d262b0a7f21f27b4472ca55ebbc2170638.json,3ae3cf83b9bc2beefefcce994200ee28a51d7996bc0e102e2da084d9a8455711,0,136408.0,True,2025-01-08,stats,False,False
2025,2014,LS010,Yulia Putintseva,Ons Jabeur,317683,316847,R16,6-2 6-4,completed,present,2025-01-06,2025-01-11,2025-01-08T10:19:01.473+00:00,False,2025-01-08T11:52:24.01+00:00,False,data/raw/wta/stats/_httpcache/2025/984c61664a56526d3f6a2f448563b5d262b0a7f21f27b4472ca55ebbc2170638.json,3ae3cf83b9bc2beefefcce994200ee28a51d7996bc0e102e2da084d9a8455711,0,136410.0,True,2025-01-08,stats,False,False
2025,2014,LS012,Madison Keys,Jelena Ostapenko,316959,319939,R16,3-6 6-4 6-3,completed,present,2025-01-06,2025-01-11,2025-01-08T07:56:06.267+00:00,False,2025-01-08T10:15:10.58+00:00,False,data/raw/wta/stats/_httpcache/2025/984c61664a56526d3f6a2f448563b5d262b0a7f21f27b4472ca55ebbc2170638.json,3ae3cf83b9bc2beefefcce994200ee28a51d7996bc0e102e2da084d9a8455711,0,136409.0,True,2025-01-08,stats,False,False
2025,2014,LS013,Daria Kasatkina,Emerson Jones,322082,333111,R16,7-5 6-3,completed,present,2025-01-06,2025-01-11,2025-01-08T11:20:02.51+00:00,False,2025-01-08T13:00:33.477+00:00,False,data/raw/wta/stats/_httpcache/2025/984c61664a56526d3f6a2f448563b5d262b0a7f21f27b4472ca55ebbc2170638.json,3ae3cf83b9bc2beefefcce994200ee28a51d7996bc0e102e2da084d9a8455711,0,136411.0,True,2025-01-08,stats,False,False
2025,2014,LS014,Liudmila Samsonova,Belinda Bencic,322222,319001,R16,7-6(3) 4-6 6-4,completed,present,2025-01-06,2025-01-11,2025-01-08T04:24:02.647+00:00,False,2025-01-08T07:33:14.033+00:00,False,data/raw/wta/stats/_httpcache/2025/984c61664a56526d3f6a2f448563b5d262b0a7f21f27b4472ca55ebbc2170638.json,3ae3cf83b9bc2beefefcce994200ee28a51d7996bc0e102e2da084d9a8455711,0,136407.0,True,2025-01-08,stats,False,False
2025,2014,LS015,Emma Navarro,Ekaterina Alexandrova,325410,319007,R16,7-6(4) 6-4,completed,present,2025-01-06,2025-01-11,2025-01-08T00:14:56.613+00:00,False,2025-01-08T02:38:19.017+00:00,False,data/raw/wta/stats/_httpcache/2025/984c61664a56526d3f6a2f448563b5d262b0a7f21f27b4472ca55ebbc2170638.json,3ae3cf83b9bc2beefefcce994200ee28a51d7996bc0e102e2da084d9a8455711,0,136405.0,True,2025-01-08,stats,False,False
2025,2014,LS017,Maria Sakkari,Linda Noskova,318312,329668,R32,6-3 6-3,completed,present,2025-01-06,2025-01-11,2025-01-07T01:46:31.303+00:00,False,2025-01-07T03:15:27.403+00:00,False,data/raw/wta/stats/_httpcache/2025/984c61664a56526d3f6a2f448563b5d262b0a7f21f27b4472ca55ebbc2170638.json,3ae3cf83b9bc2beefefcce994200ee28a51d7996bc0e102e2da084d9a8455711,0,136392.0,True,2025-01-07,stats,False,False
2025,2014,LS018,Ashlyn Krueger,Marta Kostyuk,329409,326482,R32,4-6 6-2 6-2,completed,present,2025-01-06,2025-01-11,2025-01-07T06:40:34.507+00:00,False,2025-01-07T08:36:38.813+00:00,False,data/raw/wta/stats/_httpcache/2025/984c61664a56526d3f6a2f448563b5d262b0a7f21f27b4472ca55ebbc2170638.json,3ae3cf83b9bc2beefefcce994200ee28a51d7996bc0e102e2da084d9a8455711,0,136396.0,True,2025-01-07,stats,False,False
2025,2014,LS019,Paula Badosa,Peyton Stearns,320124,327573,R32,6-7(5) 6-3 7-5,completed,present,2025-01-06,2025-01-11,2025-01-06T07:52:01.567+00:00,False,2025-01-06T10:52:35.287+00:00,False,data/raw/wta/stats/_httpcache/2025/984c61664a56526d3f6a2f448563b5d262b0a7f21f27b4472ca55ebbc2170638.json,3ae3cf83b9bc2beefefcce994200ee28a51d7996bc0e102e2da084d9a8455711,0,136381.0,True,2025-01-06,stats,False,False
2025,2014,LS020,Ons Jabeur,Danielle Collins,316847,316925,R32,7-6(6) 6-2,completed,present,2025-01-06,2025-01-11,2025-01-07T10:08:57.923+00:00,False,2025-01-07T11:50:44.673+00:00,False,data/raw/wta/stats/_httpcache/2025/984c61664a56526d3f6a2f448563b5d262b0a7f21f27b4472ca55ebbc2170638.json,3ae3cf83b9bc2beefefcce994200ee28a51d7996bc0e102e2da084d9a8455711,0,136397.0,True,2025-01-07,stats,False,False
2025,2014,LS021,Yulia Putintseva,Donna Vekic,317683,318516,R32,6-2 6-3,completed,present,2025-01-06,2025-01-11,2025-01-06T00:13:18.193+00:00,False,2025-01-06T02:12:32+00:00,False,data/raw/wta/stats/_httpcache/2025/984c61664a56526d3f6a2f448563b5d262b0a7f21f27b4472ca55ebbc2170638.json,3ae3cf83b9bc2beefefcce994200ee28a51d7996bc0e102e2da084d9a8455711,0,136376.0,True,2025-01-06,stats,False,False
2025,2014,LS022,Marketa Vondrousova,Anastasia Pavlyuchenkova,323027,313796,R32,6-4 6-7(4) 6-2,completed,present,2025-01-06,2025-01-11,2025-01-06T04:28:04.16+00:00,False,2025-01-06T07:23:56.3+00:00,False,data/raw/wta/stats/_httpcache/2025/984c61664a56526d3f6a2f448563b5d262b0a7f21f27b4472ca55ebbc2170638.json,3ae3cf83b9bc2beefefcce994200ee28a51d7996bc0e102e2da084d9a8455711,0,136380.0,True,2025-01-06,stats,False,False
2025,2014,LS023,Diana Shnaider,Katerina Siniakova,330482,320301,R32,6-3 0-6 6-0,completed,present,2025-01-06,2025-01-11,2025-01-07T04:38:53.25+00:00,False,2025-01-07T06:37:53.437+00:00,False,data/raw/wta/stats/_httpcache/2025/984c61664a56526d3f6a2f448563b5d262b0a7f21f27b4472ca55ebbc2170638.json,3ae3cf83b9bc2beefefcce994200ee28a51d7996bc0e102e2da084d9a8455711,0,136395.0,True,2025-01-07,stats,False,False
2025,2014,LS024,Jelena Ostapenko,Magdalena Frech,319939,320277,R32,4-6 6-1 6-1,completed,present,2025-01-06,2025-01-11,2025-01-07T03:59:01.333+00:00,False,2025-01-07T06:17:58.117+00:00,False,data/raw/wta/stats/_httpcache/2025/984c61664a56526d3f6a2f448563b5d262b0a7f21f27b4472ca55ebbc2170638.json,3ae3cf83b9bc2beefefcce994200ee28a51d7996bc0e102e2da084d9a8455711,0,136394.0,True,2025-01-07,stats,False,False
2025,2014,LS025,Madison Keys,Beatriz Haddad Maia,316959,318176,R32,6-2 6-1,completed,present,2025-01-06,2025-01-11,2025-01-07T00:17:35.93+00:00,False,2025-01-07T01:42:19.393+00:00,False,data/raw/wta/stats/_httpcache/2025/984c61664a56526d3f6a2f448563b5d262b0a7f21f27b4472ca55ebbc2170638.json,3ae3cf83b9bc2beefefcce994200ee28a51d7996bc0e102e2da084d9a8455711,0,136391.0,True,2025-01-07,stats,False,False
2025,2014,LS026,Emerson Jones,Xinyu Wang,333111,326376,R32,6-4 6-0,completed,present,2025-01-06,2025-01-11,2025-01-06T00:20:04.73+00:00,False,2025-01-06T01:53:00.543+00:00,False,data/raw/wta/stats/_httpcache/2025/984c61664a56526d3f6a2f448563b5d262b0a7f21f27b4472ca55ebbc2170638.json,3ae3cf83b9bc2beefefcce994200ee28a51d7996bc0e102e2da084d9a8455711,0,136377.0,True,2025-01-06,stats,False,False
2025,2014,LS027,Daria Kasatkina,Olivia Gadecki,322082,326653,R32,6-2 6-3,completed,present,2025-01-06,2025-01-11,2025-01-06T02:16:45.78+00:00,False,2025-01-06T03:55:28.413+00:00,False,data/raw/wta/stats/_httpcache/2025/984c61664a56526d3f6a2f448563b5d262b0a7f21f27b4472ca55ebbc2170638.json,3ae3cf83b9bc2beefefcce994200ee28a51d7996bc0e102e2da084d9a8455711,0,136379.0,True,2025-01-06,stats,False,False
2025,2014,LS029,Liudmila Samsonova,Marie Bouzkova,322222,320983,R32,1-6 6-4 6-1,completed,present,2025-01-06,2025-01-11,2025-01-07T02:00:39.167+00:00,False,2025-01-07T04:35:36.673+00:00,False,data/raw/wta/stats/_httpcache/2025/984c61664a56526d3f6a2f448563b5d262b0a7f21f27b4472ca55ebbc2170638.json,3ae3cf83b9bc2beefefcce994200ee28a51d7996bc0e102e2da084d9a8455711,0,136393.0,True,2025-01-07,stats,False,False
2025,2014,LS030,Ekaterina Alexandrova,Leylah Fernandez,319007,326735,R32,6-4 3-6 6-2,completed,present,2025-01-06,2025-01-11,2025-01-06T01:55:31.61+00:00,False,2025-01-06T04:24:57.877+00:00,False,data/raw/wta/stats/_httpcache/2025/984c61664a56526d3f6a2f448563b5d262b0a7f21f27b4472ca55ebbc2170638.json,3ae3cf83b9bc2beefefcce994200ee28a51d7996bc0e102e2da084d9a8455711,0,136378.0,True,2025-01-06,stats,False,False
2025,2017,LS001,Jessica Pegula,Iga Swiatek,316956,326408,F,6-4 7-5,completed,present,2025-06-22,2025-06-28,2025-06-28T11:13:57.657+00:00,False,2025-06-28T13:30:22.227+00:00,False,data/raw/wta/stats/_httpcache/2025/52e8b6b734872573dd49edc9871561418714bac82d52678c248ba07c954b3a27.json,5981087446dbf3339520f44f8b6c16969821128b905a412966f4923bf65cad92,0,138649.0,True,2025-06-28,stats,False,False
2025,2017,LS002,Jessica Pegula,Linda Noskova,316956,329668,SF,6-7(2) 7-5 6-1,completed,present,2025-06-22,2025-06-28,2025-06-27T12:51:00.64+00:00,False,2025-06-27T15:15:18.19+00:00,False,data/raw/wta/stats/_httpcache/2025/52e8b6b734872573dd49edc9871561418714bac82d52678c248ba07c954b3a27.json,5981087446dbf3339520f44f8b6c16969821128b905a412966f4923bf65cad92,0,138646.0,True,2025-06-27,stats,False,False
2025,2017,LS003,Iga Swiatek,Jasmine Paolini,326408,319280,SF,6-1 6-3,completed,present,2025-06-22,2025-06-28,2025-06-27T11:01:33.003+00:00,False,2025-06-27T12:32:40.317+00:00,False,data/raw/wta/stats/_httpcache/2025/52e8b6b734872573dd49edc9871561418714bac82d52678c248ba07c954b3a27.json,5981087446dbf3339520f44f8b6c16969821128b905a412966f4923bf65cad92,0,138645.0,True,2025-06-27,stats,False,False
2025,2017,LS004,Jessica Pegula,Emma Navarro,316956,325410,QF,6-4 1-6 6-3,completed,present,2025-06-22,2025-06-28,2025-06-26T14:54:28.607+00:00,False,2025-06-26T17:23:45.253+00:00,False,data/raw/wta/stats/_httpcache/2025/52e8b6b734872573dd49edc9871561418714bac82d52678c248ba07c954b3a27.json,5981087446dbf3339520f44f8b6c16969821128b905a412966f4923bf65cad92,0,138639.0,True,2025-06-26,stats,False,False
2025,2017,LS005,Linda Noskova,Mirra Andreeva,329668,331809,QF,6-3 6-3,completed,present,2025-06-22,2025-06-28,2025-06-26T17:26:37.123+00:00,False,2025-06-26T19:00:19.04+00:00,False,data/raw/wta/stats/_httpcache/2025/52e8b6b734872573dd49edc9871561418714bac82d52678c248ba07c954b3a27.json,5981087446dbf3339520f44f8b6c16969821128b905a412966f4923bf65cad92,0,138640.0,True,2025-06-26,stats,False,False
2025,2017,LS006,Iga Swiatek,Ekaterina Alexandrova,326408,319007,QF,6-4 7-6(5),completed,present,2025-06-22,2025-06-28,2025-06-26T11:16:23.557+00:00,False,2025-06-26T14:50:51.77+00:00,False,data/raw/wta/stats/_httpcache/2025/52e8b6b734872573dd49edc9871561418714bac82d52678c248ba07c954b3a27.json,5981087446dbf3339520f44f8b6c16969821128b905a412966f4923bf65cad92,0,138638.0,True,2025-06-26,stats,False,False
2025,2017,LS007,Jasmine Paolini,Beatriz Haddad Maia,319280,318176,QF,7-5 7-5,completed,present,2025-06-22,2025-06-28,2025-06-26T09:19:45.05+00:00,False,2025-06-26T11:13:46.417+00:00,False,data/raw/wta/stats/_httpcache/2025/52e8b6b734872573dd49edc9871561418714bac82d52678c248ba07c954b3a27.json,5981087446dbf3339520f44f8b6c16969821128b905a412966f4923bf65cad92,0,138637.0,True,2025-06-26,stats,False,False
2025,2017,LS008,Jessica Pegula,Katerina Siniakova,316956,320301,R16,6-2 6-3,completed,present,2025-06-22,2025-06-28,2025-06-24T12:16:02.887+00:00,False,2025-06-24T13:36:51.713+00:00,False,data/raw/wta/stats/_httpcache/2025/52e8b6b734872573dd49edc9871561418714bac82d52678c248ba07c954b3a27.json,5981087446dbf3339520f44f8b6c16969821128b905a412966f4923bf65cad92,0,138612.0,True,2025-06-24,stats,False,False
2025,2017,LS009,Emma Navarro,Naomi Osaka,325410,319998,R16,6-4 6-4,completed,present,2025-06-22,2025-06-28,2025-06-24T15:50:09.5+00:00,False,2025-06-24T17:34:17.48+00:00,False,data/raw/wta/stats/_httpcache/2025/52e8b6b734872573dd49edc9871561418714bac82d52678c248ba07c954b3a27.json,5981087446dbf3339520f44f8b6c16969821128b905a412966f4923bf65cad92,0,138614.0,True,2025-06-24,stats,False,False
2025,2017,LS010,Mirra Andreeva,Clara Tauson,331809,327793,R16,3-6 6-3 6-1,completed,present,2025-06-22,2025-06-28,2025-06-25T16:50:51.717+00:00,False,2025-06-25T18:55:08.72+00:00,False,data/raw/wta/stats/_httpcache/2025/52e8b6b734872573dd49edc9871561418714bac82d52678c248ba07c954b3a27.json,5981087446dbf3339520f44f8b6c16969821128b905a412966f4923bf65cad92,0,138628.0,True,2025-06-25,stats,False,False
2025,2017,LS011,Linda Noskova,Donna Vekic,329668,318516,R16,2-6 6-2 6-4,completed,present,2025-06-22,2025-06-28,2025-06-25T14:44:07.19+00:00,False,2025-06-25T16:48:25.05+00:00,False,data/raw/wta/stats/_httpcache/2025/52e8b6b734872573dd49edc9871561418714bac82d52678c248ba07c954b3a27.json,5981087446dbf3339520f44f8b6c16969821128b905a412966f4923bf65cad92,0,138627.0,True,2025-06-25,stats,False,False
2025,2017,LS012,Ekaterina Alexandrova,Maria Sakkari,319007,318312,R16,6-3 6-7(2) 6-3,completed,present,2025-06-22,2025-06-28,2025-06-25T09:20:45.323+00:00,False,2025-06-25T11:52:34.997+00:00,False,data/raw/wta/stats/_httpcache/2025/52e8b6b734872573dd49edc9871561418714bac82d52678c248ba07c954b3a27.json,5981087446dbf3339520f44f8b6c16969821128b905a412966f4923bf65cad92,0,138625.0,True,2025-06-25,stats,False,False
2025,2017,LS013,Iga Swiatek,Victoria Azarenka,326408,312001,R16,6-4 6-4,completed,present,2025-06-22,2025-06-28,2025-06-24T13:53:18.6+00:00,False,2025-06-24T15:47:20.277+00:00,False,data/raw/wta/stats/_httpcache/2025/52e8b6b734872573dd49edc9871561418714bac82d52678c248ba07c954b3a27.json,5981087446dbf3339520f44f8b6c16969821128b905a412966f4923bf65cad92,0,138613.0,True,2025-06-24,stats,False,False
2025,2017,LS014,Beatriz Haddad Maia,Elina Svitolina,318176,316738,R16,3-6 6-4 7-6(7),completed,present,2025-06-22,2025-06-28,2025-06-25T11:55:48.61+00:00,False,2025-06-25T14:38:26.033+00:00,False,data/raw/wta/stats/_httpcache/2025/52e8b6b734872573dd49edc9871561418714bac82d52678c248ba07c954b3a27.json,5981087446dbf3339520f44f8b6c16969821128b905a412966f4923bf65cad92,0,138626.0,True,2025-06-25,stats,False,False
2025,2017,LS015,Jasmine Paolini,Leylah Fernandez,319280,326735,R16,7-6(8) 7-6(6),completed,present,2025-06-22,2025-06-28,2025-06-24T09:23:08.337+00:00,False,2025-06-24T12:13:25.333+00:00,False,data/raw/wta/stats/_httpcache/2025/52e8b6b734872573dd49edc9871561418714bac82d52678c248ba07c954b3a27.json,5981087446dbf3339520f44f8b6c16969821128b905a412966f4923bf65cad92,0,138611.0,True,2025-06-24,stats,False,False
2025,2017,LS017,Katerina Siniakova,Veronika Kudermetova,320301,319526,R32,7-6(4) 7-5,completed,present,2025-06-22,2025-06-28,2025-06-23T13:06:53.077+00:00,False,2025-06-23T15:16:42.667+00:00,False,data/raw/wta/stats/_httpcache/2025/52e8b6b734872573dd49edc9871561418714bac82d52678c248ba07c954b3a27.json,5981087446dbf3339520f44f8b6c16969821128b905a412966f4923bf65cad92,0,138601.0,True,2025-06-23,stats,False,False
2025,2017,LS018,Naomi Osaka,Olga Danilovic,319998,324934,R32,7-6(6) 7-6(4),completed,present,2025-06-22,2025-06-28,2025-06-23T13:48:10.197+00:00,False,2025-06-23T16:14:39.313+00:00,False,data/raw/wta/stats/_httpcache/2025/52e8b6b734872573dd49edc9871561418714bac82d52678c248ba07c954b3a27.json,5981087446dbf3339520f44f8b6c16969821128b905a412966f4923bf65cad92,0,138602.0,True,2025-06-23,stats,False,False
2025,2017,LS019,Emma Navarro,Marta Kostyuk,325410,326482,R32,6-2 7-5,completed,present,2025-06-22,2025-06-28,2025-06-22T12:06:54.26+00:00,False,2025-06-22T14:01:47.173+00:00,False,data/raw/wta/stats/_httpcache/2025/52e8b6b734872573dd49edc9871561418714bac82d52678c248ba07c954b3a27.json,5981087446dbf3339520f44f8b6c16969821128b905a412966f4923bf65cad92,0,138594.0,True,2025-06-22,stats,False,False
2025,2017,LS021,Clara Tauson,Magdalena Frech,327793,320277,R32,6-7(6) 6-3 6-3,completed,present,2025-06-22,2025-06-28,2025-06-23T09:21:50.047+00:00,False,2025-06-23T13:04:59.527+00:00,False,data/raw/wta/stats/_httpcache/2025/52e8b6b734872573dd49edc9871561418714bac82d52678c248ba07c954b3a27.json,5981087446dbf3339520f44f8b6c16969821128b905a412966f4923bf65cad92,0,138598.0,True,2025-06-23,stats,False,False
2025,2017,LS022,Linda Noskova,Ajla Tomljanovic,329668,315232,R32,6-3 6-2,completed,present,2025-06-22,2025-06-28,2025-06-23T09:26:15.65+00:00,False,2025-06-23T11:47:15.86+00:00,False,data/raw/wta/stats/_httpcache/2025/52e8b6b734872573dd49edc9871561418714bac82d52678c248ba07c954b3a27.json,5981087446dbf3339520f44f8b6c16969821128b905a412966f4923bf65cad92,0,138599.0,True,2025-06-23,stats,False,False
2025,2017,LS023,Donna Vekic,Diana Shnaider,318516,330482,R32,6-3 6-3,completed,present,2025-06-22,2025-06-28,2025-06-23T11:50:24.4+00:00,False,2025-06-23T13:23:32.423+00:00,False,data/raw/wta/stats/_httpcache/2025/52e8b6b734872573dd49edc9871561418714bac82d52678c248ba07c954b3a27.json,5981087446dbf3339520f44f8b6c16969821128b905a412966f4923bf65cad92,0,138600.0,True,2025-06-23,stats,False,False
2025,2017,LS024,Ekaterina Alexandrova,Belinda Bencic,319007,319001,R32,6-1 6-2,completed,present,2025-06-22,2025-06-28,2025-06-23T09:13:34.433+00:00,False,2025-06-23T11:47:50.973+00:00,False,data/raw/wta/stats/_httpcache/2025/52e8b6b734872573dd49edc9871561418714bac82d52678c248ba07c954b3a27.json,5981087446dbf3339520f44f8b6c16969821128b905a412966f4923bf65cad92,0,138597.0,True,2025-06-23,stats,False,False
2025,2017,LS025,Maria Sakkari,Yulia Putintseva,318312,317683,R32,7-5 7-6(6),completed,present,2025-06-22,2025-06-28,2025-06-22T09:23:41.003+00:00,False,2025-06-22T12:03:22.92+00:00,False,data/raw/wta/stats/_httpcache/2025/52e8b6b734872573dd49edc9871561418714bac82d52678c248ba07c954b3a27.json,5981087446dbf3339520f44f8b6c16969821128b905a412966f4923bf65cad92,0,138593.0,True,2025-06-22,stats,False,False
2025,2017,LS026,Victoria Azarenka,Laura Siegemund,312001,310926,R32,6-2 6-2,completed,present,2025-06-22,2025-06-28,2025-06-23T15:17:55.823+00:00,False,2025-06-23T16:50:37.567+00:00,False,data/raw/wta/stats/_httpcache/2025/52e8b6b734872573dd49edc9871561418714bac82d52678c248ba07c954b3a27.json,5981087446dbf3339520f44f8b6c16969821128b905a412966f4923bf65cad92,0,138603.0,True,2025-06-23,stats,False,False
2025,2017,LS028,Elina Svitolina,Elise Mertens,316738,317964,R32,7-5 6-4,completed,present,2025-06-22,2025-06-28,2025-06-22T15:44:14+00:00,False,2025-06-22T17:34:48.373+00:00,False,data/raw/wta/stats/_httpcache/2025/52e8b6b734872573dd49edc9871561418714bac82d52678c248ba07c954b3a27.json,5981087446dbf3339520f44f8b6c16969821128b905a412966f4923bf65cad92,0,138596.0,True,2025-06-22,stats,False,False
2025,2017,LS029,Beatriz Haddad Maia,Ashlyn Krueger,318176,329409,R32,6-1 6-4,completed,present,2025-06-22,2025-06-28,2025-06-24T09:25:06.307+00:00,False,2025-06-24T10:49:40.367+00:00,False,data/raw/wta/stats/_httpcache/2025/52e8b6b734872573dd49edc9871561418714bac82d52678c248ba07c954b3a27.json,5981087446dbf3339520f44f8b6c16969821128b905a412966f4923bf65cad92,0,138610.0,True,2025-06-24,stats,False,False
2025,2017,LS030,Leylah Fernandez,Tatjana Maria,326735,310440,R32,6-0 7-6(1),completed,present,2025-06-22,2025-06-28,2025-06-22T14:07:05.903+00:00,False,2025-06-22T15:40:55.85+00:00,False,data/raw/wta/stats/_httpcache/2025/52e8b6b734872573dd49edc9871561418714bac82d52678c248ba07c954b3a27.json,5981087446dbf3339520f44f8b6c16969821128b905a412966f4923bf65cad92,0,138595.0,True,2025-06-22,stats,False,False
2025,2040,LS001,Sorana Cirstea,Ann Li,312469,326096,F,6-2 6-4,completed,present,2025-08-17,2025-08-23,2025-08-23T18:15:12.107+00:00,False,2025-08-23T20:04:16.85+00:00,False,data/raw/wta/stats/_httpcache/2025/a0a2c4ff303a03d3ea248836493c334f56324aabdb00d988458af59310241f8e.json,b5dc2c02f897127a7bbd755c4c602bd5f931479c2b4bc690c6017b3a6e1c799c,0,139652.0,True,2025-08-23,stats,False,False
2025,2040,LS002,Sorana Cirstea,Anastasia Zakharova,312469,327367,SF,6-1 7-5,completed,present,2025-08-17,2025-08-23,2025-08-22T21:17:07.113+00:00,False,2025-08-22T22:56:26.003+00:00,False,data/raw/wta/stats/_httpcache/2025/a0a2c4ff303a03d3ea248836493c334f56324aabdb00d988458af59310241f8e.json,b5dc2c02f897127a7bbd755c4c602bd5f931479c2b4bc690c6017b3a6e1c799c,0,139634.0,True,2025-08-22,stats,False,False
2025,2040,LS003,Ann Li,Xinyu Wang,326096,326376,SF,6-3 5-7 6-4,completed,present,2025-08-17,2025-08-23,2025-08-22T22:59:31.48+00:00,False,2025-08-23T01:38:22.923+00:00,False,data/raw/wta/stats/_httpcache/2025/a0a2c4ff303a03d3ea248836493c334f56324aabdb00d988458af59310241f8e.json,b5dc2c02f897127a7bbd755c4c602bd5f931479c2b4bc690c6017b3a6e1c799c,0,139635.0,True,2025-08-22,stats,False,False
2025,2040,LS004,Sorana Cirstea,Liudmila Samsonova,312469,322222,QF,6-4 6-1,completed,present,2025-08-17,2025-08-23,2025-08-21T23:05:27.96+00:00,False,2025-08-22T00:45:52.073+00:00,False,data/raw/wta/stats/_httpcache/2025/a0a2c4ff303a03d3ea248836493c334f56324aabdb00d988458af59310241f8e.json,b5dc2c02f897127a7bbd755c4c602bd5f931479c2b4bc690c6017b3a6e1c799c,0,139603.0,True,2025-08-21,stats,False,False
2025,2040,LS006,Ann Li,Elsa Jacquemot,326096,328142,QF,6-1 5-7 6-1,completed,present,2025-08-17,2025-08-23,2025-08-21T23:03:10.583+00:00,False,2025-08-22T01:43:27.377+00:00,False,data/raw/wta/stats/_httpcache/2025/a0a2c4ff303a03d3ea248836493c334f56324aabdb00d988458af59310241f8e.json,b5dc2c02f897127a7bbd755c4c602bd5f931479c2b4bc690c6017b3a6e1c799c,0,139602.0,True,2025-08-21,stats,False,False
2025,2040,LS007,Xinyu Wang,Viktorija Golubic,326376,316296,QF,4-6 6-4 6-4,completed,present,2025-08-17,2025-08-23,2025-08-22T01:45:46.173+00:00,False,2025-08-22T04:09:17.093+00:00,False,data/raw/wta/stats/_httpcache/2025/a0a2c4ff303a03d3ea248836493c334f56324aabdb00d988458af59310241f8e.json,b5dc2c02f897127a7bbd755c4c602bd5f931479c2b4bc690c6017b3a6e1c799c,0,139633.0,True,2025-08-22,stats,False,False
2025,2040,LS008,Liudmila Samsonova,Yafan Wang,322222,317510,R16,6-2 6-4,completed,present,2025-08-17,2025-08-23,2025-08-20T22:25:32.147+00:00,False,2025-08-21T00:38:20.823+00:00,False,data/raw/wta/stats/_httpcache/2025/a0a2c4ff303a03d3ea248836493c334f56324aabdb00d988458af59310241f8e.json,b5dc2c02f897127a7bbd755c4c602bd5f931479c2b4bc690c6017b3a6e1c799c,0,139588.0,True,2025-08-20,stats,False,False
2025,2040,LS009,Sorana Cirstea,Jil Teichmann,312469,320926,R16,6-1 6-1,completed,present,2025-08-17,2025-08-23,2025-08-20T14:49:36.553+00:00,False,2025-08-20T16:10:24.01+00:00,False,data/raw/wta/stats/_httpcache/2025/a0a2c4ff303a03d3ea248836493c334f56324aabdb00d988458af59310241f8e.json,b5dc2c02f897127a7bbd755c4c602bd5f931479c2b4bc690c6017b3a6e1c799c,0,139585.0,True,2025-08-20,stats,False,False
2025,2040,LS010,Eva Lys,Polina Kudermetova,325826,328897,R16,6-4 6-3,completed,present,2025-08-17,2025-08-23,2025-08-19T18:30:03.52+00:00,False,2025-08-19T20:06:47.527+00:00,False,data/raw/wta/stats/_httpcache/2025/a0a2c4ff303a03d3ea248836493c334f56324aabdb00d988458af59310241f8e.json,b5dc2c02f897127a7bbd755c4c602bd5f931479c2b4bc690c6017b3a6e1c799c,0,139543.0,True,2025-08-19,stats,False,False
2025,2040,LS011,Anastasia Zakharova,Hailey Baptiste,327367,327101,R16,6-4 6-3,completed,present,2025-08-17,2025-08-23,2025-08-19T14:50:32.39+00:00,False,2025-08-19T18:26:48.16+00:00,False,data/raw/wta/stats/_httpcache/2025/a0a2c4ff303a03d3ea248836493c334f56324aabdb00d988458af59310241f8e.json,b5dc2c02f897127a7bbd755c4c602bd5f931479c2b4bc690c6017b3a6e1c799c,0,139542.0,True,2025-08-19,stats,False,False
2025,2040,LS012,Elsa Jacquemot,Solana Sierra,328142,329081,R16,7-5 7-6(2),completed,present,2025-08-17,2025-08-23,2025-08-19T20:07:45.017+00:00,False,2025-08-21T20:46:33.843+00:00,False,data/raw/wta/stats/_httpcache/2025/a0a2c4ff303a03d3ea248836493c334f56324aabdb00d988458af59310241f8e.json,b5dc2c02f897127a7bbd755c4c602bd5f931479c2b4bc690c6017b3a6e1c799c,0,139544.0,True,2025-08-19,stats,False,False
2025,2040,LS013,Ann Li,Iva Jovic,326096,332285,R16,6-3 2-6 6-3,completed,present,2025-08-17,2025-08-23,2025-08-20T16:25:41.62+00:00,False,2025-08-21T20:59:55.597+00:00,False,data/raw/wta/stats/_httpcache/2025/a0a2c4ff303a03d3ea248836493c334f56324aabdb00d988458af59310241f8e.json,b5dc2c02f897127a7bbd755c4c602bd5f931479c2b4bc690c6017b3a6e1c799c,0,139587.0,True,2025-08-20,stats,False,False
2025,2040,LS014,Viktorija Golubic,Katie Boulter,316296,319125,R16,7-6(6) 1-6 6-4,completed,present,2025-08-17,2025-08-23,2025-08-21T20:13:46.17+00:00,False,2025-08-21T22:48:43.38+00:00,False,data/raw/wta/stats/_httpcache/2025/a0a2c4ff303a03d3ea248836493c334f56324aabdb00d988458af59310241f8e.json,b5dc2c02f897127a7bbd755c4c602bd5f931479c2b4bc690c6017b3a6e1c799c,0,139601.0,True,2025-08-21,stats,False,False
2025,2040,LS015,Xinyu Wang,Talia Gibson,326376,329393,R16,1-6 6-2 6-3,completed,present,2025-08-17,2025-08-23,2025-08-20T16:13:18.48+00:00,False,2025-08-21T20:10:59.11+00:00,False,data/raw/wta/stats/_httpcache/2025/a0a2c4ff303a03d3ea248836493c334f56324aabdb00d988458af59310241f8e.json,b5dc2c02f897127a7bbd755c4c602bd5f931479c2b4bc690c6017b3a6e1c799c,0,139586.0,True,2025-08-20,stats,False,False
2025,2040,LS016,Liudmila Samsonova,Caroline Dolehide,322222,322052,R32,6-4 7-6(2),completed,present,2025-08-17,2025-08-23,2025-08-18T17:33:19.15+00:00,False,2025-08-18T19:43:12.543+00:00,False,data/raw/wta/stats/_httpcache/2025/a0a2c4ff303a03d3ea248836493c334f56324aabdb00d988458af59310241f8e.json,b5dc2c02f897127a7bbd755c4c602bd5f931479c2b4bc690c6017b3a6e1c799c,0,139500.0,True,2025-08-18,stats,False,False
2025,2040,LS017,Yafan Wang,Peyton Stearns,317510,327573,R32,6-4 3-6 6-3,completed,present,2025-08-17,2025-08-23,2025-08-18T22:18:42.29+00:00,False,2025-08-19T00:46:31.357+00:00,False,data/raw/wta/stats/_httpcache/2025/a0a2c4ff303a03d3ea248836493c334f56324aabdb00d988458af59310241f8e.json,b5dc2c02f897127a7bbd755c4c602bd5f931479c2b4bc690c6017b3a6e1c799c,0,139503.0,True,2025-08-18,stats,False,False
2025,2040,LS018,Sorana Cirstea,Moyuka Uchijima,312469,327241,R32,6-4 6-1,completed,present,2025-08-17,2025-08-23,2025-08-18T14:55:47.71+00:00,False,2025-08-18T16:48:11.333+00:00,False,data/raw/wta/stats/_httpcache/2025/a0a2c4ff303a03d3ea248836493c334f56324aabdb00d988458af59310241f8e.json,b5dc2c02f897127a7bbd755c4c602bd5f931479c2b4bc690c6017b3a6e1c799c,0,139497.0,True,2025-08-18,stats,False,False
2025,2040,LS019,Jil Teichmann,Lois Boisson,320926,328884,R32,6-4 1-6 6-4,completed,present,2025-08-17,2025-08-23,2025-08-18T14:48:35.393+00:00,False,2025-08-18T17:30:06.79+00:00,False,data/raw/wta/stats/_httpcache/2025/a0a2c4ff303a03d3ea248836493c334f56324aabdb00d988458af59310241f8e.json,b5dc2c02f897127a7bbd755c4c602bd5f931479c2b4bc690c6017b3a6e1c799c,0,139495.0,True,2025-08-18,stats,False,False
2025,2040,LS020,Eva Lys,Maya Joint,325826,330544,R32,6-4 6-4,completed,present,2025-08-17,2025-08-23,2025-08-17T18:32:28.203+00:00,False,2025-08-17T20:15:30.923+00:00,False,data/raw/wta/stats/_httpcache/2025/a0a2c4ff303a03d3ea248836493c334f56324aabdb00d988458af59310241f8e.json,b5dc2c02f897127a7bbd755c4c602bd5f931479c2b4bc690c6017b3a6e1c799c,0,139486.0,True,2025-08-17,stats,False,False
2025,2040,LS021,Polina Kudermetova,Katrina Scott,328897,329115,R32,6-4 6-4,completed,present,2025-08-17,2025-08-23,2025-08-17T20:20:25.117+00:00,False,2025-08-17T21:59:13.06+00:00,False,data/raw/wta/stats/_httpcache/2025/a0a2c4ff303a03d3ea248836493c334f56324aabdb00d988458af59310241f8e.json,b5dc2c02f897127a7bbd755c4c602bd5f931479c2b4bc690c6017b3a6e1c799c,0,139488.0,True,2025-08-17,stats,False,False
2025,2040,LS022,Anastasia Zakharova,Kimberly Birrell,327367,320728,R32,5-7 6-4 6-3,completed,present,2025-08-17,2025-08-23,2025-08-17T15:42:01.633+00:00,False,2025-08-17T19:01:11.02+00:00,False,data/raw/wta/stats/_httpcache/2025/a0a2c4ff303a03d3ea248836493c334f56324aabdb00d988458af59310241f8e.json,b5dc2c02f897127a7bbd755c4c602bd5f931479c2b4bc690c6017b3a6e1c799c,0,139484.0,True,2025-08-17,stats,False,False
2025,2040,LS023,Hailey Baptiste,Elena-Gabriela Ruse,327101,320408,R32,6-2 7-6(2),completed,present,2025-08-17,2025-08-23,2025-08-18T14:50:10.093+00:00,False,2025-08-18T16:42:02.14+00:00,False,data/raw/wta/stats/_httpcache/2025/a0a2c4ff303a03d3ea248836493c334f56324aabdb00d988458af59310241f8e.json,b5dc2c02f897127a7bbd755c4c602bd5f931479c2b4bc690c6017b3a6e1c799c,0,139496.0,True,2025-08-18,stats,False,False
2025,2040,LS024,Solana Sierra,Sonay Kartal,329081,329918,R32,4-6 6-4 7-6(2),completed,present,2025-08-17,2025-08-23,2025-08-17T19:04:05.33+00:00,False,2025-08-17T21:57:17.54+00:00,False,data/raw/wta/stats/_httpcache/2025/a0a2c4ff303a03d3ea248836493c334f56324aabdb00d988458af59310241f8e.json,b5dc2c02f897127a7bbd755c4c602bd5f931479c2b4bc690c6017b3a6e1c799c,0,139487.0,True,2025-08-17,stats,False,False
2025,2040,LS025,Elsa Jacquemot,Lin Zhu,328142,317306,R32,6-3 6-1,completed,present,2025-08-17,2025-08-23,2025-08-18T16:44:51.077+00:00,False,2025-08-18T18:18:49.607+00:00,False,data/raw/wta/stats/_httpcache/2025/a0a2c4ff303a03d3ea248836493c334f56324aabdb00d988458af59310241f8e.json,b5dc2c02f897127a7bbd755c4c602bd5f931479c2b4bc690c6017b3a6e1c799c,0,139498.0,True,2025-08-18,stats,False,False
2025,2040,LS026,Ann Li,Yuliia Starodubtseva,326096,325338,R32,7-5 6-3,completed,present,2025-08-17,2025-08-23,2025-08-17T22:04:13.7+00:00,False,2025-08-18T00:10:18.95+00:00,False,data/raw/wta/stats/_httpcache/2025/a0a2c4ff303a03d3ea248836493c334f56324aabdb00d988458af59310241f8e.json,b5dc2c02f897127a7bbd755c4c602bd5f931479c2b4bc690c6017b3a6e1c799c,0,139489.0,True,2025-08-17,stats,False,False
2025,2040,LS027,Iva Jovic,Anastasia Potapova,332285,325601,R32,7-5 6-3,completed,present,2025-08-17,2025-08-23,2025-08-17T16:29:17.12+00:00,False,2025-08-17T18:29:03.433+00:00,False,data/raw/wta/stats/_httpcache/2025/a0a2c4ff303a03d3ea248836493c334f56324aabdb00d988458af59310241f8e.json,b5dc2c02f897127a7bbd755c4c602bd5f931479c2b4bc690c6017b3a6e1c799c,0,139485.0,True,2025-08-17,stats,False,False
2025,2040,LS028,Katie Boulter,Yue Yuan,319125,324325,R32,6-4 6-3,completed,present,2025-08-17,2025-08-23,2025-08-19T00:49:21.05+00:00,False,2025-08-19T02:43:20.81+00:00,False,data/raw/wta/stats/_httpcache/2025/a0a2c4ff303a03d3ea248836493c334f56324aabdb00d988458af59310241f8e.json,b5dc2c02f897127a7bbd755c4c602bd5f931479c2b4bc690c6017b3a6e1c799c,0,139541.0,True,2025-08-19,stats,False,False
2025,2040,LS029,Viktorija Golubic,Lucia Bronzetti,316296,322280,R32,6-1 6-3,completed,present,2025-08-17,2025-08-23,2025-08-18T18:21:55.393+00:00,False,2025-08-18T20:11:51.88+00:00,False,data/raw/wta/stats/_httpcache/2025/a0a2c4ff303a03d3ea248836493c334f56324aabdb00d988458af59310241f8e.json,b5dc2c02f897127a7bbd755c4c602bd5f931479c2b4bc690c6017b3a6e1c799c,0,139501.0,True,2025-08-18,stats,False,False
2025,2040,LS030,Talia Gibson,Greet Minnen,329393,321454,R32,7-6(2) 6-4,completed,present,2025-08-17,2025-08-23,2025-08-18T16:50:43.95+00:00,False,2025-08-18T18:55:09.577+00:00,False,data/raw/wta/stats/_httpcache/2025/a0a2c4ff303a03d3ea248836493c334f56324aabdb00d988458af59310241f8e.json,b5dc2c02f897127a7bbd755c4c602bd5f931479c2b4bc690c6017b3a6e1c799c,0,139499.0,True,2025-08-18,stats,False,False
2025,2040,LS031,Xinyu Wang,Suzan Lamens,326376,324898,R32,6-2 6-7(3) 6-2,completed,present,2025-08-17,2025-08-23,2025-08-18T20:15:37.09+00:00,False,2025-08-18T22:41:31.183+00:00,False,data/raw/wta/stats/_httpcache/2025/a0a2c4ff303a03d3ea248836493c334f56324aabdb00d988458af59310241f8e.json,b5dc2c02f897127a7bbd755c4c602bd5f931479c2b4bc690c6017b3a6e1c799c,0,139502.0,True,2025-08-18,stats,False,False
2025,2042,LS001,Lois Boisson,Anna Bondar,328884,322942,F,7-5 6-3,completed,present,2025-07-14,2025-07-20,2025-07-20T11:44:57.173+00:00,False,2025-07-20T14:01:57.12+00:00,False,data/raw/wta/stats/_httpcache/2025/1fe40effb362767d1d4a5203b057b74f5fdfa9a79100ad6d524634fa720500dc.json,5addd40f11b48a3b5242a2ba6a77ad819d0816ecf792961344d380dc40a935fb,0,139098.0,True,2025-07-20,stats,False,False
2025,2042,LS002,Anna Bondar,Kaja Juvan,322942,324702,SF,5-7 6-3 6-4,completed,present,2025-07-14,2025-07-20,2025-07-19T11:46:25.807+00:00,False,2025-07-19T14:27:13.457+00:00,False,data/raw/wta/stats/_httpcache/2025/1fe40effb362767d1d4a5203b057b74f5fdfa9a79100ad6d524634fa720500dc.json,5addd40f11b48a3b5242a2ba6a77ad819d0816ecf792961344d380dc40a935fb,0,139077.0,True,2025-07-19,stats,False,False
2025,2042,LS003,Lois Boisson,Dayana Yastremska,328884,324261,SF,6-1 7-6(5),completed,present,2025-07-14,2025-07-20,2025-07-19T14:31:22.477+00:00,False,2025-07-19T16:17:15.983+00:00,False,data/raw/wta/stats/_httpcache/2025/1fe40effb362767d1d4a5203b057b74f5fdfa9a79100ad6d524634fa720500dc.json,5addd40f11b48a3b5242a2ba6a77ad819d0816ecf792961344d380dc40a935fb,0,139078.0,True,2025-07-19,stats,False,False
2025,2042,LS004,Anna Bondar,Ekaterina Alexandrova,322942,319007,QF,6-7(1) 6-3 7-6(4),completed,present,2025-07-14,2025-07-20,2025-07-18T14:28:28.11+00:00,False,2025-07-18T17:34:27.81+00:00,False,data/raw/wta/stats/_httpcache/2025/1fe40effb362767d1d4a5203b057b74f5fdfa9a79100ad6d524634fa720500dc.json,5addd40f11b48a3b5242a2ba6a77ad819d0816ecf792961344d380dc40a935fb,0,139041.0,True,2025-07-18,stats,False,False
2025,2042,LS005,Kaja Juvan,Leyre Romero Gormaz,324702,326891,QF,6-4 6-7(5) 6-4,completed,present,2025-07-14,2025-07-20,2025-07-18T08:45:47.01+00:00,False,2025-07-18T11:47:37.043+00:00,False,data/raw/wta/stats/_httpcache/2025/1fe40effb362767d1d4a5203b057b74f5fdfa9a79100ad6d524634fa720500dc.json,5addd40f11b48a3b5242a2ba6a77ad819d0816ecf792961344d380dc40a935fb,0,139039.0,True,2025-07-18,stats,False,False
2025,2042,LS006,Lois Boisson,Viktoriya Tomova,328884,317584,QF,6-3 6-3,completed,present,2025-07-14,2025-07-20,2025-07-18T17:37:10.317+00:00,False,2025-07-18T18:59:57.17+00:00,False,data/raw/wta/stats/_httpcache/2025/1fe40effb362767d1d4a5203b057b74f5fdfa9a79100ad6d524634fa720500dc.json,5addd40f11b48a3b5242a2ba6a77ad819d0816ecf792961344d380dc40a935fb,0,139042.0,True,2025-07-18,stats,False,False
2025,2042,LS007,Dayana Yastremska,Dalma Galfi,324261,321106,QF,7-6(1) 3-6 6-2,completed,present,2025-07-14,2025-07-20,2025-07-18T11:51:12.663+00:00,False,2025-07-18T14:26:22.533+00:00,False,data/raw/wta/stats/_httpcache/2025/1fe40effb362767d1d4a5203b057b74f5fdfa9a79100ad6d524634fa720500dc.json,5addd40f11b48a3b5242a2ba6a77ad819d0816ecf792961344d380dc40a935fb,0,139040.0,True,2025-07-18,stats,False,False
2025,2042,LS008,Ekaterina Alexandrova,Caroline Werner,319007,319444,R16,6-2 6-2,completed,present,2025-07-14,2025-07-20,2025-07-17T15:35:30.603+00:00,False,2025-07-17T16:57:15.6+00:00,False,data/raw/wta/stats/_httpcache/2025/1fe40effb362767d1d4a5203b057b74f5fdfa9a79100ad6d524634fa720500dc.json,5addd40f11b48a3b5242a2ba6a77ad819d0816ecf792961344d380dc40a935fb,0,139023.0,True,2025-07-17,stats,False,False
2025,2042,LS009,Anna Bondar,Sinja Kraus,322942,327061,R16,6-3 6-2,completed,present,2025-07-14,2025-07-20,2025-07-17T10:20:17.493+00:00,False,2025-07-17T12:03:09.23+00:00,False,data/raw/wta/stats/_httpcache/2025/1fe40effb362767d1d4a5203b057b74f5fdfa9a79100ad6d524634fa720500dc.json,5addd40f11b48a3b5242a2ba6a77ad819d0816ecf792961344d380dc40a935fb,0,139021.0,True,2025-07-17,stats,False,False
2025,2042,LS010,Leyre Romero Gormaz,Arantxa Rus,326891,313349,R16,6-2 6-2,completed,present,2025-07-14,2025-07-20,2025-07-16T08:50:32.327+00:00,False,2025-07-16T10:15:09.823+00:00,False,data/raw/wta/stats/_httpcache/2025/1fe40effb362767d1d4a5203b057b74f5fdfa9a79100ad6d524634fa720500dc.json,5addd40f11b48a3b5242a2ba6a77ad819d0816ecf792961344d380dc40a935fb,0,139007.0,True,2025-07-16,stats,False,False
2025,2042,LS011,Kaja Juvan,Louisa Chirico,324702,320218,R16,4-6 6-4 6-1,completed,present,2025-07-14,2025-07-20,2025-07-16T10:21:13.76+00:00,False,2025-07-16T12:41:43.533+00:00,False,data/raw/wta/stats/_httpcache/2025/1fe40effb362767d1d4a5203b057b74f5fdfa9a79100ad6d524634fa720500dc.json,5addd40f11b48a3b5242a2ba6a77ad819d0816ecf792961344d380dc40a935fb,0,139008.0,True,2025-07-16,stats,False,False
2025,2042,LS012,Lois Boisson,Tamara Korpatsch,328884,319571,R16,6-4 6-7(3) 6-4,completed,present,2025-07-14,2025-07-20,2025-07-16T16:13:03.09+00:00,False,2025-07-16T19:22:12.31+00:00,False,data/raw/wta/stats/_httpcache/2025/1fe40effb362767d1d4a5203b057b74f5fdfa9a79100ad6d524634fa720500dc.json,5addd40f11b48a3b5242a2ba6a77ad819d0816ecf792961344d380dc40a935fb,0,139010.0,True,2025-07-16,stats,False,False
2025,2042,LS013,Viktoriya Tomova,Astra Sharma,317584,319696,R16,6-1 6-1,completed,present,2025-07-14,2025-07-20,2025-07-17T08:44:25.197+00:00,False,2025-07-17T10:17:51.78+00:00,False,data/raw/wta/stats/_httpcache/2025/1fe40effb362767d1d4a5203b057b74f5fdfa9a79100ad6d524634fa720500dc.json,5addd40f11b48a3b5242a2ba6a77ad819d0816ecf792961344d380dc40a935fb,0,139020.0,True,2025-07-17,stats,False,False
2025,2042,LS014,Dalma Galfi,Nastasja Schunk,321106,329366,R16,1-6 6-3 6-2,completed,present,2025-07-14,2025-07-20,2025-07-16T14:05:36.243+00:00,False,2025-07-16T16:06:10.243+00:00,False,data/raw/wta/stats/_httpcache/2025/1fe40effb362767d1d4a5203b057b74f5fdfa9a79100ad6d524634fa720500dc.json,5addd40f11b48a3b5242a2ba6a77ad819d0816ecf792961344d380dc40a935fb,0,139009.0,True,2025-07-16,stats,False,False
2025,2042,LS015,Dayana Yastremska,Diane Parry,324261,327077,R16,6-1 6-4,completed,present,2025-07-14,2025-07-20,2025-07-17T12:04:35.633+00:00,False,2025-07-17T13:43:07.653+00:00,False,data/raw/wta/stats/_httpcache/2025/1fe40effb362767d1d4a5203b057b74f5fdfa9a79100ad6d524634fa720500dc.json,5addd40f11b48a3b5242a2ba6a77ad819d0816ecf792961344d380dc40a935fb,0,139022.0,True,2025-07-17,stats,False,False
2025,2042,LS016,Ekaterina Alexandrova,Eva Vedder,319007,325011,R32,6-0 6-3,completed,present,2025-07-14,2025-07-20,2025-07-16T08:45:11.113+00:00,False,2025-07-16T10:06:37.703+00:00,False,data/raw/wta/stats/_httpcache/2025/1fe40effb362767d1d4a5203b057b74f5fdfa9a79100ad6d524634fa720500dc.json,5addd40f11b48a3b5242a2ba6a77ad819d0816ecf792961344d380dc40a935fb,0,139004.0,True,2025-07-16,stats,False,False
2025,2042,LS017,Caroline Werner,Valentina Steiner,319444,332270,R32,7-6(4) 6-2,completed,present,2025-07-14,2025-07-20,2025-07-15T17:33:03.367+00:00,False,2025-07-15T19:22:23.743+00:00,False,data/raw/wta/stats/_httpcache/2025/1fe40effb362767d1d4a5203b057b74f5fdfa9a79100ad6d524634fa720500dc.json,5addd40f11b48a3b5242a2ba6a77ad819d0816ecf792961344d380dc40a935fb,0,138984.0,True,2025-07-15,stats,False,False
2025,2042,LS018,Sinja Kraus,Berfu Cengiz,327061,322450,R32,4-6 7-5 6-4,completed,present,2025-07-14,2025-07-20,2025-07-15T12:11:19.91+00:00,False,2025-07-15T14:35:40.653+00:00,False,data/raw/wta/stats/_httpcache/2025/1fe40effb362767d1d4a5203b057b74f5fdfa9a79100ad6d524634fa720500dc.json,5addd40f11b48a3b5242a2ba6a77ad819d0816ecf792961344d380dc40a935fb,0,138980.0,True,2025-07-15,stats,False,False
2025,2042,LS019,Anna Bondar,Noma Noha Akugue,322942,328631,R32,6-4 3-6 7-6(3),completed,present,2025-07-14,2025-07-20,2025-07-15T10:33:30.167+00:00,False,2025-07-15T13:48:00.68+00:00,False,data/raw/wta/stats/_httpcache/2025/1fe40effb362767d1d4a5203b057b74f5fdfa9a79100ad6d524634fa720500dc.json,5addd40f11b48a3b5242a2ba6a77ad819d0816ecf792961344d380dc40a935fb,0,138978.0,True,2025-07-15,stats,False,False
2025,2042,LS020,Leyre Romero Gormaz,Nicole Fossa Huergo,326891,318001,R32,6-1 6-1,completed,present,2025-07-14,2025-07-20,2025-07-15T10:50:26.463+00:00,False,2025-07-15T12:08:53.383+00:00,False,data/raw/wta/stats/_httpcache/2025/1fe40effb362767d1d4a5203b057b74f5fdfa9a79100ad6d524634fa720500dc.json,5addd40f11b48a3b5242a2ba6a77ad819d0816ecf792961344d380dc40a935fb,0,138979.0,True,2025-07-15,stats,False,False
2025,2042,LS021,Arantxa Rus,Sada Nahimana,313349,325614,R32,6-2 6-1,completed,present,2025-07-14,2025-07-20,2025-07-15T07:45:07.88+00:00,False,2025-07-15T09:12:37.68+00:00,False,data/raw/wta/stats/_httpcache/2025/1fe40effb362767d1d4a5203b057b74f5fdfa9a79100ad6d524634fa720500dc.json,5addd40f11b48a3b5242a2ba6a77ad819d0816ecf792961344d380dc40a935fb,0,138975.0,True,2025-07-15,stats,False,False
2025,2042,LS022,Kaja Juvan,Maria Timofeeva,324702,328896,R32,7-6(4) 6-1,completed,present,2025-07-14,2025-07-20,2025-07-15T07:47:02.687+00:00,False,2025-07-15T11:21:38.153+00:00,False,data/raw/wta/stats/_httpcache/2025/1fe40effb362767d1d4a5203b057b74f5fdfa9a79100ad6d524634fa720500dc.json,5addd40f11b48a3b5242a2ba6a77ad819d0816ecf792961344d380dc40a935fb,0,138976.0,True,2025-07-15,stats,False,False
2025,2042,LS024,Lois Boisson,Julia Grabher,328884,320316,R32,6-1 6-3,completed,present,2025-07-14,2025-07-20,2025-07-15T13:50:07.537+00:00,False,2025-07-15T15:29:38.873+00:00,False,data/raw/wta/stats/_httpcache/2025/1fe40effb362767d1d4a5203b057b74f5fdfa9a79100ad6d524634fa720500dc.json,5addd40f11b48a3b5242a2ba6a77ad819d0816ecf792961344d380dc40a935fb,0,138981.0,True,2025-07-15,stats,False,False
2025,2042,LS025,Tamara Korpatsch,Raluka Serban,319571,321280,R32,6-4 6-3,completed,present,2025-07-14,2025-07-20,2025-07-15T15:32:16.257+00:00,False,2025-07-15T17:31:07.9+00:00,False,data/raw/wta/stats/_httpcache/2025/1fe40effb362767d1d4a5203b057b74f5fdfa9a79100ad6d524634fa720500dc.json,5addd40f11b48a3b5242a2ba6a77ad819d0816ecf792961344d380dc40a935fb,0,138983.0,True,2025-07-15,stats,False,False
2025,2042,LS026,Astra Sharma,Ariana Geerlings,319696,330569,R32,7-6(4) 3-6 6-2,completed,present,2025-07-14,2025-07-20,2025-07-15T14:38:55.56+00:00,False,2025-07-15T17:15:54.277+00:00,False,data/raw/wta/stats/_httpcache/2025/1fe40effb362767d1d4a5203b057b74f5fdfa9a79100ad6d524634fa720500dc.json,5addd40f11b48a3b5242a2ba6a77ad819d0816ecf792961344d380dc40a935fb,0,138982.0,True,2025-07-15,stats,False,False
2025,2042,LS027,Viktoriya Tomova,Tatjana Maria,317584,310440,R32,6-3 7-6(5),completed,present,2025-07-14,2025-07-20,2025-07-16T12:03:09.687+00:00,False,2025-07-16T14:03:17.413+00:00,False,data/raw/wta/stats/_httpcache/2025/1fe40effb362767d1d4a5203b057b74f5fdfa9a79100ad6d524634fa720500dc.json,5addd40f11b48a3b5242a2ba6a77ad819d0816ecf792961344d380dc40a935fb,0,139006.0,True,2025-07-16,stats,False,False
2025,2042,LS028,Nastasja Schunk,Moyuka Uchijima,329366,327241,R32,7-5 6-3,completed,present,2025-07-14,2025-07-20,2025-07-14T16:53:13.787+00:00,False,2025-07-14T18:55:57.823+00:00,False,data/raw/wta/stats/_httpcache/2025/1fe40effb362767d1d4a5203b057b74f5fdfa9a79100ad6d524634fa720500dc.json,5addd40f11b48a3b5242a2ba6a77ad819d0816ecf792961344d380dc40a935fb,0,138948.0,True,2025-07-14,stats,False,False
2025,2042,LS029,Dalma Galfi,Aleksandra Krunic,321106,316344,R32,6-4 6-1,completed,present,2025-07-14,2025-07-20,2025-07-15T08:55:42.32+00:00,False,2025-07-15T10:29:21.06+00:00,False,data/raw/wta/stats/_httpcache/2025/1fe40effb362767d1d4a5203b057b74f5fdfa9a79100ad6d524634fa720500dc.json,5addd40f11b48a3b5242a2ba6a77ad819d0816ecf792961344d380dc40a935fb,0,138977.0,True,2025-07-15,stats,False,False
2025,2042,LS030,Diane Parry,Tara Wuerth,327077,330236,R32,7-6(9) 3-6 7-5,completed,present,2025-07-14,2025-07-20,2025-07-14T12:25:06.793+00:00,False,2025-07-14T16:03:10.79+00:00,False,data/raw/wta/stats/_httpcache/2025/1fe40effb362767d1d4a5203b057b74f5fdfa9a79100ad6d524634fa720500dc.json,5addd40f11b48a3b5242a2ba6a77ad819d0816ecf792961344d380dc40a935fb,0,138947.0,True,2025-07-14,stats,False,False
2025,2042,LS031,Dayana Yastremska,Jule Niemeier,324261,325940,R32,6-4 6-3,completed,present,2025-07-14,2025-07-20,2025-07-16T10:09:58.33+00:00,False,2025-07-16T11:59:48.397+00:00,False,data/raw/wta/stats/_httpcache/2025/1fe40effb362767d1d4a5203b057b74f5fdfa9a79100ad6d524634fa720500dc.json,5addd40f11b48a3b5242a2ba6a77ad819d0816ecf792961344d380dc40a935fb,0,139005.0,True,2025-07-16,stats,False,False
2025,2050,LS001,Anastasia Potapova,Lucia Bronzetti,325601,322280,F,4-6 6-1 6-2,completed,present,2025-02-03,2025-02-09,2025-02-09T14:52:54.097+00:00,False,2025-02-09T17:09:34.347+00:00,False,data/raw/wta/stats/_httpcache/2025/f5b3e910e665fbc3c02907dae4f0e523779c986d427d6b031e9e3660015fcb7e.json,57595c473dfd5b3eae582ac96f353c6be3c765977af4810230a23e9b3f80a22d,0,136811.0,True,2025-02-09,stats,False,False
2025,2050,LS002,Anastasia Potapova,Aliaksandra Sasnovich,325601,317790,SF,6-3 7-5,completed,present,2025-02-03,2025-02-09,2025-02-08T12:47:43.92+00:00,False,2025-02-08T14:44:12.633+00:00,False,data/raw/wta/stats/_httpcache/2025/f5b3e910e665fbc3c02907dae4f0e523779c986d427d6b031e9e3660015fcb7e.json,57595c473dfd5b3eae582ac96f353c6be3c765977af4810230a23e9b3f80a22d,0,136793.0,True,2025-02-08,stats,False,False
2025,2050,LS004,Anastasia Potapova,Ella Seidel,325601,330548,QF,6-2 6-3,completed,present,2025-02-03,2025-02-09,2025-02-07T17:02:57.95+00:00,False,2025-02-07T18:39:10.41+00:00,False,data/raw/wta/stats/_httpcache/2025/f5b3e910e665fbc3c02907dae4f0e523779c986d427d6b031e9e3660015fcb7e.json,57595c473dfd5b3eae582ac96f353c6be3c765977af4810230a23e9b3f80a22d,0,136779.0,True,2025-02-07,stats,False,False
2025,2050,LS005,Aliaksandra Sasnovich,Anhelina Kalinina,317790,320567,QF,2-6 6-4 7-6(3),completed,present,2025-02-03,2025-02-09,2025-02-07T11:53:17.14+00:00,False,2025-02-07T14:41:59.113+00:00,False,data/raw/wta/stats/_httpcache/2025/f5b3e910e665fbc3c02907dae4f0e523779c986d427d6b031e9e3660015fcb7e.json,57595c473dfd5b3eae582ac96f353c6be3c765977af4810230a23e9b3f80a22d,0,136777.0,True,2025-02-07,stats,False,False
2025,2050,LS006,Lucia Bronzetti,Elisabetta Cocciaretto,322280,327909,QF,6-1 6-4,completed,present,2025-02-03,2025-02-09,2025-02-07T18:41:33.077+00:00,False,2025-02-07T20:06:54.33+00:00,False,data/raw/wta/stats/_httpcache/2025/f5b3e910e665fbc3c02907dae4f0e523779c986d427d6b031e9e3660015fcb7e.json,57595c473dfd5b3eae582ac96f353c6be3c765977af4810230a23e9b3f80a22d,0,136780.0,True,2025-02-07,stats,False,False
2025,2050,LS007,Katerina Siniakova,Viktoriya Tomova,320301,317584,QF,6-3 7-6(7),completed,present,2025-02-03,2025-02-09,2025-02-07T14:46:26.507+00:00,False,2025-02-07T16:59:42.383+00:00,False,data/raw/wta/stats/_httpcache/2025/f5b3e910e665fbc3c02907dae4f0e523779c986d427d6b031e9e3660015fcb7e.json,57595c473dfd5b3eae582ac96f353c6be3c765977af4810230a23e9b3f80a22d,0,136778.0,True,2025-02-07,stats,False,False
2025,2050,LS008,Anastasia Potapova,Viktorija Golubic,325601,316296,R16,6-4 7-5,completed,present,2025-02-03,2025-02-09,2025-02-06T11:21:01.56+00:00,False,2025-02-06T13:10:35.617+00:00,False,data/raw/wta/stats/_httpcache/2025/f5b3e910e665fbc3c02907dae4f0e523779c986d427d6b031e9e3660015fcb7e.json,57595c473dfd5b3eae582ac96f353c6be3c765977af4810230a23e9b3f80a22d,0,136751.0,True,2025-02-06,stats,False,False
2025,2050,LS009,Ella Seidel,Anna Blinkova,330548,324267,R16,6-2 7-6(5),completed,present,2025-02-03,2025-02-09,2025-02-06T13:15:51.167+00:00,False,2025-02-06T15:17:46.403+00:00,False,data/raw/wta/stats/_httpcache/2025/f5b3e910e665fbc3c02907dae4f0e523779c986d427d6b031e9e3660015fcb7e.json,57595c473dfd5b3eae582ac96f353c6be3c765977af4810230a23e9b3f80a22d,0,136752.0,True,2025-02-06,stats,False,False
2025,2050,LS010,Anhelina Kalinina,Suzan Lamens,320567,324898,R16,1-6 6-4 6-4,completed,present,2025-02-03,2025-02-09,2025-02-05T11:59:34.277+00:00,False,2025-02-05T14:23:24.64+00:00,False,data/raw/wta/stats/_httpcache/2025/f5b3e910e665fbc3c02907dae4f0e523779c986d427d6b031e9e3660015fcb7e.json,57595c473dfd5b3eae582ac96f353c6be3c765977af4810230a23e9b3f80a22d,0,136735.0,True,2025-02-05,stats,False,False
2025,2050,LS011,Aliaksandra Sasnovich,Marina Stakusic,317790,329614,R16,6-3 7-5,completed,present,2025-02-03,2025-02-09,2025-02-05T14:28:46.76+00:00,False,2025-02-05T16:17:14.003+00:00,False,data/raw/wta/stats/_httpcache/2025/f5b3e910e665fbc3c02907dae4f0e523779c986d427d6b031e9e3660015fcb7e.json,57595c473dfd5b3eae582ac96f353c6be3c765977af4810230a23e9b3f80a22d,0,136736.0,True,2025-02-05,stats,False,False
2025,2050,LS012,Elisabetta Cocciaretto,Ana Bogdan,327909,315427,R16,6-3 6-0,completed,present,2025-02-03,2025-02-09,2025-02-06T17:40:54.467+00:00,False,2025-02-06T19:02:04.44+00:00,False,data/raw/wta/stats/_httpcache/2025/f5b3e910e665fbc3c02907dae4f0e523779c986d427d6b031e9e3660015fcb7e.json,57595c473dfd5b3eae582ac96f353c6be3c765977af4810230a23e9b3f80a22d,0,136754.0,True,2025-02-06,stats,False,False
2025,2050,LS013,Lucia Bronzetti,Peyton Stearns,322280,327573,R16,6-2 7-6(1),completed,present,2025-02-03,2025-02-09,2025-02-06T15:45:39.737+00:00,False,2025-02-06T17:37:37.953+00:00,False,data/raw/wta/stats/_httpcache/2025/f5b3e910e665fbc3c02907dae4f0e523779c986d427d6b031e9e3660015fcb7e.json,57595c473dfd5b3eae582ac96f353c6be3c765977af4810230a23e9b3f80a22d,0,136753.0,True,2025-02-06,stats,False,False
2025,2050,LS014,Katerina Siniakova,Caroline Dolehide,320301,322052,R16,2-6 6-1 6-4,completed,present,2025-02-03,2025-02-09,2025-02-06T08:42:57.31+00:00,False,2025-02-06T11:16:57.89+00:00,False,data/raw/wta/stats/_httpcache/2025/f5b3e910e665fbc3c02907dae4f0e523779c986d427d6b031e9e3660015fcb7e.json,57595c473dfd5b3eae582ac96f353c6be3c765977af4810230a23e9b3f80a22d,0,136750.0,True,2025-02-06,stats,False,False
2025,2050,LS015,Viktoriya Tomova,Olga Danilovic,317584,324934,R16,7-5 7-5,completed,present,2025-02-03,2025-02-09,2025-02-05T18:16:20.823+00:00,False,2025-02-05T20:25:00.043+00:00,False,data/raw/wta/stats/_httpcache/2025/f5b3e910e665fbc3c02907dae4f0e523779c986d427d6b031e9e3660015fcb7e.json,57595c473dfd5b3eae582ac96f353c6be3c765977af4810230a23e9b3f80a22d,0,136737.0,True,2025-02-05,stats,False,False
2025,2050,LS016,Anastasia Potapova,Julia Grabher,325601,320316,R32,6-4 6-0,completed,present,2025-02-03,2025-02-09,2025-02-04T08:49:28.267+00:00,False,2025-02-04T10:20:35.923+00:00,False,data/raw/wta/stats/_httpcache/2025/f5b3e910e665fbc3c02907dae4f0e523779c986d427d6b031e9e3660015fcb7e.json,57595c473dfd5b3eae582ac96f353c6be3c765977af4810230a23e9b3f80a22d,0,136714.0,True,2025-02-04,stats,False,False
2025,2050,LS017,Viktorija Golubic,Arantxa Rus,316296,313349,R32,7-5 4-6 7-6(10),completed,present,2025-02-03,2025-02-09,2025-02-04T08:49:54.16+00:00,False,2025-02-04T12:38:08.633+00:00,False,data/raw/wta/stats/_httpcache/2025/f5b3e910e665fbc3c02907dae4f0e523779c986d427d6b031e9e3660015fcb7e.json,57595c473dfd5b3eae582ac96f353c6be3c765977af4810230a23e9b3f80a22d,0,136715.0,True,2025-02-04,stats,False,False
2025,2050,LS018,Anna Blinkova,Sara Sorribes Tormo,324267,318872,R32,6-2 6-2,completed,present,2025-02-03,2025-02-09,2025-02-04T15:51:08.23+00:00,False,2025-02-04T17:24:34.147+00:00,False,data/raw/wta/stats/_httpcache/2025/f5b3e910e665fbc3c02907dae4f0e523779c986d427d6b031e9e3660015fcb7e.json,57595c473dfd5b3eae582ac96f353c6be3c765977af4810230a23e9b3f80a22d,0,136720.0,True,2025-02-04,stats,False,False
2025,2050,LS019,Ella Seidel,Jaqueline Cristian,330548,320319,R32,6-4 6-2,completed,present,2025-02-03,2025-02-09,2025-02-05T16:19:43.877+00:00,False,2025-02-05T18:14:12.12+00:00,False,data/raw/wta/stats/_httpcache/2025/f5b3e910e665fbc3c02907dae4f0e523779c986d427d6b031e9e3660015fcb7e.json,57595c473dfd5b3eae582ac96f353c6be3c765977af4810230a23e9b3f80a22d,0,136734.0,True,2025-02-05,stats,False,False
2025,2050,LS020,Anhelina Kalinina,Elena-Gabriela Ruse,320567,320408,R32,6-2 6-3,completed,present,2025-02-03,2025-02-09,2025-02-03T16:24:50.92+00:00,False,2025-02-03T18:02:06.737+00:00,False,data/raw/wta/stats/_httpcache/2025/f5b3e910e665fbc3c02907dae4f0e523779c986d427d6b031e9e3660015fcb7e.json,57595c473dfd5b3eae582ac96f353c6be3c765977af4810230a23e9b3f80a22d,0,136700.0,True,2025-02-03,stats,False,False
2025,2050,LS021,Suzan Lamens,Anna Bondar,324898,322942,R32,7-6(2) 7-6(6),completed,present,2025-02-03,2025-02-09,2025-02-03T11:38:47.217+00:00,False,2025-02-03T14:01:17.403+00:00,False,data/raw/wta/stats/_httpcache/2025/f5b3e910e665fbc3c02907dae4f0e523779c986d427d6b031e9e3660015fcb7e.json,57595c473dfd5b3eae582ac96f353c6be3c765977af4810230a23e9b3f80a22d,0,136698.0,True,2025-02-03,stats,False,False
2025,2050,LS022,Marina Stakusic,Sorana Cirstea,329614,312469,R32,6-1 1-6 6-4,completed,present,2025-02-03,2025-02-09,2025-02-03T18:06:00.987+00:00,False,2025-02-03T20:32:17.007+00:00,False,data/raw/wta/stats/_httpcache/2025/f5b3e910e665fbc3c02907dae4f0e523779c986d427d6b031e9e3660015fcb7e.json,57595c473dfd5b3eae582ac96f353c6be3c765977af4810230a23e9b3f80a22d,0,136701.0,True,2025-02-03,stats,False,False
2025,2050,LS023,Aliaksandra Sasnovich,Jessica Bouzas Maneiro,317790,328139,R32,6-7(0) 7-5 6-4,completed,present,2025-02-03,2025-02-09,2025-02-04T12:40:44.96+00:00,False,2025-02-04T15:49:27.747+00:00,False,data/raw/wta/stats/_httpcache/2025/f5b3e910e665fbc3c02907dae4f0e523779c986d427d6b031e9e3660015fcb7e.json,57595c473dfd5b3eae582ac96f353c6be3c765977af4810230a23e9b3f80a22d,0,136717.0,True,2025-02-04,stats,False,False
2025,2050,LS024,Elisabetta Cocciaretto,Irina-Camelia Begu,327909,313169,R32,6-3 7-5,completed,present,2025-02-03,2025-02-09,2025-02-04T13:24:44.94+00:00,False,2025-02-04T15:31:04.99+00:00,False,data/raw/wta/stats/_httpcache/2025/f5b3e910e665fbc3c02907dae4f0e523779c986d427d6b031e9e3660015fcb7e.json,57595c473dfd5b3eae582ac96f353c6be3c765977af4810230a23e9b3f80a22d,0,136718.0,True,2025-02-04,stats,False,False
2025,2050,LS025,Ana Bogdan,Jodie Burrage,315427,323802,R32,6-2 6-3,completed,present,2025-02-03,2025-02-09,2025-02-04T15:46:09.31+00:00,False,2025-02-04T17:21:31.137+00:00,False,data/raw/wta/stats/_httpcache/2025/f5b3e910e665fbc3c02907dae4f0e523779c986d427d6b031e9e3660015fcb7e.json,57595c473dfd5b3eae582ac96f353c6be3c765977af4810230a23e9b3f80a22d,0,136719.0,True,2025-02-04,stats,False,False
2025,2050,LS026,Lucia Bronzetti,Simona Halep,322280,314320,R32,6-1 6-1,completed,present,2025-02-03,2025-02-09,2025-02-04T17:24:30.69+00:00,False,2025-02-04T18:39:57.46+00:00,False,data/raw/wta/stats/_httpcache/2025/f5b3e910e665fbc3c02907dae4f0e523779c986d427d6b031e9e3660015fcb7e.json,57595c473dfd5b3eae582ac96f353c6be3c765977af4810230a23e9b3f80a22d,0,136721.0,True,2025-02-04,stats,False,False
2025,2050,LS027,Peyton Stearns,Varvara Gracheva,327573,325836,R32,2-6 6-2 6-2,completed,present,2025-02-03,2025-02-09,2025-02-04T17:26:52.02+00:00,False,2025-02-04T19:36:00.87+00:00,False,data/raw/wta/stats/_httpcache/2025/f5b3e910e665fbc3c02907dae4f0e523779c986d427d6b031e9e3660015fcb7e.json,57595c473dfd5b3eae582ac96f353c6be3c765977af4810230a23e9b3f80a22d,0,136722.0,True,2025-02-04,stats,False,False
2025,2050,LS028,Katerina Siniakova,Francesca Jones,320301,324479,R32,6-4 6-7(5) 6-4,completed,present,2025-02-03,2025-02-09,2025-02-05T08:47:20.643+00:00,False,2025-02-05T11:55:16.407+00:00,False,data/raw/wta/stats/_httpcache/2025/f5b3e910e665fbc3c02907dae4f0e523779c986d427d6b031e9e3660015fcb7e.json,57595c473dfd5b3eae582ac96f353c6be3c765977af4810230a23e9b3f80a22d,0,136733.0,True,2025-02-05,stats,False,False
2025,2050,LS029,Caroline Dolehide,Daria Snigur,322052,327845,R32,7-5 2-6 6-4,completed,present,2025-02-03,2025-02-09,2025-02-03T14:02:47.56+00:00,False,2025-02-03T16:22:54.487+00:00,False,data/raw/wta/stats/_httpcache/2025/f5b3e910e665fbc3c02907dae4f0e523779c986d427d6b031e9e3660015fcb7e.json,57595c473dfd5b3eae582ac96f353c6be3c765977af4810230a23e9b3f80a22d,0,136699.0,True,2025-02-03,stats,False,False
2025,2050,LS030,Viktoriya Tomova,Mayar Sherif,317584,318711,R32,3-6 6-4 6-1,completed,present,2025-02-03,2025-02-09,2025-02-03T08:42:16.013+00:00,False,2025-02-03T11:37:37.827+00:00,False,data/raw/wta/stats/_httpcache/2025/f5b3e910e665fbc3c02907dae4f0e523779c986d427d6b031e9e3660015fcb7e.json,57595c473dfd5b3eae582ac96f353c6be3c765977af4810230a23e9b3f80a22d,0,136697.0,True,2025-02-03,stats,False,False
2025,2050,LS031,Olga Danilovic,Alycia Parks,324934,326007,R32,6-3 6-3,completed,present,2025-02-03,2025-02-09,2025-02-04T10:26:24.367+00:00,False,2025-02-04T12:08:12.027+00:00,False,data/raw/wta/stats/_httpcache/2025/f5b3e910e665fbc3c02907dae4f0e523779c986d427d6b031e9e3660015fcb7e.json,57595c473dfd5b3eae582ac96f353c6be3c765977af4810230a23e9b3f80a22d,0,136716.0,True,2025-02-04,stats,False,False
2025,2063,LS001,Irina-Camelia Begu,Jil Teichmann,313169,320926,F,6-0 7-5,completed,present,2025-07-14,2025-07-20,2025-07-20T14:21:26.83+00:00,False,2025-07-20T16:11:55.387+00:00,False,data/raw/wta/stats/_httpcache/2025/88405aa701ead87995a8cc1a1ddd9684b5402c68f31c31befcfdede38cd2313c.json,4c9594062660003bb022d864e5906eac2e36927de466f6f9f01455f598b0d93b,0,139099.0,True,2025-07-20,stats,False,False
2025,2063,LS002,Jil Teichmann,Sorana Cirstea,320926,312469,SF,6-4 6-3,completed,present,2025-07-14,2025-07-20,2025-07-19T13:41:45.427+00:00,False,2025-07-19T15:43:02.513+00:00,False,data/raw/wta/stats/_httpcache/2025/88405aa701ead87995a8cc1a1ddd9684b5402c68f31c31befcfdede38cd2313c.json,4c9594062660003bb022d864e5906eac2e36927de466f6f9f01455f598b0d93b,0,139079.0,True,2025-07-19,stats,False,False
2025,2063,LS003,Irina-Camelia Begu,Jaqueline Cristian,313169,320319,SF,6-4 6-4,completed,present,2025-07-14,2025-07-20,2025-07-19T15:45:37.087+00:00,False,2025-07-19T18:20:16.347+00:00,False,data/raw/wta/stats/_httpcache/2025/88405aa701ead87995a8cc1a1ddd9684b5402c68f31c31befcfdede38cd2313c.json,4c9594062660003bb022d864e5906eac2e36927de466f6f9f01455f598b0d93b,0,139080.0,True,2025-07-19,stats,False,False
2025,2063,LS004,Sorana Cirstea,Maria Lourdes Carle,312469,322638,QF,6-1 6-4,completed,present,2025-07-14,2025-07-20,2025-07-18T10:33:45.707+00:00,False,2025-07-18T12:10:44.183+00:00,False,data/raw/wta/stats/_httpcache/2025/88405aa701ead87995a8cc1a1ddd9684b5402c68f31c31befcfdede38cd2313c.json,4c9594062660003bb022d864e5906eac2e36927de466f6f9f01455f598b0d93b,0,139044.0,True,2025-07-18,stats,False,False
2025,2063,LS005,Jil Teichmann,Simona Waltert,320926,325771,QF,5-7 6-1 7-5,completed,present,2025-07-14,2025-07-20,2025-07-18T07:20:28.26+00:00,False,2025-07-18T10:28:12.57+00:00,False,data/raw/wta/stats/_httpcache/2025/88405aa701ead87995a8cc1a1ddd9684b5402c68f31c31befcfdede38cd2313c.json,4c9594062660003bb022d864e5906eac2e36927de466f6f9f01455f598b0d93b,0,139043.0,True,2025-07-18,stats,False,False
2025,2063,LS006,Irina-Camelia Begu,Anna Siskova,313169,324995,QF,6-2 3-6 7-5,completed,present,2025-07-14,2025-07-20,2025-07-18T13:59:30.923+00:00,False,2025-07-18T16:43:35.57+00:00,False,data/raw/wta/stats/_httpcache/2025/88405aa701ead87995a8cc1a1ddd9684b5402c68f31c31befcfdede38cd2313c.json,4c9594062660003bb022d864e5906eac2e36927de466f6f9f01455f598b0d93b,0,139045.0,True,2025-07-18,stats,False,False
2025,2063,LS007,Jaqueline Cristian,Panna Udvardy,320319,325956,QF,6-3 6-4,completed,present,2025-07-14,2025-07-20,2025-07-18T16:48:10.597+00:00,False,2025-07-18T18:35:26.453+00:00,False,data/raw/wta/stats/_httpcache/2025/88405aa701ead87995a8cc1a1ddd9684b5402c68f31c31befcfdede38cd2313c.json,4c9594062660003bb022d864e5906eac2e36927de466f6f9f01455f598b0d93b,0,139046.0,True,2025-07-18,stats,False,False
2025,2063,LS008,Maria Lourdes Carle,Elina Avanesyan,322638,327620,R16,7-6(4) 6-2,completed,present,2025-07-14,2025-07-20,2025-07-17T07:22:35.643+00:00,False,2025-07-17T09:54:31.103+00:00,False,data/raw/wta/stats/_httpcache/2025/88405aa701ead87995a8cc1a1ddd9684b5402c68f31c31befcfdede38cd2313c.json,4c9594062660003bb022d864e5906eac2e36927de466f6f9f01455f598b0d93b,0,139024.0,True,2025-07-17,stats,False,False
2025,2063,LS009,Sorana Cirstea,Varvara Gracheva,312469,325836,R16,6-2 6-4,completed,present,2025-07-14,2025-07-20,2025-07-17T09:57:45.667+00:00,False,2025-07-17T11:32:57.187+00:00,False,data/raw/wta/stats/_httpcache/2025/88405aa701ead87995a8cc1a1ddd9684b5402c68f31c31befcfdede38cd2313c.json,4c9594062660003bb022d864e5906eac2e36927de466f6f9f01455f598b0d93b,0,139027.0,True,2025-07-17,stats,False,False
2025,2063,LS010,Simona Waltert,Irene Burillo,325771,321157,R16,6-4 7-6(2),completed,present,2025-07-14,2025-07-20,2025-07-17T09:22:49.777+00:00,False,2025-07-17T11:54:10.49+00:00,False,data/raw/wta/stats/_httpcache/2025/88405aa701ead87995a8cc1a1ddd9684b5402c68f31c31befcfdede38cd2313c.json,4c9594062660003bb022d864e5906eac2e36927de466f6f9f01455f598b0d93b,0,139026.0,True,2025-07-17,stats,False,False
2025,2063,LS011,Jil Teichmann,Maja Chwalinska,320926,325639,R16,7-6(5) 6-2,completed,present,2025-07-14,2025-07-20,2025-07-16T07:27:10.82+00:00,False,2025-07-16T09:41:19.967+00:00,False,data/raw/wta/stats/_httpcache/2025/88405aa701ead87995a8cc1a1ddd9684b5402c68f31c31befcfdede38cd2313c.json,4c9594062660003bb022d864e5906eac2e36927de466f6f9f01455f598b0d93b,0,139011.0,True,2025-07-16,stats,False,False
2025,2063,LS012,Irina-Camelia Begu,Victoria Jimenez Kasintseva,313169,330352,R16,3-6 6-3 6-3,completed,present,2025-07-14,2025-07-20,2025-07-17T11:41:04.29+00:00,False,2025-07-17T14:08:54.313+00:00,False,data/raw/wta/stats/_httpcache/2025/88405aa701ead87995a8cc1a1ddd9684b5402c68f31c31befcfdede38cd2313c.json,4c9594062660003bb022d864e5906eac2e36927de466f6f9f01455f598b0d93b,0,139028.0,True,2025-07-17,stats,False,False
2025,2063,LS013,Anna Siskova,Ann Li,324995,326096,R16,6-3 6-3,completed,present,2025-07-14,2025-07-20,2025-07-16T09:45:29.523+00:00,False,2025-07-16T18:46:55.31+00:00,False,data/raw/wta/stats/_httpcache/2025/88405aa701ead87995a8cc1a1ddd9684b5402c68f31c31befcfdede38cd2313c.json,4c9594062660003bb022d864e5906eac2e36927de466f6f9f01455f598b0d93b,0,139012.0,True,2025-07-16,stats,False,False
2025,2063,LS014,Panna Udvardy,Francesca Jones,325956,324479,R16,6-4 6-3,completed,present,2025-07-14,2025-07-20,2025-07-17T07:24:41.273+00:00,False,2025-07-17T09:10:25.547+00:00,False,data/raw/wta/stats/_httpcache/2025/88405aa701ead87995a8cc1a1ddd9684b5402c68f31c31befcfdede38cd2313c.json,4c9594062660003bb022d864e5906eac2e36927de466f6f9f01455f598b0d93b,0,139025.0,True,2025-07-17,stats,False,False
2025,2063,LS016,Elina Avanesyan,Andreea Prisacariu,327620,323373,R32,6-3 6-3,completed,present,2025-07-14,2025-07-20,2025-07-15T10:16:32.577+00:00,False,2025-07-15T12:08:45.973+00:00,False,data/raw/wta/stats/_httpcache/2025/88405aa701ead87995a8cc1a1ddd9684b5402c68f31c31befcfdede38cd2313c.json,4c9594062660003bb022d864e5906eac2e36927de466f6f9f01455f598b0d93b,0,138989.0,True,2025-07-15,stats,False,False
2025,2063,LS017,Maria Lourdes Carle,Patricia Maria Tig,322638,317171,R32,2-6 6-2 6-2,completed,present,2025-07-14,2025-07-20,2025-07-15T07:17:43.633+00:00,False,2025-07-15T10:12:42.94+00:00,False,data/raw/wta/stats/_httpcache/2025/88405aa701ead87995a8cc1a1ddd9684b5402c68f31c31befcfdede38cd2313c.json,4c9594062660003bb022d864e5906eac2e36927de466f6f9f01455f598b0d93b,0,138986.0,True,2025-07-15,stats,False,False
2025,2063,LS018,Sorana Cirstea,Mihaela Buzarnescu,312469,312268,R32,6-2 6-2,completed,present,2025-07-14,2025-07-20,2025-07-15T15:38:31.643+00:00,False,2025-07-15T16:51:40.307+00:00,False,data/raw/wta/stats/_httpcache/2025/88405aa701ead87995a8cc1a1ddd9684b5402c68f31c31befcfdede38cd2313c.json,4c9594062660003bb022d864e5906eac2e36927de466f6f9f01455f598b0d93b,0,138993.0,True,2025-07-15,stats,False,False
2025,2063,LS019,Varvara Gracheva,Ana Bogdan,325836,315427,R32,7-5 6-2,completed,present,2025-07-14,2025-07-20,2025-07-14T17:40:15.893+00:00,False,2025-07-14T19:23:25.507+00:00,False,data/raw/wta/stats/_httpcache/2025/88405aa701ead87995a8cc1a1ddd9684b5402c68f31c31befcfdede38cd2313c.json,4c9594062660003bb022d864e5906eac2e36927de466f6f9f01455f598b0d93b,0,138959.0,True,2025-07-14,stats,False,False
2025,2063,LS021,Simona Waltert,Anastasija Sevastova,325771,313987,R32,6-3 6-3,completed,present,2025-07-14,2025-07-20,2025-07-15T09:18:47.177+00:00,False,2025-07-15T10:56:04.27+00:00,False,data/raw/wta/stats/_httpcache/2025/88405aa701ead87995a8cc1a1ddd9684b5402c68f31c31befcfdede38cd2313c.json,4c9594062660003bb022d864e5906eac2e36927de466f6f9f01455f598b0d93b,0,138988.0,True,2025-07-15,stats,False,False
2025,2063,LS022,Maja Chwalinska,Iryna Shymanovich,325639,320759,R32,4-6 6-4 6-2,completed,present,2025-07-14,2025-07-20,2025-07-14T15:21:32.78+00:00,False,2025-07-14T18:02:41.057+00:00,False,data/raw/wta/stats/_httpcache/2025/88405aa701ead87995a8cc1a1ddd9684b5402c68f31c31befcfdede38cd2313c.json,4c9594062660003bb022d864e5906eac2e36927de466f6f9f01455f598b0d93b,0,138957.0,True,2025-07-14,stats,False,False
2025,2063,LS023,Jil Teichmann,Miriam Bulgaru,320926,323119,R32,1-6 7-6(2) 6-1,completed,present,2025-07-14,2025-07-20,2025-07-14T13:35:56.15+00:00,False,2025-07-14T16:07:46.563+00:00,False,data/raw/wta/stats/_httpcache/2025/88405aa701ead87995a8cc1a1ddd9684b5402c68f31c31befcfdede38cd2313c.json,4c9594062660003bb022d864e5906eac2e36927de466f6f9f01455f598b0d93b,0,138956.0,True,2025-07-14,stats,False,False
2025,2063,LS024,Irina-Camelia Begu,Nao Hibino,313169,320238,R32,6-1 6-2,completed,present,2025-07-14,2025-07-20,2025-07-14T16:10:16.817+00:00,False,2025-07-14T17:36:12.673+00:00,False,data/raw/wta/stats/_httpcache/2025/88405aa701ead87995a8cc1a1ddd9684b5402c68f31c31befcfdede38cd2313c.json,4c9594062660003bb022d864e5906eac2e36927de466f6f9f01455f598b0d93b,0,138958.0,True,2025-07-14,stats,False,False
2025,2063,LS025,Victoria Jimenez Kasintseva,Giulia Safina Popa,330352,334883,R32,6-2 7-5,completed,present,2025-07-14,2025-07-20,2025-07-15T07:18:21.323+00:00,False,2025-07-15T09:12:21.47+00:00,False,data/raw/wta/stats/_httpcache/2025/88405aa701ead87995a8cc1a1ddd9684b5402c68f31c31befcfdede38cd2313c.json,4c9594062660003bb022d864e5906eac2e36927de466f6f9f01455f598b0d93b,0,138987.0,True,2025-07-15,stats,False,False
2025,2063,LS026,Anna Siskova,Katarzyna Kawa,324995,315806,R32,6-4 4-6 7-6(2),completed,present,2025-07-14,2025-07-20,2025-07-15T07:14:36.473+00:00,False,2025-07-15T10:11:56.72+00:00,False,data/raw/wta/stats/_httpcache/2025/88405aa701ead87995a8cc1a1ddd9684b5402c68f31c31befcfdede38cd2313c.json,4c9594062660003bb022d864e5906eac2e36927de466f6f9f01455f598b0d93b,0,138985.0,True,2025-07-15,stats,False,False
2025,2063,LS027,Ann Li,Guiomar Maristany Zuleta De Reales,326096,324786,R32,3-6 6-2 6-2,completed,present,2025-07-14,2025-07-20,2025-07-14T18:07:35.71+00:00,False,2025-07-14T20:18:00.67+00:00,False,data/raw/wta/stats/_httpcache/2025/88405aa701ead87995a8cc1a1ddd9684b5402c68f31c31befcfdede38cd2313c.json,4c9594062660003bb022d864e5906eac2e36927de466f6f9f01455f598b0d93b,0,138960.0,True,2025-07-14,stats,False,False
2025,2063,LS028,Francesca Jones,Alicia Herrero Linana,324479,321880,R32,6-3 6-2,completed,present,2025-07-14,2025-07-20,2025-07-15T13:55:49.527+00:00,False,2025-07-15T15:20:14.46+00:00,False,data/raw/wta/stats/_httpcache/2025/88405aa701ead87995a8cc1a1ddd9684b5402c68f31c31befcfdede38cd2313c.json,4c9594062660003bb022d864e5906eac2e36927de466f6f9f01455f598b0d93b,0,138992.0,True,2025-07-15,stats,False,False
2025,2063,LS029,Panna Udvardy,Margaux Rouvroy,325956,327127,R32,6-3 2-6 7-5,completed,present,2025-07-14,2025-07-20,2025-07-15T13:49:24.777+00:00,False,2025-07-15T16:23:54.267+00:00,False,data/raw/wta/stats/_httpcache/2025/88405aa701ead87995a8cc1a1ddd9684b5402c68f31c31befcfdede38cd2313c.json,4c9594062660003bb022d864e5906eac2e36927de466f6f9f01455f598b0d93b,0,138991.0,True,2025-07-15,stats,False,False
2025,2063,LS030,Jana Fett,Veronika Erjavec,320945,327655,R32,7-6(6) 6-2,completed,present,2025-07-14,2025-07-20,2025-07-14T13:03:33.25+00:00,False,2025-07-14T15:19:30.467+00:00,False,data/raw/wta/stats/_httpcache/2025/88405aa701ead87995a8cc1a1ddd9684b5402c68f31c31befcfdede38cd2313c.json,4c9594062660003bb022d864e5906eac2e36927de466f6f9f01455f598b0d93b,0,138955.0,True,2025-07-14,stats,False,False
2025,2063,LS031,Jaqueline Cristian,Daria Lodikova,320319,320481,R32,6-1 6-4,completed,present,2025-07-14,2025-07-20,2025-07-15T13:46:05.783+00:00,False,2025-07-15T15:35:22.737+00:00,False,data/raw/wta/stats/_httpcache/2025/88405aa701ead87995a8cc1a1ddd9684b5402c68f31c31befcfdede38cd2313c.json,4c9594062660003bb022d864e5906eac2e36927de466f6f9f01455f598b0d93b,0,138990.0,True,2025-07-15,stats,False,False
2025,2066,LS001,Elina Svitolina,Olga Danilovic,316738,324934,F,6-4 7-6(8),completed,present,2025-04-14,2025-04-20,2025-04-20T13:20:55.387+00:00,False,2025-04-20T15:35:52.513+00:00,False,data/raw/wta/stats/_httpcache/2025/f84c02e47222376a7baddf5d3abfd4f43e860da76cdc0682a77800bc4d95dfb1.json,9d3dad56c2d27228c64bec50ed21db6a026d964d65dda76e8b3013f2e2ab2ca7,0,137737.0,True,2025-04-20,stats,False,False
2025,2066,LS002,Elina Svitolina,Elena-Gabriela Ruse,316738,320408,SF,6-0 6-2,completed,present,2025-04-14,2025-04-20,2025-04-19T14:44:12.183+00:00,False,2025-04-19T16:01:37.697+00:00,False,data/raw/wta/stats/_httpcache/2025/f84c02e47222376a7baddf5d3abfd4f43e860da76cdc0682a77800bc4d95dfb1.json,9d3dad56c2d27228c64bec50ed21db6a026d964d65dda76e8b3013f2e2ab2ca7,0,137733.0,True,2025-04-19,stats,False,False
2025,2066,LS003,Olga Danilovic,Suzan Lamens,324934,324898,SF,6-4 6-4,completed,present,2025-04-14,2025-04-20,2025-04-19T12:49:36.32+00:00,False,2025-04-19T14:42:13.82+00:00,False,data/raw/wta/stats/_httpcache/2025/f84c02e47222376a7baddf5d3abfd4f43e860da76cdc0682a77800bc4d95dfb1.json,9d3dad56c2d27228c64bec50ed21db6a026d964d65dda76e8b3013f2e2ab2ca7,0,137732.0,True,2025-04-19,stats,False,False
2025,2066,LS004,Elina Svitolina,Jessica Bouzas Maneiro,316738,328139,QF,6-3 6-2,completed,present,2025-04-14,2025-04-20,2025-04-18T17:18:39.077+00:00,False,2025-04-18T18:58:53.267+00:00,False,data/raw/wta/stats/_httpcache/2025/f84c02e47222376a7baddf5d3abfd4f43e860da76cdc0682a77800bc4d95dfb1.json,9d3dad56c2d27228c64bec50ed21db6a026d964d65dda76e8b3013f2e2ab2ca7,0,137725.0,True,2025-04-18,stats,False,False
2025,2066,LS005,Elena-Gabriela Ruse,Jessika Ponchet,320408,319421,QF,6-2 6-2,completed,present,2025-04-14,2025-04-20,2025-04-18T14:11:16.333+00:00,False,2025-04-18T15:42:56.55+00:00,False,data/raw/wta/stats/_httpcache/2025/f84c02e47222376a7baddf5d3abfd4f43e860da76cdc0682a77800bc4d95dfb1.json,9d3dad56c2d27228c64bec50ed21db6a026d964d65dda76e8b3013f2e2ab2ca7,0,137723.0,True,2025-04-18,stats,False,False
2025,2066,LS006,Olga Danilovic,Moyuka Uchijima,324934,327241,QF,7-6(9) 4-6 6-1,completed,present,2025-04-14,2025-04-20,2025-04-18T11:24:05.3+00:00,False,2025-04-18T14:09:00.49+00:00,False,data/raw/wta/stats/_httpcache/2025/f84c02e47222376a7baddf5d3abfd4f43e860da76cdc0682a77800bc4d95dfb1.json,9d3dad56c2d27228c64bec50ed21db6a026d964d65dda76e8b3013f2e2ab2ca7,0,137722.0,True,2025-04-18,stats,False,False
2025,2066,LS007,Suzan Lamens,Tiantsoa Rakotomanga Rajaonah,324898,330970,QF,6-3 6-3,completed,present,2025-04-14,2025-04-20,2025-04-18T15:46:43.593+00:00,False,2025-04-18T17:13:44.593+00:00,False,data/raw/wta/stats/_httpcache/2025/f84c02e47222376a7baddf5d3abfd4f43e860da76cdc0682a77800bc4d95dfb1.json,9d3dad56c2d27228c64bec50ed21db6a026d964d65dda76e8b3013f2e2ab2ca7,0,137724.0,True,2025-04-18,stats,False,False
2025,2066,LS008,Elina Svitolina,Anhelina Kalinina,316738,320567,R16,6-4 6-0,completed,present,2025-04-14,2025-04-20,2025-04-17T16:10:49.36+00:00,False,2025-04-17T17:47:45.9+00:00,False,data/raw/wta/stats/_httpcache/2025/f84c02e47222376a7baddf5d3abfd4f43e860da76cdc0682a77800bc4d95dfb1.json,9d3dad56c2d27228c64bec50ed21db6a026d964d65dda76e8b3013f2e2ab2ca7,0,137715.0,True,2025-04-17,stats,False,False
2025,2066,LS009,Jessica Bouzas Maneiro,Varvara Gracheva,328139,325836,R16,6-3 6-3,completed,present,2025-04-14,2025-04-20,2025-04-17T17:50:47.29+00:00,False,2025-04-17T19:29:01.497+00:00,False,data/raw/wta/stats/_httpcache/2025/f84c02e47222376a7baddf5d3abfd4f43e860da76cdc0682a77800bc4d95dfb1.json,9d3dad56c2d27228c64bec50ed21db6a026d964d65dda76e8b3013f2e2ab2ca7,0,137716.0,True,2025-04-17,stats,False,False
2025,2066,LS010,Jessika Ponchet,Fiona Ferro,319421,319969,R16,7-6(4) 6-4,completed,present,2025-04-14,2025-04-20,2025-04-16T16:38:32.26+00:00,False,2025-04-16T18:25:50.233+00:00,False,data/raw/wta/stats/_httpcache/2025/f84c02e47222376a7baddf5d3abfd4f43e860da76cdc0682a77800bc4d95dfb1.json,9d3dad56c2d27228c64bec50ed21db6a026d964d65dda76e8b3013f2e2ab2ca7,0,137696.0,True,2025-04-16,stats,False,False
2025,2066,LS011,Elena-Gabriela Ruse,Camilla Rosatello,320408,318201,R16,6-0 6-4,completed,present,2025-04-14,2025-04-20,2025-04-16T13:12:05.993+00:00,False,2025-04-16T14:45:59.483+00:00,False,data/raw/wta/stats/_httpcache/2025/f84c02e47222376a7baddf5d3abfd4f43e860da76cdc0682a77800bc4d95dfb1.json,9d3dad56c2d27228c64bec50ed21db6a026d964d65dda76e8b3013f2e2ab2ca7,0,137695.0,True,2025-04-16,stats,False,False
2025,2066,LS012,Moyuka Uchijima,Lois Boisson,327241,328884,R16,1-6 7-6(4) 6-4,completed,present,2025-04-14,2025-04-20,2025-04-17T10:50:56.29+00:00,False,2025-04-17T13:28:47.86+00:00,False,data/raw/wta/stats/_httpcache/2025/f84c02e47222376a7baddf5d3abfd4f43e860da76cdc0682a77800bc4d95dfb1.json,9d3dad56c2d27228c64bec50ed21db6a026d964d65dda76e8b3013f2e2ab2ca7,0,137713.0,True,2025-04-17,stats,False,False
2025,2066,LS013,Olga Danilovic,Linda Fruhvirtova,324934,329627,R16,6-2 3-6 6-4,completed,present,2025-04-14,2025-04-20,2025-04-17T13:30:58.893+00:00,False,2025-04-17T16:08:45.82+00:00,False,data/raw/wta/stats/_httpcache/2025/f84c02e47222376a7baddf5d3abfd4f43e860da76cdc0682a77800bc4d95dfb1.json,9d3dad56c2d27228c64bec50ed21db6a026d964d65dda76e8b3013f2e2ab2ca7,0,137714.0,True,2025-04-17,stats,False,False
2025,2066,LS014,Tiantsoa Rakotomanga Rajaonah,Jaqueline Cristian,330970,320319,R16,6-2 6-3,completed,present,2025-04-14,2025-04-20,2025-04-16T18:27:08.34+00:00,False,2025-04-16T20:08:53.033+00:00,False,data/raw/wta/stats/_httpcache/2025/f84c02e47222376a7baddf5d3abfd4f43e860da76cdc0682a77800bc4d95dfb1.json,9d3dad56c2d27228c64bec50ed21db6a026d964d65dda76e8b3013f2e2ab2ca7,0,137697.0,True,2025-04-16,stats,False,False
2025,2066,LS015,Suzan Lamens,Linda Noskova,324898,329668,R16,6-4 6-1,completed,present,2025-04-14,2025-04-20,2025-04-17T09:19:52.41+00:00,False,2025-04-17T10:49:35.19+00:00,False,data/raw/wta/stats/_httpcache/2025/f84c02e47222376a7baddf5d3abfd4f43e860da76cdc0682a77800bc4d95dfb1.json,9d3dad56c2d27228c64bec50ed21db6a026d964d65dda76e8b3013f2e2ab2ca7,0,137712.0,True,2025-04-17,stats,False,False
2025,2066,LS016,Elina Svitolina,Jil Teichmann,316738,320926,R32,6-4 6-2,completed,present,2025-04-14,2025-04-20,2025-04-16T14:51:18.58+00:00,False,2025-04-16T16:34:32.407+00:00,False,data/raw/wta/stats/_httpcache/2025/f84c02e47222376a7baddf5d3abfd4f43e860da76cdc0682a77800bc4d95dfb1.json,9d3dad56c2d27228c64bec50ed21db6a026d964d65dda76e8b3013f2e2ab2ca7,0,137694.0,True,2025-04-16,stats,False,False
2025,2066,LS017,Anhelina Kalinina,Nao Hibino,320567,320238,R32,6-0 6-4,completed,present,2025-04-14,2025-04-20,2025-04-14T13:04:51.73+00:00,False,2025-04-14T14:36:20.943+00:00,False,data/raw/wta/stats/_httpcache/2025/f84c02e47222376a7baddf5d3abfd4f43e860da76cdc0682a77800bc4d95dfb1.json,9d3dad56c2d27228c64bec50ed21db6a026d964d65dda76e8b3013f2e2ab2ca7,0,137653.0,True,2025-04-14,stats,False,False
2025,2066,LS018,Jessica Bouzas Maneiro,Maria Sakkari,328139,318312,R32,6-0 3-6 6-3,completed,present,2025-04-14,2025-04-20,2025-04-15T15:25:00.92+00:00,False,2025-04-15T17:22:21.753+00:00,False,data/raw/wta/stats/_httpcache/2025/f84c02e47222376a7baddf5d3abfd4f43e860da76cdc0682a77800bc4d95dfb1.json,9d3dad56c2d27228c64bec50ed21db6a026d964d65dda76e8b3013f2e2ab2ca7,0,137677.0,True,2025-04-15,stats,False,False
2025,2066,LS019,Varvara Gracheva,Sonay Kartal,325836,329918,R32,6-3 6-2,completed,present,2025-04-14,2025-04-20,2025-04-15T17:24:37.677+00:00,False,2025-04-15T19:08:51.31+00:00,False,data/raw/wta/stats/_httpcache/2025/f84c02e47222376a7baddf5d3abfd4f43e860da76cdc0682a77800bc4d95dfb1.json,9d3dad56c2d27228c64bec50ed21db6a026d964d65dda76e8b3013f2e2ab2ca7,0,137678.0,True,2025-04-15,stats,False,False
2025,2066,LS020,Fiona Ferro,McCartney Kessler,319969,326678,R32,6-7(8) 6-2 7-5,completed,present,2025-04-14,2025-04-20,2025-04-14T17:31:52.817+00:00,False,2025-04-14T20:44:02.947+00:00,False,data/raw/wta/stats/_httpcache/2025/f84c02e47222376a7baddf5d3abfd4f43e860da76cdc0682a77800bc4d95dfb1.json,9d3dad56c2d27228c64bec50ed21db6a026d964d65dda76e8b3013f2e2ab2ca7,0,137655.0,True,2025-04-14,stats,False,False
2025,2066,LS021,Jessika Ponchet,Margaux Rouvroy,319421,327127,R32,6-2 6-4,completed,present,2025-04-14,2025-04-20,2025-04-15T09:19:29.81+00:00,False,2025-04-15T11:04:05.41+00:00,False,data/raw/wta/stats/_httpcache/2025/f84c02e47222376a7baddf5d3abfd4f43e860da76cdc0682a77800bc4d95dfb1.json,9d3dad56c2d27228c64bec50ed21db6a026d964d65dda76e8b3013f2e2ab2ca7,0,137671.0,True,2025-04-15,stats,False,False
2025,2066,LS022,Elena-Gabriela Ruse,Elsa Jacquemot,320408,328142,R32,1-6 6-1 6-4,completed,present,2025-04-14,2025-04-20,2025-04-14T15:19:59.147+00:00,False,2025-04-14T17:29:22.61+00:00,False,data/raw/wta/stats/_httpcache/2025/f84c02e47222376a7baddf5d3abfd4f43e860da76cdc0682a77800bc4d95dfb1.json,9d3dad56c2d27228c64bec50ed21db6a026d964d65dda76e8b3013f2e2ab2ca7,0,137654.0,True,2025-04-14,stats,False,False
2025,2066,LS023,Camilla Rosatello,Alycia Parks,318201,326007,R32,6-2 6-3,completed,present,2025-04-14,2025-04-20,2025-04-15T15:05:14.887+00:00,False,2025-04-15T16:37:49.197+00:00,False,data/raw/wta/stats/_httpcache/2025/f84c02e47222376a7baddf5d3abfd4f43e860da76cdc0682a77800bc4d95dfb1.json,9d3dad56c2d27228c64bec50ed21db6a026d964d65dda76e8b3013f2e2ab2ca7,0,137676.0,True,2025-04-15,stats,False,False
2025,2066,LS024,Moyuka Uchijima,Nuria Brancaccio,327241,325433,R32,3-6 6-2 6-1,completed,present,2025-04-14,2025-04-20,2025-04-16T11:08:21.517+00:00,False,2025-04-16T13:08:26.94+00:00,False,data/raw/wta/stats/_httpcache/2025/f84c02e47222376a7baddf5d3abfd4f43e860da76cdc0682a77800bc4d95dfb1.json,9d3dad56c2d27228c64bec50ed21db6a026d964d65dda76e8b3013f2e2ab2ca7,0,137692.0,True,2025-04-16,stats,False,False
2025,2066,LS025,Lois Boisson,Harriet Dart,328884,319489,R32,6-0 6-3,completed,present,2025-04-14,2025-04-20,2025-04-15T11:06:21.383+00:00,False,2025-04-15T12:40:35.033+00:00,False,data/raw/wta/stats/_httpcache/2025/f84c02e47222376a7baddf5d3abfd4f43e860da76cdc0682a77800bc4d95dfb1.json,9d3dad56c2d27228c64bec50ed21db6a026d964d65dda76e8b3013f2e2ab2ca7,0,137673.0,True,2025-04-15,stats,False,False
2025,2066,LS026,Linda Fruhvirtova,Anna Blinkova,329627,324267,R32,6-7(5) 6-4 7-5,completed,present,2025-04-14,2025-04-20,2025-04-15T11:56:31.407+00:00,False,2025-04-15T15:03:02.28+00:00,False,data/raw/wta/stats/_httpcache/2025/f84c02e47222376a7baddf5d3abfd4f43e860da76cdc0682a77800bc4d95dfb1.json,9d3dad56c2d27228c64bec50ed21db6a026d964d65dda76e8b3013f2e2ab2ca7,0,137674.0,True,2025-04-15,stats,False,False
2025,2066,LS027,Olga Danilovic,Aleksandra Krunic,324934,316344,R32,5-7 6-0 6-3,completed,present,2025-04-14,2025-04-20,2025-04-15T09:21:05.69+00:00,False,2025-04-15T11:53:09.2+00:00,False,data/raw/wta/stats/_httpcache/2025/f84c02e47222376a7baddf5d3abfd4f43e860da76cdc0682a77800bc4d95dfb1.json,9d3dad56c2d27228c64bec50ed21db6a026d964d65dda76e8b3013f2e2ab2ca7,0,137672.0,True,2025-04-15,stats,False,False
2025,2066,LS028,Tiantsoa Rakotomanga Rajaonah,Lucia Bronzetti,330970,322280,R32,6-2 6-3,completed,present,2025-04-14,2025-04-20,2025-04-14T11:23:33.607+00:00,False,2025-04-14T13:00:44.43+00:00,False,data/raw/wta/stats/_httpcache/2025/f84c02e47222376a7baddf5d3abfd4f43e860da76cdc0682a77800bc4d95dfb1.json,9d3dad56c2d27228c64bec50ed21db6a026d964d65dda76e8b3013f2e2ab2ca7,0,137652.0,True,2025-04-14,stats,False,False
2025,2066,LS029,Jaqueline Cristian,Diane Parry,320319,327077,R32,6-4 6-3,completed,present,2025-04-14,2025-04-20,2025-04-15T12:43:02.02+00:00,False,2025-04-15T14:33:48.823+00:00,False,data/raw/wta/stats/_httpcache/2025/f84c02e47222376a7baddf5d3abfd4f43e860da76cdc0682a77800bc4d95dfb1.json,9d3dad56c2d27228c64bec50ed21db6a026d964d65dda76e8b3013f2e2ab2ca7,0,137675.0,True,2025-04-15,stats,False,False
2025,2066,LS030,Suzan Lamens,Bianca Andreescu,324898,325088,R32,6-1 4-6 7-6(2),completed,present,2025-04-14,2025-04-20,2025-04-16T11:58:06.32+00:00,False,2025-04-16T14:48:36.487+00:00,False,data/raw/wta/stats/_httpcache/2025/f84c02e47222376a7baddf5d3abfd4f43e860da76cdc0682a77800bc4d95dfb1.json,9d3dad56c2d27228c64bec50ed21db6a026d964d65dda76e8b3013f2e2ab2ca7,0,137693.0,True,2025-04-16,stats,False,False
2025,2066,LS031,Linda Noskova,Bernarda Pera,329668,317708,R32,4-6 7-6(5) 6-4,completed,present,2025-04-14,2025-04-20,2025-04-16T09:18:08.047+00:00,False,2025-04-16T11:56:51.333+00:00,False,data/raw/wta/stats/_httpcache/2025/f84c02e47222376a7baddf5d3abfd4f43e860da76cdc0682a77800bc4d95dfb1.json,9d3dad56c2d27228c64bec50ed21db6a026d964d65dda76e8b3013f2e2ab2ca7,0,137691.0,True,2025-04-16,stats,False,False
2025,2075,LS001,Iva Jovic,Emiliana Arango,332285,324789,F,6-4 6-1,completed,present,2025-09-08,2025-09-14,2025-09-14T20:47:37.33+00:00,False,2025-09-14T22:44:24.96+00:00,False,data/raw/wta/stats/_httpcache/2025/7040eee52c36299470ddfe8935e1be7b87cf044a3f795402b3b522bcfac9fdd2.json,521736dd4bae98c142343156de8fbbc9d51a416ace3bd306f90e23be8c759995,0,140118.0,True,2025-09-14,stats,False,False
2025,2075,LS002,Emiliana Arango,Elsa Jacquemot,324789,328142,SF,6-4 7-5,completed,present,2025-09-08,2025-09-14,2025-09-13T21:44:31.327+00:00,False,2025-09-14T00:01:08.913+00:00,False,data/raw/wta/stats/_httpcache/2025/7040eee52c36299470ddfe8935e1be7b87cf044a3f795402b3b522bcfac9fdd2.json,521736dd4bae98c142343156de8fbbc9d51a416ace3bd306f90e23be8c759995,0,140096.0,True,2025-09-13,stats,False,False
2025,2075,LS003,Iva Jovic,Nikola Bartunkova,332285,330364,SF,6-3 6-7(5) 6-3,completed,present,2025-09-08,2025-09-14,2025-09-14T00:05:07.543+00:00,False,2025-09-14T03:11:49.357+00:00,False,data/raw/wta/stats/_httpcache/2025/7040eee52c36299470ddfe8935e1be7b87cf044a3f795402b3b522bcfac9fdd2.json,521736dd4bae98c142343156de8fbbc9d51a416ace3bd306f90e23be8c759995,0,140117.0,True,2025-09-14,stats,False,False
2025,2075,LS004,Elsa Jacquemot,Tatjana Maria,328142,310440,QF,3-6 6-4 6-4,completed,present,2025-09-08,2025-09-14,2025-09-12T20:44:16.14+00:00,False,2025-09-12T23:11:35.353+00:00,False,data/raw/wta/stats/_httpcache/2025/7040eee52c36299470ddfe8935e1be7b87cf044a3f795402b3b522bcfac9fdd2.json,521736dd4bae98c142343156de8fbbc9d51a416ace3bd306f90e23be8c759995,0,140073.0,True,2025-09-12,stats,False,False
2025,2075,LS005,Emiliana Arango,Marina Stakusic,324789,329614,QF,6-2 6-3,completed,present,2025-09-08,2025-09-14,2025-09-13T03:04:38.727+00:00,False,2025-09-13T04:30:59.887+00:00,False,data/raw/wta/stats/_httpcache/2025/7040eee52c36299470ddfe8935e1be7b87cf044a3f795402b3b522bcfac9fdd2.json,521736dd4bae98c142343156de8fbbc9d51a416ace3bd306f90e23be8c759995,0,140094.0,True,2025-09-13,stats,False,False
2025,2075,LS006,Nikola Bartunkova,Magdalena Frech,330364,320277,QF,7-5 6-4,completed,present,2025-09-08,2025-09-14,2025-09-13T03:52:05.1+00:00,False,2025-09-13T05:42:28.747+00:00,False,data/raw/wta/stats/_httpcache/2025/7040eee52c36299470ddfe8935e1be7b87cf044a3f795402b3b522bcfac9fdd2.json,521736dd4bae98c142343156de8fbbc9d51a416ace3bd306f90e23be8c759995,0,140095.0,True,2025-09-13,stats,False,False
2025,2075,LS007,Iva Jovic,Victoria Jimenez Kasintseva,332285,330352,QF,6-3 3-6 7-6(6),completed,present,2025-09-08,2025-09-14,2025-09-12T23:15:16.663+00:00,False,2025-09-13T03:02:08.297+00:00,False,data/raw/wta/stats/_httpcache/2025/7040eee52c36299470ddfe8935e1be7b87cf044a3f795402b3b522bcfac9fdd2.json,521736dd4bae98c142343156de8fbbc9d51a416ace3bd306f90e23be8c759995,0,140074.0,True,2025-09-12,stats,False,False
2025,2075,LS008,Elsa Jacquemot,Elise Mertens,328142,317964,R16,4-6 6-3 6-4,completed,present,2025-09-08,2025-09-14,2025-09-11T00:33:28.713+00:00,False,2025-09-11T23:34:56.687+00:00,False,data/raw/wta/stats/_httpcache/2025/7040eee52c36299470ddfe8935e1be7b87cf044a3f795402b3b522bcfac9fdd2.json,521736dd4bae98c142343156de8fbbc9d51a416ace3bd306f90e23be8c759995,0,140053.0,True,2025-09-11,stats,False,False
2025,2075,LS009,Tatjana Maria,Rebecca Marino,310440,313485,R16,6-3 7-5,completed,present,2025-09-08,2025-09-14,2025-09-10T22:46:50.297+00:00,False,2025-09-11T00:30:36.607+00:00,False,data/raw/wta/stats/_httpcache/2025/7040eee52c36299470ddfe8935e1be7b87cf044a3f795402b3b522bcfac9fdd2.json,521736dd4bae98c142343156de8fbbc9d51a416ace3bd306f90e23be8c759995,0,140028.0,True,2025-09-10,stats,False,False
2025,2075,LS010,Marina Stakusic,Jelena Ostapenko,329614,319939,R16,6-4 6-7(6) 6-2,completed,present,2025-09-08,2025-09-14,2025-09-12T17:48:41.623+00:00,False,2025-09-12T20:42:19.833+00:00,False,data/raw/wta/stats/_httpcache/2025/7040eee52c36299470ddfe8935e1be7b87cf044a3f795402b3b522bcfac9fdd2.json,521736dd4bae98c142343156de8fbbc9d51a416ace3bd306f90e23be8c759995,0,140072.0,True,2025-09-12,stats,False,False
2025,2075,LS011,Emiliana Arango,Storm Hunter,324789,317810,R16,6-2 6-2,completed,present,2025-09-08,2025-09-14,2025-09-11T19:48:45.527+00:00,False,2025-09-11T22:16:12.38+00:00,False,data/raw/wta/stats/_httpcache/2025/7040eee52c36299470ddfe8935e1be7b87cf044a3f795402b3b522bcfac9fdd2.json,521736dd4bae98c142343156de8fbbc9d51a416ace3bd306f90e23be8c759995,0,140054.0,True,2025-09-11,stats,False,False
2025,2075,LS012,Nikola Bartunkova,Darja Vidmanova,330364,329057,R16,6-3 6-2,completed,present,2025-09-08,2025-09-14,2025-09-10T19:47:09.86+00:00,False,2025-09-10T21:37:37.627+00:00,False,data/raw/wta/stats/_httpcache/2025/7040eee52c36299470ddfe8935e1be7b87cf044a3f795402b3b522bcfac9fdd2.json,521736dd4bae98c142343156de8fbbc9d51a416ace3bd306f90e23be8c759995,0,140027.0,True,2025-09-10,stats,False,False
2025,2075,LS013,Magdalena Frech,Lucrezia Stefanini,320277,323149,R16,6-1 7-6(6),completed,present,2025-09-08,2025-09-14,2025-09-12T02:38:55.56+00:00,False,2025-09-12T05:51:40.973+00:00,False,data/raw/wta/stats/_httpcache/2025/7040eee52c36299470ddfe8935e1be7b87cf044a3f795402b3b522bcfac9fdd2.json,521736dd4bae98c142343156de8fbbc9d51a416ace3bd306f90e23be8c759995,0,140071.0,True,2025-09-12,stats,False,False
2025,2075,LS014,Iva Jovic,Camila Osorio,332285,325898,R16,6-4 6-2,completed,present,2025-09-08,2025-09-14,2025-09-11T23:37:04.19+00:00,False,2025-09-12T03:26:38.6+00:00,False,data/raw/wta/stats/_httpcache/2025/7040eee52c36299470ddfe8935e1be7b87cf044a3f795402b3b522bcfac9fdd2.json,521736dd4bae98c142343156de8fbbc9d51a416ace3bd306f90e23be8c759995,0,140056.0,True,2025-09-11,stats,False,False
2025,2075,LS015,Victoria Jimenez Kasintseva,Veronika Kudermetova,330352,319526,R16,6-4 6-2,completed,present,2025-09-08,2025-09-14,2025-09-11T19:50:24.537+00:00,False,2025-09-11T23:08:30.997+00:00,False,data/raw/wta/stats/_httpcache/2025/7040eee52c36299470ddfe8935e1be7b87cf044a3f795402b3b522bcfac9fdd2.json,521736dd4bae98c142343156de8fbbc9d51a416ace3bd306f90e23be8c759995,0,140055.0,True,2025-09-11,stats,False,False
2025,2075,LS017,Elsa Jacquemot,Maria Sakkari,328142,318312,R32,6-2 6-0,completed,present,2025-09-08,2025-09-14,2025-09-08T23:57:08.323+00:00,False,2025-09-09T23:31:48.973+00:00,False,data/raw/wta/stats/_httpcache/2025/7040eee52c36299470ddfe8935e1be7b87cf044a3f795402b3b522bcfac9fdd2.json,521736dd4bae98c142343156de8fbbc9d51a416ace3bd306f90e23be8c759995,0,139966.0,True,2025-09-08,stats,False,False
2025,2075,LS018,Rebecca Marino,Martina Trevisan,313485,316266,R32,6-2 6-3,completed,present,2025-09-08,2025-09-14,2025-09-09T22:59:32.42+00:00,False,2025-09-10T00:25:00.413+00:00,False,data/raw/wta/stats/_httpcache/2025/7040eee52c36299470ddfe8935e1be7b87cf044a3f795402b3b522bcfac9fdd2.json,521736dd4bae98c142343156de8fbbc9d51a416ace3bd306f90e23be8c759995,0,140010.0,True,2025-09-09,stats,False,False
2025,2075,LS019,Tatjana Maria,Zeynep Sonmez,310440,326907,R32,6-4 6-2,completed,present,2025-09-08,2025-09-14,2025-09-09T19:46:56.613+00:00,False,2025-09-09T21:26:00.303+00:00,False,data/raw/wta/stats/_httpcache/2025/7040eee52c36299470ddfe8935e1be7b87cf044a3f795402b3b522bcfac9fdd2.json,521736dd4bae98c142343156de8fbbc9d51a416ace3bd306f90e23be8c759995,0,140009.0,True,2025-09-09,stats,False,False
2025,2075,LS021,Marina Stakusic,Polina Kudermetova,329614,328897,R32,3-6 7-5 6-4,completed,present,2025-09-08,2025-09-14,2025-09-09T18:52:16.787+00:00,False,2025-09-09T22:56:17.427+00:00,False,data/raw/wta/stats/_httpcache/2025/7040eee52c36299470ddfe8935e1be7b87cf044a3f795402b3b522bcfac9fdd2.json,521736dd4bae98c142343156de8fbbc9d51a416ace3bd306f90e23be8c759995,0,140008.0,True,2025-09-09,stats,False,False
2025,2075,LS022,Storm Hunter,Katerina Siniakova,317810,320301,R32,7-6(5) 4-6 6-3,completed,present,2025-09-08,2025-09-14,2025-09-10T00:27:06.317+00:00,False,2025-09-10T03:39:19.117+00:00,False,data/raw/wta/stats/_httpcache/2025/7040eee52c36299470ddfe8935e1be7b87cf044a3f795402b3b522bcfac9fdd2.json,521736dd4bae98c142343156de8fbbc9d51a416ace3bd306f90e23be8c759995,0,140024.0,True,2025-09-10,stats,False,False
2025,2075,LS024,Darja Vidmanova,Alycia Parks,329057,326007,R32,6-2 6-4,completed,present,2025-09-08,2025-09-14,2025-09-08T19:44:12.953+00:00,False,2025-09-08T21:29:56.983+00:00,False,data/raw/wta/stats/_httpcache/2025/7040eee52c36299470ddfe8935e1be7b87cf044a3f795402b3b522bcfac9fdd2.json,521736dd4bae98c142343156de8fbbc9d51a416ace3bd306f90e23be8c759995,0,139962.0,True,2025-09-08,stats,False,False
2025,2075,LS025,Nikola Bartunkova,Nicole Fossa Huergo,330364,318001,R32,6-4 6-2,completed,present,2025-09-08,2025-09-14,2025-09-08T19:49:43.89+00:00,False,2025-09-08T21:56:45.703+00:00,False,data/raw/wta/stats/_httpcache/2025/7040eee52c36299470ddfe8935e1be7b87cf044a3f795402b3b522bcfac9fdd2.json,521736dd4bae98c142343156de8fbbc9d51a416ace3bd306f90e23be8c759995,0,139963.0,True,2025-09-08,stats,False,False
2025,2075,LS026,Lucrezia Stefanini,Sloane Stephens,323149,315683,R32,6-4 4-6 6-1,completed,present,2025-09-08,2025-09-14,2025-09-10T02:43:26.91+00:00,False,2025-09-10T22:43:31.803+00:00,False,data/raw/wta/stats/_httpcache/2025/7040eee52c36299470ddfe8935e1be7b87cf044a3f795402b3b522bcfac9fdd2.json,521736dd4bae98c142343156de8fbbc9d51a416ace3bd306f90e23be8c759995,0,140026.0,True,2025-09-10,stats,False,False
2025,2075,LS028,Camila Osorio,Kamilla Rakhimova,325898,325936,R32,7-5 7-5,completed,present,2025-09-08,2025-09-14,2025-09-10T00:32:37.737+00:00,False,2025-09-10T02:40:01.683+00:00,False,data/raw/wta/stats/_httpcache/2025/7040eee52c36299470ddfe8935e1be7b87cf044a3f795402b3b522bcfac9fdd2.json,521736dd4bae98c142343156de8fbbc9d51a416ace3bd306f90e23be8c759995,0,140025.0,True,2025-09-10,stats,False,False
2025,2075,LS029,Iva Jovic,Katarzyna Kawa,332285,315806,R32,6-4 4-6 6-3,completed,present,2025-09-08,2025-09-14,2025-09-08T21:34:45.4+00:00,False,2025-09-08T23:54:24.853+00:00,False,data/raw/wta/stats/_httpcache/2025/7040eee52c36299470ddfe8935e1be7b87cf044a3f795402b3b522bcfac9fdd2.json,521736dd4bae98c142343156de8fbbc9d51a416ace3bd306f90e23be8c759995,0,139964.0,True,2025-09-08,stats,False,False
2025,2075,LS030,Victoria Jimenez Kasintseva,Elena Pridankina,330352,330905,R32,6-4 6-3,completed,present,2025-09-08,2025-09-14,2025-09-08T21:59:19.603+00:00,False,2025-09-08T23:44:19.737+00:00,False,data/raw/wta/stats/_httpcache/2025/7040eee52c36299470ddfe8935e1be7b87cf044a3f795402b3b522bcfac9fdd2.json,521736dd4bae98c142343156de8fbbc9d51a416ace3bd306f90e23be8c759995,0,139965.0,True,2025-09-08,stats,False,False
2025,2082,LS001,Jessica Pegula,McCartney Kessler,316956,326678,F,7-5 6-2,completed,present,2025-02-24,2025-03-02,2025-03-02T19:15:17.273+00:00,False,2025-03-02T21:01:26.963+00:00,False,data/raw/wta/stats/_httpcache/2025/7a15ee3f0e08cbb6ff7198115c77219a559f694a0656a9b96c2d6f6afc0dd657.json,d9437469a22e8a93bc92fba6d73f6f1ed9d73cc59aabe3a287bdd21fe6e6dfe2,0,137053.0,True,2025-03-02,stats,False,False
2025,2082,LS002,Jessica Pegula,Ajla Tomljanovic,316956,315232,SF,6-1 4-6 6-3,completed,present,2025-02-24,2025-03-02,2025-03-01T19:17:22.607+00:00,False,2025-03-01T21:36:59+00:00,False,data/raw/wta/stats/_httpcache/2025/7a15ee3f0e08cbb6ff7198115c77219a559f694a0656a9b96c2d6f6afc0dd657.json,d9437469a22e8a93bc92fba6d73f6f1ed9d73cc59aabe3a287bdd21fe6e6dfe2,0,137048.0,True,2025-03-01,stats,False,False
2025,2082,LS003,McCartney Kessler,Greet Minnen,326678,321454,SF,7-5 6-4,completed,present,2025-02-24,2025-03-02,2025-03-01T21:40:39.87+00:00,False,2025-03-01T23:29:36+00:00,False,data/raw/wta/stats/_httpcache/2025/7a15ee3f0e08cbb6ff7198115c77219a559f694a0656a9b96c2d6f6afc0dd657.json,d9437469a22e8a93bc92fba6d73f6f1ed9d73cc59aabe3a287bdd21fe6e6dfe2,0,137049.0,True,2025-03-01,stats,False,False
2025,2082,LS004,Jessica Pegula,Anna Blinkova,316956,324267,QF,6-2 6-2,completed,present,2025-02-24,2025-03-02,2025-02-28T20:42:25.287+00:00,False,2025-02-28T21:55:26.773+00:00,False,data/raw/wta/stats/_httpcache/2025/7a15ee3f0e08cbb6ff7198115c77219a559f694a0656a9b96c2d6f6afc0dd657.json,d9437469a22e8a93bc92fba6d73f6f1ed9d73cc59aabe3a287bdd21fe6e6dfe2,0,137041.0,True,2025-02-28,stats,False,False
2025,2082,LS005,Ajla Tomljanovic,Ena Shibahara,315232,322527,QF,7-5 3-6 7-6(8),completed,present,2025-02-24,2025-03-02,2025-02-28T17:40:51.207+00:00,False,2025-02-28T20:40:54.823+00:00,False,data/raw/wta/stats/_httpcache/2025/7a15ee3f0e08cbb6ff7198115c77219a559f694a0656a9b96c2d6f6afc0dd657.json,d9437469a22e8a93bc92fba6d73f6f1ed9d73cc59aabe3a287bdd21fe6e6dfe2,0,137040.0,True,2025-02-28,stats,False,False
2025,2082,LS006,Greet Minnen,Caroline Dolehide,321454,322052,QF,6-3 7-5,completed,present,2025-02-24,2025-03-02,2025-03-01T02:29:38.107+00:00,False,2025-03-01T04:12:27.7+00:00,False,data/raw/wta/stats/_httpcache/2025/7a15ee3f0e08cbb6ff7198115c77219a559f694a0656a9b96c2d6f6afc0dd657.json,d9437469a22e8a93bc92fba6d73f6f1ed9d73cc59aabe3a287bdd21fe6e6dfe2,0,137047.0,True,2025-03-01,stats,False,False
2025,2082,LS007,McCartney Kessler,Sorana Cirstea,326678,312469,QF,5-7 6-4 6-1,completed,present,2025-02-24,2025-03-02,2025-02-28T23:46:20.083+00:00,False,2025-03-01T02:26:08.617+00:00,False,data/raw/wta/stats/_httpcache/2025/7a15ee3f0e08cbb6ff7198115c77219a559f694a0656a9b96c2d6f6afc0dd657.json,d9437469a22e8a93bc92fba6d73f6f1ed9d73cc59aabe3a287bdd21fe6e6dfe2,0,137042.0,True,2025-02-28,stats,False,False
2025,2082,LS008,Jessica Pegula,Nuria Parrizas Diaz,316956,314359,R16,6-1 6-3,completed,present,2025-02-24,2025-03-02,2025-02-26T18:19:15.13+00:00,False,2025-02-26T19:37:18.387+00:00,False,data/raw/wta/stats/_httpcache/2025/7a15ee3f0e08cbb6ff7198115c77219a559f694a0656a9b96c2d6f6afc0dd657.json,d9437469a22e8a93bc92fba6d73f6f1ed9d73cc59aabe3a287bdd21fe6e6dfe2,0,137025.0,True,2025-02-26,stats,False,False
2025,2082,LS009,Anna Blinkova,Tatjana Maria,324267,310440,R16,6-2 6-2,completed,present,2025-02-24,2025-03-02,2025-02-26T16:56:13.837+00:00,False,2025-02-26T18:15:11.77+00:00,False,data/raw/wta/stats/_httpcache/2025/7a15ee3f0e08cbb6ff7198115c77219a559f694a0656a9b96c2d6f6afc0dd657.json,d9437469a22e8a93bc92fba6d73f6f1ed9d73cc59aabe3a287bdd21fe6e6dfe2,0,137024.0,True,2025-02-26,stats,False,False
2025,2082,LS010,Ena Shibahara,Kimberly Birrell,322527,320728,R16,6-3 4-6 6-4,completed,present,2025-02-24,2025-03-02,2025-02-26T23:56:10.917+00:00,False,2025-02-27T02:19:50.167+00:00,False,data/raw/wta/stats/_httpcache/2025/7a15ee3f0e08cbb6ff7198115c77219a559f694a0656a9b96c2d6f6afc0dd657.json,d9437469a22e8a93bc92fba6d73f6f1ed9d73cc59aabe3a287bdd21fe6e6dfe2,0,137027.0,True,2025-02-26,stats,False,False
2025,2082,LS011,Ajla Tomljanovic,Jodie Burrage,315232,323802,R16,4-6 6-3 6-0,completed,present,2025-02-24,2025-03-02,2025-02-26T19:41:43.587+00:00,False,2025-02-26T21:40:02.07+00:00,False,data/raw/wta/stats/_httpcache/2025/7a15ee3f0e08cbb6ff7198115c77219a559f694a0656a9b96c2d6f6afc0dd657.json,d9437469a22e8a93bc92fba6d73f6f1ed9d73cc59aabe3a287bdd21fe6e6dfe2,0,137026.0,True,2025-02-26,stats,False,False
2025,2082,LS012,Greet Minnen,Suzan Lamens,321454,324898,R16,6-1 6-0,completed,present,2025-02-24,2025-03-02,2025-02-27T22:18:16.673+00:00,False,2025-02-27T23:32:20.31+00:00,False,data/raw/wta/stats/_httpcache/2025/7a15ee3f0e08cbb6ff7198115c77219a559f694a0656a9b96c2d6f6afc0dd657.json,d9437469a22e8a93bc92fba6d73f6f1ed9d73cc59aabe3a287bdd21fe6e6dfe2,0,137034.0,True,2025-02-27,stats,False,False
2025,2082,LS013,Caroline Dolehide,Varvara Gracheva,322052,325836,R16,5-7 6-2 6-2,completed,present,2025-02-24,2025-03-02,2025-02-28T00:04:28.167+00:00,False,2025-02-28T02:36:25.773+00:00,False,data/raw/wta/stats/_httpcache/2025/7a15ee3f0e08cbb6ff7198115c77219a559f694a0656a9b96c2d6f6afc0dd657.json,d9437469a22e8a93bc92fba6d73f6f1ed9d73cc59aabe3a287bdd21fe6e6dfe2,0,137039.0,True,2025-02-28,stats,False,False
2025,2082,LS014,McCartney Kessler,Cristina Bucsa,326678,321158,R16,5-7 6-3 7-6(4),completed,present,2025-02-24,2025-03-02,2025-02-27T21:14:36.32+00:00,False,2025-02-28T00:02:02.32+00:00,False,data/raw/wta/stats/_httpcache/2025/7a15ee3f0e08cbb6ff7198115c77219a559f694a0656a9b96c2d6f6afc0dd657.json,d9437469a22e8a93bc92fba6d73f6f1ed9d73cc59aabe3a287bdd21fe6e6dfe2,0,137033.0,True,2025-02-27,stats,False,False
2025,2082,LS015,Sorana Cirstea,Diana Shnaider,312469,330482,R16,6-3 2-6 6-4,completed,present,2025-02-24,2025-03-02,2025-02-27T18:54:07.73+00:00,False,2025-02-27T21:12:47.047+00:00,False,data/raw/wta/stats/_httpcache/2025/7a15ee3f0e08cbb6ff7198115c77219a559f694a0656a9b96c2d6f6afc0dd657.json,d9437469a22e8a93bc92fba6d73f6f1ed9d73cc59aabe3a287bdd21fe6e6dfe2,0,137032.0,True,2025-02-27,stats,False,False
2025,2082,LS017,Nuria Parrizas Diaz,Malaika Rapolu,314359,330035,R32,6-2 6-4,completed,present,2025-02-24,2025-03-02,2025-02-24T21:33:36.8+00:00,False,2025-02-24T23:18:49.927+00:00,False,data/raw/wta/stats/_httpcache/2025/7a15ee3f0e08cbb6ff7198115c77219a559f694a0656a9b96c2d6f6afc0dd657.json,d9437469a22e8a93bc92fba6d73f6f1ed9d73cc59aabe3a287bdd21fe6e6dfe2,0,136999.0,True,2025-02-24,stats,False,False
2025,2082,LS018,Tatjana Maria,Anna Bondar,310440,322942,R32,6-4 4-6 6-1,completed,present,2025-02-24,2025-03-02,2025-02-25T15:49:16.05+00:00,False,2025-02-25T18:10:51.303+00:00,False,data/raw/wta/stats/_httpcache/2025/7a15ee3f0e08cbb6ff7198115c77219a559f694a0656a9b96c2d6f6afc0dd657.json,d9437469a22e8a93bc92fba6d73f6f1ed9d73cc59aabe3a287bdd21fe6e6dfe2,0,137005.0,True,2025-02-25,stats,False,False
2025,2082,LS019,Anna Blinkova,Moyuka Uchijima,324267,327241,R32,4-6 6-4 6-0,completed,present,2025-02-24,2025-03-02,2025-02-25T02:25:07.73+00:00,False,2025-02-25T04:24:19.953+00:00,False,data/raw/wta/stats/_httpcache/2025/7a15ee3f0e08cbb6ff7198115c77219a559f694a0656a9b96c2d6f6afc0dd657.json,d9437469a22e8a93bc92fba6d73f6f1ed9d73cc59aabe3a287bdd21fe6e6dfe2,0,137004.0,True,2025-02-25,stats,False,False
2025,2082,LS020,Kimberly Birrell,Yue Yuan,320728,324325,R32,7-6(5) 7-6(5),completed,present,2025-02-24,2025-03-02,2025-02-24T23:47:15.96+00:00,False,2025-02-25T02:20:43.23+00:00,False,data/raw/wta/stats/_httpcache/2025/7a15ee3f0e08cbb6ff7198115c77219a559f694a0656a9b96c2d6f6afc0dd657.json,d9437469a22e8a93bc92fba6d73f6f1ed9d73cc59aabe3a287bdd21fe6e6dfe2,0,137000.0,True,2025-02-24,stats,False,False
2025,2082,LS021,Ena Shibahara,Kaja Juvan,322527,324702,R32,2-6 6-3 6-2,completed,present,2025-02-24,2025-03-02,2025-02-25T17:47:02.737+00:00,False,2025-02-25T19:53:49.14+00:00,False,data/raw/wta/stats/_httpcache/2025/7a15ee3f0e08cbb6ff7198115c77219a559f694a0656a9b96c2d6f6afc0dd657.json,d9437469a22e8a93bc92fba6d73f6f1ed9d73cc59aabe3a287bdd21fe6e6dfe2,0,137007.0,True,2025-02-25,stats,False,False
2025,2082,LS022,Jodie Burrage,Petra Kvitova,323802,314206,R32,3-6 6-4 6-4,completed,present,2025-02-24,2025-03-02,2025-02-25T16:46:34.44+00:00,False,2025-02-25T19:37:29.053+00:00,False,data/raw/wta/stats/_httpcache/2025/7a15ee3f0e08cbb6ff7198115c77219a559f694a0656a9b96c2d6f6afc0dd657.json,d9437469a22e8a93bc92fba6d73f6f1ed9d73cc59aabe3a287bdd21fe6e6dfe2,0,137006.0,True,2025-02-25,stats,False,False
2025,2082,LS023,Ajla Tomljanovic,Katie Volynets,315232,327391,R32,7-6(3) 7-5,completed,present,2025-02-24,2025-03-02,2025-02-24T18:56:08.187+00:00,False,2025-02-24T21:31:22.023+00:00,False,data/raw/wta/stats/_httpcache/2025/7a15ee3f0e08cbb6ff7198115c77219a559f694a0656a9b96c2d6f6afc0dd657.json,d9437469a22e8a93bc92fba6d73f6f1ed9d73cc59aabe3a287bdd21fe6e6dfe2,0,136998.0,True,2025-02-24,stats,False,False
2025,2082,LS024,Suzan Lamens,Kamilla Rakhimova,324898,325936,R32,1-6 6-3 6-4,completed,present,2025-02-24,2025-03-02,2025-02-26T02:09:52.72+00:00,False,2025-02-26T04:47:15.443+00:00,False,data/raw/wta/stats/_httpcache/2025/7a15ee3f0e08cbb6ff7198115c77219a559f694a0656a9b96c2d6f6afc0dd657.json,d9437469a22e8a93bc92fba6d73f6f1ed9d73cc59aabe3a287bdd21fe6e6dfe2,0,137022.0,True,2025-02-26,stats,False,False
2025,2082,LS025,Greet Minnen,Sijia Wei,321454,328426,R32,5-7 6-3 6-2,completed,present,2025-02-24,2025-03-02,2025-02-25T22:24:59.5+00:00,False,2025-02-26T00:42:30.84+00:00,False,data/raw/wta/stats/_httpcache/2025/7a15ee3f0e08cbb6ff7198115c77219a559f694a0656a9b96c2d6f6afc0dd657.json,d9437469a22e8a93bc92fba6d73f6f1ed9d73cc59aabe3a287bdd21fe6e6dfe2,0,137011.0,True,2025-02-25,stats,False,False
2025,2082,LS026,Caroline Dolehide,Anastasia Zakharova,322052,327367,R32,6-2 5-7 6-4,completed,present,2025-02-24,2025-03-02,2025-02-25T20:02:00.577+00:00,False,2025-02-25T22:21:48.737+00:00,False,data/raw/wta/stats/_httpcache/2025/7a15ee3f0e08cbb6ff7198115c77219a559f694a0656a9b96c2d6f6afc0dd657.json,d9437469a22e8a93bc92fba6d73f6f1ed9d73cc59aabe3a287bdd21fe6e6dfe2,0,137009.0,True,2025-02-25,stats,False,False
2025,2082,LS027,Varvara Gracheva,Peyton Stearns,325836,327573,R32,6-2 6-3,completed,present,2025-02-24,2025-03-02,2025-02-25T20:56:18.203+00:00,False,2025-02-25T22:43:55.187+00:00,False,data/raw/wta/stats/_httpcache/2025/7a15ee3f0e08cbb6ff7198115c77219a559f694a0656a9b96c2d6f6afc0dd657.json,d9437469a22e8a93bc92fba6d73f6f1ed9d73cc59aabe3a287bdd21fe6e6dfe2,0,137010.0,True,2025-02-25,stats,False,False
2025,2082,LS028,McCartney Kessler,Viktorija Golubic,326678,316296,R32,6-2 7-5,completed,present,2025-02-24,2025-03-02,2025-02-26T16:46:00.33+00:00,False,2025-02-26T18:44:00.487+00:00,False,data/raw/wta/stats/_httpcache/2025/7a15ee3f0e08cbb6ff7198115c77219a559f694a0656a9b96c2d6f6afc0dd657.json,d9437469a22e8a93bc92fba6d73f6f1ed9d73cc59aabe3a287bdd21fe6e6dfe2,0,137023.0,True,2025-02-26,stats,False,False
2025,2082,LS029,Cristina Bucsa,Bernarda Pera,321158,317708,R32,6-3 6-4,completed,present,2025-02-24,2025-03-02,2025-02-25T18:13:07.01+00:00,False,2025-02-25T19:55:30.483+00:00,False,data/raw/wta/stats/_httpcache/2025/7a15ee3f0e08cbb6ff7198115c77219a559f694a0656a9b96c2d6f6afc0dd657.json,d9437469a22e8a93bc92fba6d73f6f1ed9d73cc59aabe3a287bdd21fe6e6dfe2,0,137008.0,True,2025-02-25,stats,False,False
2025,2082,LS030,Sorana Cirstea,Laura Siegemund,312469,310926,R32,6-3 0-6 6-1,completed,present,2025-02-24,2025-03-02,2025-02-26T00:43:43.997+00:00,False,2025-02-26T02:49:37.873+00:00,False,data/raw/wta/stats/_httpcache/2025/7a15ee3f0e08cbb6ff7198115c77219a559f694a0656a9b96c2d6f6afc0dd657.json,d9437469a22e8a93bc92fba6d73f6f1ed9d73cc59aabe3a287bdd21fe6e6dfe2,0,137021.0,True,2025-02-26,stats,False,False
2025,2082,LS031,Diana Shnaider,Tatiana Prozorova,330482,330723,R32,0-6 6-2 7-5,completed,present,2025-02-24,2025-03-02,2025-02-25T23:48:12.13+00:00,False,2025-02-26T02:07:16.297+00:00,False,data/raw/wta/stats/_httpcache/2025/7a15ee3f0e08cbb6ff7198115c77219a559f694a0656a9b96c2d6f6afc0dd657.json,d9437469a22e8a93bc92fba6d73f6f1ed9d73cc59aabe3a287bdd21fe6e6dfe2,0,137012.0,True,2025-02-25,stats,False,False
2025,2085,LS001,Emma Navarro,Emiliana Arango,325410,324789,F,6-0 6-0,completed,present,2025-02-24,2025-03-02,2025-03-02T22:54:47.113+00:00,False,2025-03-03T00:07:55.34+00:00,False,data/raw/wta/stats/_httpcache/2025/6661621182dc48187414975de5eb88f8d4e46b51e079a57f1ad4b036a1af7399.json,76bc81894c03672789793e3ddaf5ca4bafb5430279d9929cb79c2be47464d381,0,137055.0,True,2025-03-02,stats,False,False
2025,2085,LS002,Emma Navarro,Elina Avanesyan,325410,327620,SF,6-3 6-3,completed,present,2025-02-24,2025-03-02,2025-03-01T23:46:19.557+00:00,False,2025-03-02T01:31:29.257+00:00,False,data/raw/wta/stats/_httpcache/2025/6661621182dc48187414975de5eb88f8d4e46b51e079a57f1ad4b036a1af7399.json,76bc81894c03672789793e3ddaf5ca4bafb5430279d9929cb79c2be47464d381,0,137051.0,True,2025-03-01,stats,False,False
2025,2085,LS003,Emiliana Arango,Daria Saville,324789,315997,SF,6-3 4-6 6-2,completed,present,2025-02-24,2025-03-02,2025-03-02T01:36:08.973+00:00,False,2025-03-02T04:40:02.023+00:00,False,data/raw/wta/stats/_httpcache/2025/6661621182dc48187414975de5eb88f8d4e46b51e079a57f1ad4b036a1af7399.json,76bc81894c03672789793e3ddaf5ca4bafb5430279d9929cb79c2be47464d381,0,137054.0,True,2025-03-02,stats,False,False
2025,2085,LS004,Emma Navarro,Zeynep Sonmez,325410,326907,QF,6-4 6-2,completed,present,2025-02-24,2025-03-02,2025-03-01T00:12:15.673+00:00,False,2025-03-01T01:43:50.183+00:00,False,data/raw/wta/stats/_httpcache/2025/6661621182dc48187414975de5eb88f8d4e46b51e079a57f1ad4b036a1af7399.json,76bc81894c03672789793e3ddaf5ca4bafb5430279d9929cb79c2be47464d381,0,137050.0,True,2025-03-01,stats,False,False
2025,2085,LS005,Elina Avanesyan,Maya Joint,327620,330544,QF,4-6 6-2 6-0,completed,present,2025-02-24,2025-03-02,2025-02-28T19:49:30.32+00:00,False,2025-02-28T21:56:36.497+00:00,False,data/raw/wta/stats/_httpcache/2025/6661621182dc48187414975de5eb88f8d4e46b51e079a57f1ad4b036a1af7399.json,76bc81894c03672789793e3ddaf5ca4bafb5430279d9929cb79c2be47464d381,0,137044.0,True,2025-02-28,stats,False,False
2025,2085,LS006,Emiliana Arango,Rebecca Sramkova,324789,320228,QF,5-7 6-3 6-0,completed,present,2025-02-24,2025-03-02,2025-02-28T21:59:49.953+00:00,False,2025-03-01T00:09:02.77+00:00,False,data/raw/wta/stats/_httpcache/2025/6661621182dc48187414975de5eb88f8d4e46b51e079a57f1ad4b036a1af7399.json,76bc81894c03672789793e3ddaf5ca4bafb5430279d9929cb79c2be47464d381,0,137045.0,True,2025-02-28,stats,False,False
2025,2085,LS008,Emma Navarro,Petra Martic,325410,313711,R16,6-1 6-2,completed,present,2025-02-24,2025-03-02,2025-02-28T02:18:14.74+00:00,False,2025-02-28T03:44:49.123+00:00,False,data/raw/wta/stats/_httpcache/2025/6661621182dc48187414975de5eb88f8d4e46b51e079a57f1ad4b036a1af7399.json,76bc81894c03672789793e3ddaf5ca4bafb5430279d9929cb79c2be47464d381,0,137043.0,True,2025-02-28,stats,False,False
2025,2085,LS010,Maya Joint,Donna Vekic,330544,318516,R16,6-1 6-2,completed,present,2025-02-24,2025-03-02,2025-02-27T00:31:40.323+00:00,False,2025-02-27T02:13:10.427+00:00,False,data/raw/wta/stats/_httpcache/2025/6661621182dc48187414975de5eb88f8d4e46b51e079a57f1ad4b036a1af7399.json,76bc81894c03672789793e3ddaf5ca4bafb5430279d9929cb79c2be47464d381,0,137035.0,True,2025-02-27,stats,False,False
2025,2085,LS011,Elina Avanesyan,Jessica Bouzas Maneiro,327620,328139,R16,6-1 6-4,completed,present,2025-02-24,2025-03-02,2025-02-26T22:54:36.307+00:00,False,2025-02-27T00:28:57.21+00:00,False,data/raw/wta/stats/_httpcache/2025/6661621182dc48187414975de5eb88f8d4e46b51e079a57f1ad4b036a1af7399.json,76bc81894c03672789793e3ddaf5ca4bafb5430279d9929cb79c2be47464d381,0,137030.0,True,2025-02-26,stats,False,False
2025,2085,LS013,Rebecca Sramkova,Beatriz Haddad Maia,320228,318176,R16,7-6(8) 6-3,completed,present,2025-02-24,2025-03-02,2025-02-27T22:18:08.127+00:00,False,2025-02-28T00:51:42.393+00:00,False,data/raw/wta/stats/_httpcache/2025/6661621182dc48187414975de5eb88f8d4e46b51e079a57f1ad4b036a1af7399.json,76bc81894c03672789793e3ddaf5ca4bafb5430279d9929cb79c2be47464d381,0,137037.0,True,2025-02-27,stats,False,False
2025,2085,LS014,Daria Saville,Anhelina Kalinina,315997,320567,R16,4-6 6-2 6-2,completed,present,2025-02-24,2025-03-02,2025-02-26T19:48:35.033+00:00,False,2025-02-26T22:51:52.62+00:00,False,data/raw/wta/stats/_httpcache/2025/6661621182dc48187414975de5eb88f8d4e46b51e079a57f1ad4b036a1af7399.json,76bc81894c03672789793e3ddaf5ca4bafb5430279d9929cb79c2be47464d381,0,137029.0,True,2025-02-26,stats,False,False
2025,2085,LS015,Paula Badosa,Jaqueline Cristian,320124,320319,R16,6-2 6-1,completed,present,2025-02-24,2025-03-02,2025-02-27T02:16:05.373+00:00,False,2025-02-27T03:37:20.85+00:00,False,data/raw/wta/stats/_httpcache/2025/6661621182dc48187414975de5eb88f8d4e46b51e079a57f1ad4b036a1af7399.json,76bc81894c03672789793e3ddaf5ca4bafb5430279d9929cb79c2be47464d381,0,137036.0,True,2025-02-27,stats,False,False
2025,2085,LS017,Petra Martic,Sloane Stephens,313711,315683,R32,6-2 6-3,completed,present,2025-02-24,2025-03-02,2025-02-25T22:22:21.197+00:00,False,2025-02-26T00:03:35.09+00:00,False,data/raw/wta/stats/_httpcache/2025/6661621182dc48187414975de5eb88f8d4e46b51e079a57f1ad4b036a1af7399.json,76bc81894c03672789793e3ddaf5ca4bafb5430279d9929cb79c2be47464d381,0,137017.0,True,2025-02-25,stats,False,False
2025,2085,LS018,Magda Linette,Elisabetta Cocciaretto,315130,327909,R32,6-4 6-0,completed,present,2025-02-24,2025-03-02,2025-02-25T22:47:30.553+00:00,False,2025-02-26T00:23:45.007+00:00,False,data/raw/wta/stats/_httpcache/2025/6661621182dc48187414975de5eb88f8d4e46b51e079a57f1ad4b036a1af7399.json,76bc81894c03672789793e3ddaf5ca4bafb5430279d9929cb79c2be47464d381,0,137018.0,True,2025-02-25,stats,False,False
2025,2085,LS019,Zeynep Sonmez,Maria Sakkari,326907,318312,R32,7-5 6-2,completed,present,2025-02-24,2025-03-02,2025-02-26T00:06:55.307+00:00,False,2025-02-26T02:02:23.89+00:00,False,data/raw/wta/stats/_httpcache/2025/6661621182dc48187414975de5eb88f8d4e46b51e079a57f1ad4b036a1af7399.json,76bc81894c03672789793e3ddaf5ca4bafb5430279d9929cb79c2be47464d381,0,137028.0,True,2025-02-26,stats,False,False
2025,2085,LS021,Maya Joint,Julia Grabher,330544,320316,R32,6-3 6-2,completed,present,2025-02-24,2025-03-02,2025-02-24T21:51:13.257+00:00,False,2025-02-24T23:38:04.637+00:00,False,data/raw/wta/stats/_httpcache/2025/6661621182dc48187414975de5eb88f8d4e46b51e079a57f1ad4b036a1af7399.json,76bc81894c03672789793e3ddaf5ca4bafb5430279d9929cb79c2be47464d381,0,137002.0,True,2025-02-24,stats,False,False
2025,2085,LS022,Jessica Bouzas Maneiro,Renata Jamrichova,328139,332467,R32,7-5 5-7 7-5,completed,present,2025-02-24,2025-03-02,2025-02-25T02:45:58.91+00:00,False,2025-02-25T05:36:25.427+00:00,False,data/raw/wta/stats/_httpcache/2025/6661621182dc48187414975de5eb88f8d4e46b51e079a57f1ad4b036a1af7399.json,76bc81894c03672789793e3ddaf5ca4bafb5430279d9929cb79c2be47464d381,0,137013.0,True,2025-02-25,stats,False,False
2025,2085,LS023,Elina Avanesyan,Magdalena Frech,327620,320277,R32,4-6 6-3 6-3,completed,present,2025-02-24,2025-03-02,2025-02-24T23:11:16.16+00:00,False,2025-02-25T02:43:11.85+00:00,False,data/raw/wta/stats/_httpcache/2025/6661621182dc48187414975de5eb88f8d4e46b51e079a57f1ad4b036a1af7399.json,76bc81894c03672789793e3ddaf5ca4bafb5430279d9929cb79c2be47464d381,0,137003.0,True,2025-02-24,stats,False,False
2025,2085,LS024,Emiliana Arango,Maria Lourdes Carle,324789,322638,R32,6-2 6-3,completed,present,2025-02-24,2025-03-02,2025-02-25T03:03:39.603+00:00,False,2025-02-25T05:04:07.55+00:00,False,data/raw/wta/stats/_httpcache/2025/6661621182dc48187414975de5eb88f8d4e46b51e079a57f1ad4b036a1af7399.json,76bc81894c03672789793e3ddaf5ca4bafb5430279d9929cb79c2be47464d381,0,137014.0,True,2025-02-25,stats,False,False
2025,2085,LS026,Rebecca Sramkova,Lulu Sun,320228,324576,R32,6-3 6-1,completed,present,2025-02-24,2025-03-02,2025-02-25T21:29:01.447+00:00,False,2025-02-25T22:44:04.197+00:00,False,data/raw/wta/stats/_httpcache/2025/6661621182dc48187414975de5eb88f8d4e46b51e079a57f1ad4b036a1af7399.json,76bc81894c03672789793e3ddaf5ca4bafb5430279d9929cb79c2be47464d381,0,137016.0,True,2025-02-25,stats,False,False
2025,2085,LS028,Daria Saville,Marta Kostyuk,315997,326482,R32,6-4 7-6(6),completed,present,2025-02-24,2025-03-02,2025-02-25T19:49:10.44+00:00,False,2025-02-25T22:19:11.337+00:00,False,data/raw/wta/stats/_httpcache/2025/6661621182dc48187414975de5eb88f8d4e46b51e079a57f1ad4b036a1af7399.json,76bc81894c03672789793e3ddaf5ca4bafb5430279d9929cb79c2be47464d381,0,137015.0,True,2025-02-25,stats,False,False
2025,2085,LS029,Anhelina Kalinina,Leolia Jeanjean,320567,320313,R32,6-4 1-6 6-1,completed,present,2025-02-24,2025-03-02,2025-02-24T19:45:25.96+00:00,False,2025-02-24T23:06:57.86+00:00,False,data/raw/wta/stats/_httpcache/2025/6661621182dc48187414975de5eb88f8d4e46b51e079a57f1ad4b036a1af7399.json,76bc81894c03672789793e3ddaf5ca4bafb5430279d9929cb79c2be47464d381,0,137001.0,True,2025-02-24,stats,False,False
2025,2088,LS001,Belinda Bencic,Ashlyn Krueger,319001,329409,F,4-6 6-1 6-1,completed,present,2025-02-03,2025-02-08,2025-02-08T12:52:30.233+00:00,False,2025-02-08T15:32:35.74+00:00,False,data/raw/wta/stats/_httpcache/2025/1745cb977a543f4f9d0317008867af7b4260db7982ec7e4648e8e0ae475c7062.json,1697177394109e3414375002e70f8dd61b852097c8b37491f03c5e7ac0bd8a33,0,136794.0,True,2025-02-08,stats,False,False
2025,2088,LS002,Belinda Bencic,Elena Rybakina,319001,324166,SF,3-6 6-3 6-4,completed,present,2025-02-03,2025-02-08,2025-02-07T14:53:31.527+00:00,False,2025-02-07T17:15:34.07+00:00,False,data/raw/wta/stats/_httpcache/2025/1745cb977a543f4f9d0317008867af7b4260db7982ec7e4648e8e0ae475c7062.json,1697177394109e3414375002e70f8dd61b852097c8b37491f03c5e7ac0bd8a33,0,136782.0,True,2025-02-07,stats,False,False
2025,2088,LS003,Ashlyn Krueger,Linda Noskova,329409,329668,SF,7-6(2) 6-4,completed,present,2025-02-03,2025-02-08,2025-02-07T12:52:20.017+00:00,False,2025-02-07T14:49:51.493+00:00,False,data/raw/wta/stats/_httpcache/2025/1745cb977a543f4f9d0317008867af7b4260db7982ec7e4648e8e0ae475c7062.json,1697177394109e3414375002e70f8dd61b852097c8b37491f03c5e7ac0bd8a33,0,136781.0,True,2025-02-07,stats,False,False
2025,2088,LS004,Elena Rybakina,Ons Jabeur,324166,316847,QF,6-2 4-6 7-6(4),completed,present,2025-02-03,2025-02-08,2025-02-06T13:39:29.533+00:00,False,2025-02-06T16:05:47.933+00:00,False,data/raw/wta/stats/_httpcache/2025/1745cb977a543f4f9d0317008867af7b4260db7982ec7e4648e8e0ae475c7062.json,1697177394109e3414375002e70f8dd61b852097c8b37491f03c5e7ac0bd8a33,0,136757.0,True,2025-02-06,stats,False,False
2025,2088,LS005,Belinda Bencic,Marketa Vondrousova,319001,323027,QF,7-5 6-3,completed,present,2025-02-03,2025-02-08,2025-02-06T08:58:17.28+00:00,False,2025-02-06T10:52:43.487+00:00,False,data/raw/wta/stats/_httpcache/2025/1745cb977a543f4f9d0317008867af7b4260db7982ec7e4648e8e0ae475c7062.json,1697177394109e3414375002e70f8dd61b852097c8b37491f03c5e7ac0bd8a33,0,136755.0,True,2025-02-06,stats,False,False
2025,2088,LS006,Ashlyn Krueger,Leylah Fernandez,329409,326735,QF,7-5 4-6 6-2,completed,present,2025-02-03,2025-02-08,2025-02-06T10:55:37.08+00:00,False,2025-02-06T13:35:38.123+00:00,False,data/raw/wta/stats/_httpcache/2025/1745cb977a543f4f9d0317008867af7b4260db7982ec7e4648e8e0ae475c7062.json,1697177394109e3414375002e70f8dd61b852097c8b37491f03c5e7ac0bd8a33,0,136756.0,True,2025-02-06,stats,False,False
2025,2088,LS007,Linda Noskova,Magda Linette,329668,315130,QF,6-4 6-3,completed,present,2025-02-03,2025-02-08,2025-02-06T16:08:36.623+00:00,False,2025-02-06T17:41:57.847+00:00,False,data/raw/wta/stats/_httpcache/2025/1745cb977a543f4f9d0317008867af7b4260db7982ec7e4648e8e0ae475c7062.json,1697177394109e3414375002e70f8dd61b852097c8b37491f03c5e7ac0bd8a33,0,136758.0,True,2025-02-06,stats,False,False
2025,2088,LS008,Elena Rybakina,Katie Volynets,324166,327391,R16,2-6 6-4 6-4,completed,present,2025-02-03,2025-02-08,2025-02-05T09:59:34.4+00:00,False,2025-02-05T12:43:39.723+00:00,False,data/raw/wta/stats/_httpcache/2025/1745cb977a543f4f9d0317008867af7b4260db7982ec7e4648e8e0ae475c7062.json,1697177394109e3414375002e70f8dd61b852097c8b37491f03c5e7ac0bd8a33,0,136740.0,True,2025-02-05,stats,False,False
2025,2088,LS009,Ons Jabeur,Wakana Sonobe,316847,331857,R16,6-3 6-3,completed,present,2025-02-03,2025-02-08,2025-02-05T12:46:21.1+00:00,False,2025-02-05T14:21:34.983+00:00,False,data/raw/wta/stats/_httpcache/2025/1745cb977a543f4f9d0317008867af7b4260db7982ec7e4648e8e0ae475c7062.json,1697177394109e3414375002e70f8dd61b852097c8b37491f03c5e7ac0bd8a33,0,136743.0,True,2025-02-05,stats,False,False
2025,2088,LS010,Marketa Vondrousova,Yulia Putintseva,323027,317683,R16,6-2 6-3,completed,present,2025-02-03,2025-02-08,2025-02-05T08:23:29.22+00:00,False,2025-02-05T09:56:43.077+00:00,False,data/raw/wta/stats/_httpcache/2025/1745cb977a543f4f9d0317008867af7b4260db7982ec7e4648e8e0ae475c7062.json,1697177394109e3414375002e70f8dd61b852097c8b37491f03c5e7ac0bd8a33,0,136739.0,True,2025-02-05,stats,False,False
2025,2088,LS011,Belinda Bencic,Veronika Kudermetova,319001,319526,R16,6-0 6-0,completed,present,2025-02-03,2025-02-08,2025-02-05T06:48:15.09+00:00,False,2025-02-05T08:14:41.307+00:00,False,data/raw/wta/stats/_httpcache/2025/1745cb977a543f4f9d0317008867af7b4260db7982ec7e4648e8e0ae475c7062.json,1697177394109e3414375002e70f8dd61b852097c8b37491f03c5e7ac0bd8a33,0,136738.0,True,2025-02-05,stats,False,False
2025,2088,LS012,Leylah Fernandez,Lulu Sun,326735,324576,R16,6-0 6-3,completed,present,2025-02-03,2025-02-08,2025-02-05T10:50:33.193+00:00,False,2025-02-05T12:16:23.97+00:00,False,data/raw/wta/stats/_httpcache/2025/1745cb977a543f4f9d0317008867af7b4260db7982ec7e4648e8e0ae475c7062.json,1697177394109e3414375002e70f8dd61b852097c8b37491f03c5e7ac0bd8a33,0,136741.0,True,2025-02-05,stats,False,False
2025,2088,LS013,Ashlyn Krueger,Daria Kasatkina,329409,322082,R16,1-6 7-5 6-4,completed,present,2025-02-03,2025-02-08,2025-02-05T12:21:10.367+00:00,False,2025-02-05T14:53:45.483+00:00,False,data/raw/wta/stats/_httpcache/2025/1745cb977a543f4f9d0317008867af7b4260db7982ec7e4648e8e0ae475c7062.json,1697177394109e3414375002e70f8dd61b852097c8b37491f03c5e7ac0bd8a33,0,136742.0,True,2025-02-05,stats,False,False
2025,2088,LS015,Linda Noskova,Paula Badosa,329668,320124,R16,6-4 6-1,completed,present,2025-02-03,2025-02-08,2025-02-05T14:25:53.18+00:00,False,2025-02-05T15:47:52.38+00:00,False,data/raw/wta/stats/_httpcache/2025/1745cb977a543f4f9d0317008867af7b4260db7982ec7e4648e8e0ae475c7062.json,1697177394109e3414375002e70f8dd61b852097c8b37491f03c5e7ac0bd8a33,0,136744.0,True,2025-02-05,stats,False,False
2025,2088,LS017,Katie Volynets,Sonay Kartal,327391,329918,R32,3-6 6-4 6-4,completed,present,2025-02-03,2025-02-08,2025-02-03T11:51:47.46+00:00,False,2025-02-03T14:41:22.123+00:00,False,data/raw/wta/stats/_httpcache/2025/1745cb977a543f4f9d0317008867af7b4260db7982ec7e4648e8e0ae475c7062.json,1697177394109e3414375002e70f8dd61b852097c8b37491f03c5e7ac0bd8a33,0,136704.0,True,2025-02-03,stats,False,False
2025,2088,LS018,Wakana Sonobe,Yue Yuan,331857,324325,R32,6-4 6-3,completed,present,2025-02-03,2025-02-08,2025-02-03T08:53:10.343+00:00,False,2025-02-03T10:44:47.883+00:00,False,data/raw/wta/stats/_httpcache/2025/1745cb977a543f4f9d0317008867af7b4260db7982ec7e4648e8e0ae475c7062.json,1697177394109e3414375002e70f8dd61b852097c8b37491f03c5e7ac0bd8a33,0,136702.0,True,2025-02-03,stats,False,False
2025,2088,LS019,Ons Jabeur,Jelena Ostapenko,316847,319939,R32,7-6(4) 7-5,completed,present,2025-02-03,2025-02-08,2025-02-04T15:36:38.343+00:00,False,2025-02-04T17:37:49.74+00:00,False,data/raw/wta/stats/_httpcache/2025/1745cb977a543f4f9d0317008867af7b4260db7982ec7e4648e8e0ae475c7062.json,1697177394109e3414375002e70f8dd61b852097c8b37491f03c5e7ac0bd8a33,0,136729.0,True,2025-02-04,stats,False,False
2025,2088,LS021,Marketa Vondrousova,Emma Raducanu,323027,328366,R32,6-3 6-4,completed,present,2025-02-03,2025-02-08,2025-02-04T13:40:13.437+00:00,False,2025-02-04T15:32:52.86+00:00,False,data/raw/wta/stats/_httpcache/2025/1745cb977a543f4f9d0317008867af7b4260db7982ec7e4648e8e0ae475c7062.json,1697177394109e3414375002e70f8dd61b852097c8b37491f03c5e7ac0bd8a33,0,136728.0,True,2025-02-04,stats,False,False
2025,2088,LS022,Belinda Bencic,Rebecca Sramkova,319001,320228,R32,6-2 3-6 6-1,completed,present,2025-02-03,2025-02-08,2025-02-04T11:17:58.567+00:00,False,2025-02-04T13:37:05.727+00:00,False,data/raw/wta/stats/_httpcache/2025/1745cb977a543f4f9d0317008867af7b4260db7982ec7e4648e8e0ae475c7062.json,1697177394109e3414375002e70f8dd61b852097c8b37491f03c5e7ac0bd8a33,0,136726.0,True,2025-02-04,stats,False,False
2025,2088,LS023,Veronika Kudermetova,Liudmila Samsonova,319526,322222,R32,5-7 6-1 7-6(5),completed,present,2025-02-03,2025-02-08,2025-02-03T14:57:04.653+00:00,False,2025-02-03T18:07:46.17+00:00,False,data/raw/wta/stats/_httpcache/2025/1745cb977a543f4f9d0317008867af7b4260db7982ec7e4648e8e0ae475c7062.json,1697177394109e3414375002e70f8dd61b852097c8b37491f03c5e7ac0bd8a33,0,136706.0,True,2025-02-03,stats,False,False
2025,2088,LS024,Leylah Fernandez,Moyuka Uchijima,326735,327241,R32,7-6(3) 7-6(0),completed,present,2025-02-03,2025-02-08,2025-02-04T08:50:41.253+00:00,False,2025-02-04T11:16:29.123+00:00,False,data/raw/wta/stats/_httpcache/2025/1745cb977a543f4f9d0317008867af7b4260db7982ec7e4648e8e0ae475c7062.json,1697177394109e3414375002e70f8dd61b852097c8b37491f03c5e7ac0bd8a33,0,136724.0,True,2025-02-04,stats,False,False
2025,2088,LS025,Lulu Sun,Caroline Garcia,324576,315391,R32,6-1 6-3,completed,present,2025-02-03,2025-02-08,2025-02-03T13:24:06.18+00:00,False,2025-02-03T14:54:53.84+00:00,False,data/raw/wta/stats/_httpcache/2025/1745cb977a543f4f9d0317008867af7b4260db7982ec7e4648e8e0ae475c7062.json,1697177394109e3414375002e70f8dd61b852097c8b37491f03c5e7ac0bd8a33,0,136705.0,True,2025-02-03,stats,False,False
2025,2088,LS026,Ashlyn Krueger,McCartney Kessler,329409,326678,R32,6-3 6-7(4) 6-3,completed,present,2025-02-03,2025-02-08,2025-02-03T10:47:32.533+00:00,False,2025-02-03T13:21:43.417+00:00,False,data/raw/wta/stats/_httpcache/2025/1745cb977a543f4f9d0317008867af7b4260db7982ec7e4648e8e0ae475c7062.json,1697177394109e3414375002e70f8dd61b852097c8b37491f03c5e7ac0bd8a33,0,136703.0,True,2025-02-03,stats,False,False
2025,2088,LS028,Anastasia Pavlyuchenkova,Sofia Kenin,313796,320942,R32,6-3 6-1,completed,present,2025-02-03,2025-02-08,2025-02-04T12:44:12.15+00:00,False,2025-02-04T13:56:30.587+00:00,False,data/raw/wta/stats/_httpcache/2025/1745cb977a543f4f9d0317008867af7b4260db7982ec7e4648e8e0ae475c7062.json,1697177394109e3414375002e70f8dd61b852097c8b37491f03c5e7ac0bd8a33,0,136727.0,True,2025-02-04,stats,False,False
2025,2088,LS029,Magda Linette,Renata Zarazua,315130,320716,R32,6-4 7-6(6),completed,present,2025-02-03,2025-02-08,2025-02-04T10:12:00.787+00:00,False,2025-02-04T12:39:17.737+00:00,False,data/raw/wta/stats/_httpcache/2025/1745cb977a543f4f9d0317008867af7b4260db7982ec7e4648e8e0ae475c7062.json,1697177394109e3414375002e70f8dd61b852097c8b37491f03c5e7ac0bd8a33,0,136725.0,True,2025-02-04,stats,False,False
2025,2088,LS030,Linda Noskova,Magdalena Frech,329668,320277,R32,6-0 6-3,completed,present,2025-02-03,2025-02-08,2025-02-04T08:48:45.123+00:00,False,2025-02-04T10:08:48.66+00:00,False,data/raw/wta/stats/_httpcache/2025/1745cb977a543f4f9d0317008867af7b4260db7982ec7e4648e8e0ae475c7062.json,1697177394109e3414375002e70f8dd61b852097c8b37491f03c5e7ac0bd8a33,0,136723.0,True,2025-02-04,stats,False,False
2025,2092,LS001,Elena Rybakina,Ekaterina Alexandrova,324166,319007,F,3-6 6-0 6-2,completed,present,2025-10-13,2025-10-19,2025-10-19T09:14:42.44+00:00,False,2025-10-19T11:18:07.153+00:00,False,data/raw/wta/stats/_httpcache/2025/cbbdcdc8e64acb7a21f273e042751f9821a3302db8fdefb1f8ae0f65e1711e61.json,1354aefc47199a72169db454c74917d0166fe45463e78933a60023834837dc85,0,140869.0,True,2025-10-19,stats,False,False
2025,2092,LS002,Ekaterina Alexandrova,Diana Shnaider,319007,330482,SF,6-3 6-4,completed,present,2025-10-13,2025-10-19,2025-10-18T09:19:02.527+00:00,False,2025-10-18T11:11:22.6+00:00,False,data/raw/wta/stats/_httpcache/2025/cbbdcdc8e64acb7a21f273e042751f9821a3302db8fdefb1f8ae0f65e1711e61.json,1354aefc47199a72169db454c74917d0166fe45463e78933a60023834837dc85,0,140837.0,True,2025-10-18,stats,False,False
2025,2092,LS003,Elena Rybakina,Jasmine Paolini,324166,319280,SF,6-3 6-2,completed,present,2025-10-13,2025-10-19,2025-10-18T06:50:28.357+00:00,False,2025-10-18T08:39:10.143+00:00,False,data/raw/wta/stats/_httpcache/2025/cbbdcdc8e64acb7a21f273e042751f9821a3302db8fdefb1f8ae0f65e1711e61.json,1354aefc47199a72169db454c74917d0166fe45463e78933a60023834837dc85,0,140836.0,True,2025-10-18,stats,False,False
2025,2092,LS004,Diana Shnaider,Lin Zhu,330482,317306,QF,2-6 6-3 6-1,completed,present,2025-10-13,2025-10-19,2025-10-17T11:48:31.15+00:00,False,2025-10-17T13:54:16.1+00:00,False,data/raw/wta/stats/_httpcache/2025/cbbdcdc8e64acb7a21f273e042751f9821a3302db8fdefb1f8ae0f65e1711e61.json,1354aefc47199a72169db454c74917d0166fe45463e78933a60023834837dc85,0,140816.0,True,2025-10-17,stats,False,False
2025,2092,LS005,Ekaterina Alexandrova,McCartney Kessler,319007,326678,QF,6-3 6-3,completed,present,2025-10-13,2025-10-19,2025-10-17T08:37:36.723+00:00,False,2025-10-17T10:29:13.113+00:00,False,data/raw/wta/stats/_httpcache/2025/cbbdcdc8e64acb7a21f273e042751f9821a3302db8fdefb1f8ae0f65e1711e61.json,1354aefc47199a72169db454c74917d0166fe45463e78933a60023834837dc85,0,140814.0,True,2025-10-17,stats,False,False
2025,2092,LS006,Elena Rybakina,Ajla Tomljanovic,324166,315232,QF,6-2 6-0,completed,present,2025-10-13,2025-10-19,2025-10-17T10:31:32.167+00:00,False,2025-10-17T11:45:41.6+00:00,False,data/raw/wta/stats/_httpcache/2025/cbbdcdc8e64acb7a21f273e042751f9821a3302db8fdefb1f8ae0f65e1711e61.json,1354aefc47199a72169db454c74917d0166fe45463e78933a60023834837dc85,0,140815.0,True,2025-10-17,stats,False,False
2025,2092,LS007,Jasmine Paolini,Belinda Bencic,319280,319001,QF,5-7 7-5 6-3,completed,present,2025-10-13,2025-10-19,2025-10-17T04:58:07.5+00:00,False,2025-10-17T08:31:34.767+00:00,False,data/raw/wta/stats/_httpcache/2025/cbbdcdc8e64acb7a21f273e042751f9821a3302db8fdefb1f8ae0f65e1711e61.json,1354aefc47199a72169db454c74917d0166fe45463e78933a60023834837dc85,0,140813.0,True,2025-10-17,stats,False,False
2025,2092,LS008,Lin Zhu,Mirra Andreeva,317306,331809,R16,4-6 6-3 6-2,completed,present,2025-10-13,2025-10-19,2025-10-15T13:08:55.153+00:00,False,2025-10-15T15:38:22.42+00:00,False,data/raw/wta/stats/_httpcache/2025/cbbdcdc8e64acb7a21f273e042751f9821a3302db8fdefb1f8ae0f65e1711e61.json,1354aefc47199a72169db454c74917d0166fe45463e78933a60023834837dc85,0,140780.0,True,2025-10-15,stats,False,False
2025,2092,LS009,Diana Shnaider,Karolina Muchova,330482,322191,R16,2-6 6-1 6-2,completed,present,2025-10-13,2025-10-19,2025-10-15T10:56:04.463+00:00,False,2025-10-15T13:04:13.037+00:00,False,data/raw/wta/stats/_httpcache/2025/cbbdcdc8e64acb7a21f273e042751f9821a3302db8fdefb1f8ae0f65e1711e61.json,1354aefc47199a72169db454c74917d0166fe45463e78933a60023834837dc85,0,140779.0,True,2025-10-15,stats,False,False
2025,2092,LS010,Ekaterina Alexandrova,Yue Yuan,319007,324325,R16,6-3 6-3,completed,present,2025-10-13,2025-10-19,2025-10-16T08:43:33.617+00:00,False,2025-10-16T10:25:29.393+00:00,False,data/raw/wta/stats/_httpcache/2025/cbbdcdc8e64acb7a21f273e042751f9821a3302db8fdefb1f8ae0f65e1711e61.json,1354aefc47199a72169db454c74917d0166fe45463e78933a60023834837dc85,0,140800.0,True,2025-10-16,stats,False,False
2025,2092,LS011,McCartney Kessler,Liudmila Samsonova,326678,322222,R16,7-6(5) 6-1,completed,present,2025-10-13,2025-10-19,2025-10-16T04:50:32.753+00:00,False,2025-10-16T06:51:11.36+00:00,False,data/raw/wta/stats/_httpcache/2025/cbbdcdc8e64acb7a21f273e042751f9821a3302db8fdefb1f8ae0f65e1711e61.json,1354aefc47199a72169db454c74917d0166fe45463e78933a60023834837dc85,0,140798.0,True,2025-10-16,stats,False,False
2025,2092,LS012,Ajla Tomljanovic,Zeynep Sonmez,315232,326907,R16,7-6(6) 6-3,completed,present,2025-10-13,2025-10-19,2025-10-15T08:49:59.043+00:00,False,2025-10-15T10:52:01.697+00:00,False,data/raw/wta/stats/_httpcache/2025/cbbdcdc8e64acb7a21f273e042751f9821a3302db8fdefb1f8ae0f65e1711e61.json,1354aefc47199a72169db454c74917d0166fe45463e78933a60023834837dc85,0,140778.0,True,2025-10-15,stats,False,False
2025,2092,LS013,Elena Rybakina,Dayana Yastremska,324166,324261,R16,6-4 6-7(6) 6-3,completed,present,2025-10-13,2025-10-19,2025-10-16T10:52:11.55+00:00,False,2025-10-16T14:17:46.527+00:00,False,data/raw/wta/stats/_httpcache/2025/cbbdcdc8e64acb7a21f273e042751f9821a3302db8fdefb1f8ae0f65e1711e61.json,1354aefc47199a72169db454c74917d0166fe45463e78933a60023834837dc85,0,140801.0,True,2025-10-16,stats,False,False
2025,2092,LS014,Belinda Bencic,Yuliia Starodubtseva,319001,325338,R16,5-7 6-4 7-5,completed,present,2025-10-13,2025-10-19,2025-10-15T04:52:23.08+00:00,False,2025-10-15T08:42:50.133+00:00,False,data/raw/wta/stats/_httpcache/2025/cbbdcdc8e64acb7a21f273e042751f9821a3302db8fdefb1f8ae0f65e1711e61.json,1354aefc47199a72169db454c74917d0166fe45463e78933a60023834837dc85,0,140777.0,True,2025-10-15,stats,False,False
2025,2092,LS015,Jasmine Paolini,Veronika Kudermetova,319280,319526,R16,6-2 7-5,completed,present,2025-10-13,2025-10-19,2025-10-16T06:53:32.84+00:00,False,2025-10-16T08:39:51.513+00:00,False,data/raw/wta/stats/_httpcache/2025/cbbdcdc8e64acb7a21f273e042751f9821a3302db8fdefb1f8ae0f65e1711e61.json,1354aefc47199a72169db454c74917d0166fe45463e78933a60023834837dc85,0,140799.0,True,2025-10-16,stats,False,False
2025,2092,LS017,Lin Zhu,Emma Raducanu,317306,328366,R32,3-6 6-4 6-1,completed,present,2025-10-13,2025-10-19,2025-10-14T09:24:45.733+00:00,False,2025-10-14T12:15:57.573+00:00,False,data/raw/wta/stats/_httpcache/2025/cbbdcdc8e64acb7a21f273e042751f9821a3302db8fdefb1f8ae0f65e1711e61.json,1354aefc47199a72169db454c74917d0166fe45463e78933a60023834837dc85,0,140746.0,True,2025-10-14,stats,False,False
2025,2092,LS018,Karolina Muchova,Marketa Vondrousova,322191,323027,R32,6-4 6-3,completed,present,2025-10-13,2025-10-19,2025-10-14T07:30:30.117+00:00,False,2025-10-14T09:22:16.783+00:00,False,data/raw/wta/stats/_httpcache/2025/cbbdcdc8e64acb7a21f273e042751f9821a3302db8fdefb1f8ae0f65e1711e61.json,1354aefc47199a72169db454c74917d0166fe45463e78933a60023834837dc85,0,140744.0,True,2025-10-14,stats,False,False
2025,2092,LS019,Diana Shnaider,Xiyu Wang,330482,326160,R32,7-5 6-3,completed,present,2025-10-13,2025-10-19,2025-10-13T11:25:22.787+00:00,False,2025-10-13T14:43:21.93+00:00,False,data/raw/wta/stats/_httpcache/2025/cbbdcdc8e64acb7a21f273e042751f9821a3302db8fdefb1f8ae0f65e1711e61.json,1354aefc47199a72169db454c74917d0166fe45463e78933a60023834837dc85,0,140696.0,True,2025-10-13,stats,False,False
2025,2092,LS021,Yue Yuan,Xinyu Wang,324325,326376,R32,6-3 6-3,completed,present,2025-10-13,2025-10-19,2025-10-14T12:20:22.477+00:00,False,2025-10-14T14:00:32.787+00:00,False,data/raw/wta/stats/_httpcache/2025/cbbdcdc8e64acb7a21f273e042751f9821a3302db8fdefb1f8ae0f65e1711e61.json,1354aefc47199a72169db454c74917d0166fe45463e78933a60023834837dc85,0,140747.0,True,2025-10-14,stats,False,False
2025,2092,LS022,McCartney Kessler,Sofia Kenin,326678,320942,R32,6-1 6-0,completed,present,2025-10-13,2025-10-19,2025-10-13T04:47:50.843+00:00,False,2025-10-13T06:02:52.203+00:00,False,data/raw/wta/stats/_httpcache/2025/cbbdcdc8e64acb7a21f273e042751f9821a3302db8fdefb1f8ae0f65e1711e61.json,1354aefc47199a72169db454c74917d0166fe45463e78933a60023834837dc85,0,140692.0,True,2025-10-13,stats,False,False
2025,2092,LS023,Liudmila Samsonova,Hanyu Guo,322222,323087,R32,6-2 6-4,completed,present,2025-10-13,2025-10-19,2025-10-14T06:31:52.53+00:00,False,2025-10-14T08:41:32.777+00:00,False,data/raw/wta/stats/_httpcache/2025/cbbdcdc8e64acb7a21f273e042751f9821a3302db8fdefb1f8ae0f65e1711e61.json,1354aefc47199a72169db454c74917d0166fe45463e78933a60023834837dc85,0,140743.0,True,2025-10-14,stats,False,False
2025,2092,LS024,Ajla Tomljanovic,Clara Tauson,315232,327793,R32,1-6 7-6(4) 6-3,completed,present,2025-10-13,2025-10-19,2025-10-14T04:50:55.203+00:00,False,2025-10-14T07:28:52.423+00:00,False,data/raw/wta/stats/_httpcache/2025/cbbdcdc8e64acb7a21f273e042751f9821a3302db8fdefb1f8ae0f65e1711e61.json,1354aefc47199a72169db454c74917d0166fe45463e78933a60023834837dc85,0,140742.0,True,2025-10-14,stats,False,False
2025,2092,LS025,Zeynep Sonmez,Aliaksandra Sasnovich,326907,317790,R32,2-6 7-5 6-3,completed,present,2025-10-13,2025-10-19,2025-10-13T09:45:16.45+00:00,False,2025-10-13T12:12:09.993+00:00,False,data/raw/wta/stats/_httpcache/2025/cbbdcdc8e64acb7a21f273e042751f9821a3302db8fdefb1f8ae0f65e1711e61.json,1354aefc47199a72169db454c74917d0166fe45463e78933a60023834837dc85,0,140695.0,True,2025-10-13,stats,False,False
2025,2092,LS026,Dayana Yastremska,Victoria Mboko,324261,331006,R32,6-3 7-6(3),completed,present,2025-10-13,2025-10-19,2025-10-14T08:43:12.84+00:00,False,2025-10-14T10:52:07.08+00:00,False,data/raw/wta/stats/_httpcache/2025/cbbdcdc8e64acb7a21f273e042751f9821a3302db8fdefb1f8ae0f65e1711e61.json,1354aefc47199a72169db454c74917d0166fe45463e78933a60023834837dc85,0,140745.0,True,2025-10-14,stats,False,False
2025,2092,LS028,Belinda Bencic,Magda Linette,319001,315130,R32,6-3 6-2,completed,present,2025-10-13,2025-10-19,2025-10-13T06:07:19.643+00:00,False,2025-10-13T07:56:46.86+00:00,False,data/raw/wta/stats/_httpcache/2025/cbbdcdc8e64acb7a21f273e042751f9821a3302db8fdefb1f8ae0f65e1711e61.json,1354aefc47199a72169db454c74917d0166fe45463e78933a60023834837dc85,0,140693.0,True,2025-10-13,stats,False,False
2025,2092,LS029,Yuliia Starodubtseva,Yulia Putintseva,325338,317683,R32,6-4 6-2,completed,present,2025-10-13,2025-10-19,2025-10-13T07:51:54.15+00:00,False,2025-10-13T09:43:10.177+00:00,False,data/raw/wta/stats/_httpcache/2025/cbbdcdc8e64acb7a21f273e042751f9821a3302db8fdefb1f8ae0f65e1711e61.json,1354aefc47199a72169db454c74917d0166fe45463e78933a60023834837dc85,0,140694.0,True,2025-10-13,stats,False,False
2025,2092,LS030,Veronika Kudermetova,Antonia Ruzic,319526,329505,R32,6-3 6-2,completed,present,2025-10-13,2025-10-19,2025-10-14T04:47:31.19+00:00,False,2025-10-14T06:28:50.47+00:00,False,data/raw/wta/stats/_httpcache/2025/cbbdcdc8e64acb7a21f273e042751f9821a3302db8fdefb1f8ae0f65e1711e61.json,1354aefc47199a72169db454c74917d0166fe45463e78933a60023834837dc85,0,140741.0,True,2025-10-14,stats,False,False
2025,405,LS001,Leylah Fernandez,Tereza Valentova,326735,330808,F,6-0 5-7 6-3,completed,present,2025-10-13,2025-10-19,2025-10-19T02:48:43.573+00:00,False,2025-10-19T05:23:33.007+00:00,False,data/raw/wta/stats/_httpcache/2025/b4a15849547e1a2262475d5008da1fc041b858da0cf20dfad26841b4ad356127.json,829628612f4cea42fe2ba33ccd148c2059f1ab4bd21c4524cfe1ad508d047b45,0,140874.0,True,2025-10-19,stats,False,False
2025,405,LS002,Tereza Valentova,Jaqueline Cristian,330808,320319,SF,6-7(3) 6-4 6-3,completed,present,2025-10-13,2025-10-19,2025-10-18T05:07:41.61+00:00,False,2025-10-18T08:11:53.293+00:00,False,data/raw/wta/stats/_httpcache/2025/b4a15849547e1a2262475d5008da1fc041b858da0cf20dfad26841b4ad356127.json,829628612f4cea42fe2ba33ccd148c2059f1ab4bd21c4524cfe1ad508d047b45,0,140839.0,True,2025-10-18,stats,False,False
2025,405,LS003,Leylah Fernandez,Sorana Cirstea,326735,312469,SF,6-1 2-6 6-4,completed,present,2025-10-13,2025-10-19,2025-10-18T02:52:56.367+00:00,False,2025-10-18T05:04:03.873+00:00,False,data/raw/wta/stats/_httpcache/2025/b4a15849547e1a2262475d5008da1fc041b858da0cf20dfad26841b4ad356127.json,829628612f4cea42fe2ba33ccd148c2059f1ab4bd21c4524cfe1ad508d047b45,0,140838.0,True,2025-10-18,stats,False,False
2025,405,LS005,Tereza Valentova,Olga Danilovic,330808,324934,QF,4-6 6-2 6-3,completed,present,2025-10-13,2025-10-19,2025-10-17T06:55:41.253+00:00,False,2025-10-17T09:14:22.38+00:00,False,data/raw/wta/stats/_httpcache/2025/b4a15849547e1a2262475d5008da1fc041b858da0cf20dfad26841b4ad356127.json,829628612f4cea42fe2ba33ccd148c2059f1ab4bd21c4524cfe1ad508d047b45,0,140819.0,True,2025-10-17,stats,False,False
2025,405,LS006,Leylah Fernandez,Rebecca Sramkova,326735,320228,QF,7-6(2) 6-3,completed,present,2025-10-13,2025-10-19,2025-10-17T02:16:57.273+00:00,False,2025-10-17T04:13:02.403+00:00,False,data/raw/wta/stats/_httpcache/2025/b4a15849547e1a2262475d5008da1fc041b858da0cf20dfad26841b4ad356127.json,829628612f4cea42fe2ba33ccd148c2059f1ab4bd21c4524cfe1ad508d047b45,0,140817.0,True,2025-10-17,stats,False,False
2025,405,LS007,Sorana Cirstea,Viktorija Golubic,312469,316296,QF,6-2 2-6 6-2,completed,present,2025-10-13,2025-10-19,2025-10-17T04:41:27.583+00:00,False,2025-10-17T06:51:10.637+00:00,False,data/raw/wta/stats/_httpcache/2025/b4a15849547e1a2262475d5008da1fc041b858da0cf20dfad26841b4ad356127.json,829628612f4cea42fe2ba33ccd148c2059f1ab4bd21c4524cfe1ad508d047b45,0,140818.0,True,2025-10-17,stats,False,False
2025,405,LS008,Naomi Osaka,Suzan Lamens,319998,324898,R16,7-6(6) 3-6 6-2,completed,present,2025-10-13,2025-10-19,2025-10-15T04:39:13.49+00:00,False,2025-10-15T07:14:14.86+00:00,False,data/raw/wta/stats/_httpcache/2025/b4a15849547e1a2262475d5008da1fc041b858da0cf20dfad26841b4ad356127.json,829628612f4cea42fe2ba33ccd148c2059f1ab4bd21c4524cfe1ad508d047b45,0,140783.0,True,2025-10-15,stats,False,False
2025,405,LS009,Jaqueline Cristian,Jessica Bouzas Maneiro,320319,328139,R16,0-6 6-4 6-2,completed,present,2025-10-13,2025-10-19,2025-10-15T02:17:31.303+00:00,False,2025-10-15T04:36:38.933+00:00,False,data/raw/wta/stats/_httpcache/2025/b4a15849547e1a2262475d5008da1fc041b858da0cf20dfad26841b4ad356127.json,829628612f4cea42fe2ba33ccd148c2059f1ab4bd21c4524cfe1ad508d047b45,0,140781.0,True,2025-10-15,stats,False,False
2025,405,LS010,Tereza Valentova,Elise Mertens,330808,317964,R16,6-4 6-1,completed,present,2025-10-13,2025-10-19,2025-10-16T04:11:36.2+00:00,False,2025-10-16T05:42:41.96+00:00,False,data/raw/wta/stats/_httpcache/2025/b4a15849547e1a2262475d5008da1fc041b858da0cf20dfad26841b4ad356127.json,829628612f4cea42fe2ba33ccd148c2059f1ab4bd21c4524cfe1ad508d047b45,0,140804.0,True,2025-10-16,stats,False,False
2025,405,LS011,Olga Danilovic,Ashlyn Krueger,324934,329409,R16,6-4 6-4,completed,present,2025-10-13,2025-10-19,2025-10-15T04:09:39.373+00:00,False,2025-10-15T05:38:40.987+00:00,False,data/raw/wta/stats/_httpcache/2025/b4a15849547e1a2262475d5008da1fc041b858da0cf20dfad26841b4ad356127.json,829628612f4cea42fe2ba33ccd148c2059f1ab4bd21c4524cfe1ad508d047b45,0,140782.0,True,2025-10-15,stats,False,False
2025,405,LS012,Rebecca Sramkova,Ann Li,320228,326096,R16,6-2 3-6 6-3,completed,present,2025-10-13,2025-10-19,2025-10-16T02:22:03.63+00:00,False,2025-10-16T04:24:51.253+00:00,False,data/raw/wta/stats/_httpcache/2025/b4a15849547e1a2262475d5008da1fc041b858da0cf20dfad26841b4ad356127.json,829628612f4cea42fe2ba33ccd148c2059f1ab4bd21c4524cfe1ad508d047b45,0,140803.0,True,2025-10-16,stats,False,False
2025,405,LS013,Leylah Fernandez,Dalma Galfi,326735,321106,R16,6-1 6-4,completed,present,2025-10-13,2025-10-19,2025-10-16T02:18:47.913+00:00,False,2025-10-16T04:10:10.41+00:00,False,data/raw/wta/stats/_httpcache/2025/b4a15849547e1a2262475d5008da1fc041b858da0cf20dfad26841b4ad356127.json,829628612f4cea42fe2ba33ccd148c2059f1ab4bd21c4524cfe1ad508d047b45,0,140802.0,True,2025-10-16,stats,False,False
2025,405,LS014,Viktorija Golubic,Marie Bouzkova,316296,320983,R16,1-6 6-2 7-6(3),completed,present,2025-10-13,2025-10-19,2025-10-16T05:45:48.713+00:00,False,2025-10-16T08:46:13.02+00:00,False,data/raw/wta/stats/_httpcache/2025/b4a15849547e1a2262475d5008da1fc041b858da0cf20dfad26841b4ad356127.json,829628612f4cea42fe2ba33ccd148c2059f1ab4bd21c4524cfe1ad508d047b45,0,140805.0,True,2025-10-16,stats,False,False
2025,405,LS015,Sorana Cirstea,Katie Boulter,312469,319125,R16,6-3 6-1,completed,present,2025-10-13,2025-10-19,2025-10-15T07:15:45.483+00:00,False,2025-10-15T08:38:57.873+00:00,False,data/raw/wta/stats/_httpcache/2025/b4a15849547e1a2262475d5008da1fc041b858da0cf20dfad26841b4ad356127.json,829628612f4cea42fe2ba33ccd148c2059f1ab4bd21c4524cfe1ad508d047b45,0,140784.0,True,2025-10-15,stats,False,False
2025,405,LS016,Naomi Osaka,Wakana Sonobe,319998,331857,R32,6-0 6-4,completed,present,2025-10-13,2025-10-19,2025-10-13T04:37:04.227+00:00,False,2025-10-13T06:11:04.433+00:00,False,data/raw/wta/stats/_httpcache/2025/b4a15849547e1a2262475d5008da1fc041b858da0cf20dfad26841b4ad356127.json,829628612f4cea42fe2ba33ccd148c2059f1ab4bd21c4524cfe1ad508d047b45,0,140706.0,True,2025-10-13,stats,False,False
2025,405,LS017,Suzan Lamens,Emiliana Arango,324898,324789,R32,6-1 6-2,completed,present,2025-10-13,2025-10-19,2025-10-13T06:49:18.757+00:00,False,2025-10-13T08:12:13.18+00:00,False,data/raw/wta/stats/_httpcache/2025/b4a15849547e1a2262475d5008da1fc041b858da0cf20dfad26841b4ad356127.json,829628612f4cea42fe2ba33ccd148c2059f1ab4bd21c4524cfe1ad508d047b45,0,140708.0,True,2025-10-13,stats,False,False
2025,405,LS018,Jaqueline Cristian,Elisabetta Cocciaretto,320319,327909,R32,6-2 7-6(4),completed,present,2025-10-13,2025-10-19,2025-10-14T02:17:15.717+00:00,False,2025-10-14T04:31:33.32+00:00,False,data/raw/wta/stats/_httpcache/2025/b4a15849547e1a2262475d5008da1fc041b858da0cf20dfad26841b4ad356127.json,829628612f4cea42fe2ba33ccd148c2059f1ab4bd21c4524cfe1ad508d047b45,0,140749.0,True,2025-10-14,stats,False,False
2025,405,LS019,Jessica Bouzas Maneiro,Katie Volynets,328139,327391,R32,6-2 6-4,completed,present,2025-10-13,2025-10-19,2025-10-14T05:16:17.867+00:00,False,2025-10-14T07:00:40.27+00:00,False,data/raw/wta/stats/_httpcache/2025/b4a15849547e1a2262475d5008da1fc041b858da0cf20dfad26841b4ad356127.json,829628612f4cea42fe2ba33ccd148c2059f1ab4bd21c4524cfe1ad508d047b45,0,140754.0,True,2025-10-14,stats,False,False
2025,405,LS020,Elise Mertens,Cristina Bucsa,317964,321158,R32,7-6(5) 6-3,completed,present,2025-10-13,2025-10-19,2025-10-14T08:18:29.78+00:00,False,2025-10-14T10:14:01.41+00:00,False,data/raw/wta/stats/_httpcache/2025/b4a15849547e1a2262475d5008da1fc041b858da0cf20dfad26841b4ad356127.json,829628612f4cea42fe2ba33ccd148c2059f1ab4bd21c4524cfe1ad508d047b45,0,140757.0,True,2025-10-14,stats,False,False
2025,405,LS021,Tereza Valentova,Alexandra Eala,330808,330332,R32,6-1 6-2,completed,present,2025-10-13,2025-10-19,2025-10-14T07:02:36.02+00:00,False,2025-10-14T08:41:21.103+00:00,False,data/raw/wta/stats/_httpcache/2025/b4a15849547e1a2262475d5008da1fc041b858da0cf20dfad26841b4ad356127.json,829628612f4cea42fe2ba33ccd148c2059f1ab4bd21c4524cfe1ad508d047b45,0,140756.0,True,2025-10-14,stats,False,False
2025,405,LS022,Ashlyn Krueger,Maria Sakkari,329409,318312,R32,2-6 6-3 6-4,completed,present,2025-10-13,2025-10-19,2025-10-13T08:14:46.743+00:00,False,2025-10-13T10:47:13.373+00:00,False,data/raw/wta/stats/_httpcache/2025/b4a15849547e1a2262475d5008da1fc041b858da0cf20dfad26841b4ad356127.json,829628612f4cea42fe2ba33ccd148c2059f1ab4bd21c4524cfe1ad508d047b45,0,140709.0,True,2025-10-13,stats,False,False
2025,405,LS023,Olga Danilovic,Nao Hibino,324934,320238,R32,6-4 1-6 6-2,completed,present,2025-10-13,2025-10-19,2025-10-13T02:20:00.227+00:00,False,2025-10-13T04:34:49.233+00:00,False,data/raw/wta/stats/_httpcache/2025/b4a15849547e1a2262475d5008da1fc041b858da0cf20dfad26841b4ad356127.json,829628612f4cea42fe2ba33ccd148c2059f1ab4bd21c4524cfe1ad508d047b45,0,140705.0,True,2025-10-13,stats,False,False
2025,405,LS024,Ann Li,Varvara Gracheva,326096,325836,R32,6-4 6-0,completed,present,2025-10-13,2025-10-19,2025-10-14T02:14:15.17+00:00,False,2025-10-14T03:40:40.167+00:00,False,data/raw/wta/stats/_httpcache/2025/b4a15849547e1a2262475d5008da1fc041b858da0cf20dfad26841b4ad356127.json,829628612f4cea42fe2ba33ccd148c2059f1ab4bd21c4524cfe1ad508d047b45,0,140748.0,True,2025-10-14,stats,False,False
2025,405,LS025,Rebecca Sramkova,Joanna Garland,320228,326512,R32,6-3 6-1,completed,present,2025-10-13,2025-10-19,2025-10-14T03:41:31.527+00:00,False,2025-10-14T05:06:21.307+00:00,False,data/raw/wta/stats/_httpcache/2025/b4a15849547e1a2262475d5008da1fc041b858da0cf20dfad26841b4ad356127.json,829628612f4cea42fe2ba33ccd148c2059f1ab4bd21c4524cfe1ad508d047b45,0,140751.0,True,2025-10-14,stats,False,False
2025,405,LS026,Dalma Galfi,Alycia Parks,321106,326007,R32,6-4 6-4,completed,present,2025-10-13,2025-10-19,2025-10-14T04:33:40.51+00:00,False,2025-10-14T06:21:22.963+00:00,False,data/raw/wta/stats/_httpcache/2025/b4a15849547e1a2262475d5008da1fc041b858da0cf20dfad26841b4ad356127.json,829628612f4cea42fe2ba33ccd148c2059f1ab4bd21c4524cfe1ad508d047b45,0,140753.0,True,2025-10-14,stats,False,False
2025,405,LS027,Leylah Fernandez,Hailey Baptiste,326735,327101,R32,6-2 7-5,completed,present,2025-10-13,2025-10-19,2025-10-14T02:20:17.003+00:00,False,2025-10-14T04:13:14.717+00:00,False,data/raw/wta/stats/_httpcache/2025/b4a15849547e1a2262475d5008da1fc041b858da0cf20dfad26841b4ad356127.json,829628612f4cea42fe2ba33ccd148c2059f1ab4bd21c4524cfe1ad508d047b45,0,140750.0,True,2025-10-14,stats,False,False
2025,405,LS028,Marie Bouzkova,Ena Shibahara,320983,322527,R32,6-1 6-1,completed,present,2025-10-13,2025-10-19,2025-10-14T07:00:20.01+00:00,False,2025-10-14T08:15:55.64+00:00,False,data/raw/wta/stats/_httpcache/2025/b4a15849547e1a2262475d5008da1fc041b858da0cf20dfad26841b4ad356127.json,829628612f4cea42fe2ba33ccd148c2059f1ab4bd21c4524cfe1ad508d047b45,0,140755.0,True,2025-10-14,stats,False,False
2025,405,LS029,Viktorija Golubic,Bianca Andreescu,316296,325088,R32,6-3 4-6 6-4,completed,present,2025-10-13,2025-10-19,2025-10-14T04:15:40.4+00:00,False,2025-10-14T06:57:27.837+00:00,False,data/raw/wta/stats/_httpcache/2025/b4a15849547e1a2262475d5008da1fc041b858da0cf20dfad26841b4ad356127.json,829628612f4cea42fe2ba33ccd148c2059f1ab4bd21c4524cfe1ad508d047b45,0,140752.0,True,2025-10-14,stats,False,False
2025,405,LS030,Sorana Cirstea,Moyuka Uchijima,312469,327241,R32,2-6 6-4 6-2,completed,present,2025-10-13,2025-10-19,2025-10-13T06:15:13.303+00:00,False,2025-10-13T08:23:36.35+00:00,False,data/raw/wta/stats/_httpcache/2025/b4a15849547e1a2262475d5008da1fc041b858da0cf20dfad26841b4ad356127.json,829628612f4cea42fe2ba33ccd148c2059f1ab4bd21c4524cfe1ad508d047b45,0,140707.0,True,2025-10-13,stats,False,False
2025,405,LS031,Katie Boulter,Linda Noskova,319125,329668,R32,7-6(3) 6-3,completed,present,2025-10-13,2025-10-19,2025-10-13T08:27:24.21+00:00,False,2025-10-13T10:16:23.48+00:00,False,data/raw/wta/stats/_httpcache/2025/b4a15849547e1a2262475d5008da1fc041b858da0cf20dfad26841b4ad356127.json,829628612f4cea42fe2ba33ccd148c2059f1ab4bd21c4524cfe1ad508d047b45,0,140710.0,True,2025-10-13,stats,False,False
2025,406,LS001,Elena Rybakina,Liudmila Samsonova,324166,322222,F,6-1 6-7(2) 6-1,completed,present,2025-05-18,2025-05-24,2025-05-24T11:57:25.153+00:00,False,2025-05-24T14:26:48.647+00:00,False,data/raw/wta/stats/_httpcache/2025/8c555908126e4bce1b32bb09fd023113506e60cf66253df210bbd97ddf4ecd63.json,70871bf5eb2ccca80d8d2d5833593e7438b1755cae31ed83196899a121f90470,0,138189.0,True,2025-05-24,stats,False,False
2025,406,LS002,Liudmila Samsonova,Danielle Collins,322222,316925,SF,6-4 6-2,completed,present,2025-05-18,2025-05-24,2025-05-23T15:27:23.193+00:00,False,2025-05-23T17:11:29.373+00:00,False,data/raw/wta/stats/_httpcache/2025/8c555908126e4bce1b32bb09fd023113506e60cf66253df210bbd97ddf4ecd63.json,70871bf5eb2ccca80d8d2d5833593e7438b1755cae31ed83196899a121f90470,0,138186.0,True,2025-05-23,stats,False,False
2025,406,LS003,Elena Rybakina,Beatriz Haddad Maia,324166,318176,SF,7-6(7) 1-6 6-2,completed,present,2025-05-18,2025-05-24,2025-05-23T12:21:00.393+00:00,False,2025-05-23T15:25:22.31+00:00,False,data/raw/wta/stats/_httpcache/2025/8c555908126e4bce1b32bb09fd023113506e60cf66253df210bbd97ddf4ecd63.json,70871bf5eb2ccca80d8d2d5833593e7438b1755cae31ed83196899a121f90470,0,138185.0,True,2025-05-23,stats,False,False
2025,406,LS005,Liudmila Samsonova,Paula Badosa,322222,320124,QF,6-4 3-6 6-4,completed,present,2025-05-18,2025-05-24,2025-05-22T14:13:07.523+00:00,False,2025-05-22T16:53:32.38+00:00,False,data/raw/wta/stats/_httpcache/2025/8c555908126e4bce1b32bb09fd023113506e60cf66253df210bbd97ddf4ecd63.json,70871bf5eb2ccca80d8d2d5833593e7438b1755cae31ed83196899a121f90470,0,138182.0,True,2025-05-22,stats,False,False
2025,406,LS006,Elena Rybakina,Magda Linette,324166,315130,QF,7-5 6-3,completed,present,2025-05-18,2025-05-24,2025-05-22T08:47:28.067+00:00,False,2025-05-22T10:49:28.393+00:00,False,data/raw/wta/stats/_httpcache/2025/8c555908126e4bce1b32bb09fd023113506e60cf66253df210bbd97ddf4ecd63.json,70871bf5eb2ccca80d8d2d5833593e7438b1755cae31ed83196899a121f90470,0,138180.0,True,2025-05-22,stats,False,False
2025,406,LS007,Beatriz Haddad Maia,Emma Navarro,318176,325410,QF,3-6 7-6(3) 6-2,completed,present,2025-05-18,2025-05-24,2025-05-22T10:55:25.353+00:00,False,2025-05-22T14:10:46.033+00:00,False,data/raw/wta/stats/_httpcache/2025/8c555908126e4bce1b32bb09fd023113506e60cf66253df210bbd97ddf4ecd63.json,70871bf5eb2ccca80d8d2d5833593e7438b1755cae31ed83196899a121f90470,0,138181.0,True,2025-05-22,stats,False,False
2025,406,LS008,Anna Kalinskaya,Jessica Pegula,323942,316956,R16,4-6 6-4 6-2,completed,present,2025-05-18,2025-05-24,2025-05-21T15:38:34.66+00:00,False,2025-05-21T17:54:32.263+00:00,False,data/raw/wta/stats/_httpcache/2025/8c555908126e4bce1b32bb09fd023113506e60cf66253df210bbd97ddf4ecd63.json,70871bf5eb2ccca80d8d2d5833593e7438b1755cae31ed83196899a121f90470,0,138175.0,True,2025-05-21,stats,False,False
2025,406,LS009,Danielle Collins,Emma Raducanu,316925,328366,R16,4-6 6-1 6-3,completed,present,2025-05-18,2025-05-24,2025-05-21T12:55:11.743+00:00,False,2025-05-21T15:33:34.183+00:00,False,data/raw/wta/stats/_httpcache/2025/8c555908126e4bce1b32bb09fd023113506e60cf66253df210bbd97ddf4ecd63.json,70871bf5eb2ccca80d8d2d5833593e7438b1755cae31ed83196899a121f90470,0,138174.0,True,2025-05-21,stats,False,False
2025,406,LS011,Liudmila Samsonova,Diane Parry,322222,327077,R16,6-4 6-4,completed,present,2025-05-18,2025-05-24,2025-05-20T15:19:59.703+00:00,False,2025-05-20T17:39:33.707+00:00,False,data/raw/wta/stats/_httpcache/2025/8c555908126e4bce1b32bb09fd023113506e60cf66253df210bbd97ddf4ecd63.json,70871bf5eb2ccca80d8d2d5833593e7438b1755cae31ed83196899a121f90470,0,138162.0,True,2025-05-20,stats,False,False
2025,406,LS012,Magda Linette,Rebecca Sramkova,315130,320228,R16,6-4 6-3,completed,present,2025-05-18,2025-05-24,2025-05-20T08:48:10.093+00:00,False,2025-05-20T10:49:13.87+00:00,False,data/raw/wta/stats/_httpcache/2025/8c555908126e4bce1b32bb09fd023113506e60cf66253df210bbd97ddf4ecd63.json,70871bf5eb2ccca80d8d2d5833593e7438b1755cae31ed83196899a121f90470,0,138160.0,True,2025-05-20,stats,False,False
2025,406,LS013,Elena Rybakina,Xinyu Wang,324166,326376,R16,6-1 6-3,completed,present,2025-05-18,2025-05-24,2025-05-20T12:26:53.643+00:00,False,2025-05-20T13:48:26.433+00:00,False,data/raw/wta/stats/_httpcache/2025/8c555908126e4bce1b32bb09fd023113506e60cf66253df210bbd97ddf4ecd63.json,70871bf5eb2ccca80d8d2d5833593e7438b1755cae31ed83196899a121f90470,0,138161.0,True,2025-05-20,stats,False,False
2025,406,LS014,Beatriz Haddad Maia,Ashlyn Krueger,318176,329409,R16,7-6(3) 6-3,completed,present,2025-05-18,2025-05-24,2025-05-21T08:46:43.863+00:00,False,2025-05-21T10:59:05.947+00:00,False,data/raw/wta/stats/_httpcache/2025/8c555908126e4bce1b32bb09fd023113506e60cf66253df210bbd97ddf4ecd63.json,70871bf5eb2ccca80d8d2d5833593e7438b1755cae31ed83196899a121f90470,0,138172.0,True,2025-05-21,stats,False,False
2025,406,LS015,Emma Navarro,Anna Blinkova,325410,324267,R16,6-4 6-1,completed,present,2025-05-18,2025-05-24,2025-05-21T11:12:03.753+00:00,False,2025-05-21T12:52:11.663+00:00,False,data/raw/wta/stats/_httpcache/2025/8c555908126e4bce1b32bb09fd023113506e60cf66253df210bbd97ddf4ecd63.json,70871bf5eb2ccca80d8d2d5833593e7438b1755cae31ed83196899a121f90470,0,138173.0,True,2025-05-21,stats,False,False
2025,406,LS017,Anna Kalinskaya,Caroline Dolehide,323942,322052,R32,6-2 4-6 6-3,completed,present,2025-05-18,2025-05-24,2025-05-19T12:52:39.35+00:00,False,2025-05-19T15:15:56.863+00:00,False,data/raw/wta/stats/_httpcache/2025/8c555908126e4bce1b32bb09fd023113506e60cf66253df210bbd97ddf4ecd63.json,70871bf5eb2ccca80d8d2d5833593e7438b1755cae31ed83196899a121f90470,0,138149.0,True,2025-05-19,stats,False,False
2025,406,LS018,Danielle Collins,Sofia Kenin,316925,320942,R32,6-1 1-6 6-2,completed,present,2025-05-18,2025-05-24,2025-05-19T13:47:16.49+00:00,False,2025-05-19T15:49:42.87+00:00,False,data/raw/wta/stats/_httpcache/2025/8c555908126e4bce1b32bb09fd023113506e60cf66253df210bbd97ddf4ecd63.json,70871bf5eb2ccca80d8d2d5833593e7438b1755cae31ed83196899a121f90470,0,138150.0,True,2025-05-19,stats,False,False
2025,406,LS019,Emma Raducanu,Daria Kasatkina,328366,322082,R32,6-1 6-3,completed,present,2025-05-18,2025-05-24,2025-05-19T16:02:49.82+00:00,False,2025-05-19T17:30:43.187+00:00,False,data/raw/wta/stats/_httpcache/2025/8c555908126e4bce1b32bb09fd023113506e60cf66253df210bbd97ddf4ecd63.json,70871bf5eb2ccca80d8d2d5833593e7438b1755cae31ed83196899a121f90470,0,138152.0,True,2025-05-19,stats,False,False
2025,406,LS021,Marie Bouzkova,Alizé Cornet,320983,312121,R32,6-2 6-1,completed,present,2025-05-18,2025-05-24,2025-05-19T08:46:38.6+00:00,False,2025-05-19T10:41:01.88+00:00,False,data/raw/wta/stats/_httpcache/2025/8c555908126e4bce1b32bb09fd023113506e60cf66253df210bbd97ddf4ecd63.json,70871bf5eb2ccca80d8d2d5833593e7438b1755cae31ed83196899a121f90470,0,138146.0,True,2025-05-19,stats,False,False
2025,406,LS022,Diane Parry,Leylah Fernandez,327077,326735,R32,7-5 7-6(3),completed,present,2025-05-18,2025-05-24,2025-05-18T15:10:43.807+00:00,False,2025-05-18T17:38:09.367+00:00,False,data/raw/wta/stats/_httpcache/2025/8c555908126e4bce1b32bb09fd023113506e60cf66253df210bbd97ddf4ecd63.json,70871bf5eb2ccca80d8d2d5833593e7438b1755cae31ed83196899a121f90470,0,138135.0,True,2025-05-18,stats,False,False
2025,406,LS023,Liudmila Samsonova,Linda Noskova,322222,329668,R32,6-1 7-5,completed,present,2025-05-18,2025-05-24,2025-05-18T11:37:31.133+00:00,False,2025-05-18T13:23:20.307+00:00,False,data/raw/wta/stats/_httpcache/2025/8c555908126e4bce1b32bb09fd023113506e60cf66253df210bbd97ddf4ecd63.json,70871bf5eb2ccca80d8d2d5833593e7438b1755cae31ed83196899a121f90470,0,138132.0,True,2025-05-18,stats,False,False
2025,406,LS024,Magda Linette,Barbora Krejcikova,315130,318314,R32,6-3 6-3,completed,present,2025-05-18,2025-05-24,2025-05-18T13:30:17.847+00:00,False,2025-05-18T15:07:04.41+00:00,False,data/raw/wta/stats/_httpcache/2025/8c555908126e4bce1b32bb09fd023113506e60cf66253df210bbd97ddf4ecd63.json,70871bf5eb2ccca80d8d2d5833593e7438b1755cae31ed83196899a121f90470,0,138134.0,True,2025-05-18,stats,False,False
2025,406,LS025,Rebecca Sramkova,Yulia Putintseva,320228,317683,R32,6-0 6-4,completed,present,2025-05-18,2025-05-24,2025-05-18T12:32:33.237+00:00,False,2025-05-18T14:00:29.08+00:00,False,data/raw/wta/stats/_httpcache/2025/8c555908126e4bce1b32bb09fd023113506e60cf66253df210bbd97ddf4ecd63.json,70871bf5eb2ccca80d8d2d5833593e7438b1755cae31ed83196899a121f90470,0,138133.0,True,2025-05-18,stats,False,False
2025,406,LS026,Xinyu Wang,Eva Lys,326376,325826,R32,6-4 7-5,completed,present,2025-05-18,2025-05-24,2025-05-19T10:48:12.007+00:00,False,2025-05-19T12:50:27.093+00:00,False,data/raw/wta/stats/_httpcache/2025/8c555908126e4bce1b32bb09fd023113506e60cf66253df210bbd97ddf4ecd63.json,70871bf5eb2ccca80d8d2d5833593e7438b1755cae31ed83196899a121f90470,0,138148.0,True,2025-05-19,stats,False,False
2025,406,LS028,Beatriz Haddad Maia,Clara Tauson,318176,327793,R32,3-6 6-4 7-5,completed,present,2025-05-18,2025-05-24,2025-05-19T10:44:37.31+00:00,False,2025-05-19T13:43:49.927+00:00,False,data/raw/wta/stats/_httpcache/2025/8c555908126e4bce1b32bb09fd023113506e60cf66253df210bbd97ddf4ecd63.json,70871bf5eb2ccca80d8d2d5833593e7438b1755cae31ed83196899a121f90470,0,138147.0,True,2025-05-19,stats,False,False
2025,406,LS029,Ashlyn Krueger,McCartney Kessler,329409,326678,R32,6-4 7-5,completed,present,2025-05-18,2025-05-24,2025-05-19T08:43:36.22+00:00,False,2025-05-19T10:43:50.63+00:00,False,data/raw/wta/stats/_httpcache/2025/8c555908126e4bce1b32bb09fd023113506e60cf66253df210bbd97ddf4ecd63.json,70871bf5eb2ccca80d8d2d5833593e7438b1755cae31ed83196899a121f90470,0,138145.0,True,2025-05-19,stats,False,False
2025,406,LS030,Anna Blinkova,Magdalena Frech,324267,320277,R32,6-3 7-5,completed,present,2025-05-18,2025-05-24,2025-05-19T15:21:55.773+00:00,False,2025-05-19T17:10:43.413+00:00,False,data/raw/wta/stats/_httpcache/2025/8c555908126e4bce1b32bb09fd023113506e60cf66253df210bbd97ddf4ecd63.json,70871bf5eb2ccca80d8d2d5833593e7438b1755cae31ed83196899a121f90470,0,138151.0,True,2025-05-19,stats,False,False
2025,528,LS001,Ekaterina Alexandrova,Dayana Yastremska,319007,324261,F,6-2 3-6 7-5,completed,present,2025-01-27,2025-02-02,2025-02-02T12:51:07.797+00:00,False,2025-02-02T15:20:18.35+00:00,False,data/raw/wta/stats/_httpcache/2025/0ec710cd08e29fe7bc132914817250609933da0cd95fc23b8b591e095aad001c.json,10263291dc0d03304029b99b82d1430d3dffff45c39e532d83e2b5fac698e88c,0,136691.0,True,2025-02-02,stats,False,False
2025,528,LS002,Ekaterina Alexandrova,Karolina Muchova,319007,322191,SF,6-0 6-4,completed,present,2025-01-27,2025-02-02,2025-02-01T14:00:50.19+00:00,False,2025-02-01T15:30:16.077+00:00,False,data/raw/wta/stats/_httpcache/2025/0ec710cd08e29fe7bc132914817250609933da0cd95fc23b8b591e095aad001c.json,10263291dc0d03304029b99b82d1430d3dffff45c39e532d83e2b5fac698e88c,0,136673.0,True,2025-02-01,stats,False,False
2025,528,LS003,Dayana Yastremska,Clara Tauson,324261,327793,SF,6-1 6-4,completed,present,2025-01-27,2025-02-02,2025-02-01T11:48:50.293+00:00,False,2025-02-01T13:58:16.05+00:00,False,data/raw/wta/stats/_httpcache/2025/0ec710cd08e29fe7bc132914817250609933da0cd95fc23b8b591e095aad001c.json,10263291dc0d03304029b99b82d1430d3dffff45c39e532d83e2b5fac698e88c,0,136672.0,True,2025-02-01,stats,False,False
2025,528,LS004,Karolina Muchova,Anastasia Potapova,322191,325601,QF,6-3 3-6 6-3,completed,present,2025-01-27,2025-02-02,2025-01-31T15:37:41.913+00:00,False,2025-01-31T18:00:47.377+00:00,False,data/raw/wta/stats/_httpcache/2025/0ec710cd08e29fe7bc132914817250609933da0cd95fc23b8b591e095aad001c.json,10263291dc0d03304029b99b82d1430d3dffff45c39e532d83e2b5fac698e88c,0,136639.0,True,2025-01-31,stats,False,False
2025,528,LS005,Ekaterina Alexandrova,Petra Martic,319007,313711,QF,3-6 6-2 6-2,completed,present,2025-01-27,2025-02-02,2025-01-31T18:02:56.493+00:00,False,2025-01-31T20:20:52.353+00:00,False,data/raw/wta/stats/_httpcache/2025/0ec710cd08e29fe7bc132914817250609933da0cd95fc23b8b591e095aad001c.json,10263291dc0d03304029b99b82d1430d3dffff45c39e532d83e2b5fac698e88c,0,136640.0,True,2025-01-31,stats,False,False
2025,528,LS006,Dayana Yastremska,Maria Sakkari,324261,318312,QF,7-5 6-0,completed,present,2025-01-27,2025-02-02,2025-01-31T11:52:54.363+00:00,False,2025-01-31T13:28:26.277+00:00,False,data/raw/wta/stats/_httpcache/2025/0ec710cd08e29fe7bc132914817250609933da0cd95fc23b8b591e095aad001c.json,10263291dc0d03304029b99b82d1430d3dffff45c39e532d83e2b5fac698e88c,0,136637.0,True,2025-01-31,stats,False,False
2025,528,LS007,Clara Tauson,Anna Blinkova,327793,324267,QF,6-4 6-3,completed,present,2025-01-27,2025-02-02,2025-01-31T13:31:13.117+00:00,False,2025-01-31T15:33:31.83+00:00,False,data/raw/wta/stats/_httpcache/2025/0ec710cd08e29fe7bc132914817250609933da0cd95fc23b8b591e095aad001c.json,10263291dc0d03304029b99b82d1430d3dffff45c39e532d83e2b5fac698e88c,0,136638.0,True,2025-01-31,stats,False,False
2025,528,LS008,Karolina Muchova,Sara Sorribes Tormo,322191,318872,R16,6-2 6-3,completed,present,2025-01-27,2025-02-02,2025-01-30T16:51:06.78+00:00,False,2025-01-30T18:35:50.02+00:00,False,data/raw/wta/stats/_httpcache/2025/0ec710cd08e29fe7bc132914817250609933da0cd95fc23b8b591e095aad001c.json,10263291dc0d03304029b99b82d1430d3dffff45c39e532d83e2b5fac698e88c,0,136631.0,True,2025-01-30,stats,False,False
2025,528,LS009,Anastasia Potapova,Rebecca Sramkova,325601,320228,R16,7-6(1) 6-4,completed,present,2025-01-27,2025-02-02,2025-01-29T18:30:17.05+00:00,False,2025-01-29T20:29:01.167+00:00,False,data/raw/wta/stats/_httpcache/2025/0ec710cd08e29fe7bc132914817250609933da0cd95fc23b8b591e095aad001c.json,10263291dc0d03304029b99b82d1430d3dffff45c39e532d83e2b5fac698e88c,0,136623.0,True,2025-01-29,stats,False,False
2025,528,LS010,Ekaterina Alexandrova,Aliaksandra Sasnovich,319007,317790,R16,6-3 6-2,completed,present,2025-01-27,2025-02-02,2025-01-30T18:37:43.29+00:00,False,2025-01-30T20:14:00.693+00:00,False,data/raw/wta/stats/_httpcache/2025/0ec710cd08e29fe7bc132914817250609933da0cd95fc23b8b591e095aad001c.json,10263291dc0d03304029b99b82d1430d3dffff45c39e532d83e2b5fac698e88c,0,136632.0,True,2025-01-30,stats,False,False
2025,528,LS011,Petra Martic,Elina Avanesyan,313711,327620,R16,6-4 4-6 7-5,completed,present,2025-01-27,2025-02-02,2025-01-30T13:26:04.97+00:00,False,2025-01-30T16:28:27.58+00:00,False,data/raw/wta/stats/_httpcache/2025/0ec710cd08e29fe7bc132914817250609933da0cd95fc23b8b591e095aad001c.json,10263291dc0d03304029b99b82d1430d3dffff45c39e532d83e2b5fac698e88c,0,136629.0,True,2025-01-30,stats,False,False
2025,528,LS012,Dayana Yastremska,Antonia Ruzic,324261,329505,R16,7-5 6-1,completed,present,2025-01-27,2025-02-02,2025-01-30T12:49:12.413+00:00,False,2025-01-30T14:40:11.593+00:00,False,data/raw/wta/stats/_httpcache/2025/0ec710cd08e29fe7bc132914817250609933da0cd95fc23b8b591e095aad001c.json,10263291dc0d03304029b99b82d1430d3dffff45c39e532d83e2b5fac698e88c,0,136628.0,True,2025-01-30,stats,False,False
2025,528,LS013,Maria Sakkari,Viktoriya Tomova,318312,317584,R16,6-3 6-2,completed,present,2025-01-27,2025-02-02,2025-01-29T16:53:19.593+00:00,False,2025-01-29T18:25:32.717+00:00,False,data/raw/wta/stats/_httpcache/2025/0ec710cd08e29fe7bc132914817250609933da0cd95fc23b8b591e095aad001c.json,10263291dc0d03304029b99b82d1430d3dffff45c39e532d83e2b5fac698e88c,0,136622.0,True,2025-01-29,stats,False,False
2025,528,LS014,Clara Tauson,Sorana Cirstea,327793,312469,R16,6-2 6-4,completed,present,2025-01-27,2025-02-02,2025-01-29T14:51:29.857+00:00,False,2025-01-29T16:39:06.457+00:00,False,data/raw/wta/stats/_httpcache/2025/0ec710cd08e29fe7bc132914817250609933da0cd95fc23b8b591e095aad001c.json,10263291dc0d03304029b99b82d1430d3dffff45c39e532d83e2b5fac698e88c,0,136621.0,True,2025-01-29,stats,False,False
2025,528,LS015,Anna Blinkova,Elina Svitolina,324267,316738,R16,6-4 6-4,completed,present,2025-01-27,2025-02-02,2025-01-30T14:53:25.983+00:00,False,2025-01-30T16:45:15.817+00:00,False,data/raw/wta/stats/_httpcache/2025/0ec710cd08e29fe7bc132914817250609933da0cd95fc23b8b591e095aad001c.json,10263291dc0d03304029b99b82d1430d3dffff45c39e532d83e2b5fac698e88c,0,136630.0,True,2025-01-30,stats,False,False
2025,528,LS017,Sara Sorribes Tormo,Lulu Sun,318872,324576,R32,6-3 6-3,completed,present,2025-01-27,2025-02-02,2025-01-28T12:30:23.27+00:00,False,2025-01-28T14:21:36.22+00:00,False,data/raw/wta/stats/_httpcache/2025/0ec710cd08e29fe7bc132914817250609933da0cd95fc23b8b591e095aad001c.json,10263291dc0d03304029b99b82d1430d3dffff45c39e532d83e2b5fac698e88c,0,136609.0,True,2025-01-28,stats,False,False
2025,528,LS018,Rebecca Sramkova,Elisabetta Cocciaretto,320228,327909,R32,7-5 7-5,completed,present,2025-01-27,2025-02-02,2025-01-28T12:56:53.36+00:00,False,2025-01-28T14:56:02.963+00:00,False,data/raw/wta/stats/_httpcache/2025/0ec710cd08e29fe7bc132914817250609933da0cd95fc23b8b591e095aad001c.json,10263291dc0d03304029b99b82d1430d3dffff45c39e532d83e2b5fac698e88c,0,136610.0,True,2025-01-28,stats,False,False
2025,528,LS019,Anastasia Potapova,Julia Grabher,325601,320316,R32,6-2 6-2,completed,present,2025-01-27,2025-02-02,2025-01-28T15:01:39.613+00:00,False,2025-01-28T16:16:02.553+00:00,False,data/raw/wta/stats/_httpcache/2025/0ec710cd08e29fe7bc132914817250609933da0cd95fc23b8b591e095aad001c.json,10263291dc0d03304029b99b82d1430d3dffff45c39e532d83e2b5fac698e88c,0,136612.0,True,2025-01-28,stats,False,False
2025,528,LS021,Aliaksandra Sasnovich,Anastasia Zakharova,317790,327367,R32,6-3 7-6(3),completed,present,2025-01-27,2025-02-02,2025-01-28T14:59:15.397+00:00,False,2025-01-28T17:11:24.797+00:00,False,data/raw/wta/stats/_httpcache/2025/0ec710cd08e29fe7bc132914817250609933da0cd95fc23b8b591e095aad001c.json,10263291dc0d03304029b99b82d1430d3dffff45c39e532d83e2b5fac698e88c,0,136611.0,True,2025-01-28,stats,False,False
2025,528,LS022,Petra Martic,Eva Lys,313711,325826,R32,6-4 5-7 6-3,completed,present,2025-01-27,2025-02-02,2025-01-28T16:50:04.68+00:00,False,2025-01-28T19:48:14.227+00:00,False,data/raw/wta/stats/_httpcache/2025/0ec710cd08e29fe7bc132914817250609933da0cd95fc23b8b591e095aad001c.json,10263291dc0d03304029b99b82d1430d3dffff45c39e532d83e2b5fac698e88c,0,136613.0,True,2025-01-28,stats,False,False
2025,528,LS023,Elina Avanesyan,Katerina Siniakova,327620,320301,R32,6-3 6-2,completed,present,2025-01-27,2025-02-02,2025-01-29T10:53:42.57+00:00,False,2025-01-29T12:21:52.417+00:00,False,data/raw/wta/stats/_httpcache/2025/0ec710cd08e29fe7bc132914817250609933da0cd95fc23b8b591e095aad001c.json,10263291dc0d03304029b99b82d1430d3dffff45c39e532d83e2b5fac698e88c,0,136619.0,True,2025-01-29,stats,False,False
2025,528,LS024,Dayana Yastremska,Lucia Bronzetti,324261,322280,R32,7-6(6) 7-5,completed,present,2025-01-27,2025-02-02,2025-01-28T19:51:34.933+00:00,False,2025-01-28T22:13:10.86+00:00,False,data/raw/wta/stats/_httpcache/2025/0ec710cd08e29fe7bc132914817250609933da0cd95fc23b8b591e095aad001c.json,10263291dc0d03304029b99b82d1430d3dffff45c39e532d83e2b5fac698e88c,0,136614.0,True,2025-01-28,stats,False,False
2025,528,LS025,Antonia Ruzic,Mayar Sherif,329505,318711,R32,6-3 6-4,completed,present,2025-01-27,2025-02-02,2025-01-28T10:44:50.043+00:00,False,2025-01-28T12:53:49.15+00:00,False,data/raw/wta/stats/_httpcache/2025/0ec710cd08e29fe7bc132914817250609933da0cd95fc23b8b591e095aad001c.json,10263291dc0d03304029b99b82d1430d3dffff45c39e532d83e2b5fac698e88c,0,136607.0,True,2025-01-28,stats,False,False
2025,528,LS026,Viktoriya Tomova,Jessica Bouzas Maneiro,317584,328139,R32,7-6(7) 6-4,completed,present,2025-01-27,2025-02-02,2025-01-27T16:25:45.71+00:00,False,2025-01-27T18:31:32.043+00:00,False,data/raw/wta/stats/_httpcache/2025/0ec710cd08e29fe7bc132914817250609933da0cd95fc23b8b591e095aad001c.json,10263291dc0d03304029b99b82d1430d3dffff45c39e532d83e2b5fac698e88c,0,136597.0,True,2025-01-27,stats,False,False
2025,528,LS028,Clara Tauson,Anhelina Kalinina,327793,320567,R32,6-3 6-3,completed,present,2025-01-27,2025-02-02,2025-01-28T10:49:42.227+00:00,False,2025-01-28T12:28:16.013+00:00,False,data/raw/wta/stats/_httpcache/2025/0ec710cd08e29fe7bc132914817250609933da0cd95fc23b8b591e095aad001c.json,10263291dc0d03304029b99b82d1430d3dffff45c39e532d83e2b5fac698e88c,0,136608.0,True,2025-01-28,stats,False,False
2025,528,LS029,Sorana Cirstea,Arantxa Rus,312469,313349,R32,5-7 6-2 6-3,completed,present,2025-01-27,2025-02-02,2025-01-27T18:35:29.823+00:00,False,2025-01-27T21:01:01.273+00:00,False,data/raw/wta/stats/_httpcache/2025/0ec710cd08e29fe7bc132914817250609933da0cd95fc23b8b591e095aad001c.json,10263291dc0d03304029b99b82d1430d3dffff45c39e532d83e2b5fac698e88c,0,136598.0,True,2025-01-27,stats,False,False
2025,528,LS030,Anna Blinkova,Sinja Kraus,324267,327061,R32,7-6(3) 6-2,completed,present,2025-01-27,2025-02-02,2025-01-29T12:49:26.667+00:00,False,2025-01-29T14:48:03.41+00:00,False,data/raw/wta/stats/_httpcache/2025/0ec710cd08e29fe7bc132914817250609933da0cd95fc23b8b591e095aad001c.json,10263291dc0d03304029b99b82d1430d3dffff45c39e532d83e2b5fac698e88c,0,136620.0,True,2025-01-29,stats,False,False
2025,609,LS001,Mirra Andreeva,Aryna Sabalenka,331809,320760,F,2-6 6-4 6-3,completed,present,2025-03-05,2025-03-16,2025-03-16T17:46:55.817+00:00,False,2025-03-16T20:15:02+00:00,False,data/raw/wta/stats/_httpcache/2025/4a291ea2d6d88f6b4d70cff34f12c43c68df80ae20a3e9c13935ee979e1906a6.json,234832805571b8ad2b29d78165010c7c2935d5690c670c7096a98999a3724039,1,137191.0,True,2025-03-16,stats,False,False
2025,609,LS002,Aryna Sabalenka,Madison Keys,320760,316959,SF,6-0 6-1,completed,present,2025-03-05,2025-03-16,2025-03-15T01:30:10.31+00:00,False,2025-03-15T02:36:54.773+00:00,False,data/raw/wta/stats/_httpcache/2025/4a291ea2d6d88f6b4d70cff34f12c43c68df80ae20a3e9c13935ee979e1906a6.json,234832805571b8ad2b29d78165010c7c2935d5690c670c7096a98999a3724039,1,137184.0,True,2025-03-15,stats,False,False
2025,609,LS003,Mirra Andreeva,Iga Swiatek,331809,326408,SF,7-6(1) 1-6 6-3,completed,present,2025-03-05,2025-03-16,2025-03-14T22:48:11.887+00:00,False,2025-03-15T01:25:34.133+00:00,False,data/raw/wta/stats/_httpcache/2025/4a291ea2d6d88f6b4d70cff34f12c43c68df80ae20a3e9c13935ee979e1906a6.json,234832805571b8ad2b29d78165010c7c2935d5690c670c7096a98999a3724039,1,137183.0,True,2025-03-14,stats,False,False
2025,609,LS004,Aryna Sabalenka,Liudmila Samsonova,320760,322222,QF,6-2 6-3,completed,present,2025-03-05,2025-03-16,2025-03-13T23:53:05.797+00:00,False,2025-03-14T01:34:08.633+00:00,False,data/raw/wta/stats/_httpcache/2025/4a291ea2d6d88f6b4d70cff34f12c43c68df80ae20a3e9c13935ee979e1906a6.json,234832805571b8ad2b29d78165010c7c2935d5690c670c7096a98999a3724039,1,137182.0,True,2025-03-13,stats,False,False
2025,609,LS005,Madison Keys,Belinda Bencic,316959,319001,QF,6-1 6-1,completed,present,2025-03-05,2025-03-16,2025-03-13T22:13:46.457+00:00,False,2025-03-13T23:35:45.147+00:00,False,data/raw/wta/stats/_httpcache/2025/4a291ea2d6d88f6b4d70cff34f12c43c68df80ae20a3e9c13935ee979e1906a6.json,234832805571b8ad2b29d78165010c7c2935d5690c670c7096a98999a3724039,1,137181.0,True,2025-03-13,stats,False,False
2025,609,LS006,Mirra Andreeva,Elina Svitolina,331809,316738,QF,7-5 6-3,completed,present,2025-03-05,2025-03-16,2025-03-13T20:29:44.123+00:00,False,2025-03-13T22:11:24.143+00:00,False,data/raw/wta/stats/_httpcache/2025/4a291ea2d6d88f6b4d70cff34f12c43c68df80ae20a3e9c13935ee979e1906a6.json,234832805571b8ad2b29d78165010c7c2935d5690c670c7096a98999a3724039,1,137180.0,True,2025-03-13,stats,False,False
2025,609,LS007,Iga Swiatek,Qinwen Zheng,326408,328120,QF,6-3 6-3,completed,present,2025-03-05,2025-03-16,2025-03-13T17:49:54.77+00:00,False,2025-03-13T19:52:14.943+00:00,False,data/raw/wta/stats/_httpcache/2025/4a291ea2d6d88f6b4d70cff34f12c43c68df80ae20a3e9c13935ee979e1906a6.json,234832805571b8ad2b29d78165010c7c2935d5690c670c7096a98999a3724039,1,137179.0,True,2025-03-13,stats,False,False
2025,609,LS008,Aryna Sabalenka,Sonay Kartal,320760,329918,R16,6-1 6-2,completed,present,2025-03-05,2025-03-16,2025-03-12T22:06:11.36+00:00,False,2025-03-12T23:35:20.803+00:00,False,data/raw/wta/stats/_httpcache/2025/4a291ea2d6d88f6b4d70cff34f12c43c68df80ae20a3e9c13935ee979e1906a6.json,234832805571b8ad2b29d78165010c7c2935d5690c670c7096a98999a3724039,1,137177.0,True,2025-03-12,stats,False,False
2025,609,LS009,Liudmila Samsonova,Jasmine Paolini,322222,319280,R16,6-0 6-4,completed,present,2025-03-05,2025-03-16,2025-03-12T23:38:42.31+00:00,False,2025-03-13T01:01:56.883+00:00,False,data/raw/wta/stats/_httpcache/2025/4a291ea2d6d88f6b4d70cff34f12c43c68df80ae20a3e9c13935ee979e1906a6.json,234832805571b8ad2b29d78165010c7c2935d5690c670c7096a98999a3724039,1,137178.0,True,2025-03-12,stats,False,False
2025,609,LS010,Belinda Bencic,Coco Gauff,319001,328560,R16,3-6 6-3 6-4,completed,present,2025-03-05,2025-03-16,2025-03-12T17:49:49.33+00:00,False,2025-03-12T20:29:29.943+00:00,False,data/raw/wta/stats/_httpcache/2025/4a291ea2d6d88f6b4d70cff34f12c43c68df80ae20a3e9c13935ee979e1906a6.json,234832805571b8ad2b29d78165010c7c2935d5690c670c7096a98999a3724039,1,137175.0,True,2025-03-12,stats,False,False
2025,609,LS011,Madison Keys,Donna Vekic,316959,318516,R16,4-6 7-6(7) 6-3,completed,present,2025-03-05,2025-03-16,2025-03-12T20:32:51.287+00:00,False,2025-03-12T23:11:42.09+00:00,False,data/raw/wta/stats/_httpcache/2025/4a291ea2d6d88f6b4d70cff34f12c43c68df80ae20a3e9c13935ee979e1906a6.json,234832805571b8ad2b29d78165010c7c2935d5690c670c7096a98999a3724039,1,137176.0,True,2025-03-12,stats,False,False
2025,609,LS012,Mirra Andreeva,Elena Rybakina,331809,324166,R16,6-1 6-2,completed,present,2025-03-05,2025-03-16,2025-03-12T02:42:51.507+00:00,False,2025-03-12T04:37:27.91+00:00,False,data/raw/wta/stats/_httpcache/2025/4a291ea2d6d88f6b4d70cff34f12c43c68df80ae20a3e9c13935ee979e1906a6.json,234832805571b8ad2b29d78165010c7c2935d5690c670c7096a98999a3724039,1,137173.0,True,2025-03-12,stats,False,False
2025,609,LS013,Elina Svitolina,Jessica Pegula,316738,316956,R16,5-7 6-1 6-2,completed,present,2025-03-05,2025-03-16,2025-03-11T21:16:15.463+00:00,False,2025-03-12T02:30:49.77+00:00,False,data/raw/wta/stats/_httpcache/2025/4a291ea2d6d88f6b4d70cff34f12c43c68df80ae20a3e9c13935ee979e1906a6.json,234832805571b8ad2b29d78165010c7c2935d5690c670c7096a98999a3724039,1,137172.0,True,2025-03-11,stats,False,False
2025,609,LS014,Qinwen Zheng,Marta Kostyuk,328120,326482,R16,6-3 6-2,completed,present,2025-03-05,2025-03-16,2025-03-12T04:39:26.973+00:00,False,2025-03-12T06:24:00.533+00:00,False,data/raw/wta/stats/_httpcache/2025/4a291ea2d6d88f6b4d70cff34f12c43c68df80ae20a3e9c13935ee979e1906a6.json,234832805571b8ad2b29d78165010c7c2935d5690c670c7096a98999a3724039,1,137174.0,True,2025-03-12,stats,False,False
2025,609,LS015,Iga Swiatek,Karolina Muchova,326408,322191,R16,6-1 6-1,completed,present,2025-03-05,2025-03-16,2025-03-11T17:53:13.493+00:00,False,2025-03-11T19:52:59.373+00:00,False,data/raw/wta/stats/_httpcache/2025/4a291ea2d6d88f6b4d70cff34f12c43c68df80ae20a3e9c13935ee979e1906a6.json,234832805571b8ad2b29d78165010c7c2935d5690c670c7096a98999a3724039,1,137171.0,True,2025-03-11,stats,False,False
2025,609,LS016,Aryna Sabalenka,Lucia Bronzetti,320760,322280,R32,6-1 6-2,completed,present,2025-03-05,2025-03-16,2025-03-10T21:54:27.84+00:00,False,2025-03-10T23:27:51.467+00:00,False,data/raw/wta/stats/_httpcache/2025/4a291ea2d6d88f6b4d70cff34f12c43c68df80ae20a3e9c13935ee979e1906a6.json,234832805571b8ad2b29d78165010c7c2935d5690c670c7096a98999a3724039,1,137167.0,True,2025-03-10,stats,False,False
2025,609,LS017,Sonay Kartal,Polina Kudermetova,329918,328897,R32,7-5 6-3,completed,present,2025-03-05,2025-03-16,2025-03-10T19:28:40.887+00:00,False,2025-03-10T21:07:50.383+00:00,False,data/raw/wta/stats/_httpcache/2025/4a291ea2d6d88f6b4d70cff34f12c43c68df80ae20a3e9c13935ee979e1906a6.json,234832805571b8ad2b29d78165010c7c2935d5690c670c7096a98999a3724039,1,137164.0,True,2025-03-10,stats,False,False
2025,609,LS018,Liudmila Samsonova,Daria Kasatkina,322222,322082,R32,2-6 6-3 6-2,completed,present,2025-03-05,2025-03-16,2025-03-10T23:10:37.203+00:00,False,2025-03-11T01:22:49.863+00:00,False,data/raw/wta/stats/_httpcache/2025/4a291ea2d6d88f6b4d70cff34f12c43c68df80ae20a3e9c13935ee979e1906a6.json,234832805571b8ad2b29d78165010c7c2935d5690c670c7096a98999a3724039,1,137168.0,True,2025-03-10,stats,False,False
2025,609,LS019,Jasmine Paolini,Jaqueline Cristian,319280,320319,R32,6-4 3-6 6-4,completed,present,2025-03-05,2025-03-16,2025-03-11T02:43:30.483+00:00,False,2025-03-11T05:33:37.72+00:00,False,data/raw/wta/stats/_httpcache/2025/4a291ea2d6d88f6b4d70cff34f12c43c68df80ae20a3e9c13935ee979e1906a6.json,234832805571b8ad2b29d78165010c7c2935d5690c670c7096a98999a3724039,1,137170.0,True,2025-03-11,stats,False,False
2025,609,LS020,Coco Gauff,Maria Sakkari,328560,318312,R32,7-6(1) 6-2,completed,present,2025-03-05,2025-03-16,2025-03-10T20:02:55.213+00:00,False,2025-03-10T21:52:16.763+00:00,False,data/raw/wta/stats/_httpcache/2025/4a291ea2d6d88f6b4d70cff34f12c43c68df80ae20a3e9c13935ee979e1906a6.json,234832805571b8ad2b29d78165010c7c2935d5690c670c7096a98999a3724039,1,137165.0,True,2025-03-10,stats,False,False
2025,609,LS021,Belinda Bencic,Diana Shnaider,319001,330482,R32,6-4 6-4,completed,present,2025-03-05,2025-03-16,2025-03-10T21:09:29.263+00:00,False,2025-03-10T23:06:55.057+00:00,False,data/raw/wta/stats/_httpcache/2025/4a291ea2d6d88f6b4d70cff34f12c43c68df80ae20a3e9c13935ee979e1906a6.json,234832805571b8ad2b29d78165010c7c2935d5690c670c7096a98999a3724039,1,137166.0,True,2025-03-10,stats,False,False
2025,609,LS022,Donna Vekic,Emma Navarro,318516,325410,R32,7-6(5) 6-1,completed,present,2025-03-05,2025-03-16,2025-03-11T01:16:15.84+00:00,False,2025-03-11T03:15:53.893+00:00,False,data/raw/wta/stats/_httpcache/2025/4a291ea2d6d88f6b4d70cff34f12c43c68df80ae20a3e9c13935ee979e1906a6.json,234832805571b8ad2b29d78165010c7c2935d5690c670c7096a98999a3724039,1,137169.0,True,2025-03-11,stats,False,False
2025,609,LS023,Madison Keys,Elise Mertens,316959,317964,R32,6-2 6-7(8) 6-4,completed,present,2025-03-05,2025-03-16,2025-03-10T17:50:34+00:00,False,2025-03-10T20:58:07.97+00:00,False,data/raw/wta/stats/_httpcache/2025/4a291ea2d6d88f6b4d70cff34f12c43c68df80ae20a3e9c13935ee979e1906a6.json,234832805571b8ad2b29d78165010c7c2935d5690c670c7096a98999a3724039,1,137163.0,True,2025-03-10,stats,False,False
2025,609,LS024,Elena Rybakina,Katie Boulter,324166,319125,R32,6-0 7-5,completed,present,2025-03-05,2025-03-16,2025-03-09T19:51:22.27+00:00,False,2025-03-09T21:27:06.497+00:00,False,data/raw/wta/stats/_httpcache/2025/4a291ea2d6d88f6b4d70cff34f12c43c68df80ae20a3e9c13935ee979e1906a6.json,234832805571b8ad2b29d78165010c7c2935d5690c670c7096a98999a3724039,1,137157.0,True,2025-03-09,stats,False,False
2025,609,LS025,Mirra Andreeva,Clara Tauson,331809,327793,R32,6-3 6-0,completed,present,2025-03-05,2025-03-16,2025-03-10T01:23:36.81+00:00,False,2025-03-10T02:39:32.637+00:00,False,data/raw/wta/stats/_httpcache/2025/4a291ea2d6d88f6b4d70cff34f12c43c68df80ae20a3e9c13935ee979e1906a6.json,234832805571b8ad2b29d78165010c7c2935d5690c670c7096a98999a3724039,1,137161.0,True,2025-03-10,stats,False,False
2025,609,LS026,Elina Svitolina,Danielle Collins,316738,316925,R32,6-2 6-4,completed,present,2025-03-05,2025-03-16,2025-03-09T21:54:04.527+00:00,False,2025-03-09T23:35:24.06+00:00,False,data/raw/wta/stats/_httpcache/2025/4a291ea2d6d88f6b4d70cff34f12c43c68df80ae20a3e9c13935ee979e1906a6.json,234832805571b8ad2b29d78165010c7c2935d5690c670c7096a98999a3724039,1,137160.0,True,2025-03-09,stats,False,False
2025,609,LS027,Jessica Pegula,Xinyu Wang,316956,326376,R32,6-2 6-1,completed,present,2025-03-05,2025-03-16,2025-03-09T21:32:57.19+00:00,False,2025-03-09T22:54:13.117+00:00,False,data/raw/wta/stats/_httpcache/2025/4a291ea2d6d88f6b4d70cff34f12c43c68df80ae20a3e9c13935ee979e1906a6.json,234832805571b8ad2b29d78165010c7c2935d5690c670c7096a98999a3724039,1,137159.0,True,2025-03-09,stats,False,False
2025,609,LS028,Qinwen Zheng,Lulu Sun,328120,324576,R32,6-4 7-5,completed,present,2025-03-05,2025-03-16,2025-03-10T03:43:13.807+00:00,False,2025-03-10T05:51:49.913+00:00,False,data/raw/wta/stats/_httpcache/2025/4a291ea2d6d88f6b4d70cff34f12c43c68df80ae20a3e9c13935ee979e1906a6.json,234832805571b8ad2b29d78165010c7c2935d5690c670c7096a98999a3724039,1,137162.0,True,2025-03-10,stats,False,False
2025,609,LS029,Marta Kostyuk,Caroline Dolehide,326482,322052,R32,6-3 6-3,completed,present,2025-03-05,2025-03-16,2025-03-09T17:54:00.667+00:00,False,2025-03-09T19:54:50.693+00:00,False,data/raw/wta/stats/_httpcache/2025/4a291ea2d6d88f6b4d70cff34f12c43c68df80ae20a3e9c13935ee979e1906a6.json,234832805571b8ad2b29d78165010c7c2935d5690c670c7096a98999a3724039,1,137155.0,True,2025-03-09,stats,False,False
2025,609,LS030,Karolina Muchova,Katerina Siniakova,322191,320301,R32,7-5 6-1,completed,present,2025-03-05,2025-03-16,2025-03-09T19:56:58.913+00:00,False,2025-03-09T21:51:21.973+00:00,False,data/raw/wta/stats/_httpcache/2025/4a291ea2d6d88f6b4d70cff34f12c43c68df80ae20a3e9c13935ee979e1906a6.json,234832805571b8ad2b29d78165010c7c2935d5690c670c7096a98999a3724039,1,137158.0,True,2025-03-09,stats,False,False
2025,609,LS031,Iga Swiatek,Dayana Yastremska,326408,324261,R32,6-0 6-2,completed,present,2025-03-05,2025-03-16,2025-03-09T17:54:00.81+00:00,False,2025-03-09T19:17:32.67+00:00,False,data/raw/wta/stats/_httpcache/2025/4a291ea2d6d88f6b4d70cff34f12c43c68df80ae20a3e9c13935ee979e1906a6.json,234832805571b8ad2b29d78165010c7c2935d5690c670c7096a98999a3724039,1,137156.0,True,2025-03-09,stats,False,False
2025,609,LS032,Aryna Sabalenka,McCartney Kessler,320760,326678,R64,7-6(4) 6-3,completed,present,2025-03-05,2025-03-16,2025-03-09T01:38:59.53+00:00,False,2025-03-09T03:41:20.71+00:00,False,data/raw/wta/stats/_httpcache/2025/4a291ea2d6d88f6b4d70cff34f12c43c68df80ae20a3e9c13935ee979e1906a6.json,234832805571b8ad2b29d78165010c7c2935d5690c670c7096a98999a3724039,1,137152.0,True,2025-03-09,stats,False,False
2025,609,LS033,Lucia Bronzetti,Magdalena Frech,322280,320277,R64,6-3 7-5,completed,present,2025-03-05,2025-03-16,2025-03-08T18:51:48.073+00:00,False,2025-03-08T21:08:52.027+00:00,False,data/raw/wta/stats/_httpcache/2025/4a291ea2d6d88f6b4d70cff34f12c43c68df80ae20a3e9c13935ee979e1906a6.json,234832805571b8ad2b29d78165010c7c2935d5690c670c7096a98999a3724039,1,137142.0,True,2025-03-08,stats,False,False
2025,609,LS034,Polina Kudermetova,Ekaterina Alexandrova,328897,319007,R64,7-5 6-2,completed,present,2025-03-05,2025-03-16,2025-03-08T18:48:31.243+00:00,False,2025-03-08T20:23:52.07+00:00,False,data/raw/wta/stats/_httpcache/2025/4a291ea2d6d88f6b4d70cff34f12c43c68df80ae20a3e9c13935ee979e1906a6.json,234832805571b8ad2b29d78165010c7c2935d5690c670c7096a98999a3724039,1,137141.0,True,2025-03-08,stats,False,False
2025,609,LS035,Sonay Kartal,Beatriz Haddad Maia,329918,318176,R64,6-2 6-1,completed,present,2025-03-05,2025-03-16,2025-03-08T21:11:22.647+00:00,False,2025-03-08T22:33:29.647+00:00,False,data/raw/wta/stats/_httpcache/2025/4a291ea2d6d88f6b4d70cff34f12c43c68df80ae20a3e9c13935ee979e1906a6.json,234832805571b8ad2b29d78165010c7c2935d5690c670c7096a98999a3724039,1,137146.0,True,2025-03-08,stats,False,False
2025,609,LS036,Daria Kasatkina,Sofia Kenin,322082,320942,R64,3-6 7-5 6-4,completed,present,2025-03-05,2025-03-16,2025-03-08T22:53:43.007+00:00,False,2025-03-09T01:33:39.48+00:00,False,data/raw/wta/stats/_httpcache/2025/4a291ea2d6d88f6b4d70cff34f12c43c68df80ae20a3e9c13935ee979e1906a6.json,234832805571b8ad2b29d78165010c7c2935d5690c670c7096a98999a3724039,1,137148.0,True,2025-03-08,stats,False,False
2025,609,LS037,Liudmila Samsonova,Caty McNally,322222,325725,R64,7-6(8) 6-4,completed,present,2025-03-05,2025-03-16,2025-03-09T00:33:43.75+00:00,False,2025-03-09T02:37:16.743+00:00,False,data/raw/wta/stats/_httpcache/2025/4a291ea2d6d88f6b4d70cff34f12c43c68df80ae20a3e9c13935ee979e1906a6.json,234832805571b8ad2b29d78165010c7c2935d5690c670c7096a98999a3724039,1,137151.0,True,2025-03-09,stats,False,False
2025,609,LS038,Jaqueline Cristian,Leylah Fernandez,320319,326735,R64,5-7 7-6(5) 6-3,completed,present,2025-03-05,2025-03-16,2025-03-08T23:55:47.563+00:00,False,2025-03-09T03:24:17.96+00:00,False,data/raw/wta/stats/_httpcache/2025/4a291ea2d6d88f6b4d70cff34f12c43c68df80ae20a3e9c13935ee979e1906a6.json,234832805571b8ad2b29d78165010c7c2935d5690c670c7096a98999a3724039,1,137150.0,True,2025-03-08,stats,False,False
2025,609,LS039,Jasmine Paolini,Iva Jovic,319280,332285,R64,7-6(3) 1-6 6-3,completed,present,2025-03-05,2025-03-16,2025-03-08T20:20:58.203+00:00,False,2025-03-08T22:50:42.193+00:00,False,data/raw/wta/stats/_httpcache/2025/4a291ea2d6d88f6b4d70cff34f12c43c68df80ae20a3e9c13935ee979e1906a6.json,234832805571b8ad2b29d78165010c7c2935d5690c670c7096a98999a3724039,1,137143.0,True,2025-03-08,stats,False,False
2025,609,LS040,Coco Gauff,Moyuka Uchijima,328560,327241,R64,6-4 3-6 7-6(4),completed,present,2025-03-05,2025-03-16,2025-03-08T20:52:46.443+00:00,False,2025-03-08T23:41:19.21+00:00,False,data/raw/wta/stats/_httpcache/2025/4a291ea2d6d88f6b4d70cff34f12c43c68df80ae20a3e9c13935ee979e1906a6.json,234832805571b8ad2b29d78165010c7c2935d5690c670c7096a98999a3724039,1,137145.0,True,2025-03-08,stats,False,False
2025,609,LS041,Maria Sakkari,Viktoriya Tomova,318312,317584,R64,6-0 6-3,completed,present,2025-03-05,2025-03-16,2025-03-08T18:47:07.293+00:00,False,2025-03-08T20:17:52.81+00:00,False,data/raw/wta/stats/_httpcache/2025/4a291ea2d6d88f6b4d70cff34f12c43c68df80ae20a3e9c13935ee979e1906a6.json,234832805571b8ad2b29d78165010c7c2935d5690c670c7096a98999a3724039,1,137140.0,True,2025-03-08,stats,False,False
2025,609,LS042,Belinda Bencic,Amanda Anisimova,319001,326384,R64,6-4 6-7(3) 6-1,completed,present,2025-03-05,2025-03-16,2025-03-08T23:44:55.53+00:00,False,2025-03-09T02:23:41.897+00:00,False,data/raw/wta/stats/_httpcache/2025/4a291ea2d6d88f6b4d70cff34f12c43c68df80ae20a3e9c13935ee979e1906a6.json,234832805571b8ad2b29d78165010c7c2935d5690c670c7096a98999a3724039,1,137149.0,True,2025-03-08,stats,False,False
2025,609,LS043,Diana Shnaider,Alycia Parks,330482,326007,R64,6-1 6-1,completed,present,2025-03-05,2025-03-16,2025-03-09T02:38:59.2+00:00,False,2025-03-09T03:50:34.717+00:00,False,data/raw/wta/stats/_httpcache/2025/4a291ea2d6d88f6b4d70cff34f12c43c68df80ae20a3e9c13935ee979e1906a6.json,234832805571b8ad2b29d78165010c7c2935d5690c670c7096a98999a3724039,1,137153.0,True,2025-03-09,stats,False,False
2025,609,LS044,Emma Navarro,Sorana Cirstea,325410,312469,R64,3-6 6-1 7-6(3),completed,present,2025-03-05,2025-03-16,2025-03-09T04:07:34.767+00:00,False,2025-03-09T06:49:18.173+00:00,False,data/raw/wta/stats/_httpcache/2025/4a291ea2d6d88f6b4d70cff34f12c43c68df80ae20a3e9c13935ee979e1906a6.json,234832805571b8ad2b29d78165010c7c2935d5690c670c7096a98999a3724039,1,137154.0,True,2025-03-09,stats,False,False
2025,609,LS045,Donna Vekic,Elina Avanesyan,318516,327620,R64,6-3 6-3,completed,present,2025-03-05,2025-03-16,2025-03-08T20:26:50.633+00:00,False,2025-03-08T22:03:23.973+00:00,False,data/raw/wta/stats/_httpcache/2025/4a291ea2d6d88f6b4d70cff34f12c43c68df80ae20a3e9c13935ee979e1906a6.json,234832805571b8ad2b29d78165010c7c2935d5690c670c7096a98999a3724039,1,137144.0,True,2025-03-08,stats,False,False
2025,609,LS046,Elise Mertens,Kimberly Birrell,317964,320728,R64,6-4 7-5,completed,present,2025-03-05,2025-03-16,2025-03-08T22:36:27.91+00:00,False,2025-03-09T00:36:36.983+00:00,False,data/raw/wta/stats/_httpcache/2025/4a291ea2d6d88f6b4d70cff34f12c43c68df80ae20a3e9c13935ee979e1906a6.json,234832805571b8ad2b29d78165010c7c2935d5690c670c7096a98999a3724039,1,137147.0,True,2025-03-08,stats,False,False
2025,609,LS047,Madison Keys,Anastasia Potapova,316959,325601,R64,6-3 6-0,completed,present,2025-03-05,2025-03-16,2025-03-08T18:43:53.963+00:00,False,2025-03-08T20:12:46.047+00:00,False,data/raw/wta/stats/_httpcache/2025/4a291ea2d6d88f6b4d70cff34f12c43c68df80ae20a3e9c13935ee979e1906a6.json,234832805571b8ad2b29d78165010c7c2935d5690c670c7096a98999a3724039,1,137139.0,True,2025-03-08,stats,False,False
2025,609,LS048,Elena Rybakina,Suzan Lamens,324166,324898,R64,6-3 6-3,completed,present,2025-03-05,2025-03-16,2025-03-07T18:45:15.323+00:00,False,2025-03-07T20:34:47.04+00:00,False,data/raw/wta/stats/_httpcache/2025/4a291ea2d6d88f6b4d70cff34f12c43c68df80ae20a3e9c13935ee979e1906a6.json,234832805571b8ad2b29d78165010c7c2935d5690c670c7096a98999a3724039,1,137125.0,True,2025-03-07,stats,False,False
2025,609,LS049,Katie Boulter,Irina-Camelia Begu,319125,313169,R64,6-7(2) 6-3 6-0,completed,present,2025-03-05,2025-03-16,2025-03-07T18:42:21.907+00:00,False,2025-03-07T21:48:30.203+00:00,False,data/raw/wta/stats/_httpcache/2025/4a291ea2d6d88f6b4d70cff34f12c43c68df80ae20a3e9c13935ee979e1906a6.json,234832805571b8ad2b29d78165010c7c2935d5690c670c7096a98999a3724039,1,137123.0,True,2025-03-07,stats,False,False
2025,609,LS050,Clara Tauson,Camila Osorio,327793,325898,R64,7-6(3) 7-5,completed,present,2025-03-05,2025-03-16,2025-03-07T21:49:13.15+00:00,False,2025-03-08T00:13:14.83+00:00,False,data/raw/wta/stats/_httpcache/2025/4a291ea2d6d88f6b4d70cff34f12c43c68df80ae20a3e9c13935ee979e1906a6.json,234832805571b8ad2b29d78165010c7c2935d5690c670c7096a98999a3724039,1,137128.0,True,2025-03-07,stats,False,False
2025,609,LS051,Mirra Andreeva,Varvara Gracheva,331809,325836,R64,7-5 6-4,completed,present,2025-03-05,2025-03-16,2025-03-08T02:20:57.64+00:00,False,2025-03-08T04:18:02.983+00:00,False,data/raw/wta/stats/_httpcache/2025/4a291ea2d6d88f6b4d70cff34f12c43c68df80ae20a3e9c13935ee979e1906a6.json,234832805571b8ad2b29d78165010c7c2935d5690c670c7096a98999a3724039,1,137136.0,True,2025-03-08,stats,False,False
2025,609,LS052,Danielle Collins,Hailey Baptiste,316925,327101,R64,5-7 6-2 6-4,completed,present,2025-03-05,2025-03-16,2025-03-08T04:32:25.72+00:00,False,2025-03-08T07:13:56.997+00:00,False,data/raw/wta/stats/_httpcache/2025/4a291ea2d6d88f6b4d70cff34f12c43c68df80ae20a3e9c13935ee979e1906a6.json,234832805571b8ad2b29d78165010c7c2935d5690c670c7096a98999a3724039,1,137137.0,True,2025-03-08,stats,False,False
2025,609,LS053,Elina Svitolina,Ashlyn Krueger,316738,329409,R64,6-1 6-7(8) 6-3,completed,present,2025-03-05,2025-03-16,2025-03-08T02:04:57.127+00:00,False,2025-03-08T04:29:48.333+00:00,False,data/raw/wta/stats/_httpcache/2025/4a291ea2d6d88f6b4d70cff34f12c43c68df80ae20a3e9c13935ee979e1906a6.json,234832805571b8ad2b29d78165010c7c2935d5690c670c7096a98999a3724039,1,137135.0,True,2025-03-08,stats,False,False
2025,609,LS054,Xinyu Wang,Jelena Ostapenko,326376,319939,R64,6-4 6-4,completed,present,2025-03-05,2025-03-16,2025-03-08T00:15:45.44+00:00,False,2025-03-08T01:56:23.367+00:00,False,data/raw/wta/stats/_httpcache/2025/4a291ea2d6d88f6b4d70cff34f12c43c68df80ae20a3e9c13935ee979e1906a6.json,234832805571b8ad2b29d78165010c7c2935d5690c670c7096a98999a3724039,1,137133.0,True,2025-03-08,stats,False,False
2025,609,LS055,Jessica Pegula,Magda Linette,316956,315130,R64,6-4 6-2,completed,present,2025-03-05,2025-03-16,2025-03-08T01:19:12.21+00:00,False,2025-03-08T02:51:38.023+00:00,False,data/raw/wta/stats/_httpcache/2025/4a291ea2d6d88f6b4d70cff34f12c43c68df80ae20a3e9c13935ee979e1906a6.json,234832805571b8ad2b29d78165010c7c2935d5690c670c7096a98999a3724039,1,137134.0,True,2025-03-08,stats,False,False
2025,609,LS056,Qinwen Zheng,Victoria Azarenka,328120,312001,R64,6-3 6-4,completed,present,2025-03-05,2025-03-16,2025-03-08T05:00:17.35+00:00,False,2025-03-08T06:46:34.197+00:00,False,data/raw/wta/stats/_httpcache/2025/4a291ea2d6d88f6b4d70cff34f12c43c68df80ae20a3e9c13935ee979e1906a6.json,234832805571b8ad2b29d78165010c7c2935d5690c670c7096a98999a3724039,1,137138.0,True,2025-03-08,stats,False,False
2025,609,LS057,Lulu Sun,Linda Noskova,324576,329668,R64,6-1 6-4,completed,present,2025-03-05,2025-03-16,2025-03-07T22:24:28.82+00:00,False,2025-03-07T23:54:09.947+00:00,False,data/raw/wta/stats/_httpcache/2025/4a291ea2d6d88f6b4d70cff34f12c43c68df80ae20a3e9c13935ee979e1906a6.json,234832805571b8ad2b29d78165010c7c2935d5690c670c7096a98999a3724039,1,137130.0,True,2025-03-07,stats,False,False
2025,609,LS058,Marta Kostyuk,Robin Montgomery,326482,329408,R64,6-1 6-3,completed,present,2025-03-05,2025-03-16,2025-03-07T18:44:06.83+00:00,False,2025-03-07T20:22:33.577+00:00,False,data/raw/wta/stats/_httpcache/2025/4a291ea2d6d88f6b4d70cff34f12c43c68df80ae20a3e9c13935ee979e1906a6.json,234832805571b8ad2b29d78165010c7c2935d5690c670c7096a98999a3724039,1,137124.0,True,2025-03-07,stats,False,False
2025,609,LS059,Caroline Dolehide,Eva Lys,322052,325826,R64,7-6(3) 6-4,completed,present,2025-03-05,2025-03-16,2025-03-07T23:19:08.77+00:00,False,2025-03-08T01:14:21.443+00:00,False,data/raw/wta/stats/_httpcache/2025/4a291ea2d6d88f6b4d70cff34f12c43c68df80ae20a3e9c13935ee979e1906a6.json,234832805571b8ad2b29d78165010c7c2935d5690c670c7096a98999a3724039,1,137131.0,True,2025-03-07,stats,False,False
2025,609,LS060,Karolina Muchova,Elisabetta Cocciaretto,322191,327909,R64,6-4 6-3,completed,present,2025-03-05,2025-03-16,2025-03-07T18:46:22.59+00:00,False,2025-03-07T20:36:10.463+00:00,False,data/raw/wta/stats/_httpcache/2025/4a291ea2d6d88f6b4d70cff34f12c43c68df80ae20a3e9c13935ee979e1906a6.json,234832805571b8ad2b29d78165010c7c2935d5690c670c7096a98999a3724039,1,137126.0,True,2025-03-07,stats,False,False
2025,609,LS061,Katerina Siniakova,Yulia Putintseva,320301,317683,R64,6-2 6-2,completed,present,2025-03-05,2025-03-16,2025-03-07T20:39:38.42+00:00,False,2025-03-07T22:21:55.8+00:00,False,data/raw/wta/stats/_httpcache/2025/4a291ea2d6d88f6b4d70cff34f12c43c68df80ae20a3e9c13935ee979e1906a6.json,234832805571b8ad2b29d78165010c7c2935d5690c670c7096a98999a3724039,1,137127.0,True,2025-03-07,stats,False,False
2025,609,LS062,Dayana Yastremska,Ons Jabeur,324261,316847,R64,6-3 6-1,completed,present,2025-03-05,2025-03-16,2025-03-07T21:50:17.89+00:00,False,2025-03-07T23:16:58.357+00:00,False,data/raw/wta/stats/_httpcache/2025/4a291ea2d6d88f6b4d70cff34f12c43c68df80ae20a3e9c13935ee979e1906a6.json,234832805571b8ad2b29d78165010c7c2935d5690c670c7096a98999a3724039,1,137129.0,True,2025-03-07,stats,False,False
2025,609,LS063,Iga Swiatek,Caroline Garcia,326408,315391,R64,6-2 6-0,completed,present,2025-03-05,2025-03-16,2025-03-07T23:52:21.37+00:00,False,2025-03-08T01:16:14.213+00:00,False,data/raw/wta/stats/_httpcache/2025/4a291ea2d6d88f6b4d70cff34f12c43c68df80ae20a3e9c13935ee979e1906a6.json,234832805571b8ad2b29d78165010c7c2935d5690c670c7096a98999a3724039,1,137132.0,True,2025-03-07,stats,False,False
2025,609,LS065,McCartney Kessler,Anna Blinkova,326678,324267,R128,6-1 6-2,completed,present,2025-03-05,2025-03-16,2025-03-07T01:42:29.223+00:00,False,2025-03-07T03:09:36.373+00:00,False,data/raw/wta/stats/_httpcache/2025/4a291ea2d6d88f6b4d70cff34f12c43c68df80ae20a3e9c13935ee979e1906a6.json,234832805571b8ad2b29d78165010c7c2935d5690c670c7096a98999a3724039,1,137119.0,True,2025-03-07,stats,False,False
2025,609,LS066,Lucia Bronzetti,Anhelina Kalinina,322280,320567,R128,6-4 7-5,completed,present,2025-03-05,2025-03-16,2025-03-06T18:49:46.807+00:00,False,2025-03-06T21:19:57.287+00:00,False,data/raw/wta/stats/_httpcache/2025/4a291ea2d6d88f6b4d70cff34f12c43c68df80ae20a3e9c13935ee979e1906a6.json,234832805571b8ad2b29d78165010c7c2935d5690c670c7096a98999a3724039,1,137108.0,True,2025-03-06,stats,False,False
2025,609,LS069,Polina Kudermetova,Claire Liu,328897,323966,R128,6-4 6-2,completed,present,2025-03-05,2025-03-16,2025-03-06T18:53:37.747+00:00,False,2025-03-06T20:45:19.36+00:00,False,data/raw/wta/stats/_httpcache/2025/4a291ea2d6d88f6b4d70cff34f12c43c68df80ae20a3e9c13935ee979e1906a6.json,234832805571b8ad2b29d78165010c7c2935d5690c670c7096a98999a3724039,1,137109.0,True,2025-03-06,stats,False,False
2025,609,LS070,Sonay Kartal,Varvara Lepchenko,329918,120420,R128,7-6(6) 6-2,completed,present,2025-03-05,2025-03-16,2025-03-06T22:28:33.937+00:00,False,2025-03-07T00:23:04.99+00:00,False,data/raw/wta/stats/_httpcache/2025/4a291ea2d6d88f6b4d70cff34f12c43c68df80ae20a3e9c13935ee979e1906a6.json,234832805571b8ad2b29d78165010c7c2935d5690c670c7096a98999a3724039,1,137113.0,True,2025-03-06,stats,False,False
2025,609,LS073,Sofia Kenin,Maddison Inglis,320942,321179,R128,6-2 6-1,completed,present,2025-03-05,2025-03-16,2025-03-06T18:43:37.01+00:00,False,2025-03-06T20:20:58.38+00:00,False,data/raw/wta/stats/_httpcache/2025/4a291ea2d6d88f6b4d70cff34f12c43c68df80ae20a3e9c13935ee979e1906a6.json,234832805571b8ad2b29d78165010c7c2935d5690c670c7096a98999a3724039,1,137107.0,True,2025-03-06,stats,False,False
2025,609,LS077,Jaqueline Cristian,Veronika Kudermetova,320319,319526,R128,6-2 6-3,completed,present,2025-03-05,2025-03-16,2025-03-06T23:20:28.973+00:00,False,2025-03-07T01:15:22.287+00:00,False,data/raw/wta/stats/_httpcache/2025/4a291ea2d6d88f6b4d70cff34f12c43c68df80ae20a3e9c13935ee979e1906a6.json,234832805571b8ad2b29d78165010c7c2935d5690c670c7096a98999a3724039,1,137115.0,True,2025-03-06,stats,False,False
2025,609,LS078,Iva Jovic,Julia Grabher,332285,320316,R128,2-6 7-5 6-0,completed,present,2025-03-05,2025-03-16,2025-03-07T03:35:34.763+00:00,False,2025-03-07T21:53:24.543+00:00,False,data/raw/wta/stats/_httpcache/2025/4a291ea2d6d88f6b4d70cff34f12c43c68df80ae20a3e9c13935ee979e1906a6.json,234832805571b8ad2b29d78165010c7c2935d5690c670c7096a98999a3724039,1,137120.0,True,2025-03-07,stats,False,False
2025,609,LS081,Moyuka Uchijima,Emma Raducanu,327241,328366,R128,6-3 6-2,completed,present,2025-03-05,2025-03-16,2025-03-06T21:19:51.587+00:00,False,2025-03-06T22:58:10.19+00:00,False,data/raw/wta/stats/_httpcache/2025/4a291ea2d6d88f6b4d70cff34f12c43c68df80ae20a3e9c13935ee979e1906a6.json,234832805571b8ad2b29d78165010c7c2935d5690c670c7096a98999a3724039,1,137111.0,True,2025-03-06,stats,False,False
2025,609,LS082,Viktoriya Tomova,Olga Danilovic,317584,324934,R128,6-2 6-3,completed,present,2025-03-05,2025-03-16,2025-03-06T20:33:19.777+00:00,False,2025-03-06T22:25:21.133+00:00,False,data/raw/wta/stats/_httpcache/2025/4a291ea2d6d88f6b4d70cff34f12c43c68df80ae20a3e9c13935ee979e1906a6.json,234832805571b8ad2b29d78165010c7c2935d5690c670c7096a98999a3724039,1,137110.0,True,2025-03-06,stats,False,False
2025,609,LS085,Belinda Bencic,Tatjana Maria,319001,310440,R128,6-1 6-1,completed,present,2025-03-05,2025-03-16,2025-03-06T23:01:31.527+00:00,False,2025-03-07T00:23:24.687+00:00,False,data/raw/wta/stats/_httpcache/2025/4a291ea2d6d88f6b4d70cff34f12c43c68df80ae20a3e9c13935ee979e1906a6.json,234832805571b8ad2b29d78165010c7c2935d5690c670c7096a98999a3724039,1,137114.0,True,2025-03-06,stats,False,False
2025,609,LS086,Alycia Parks,Anna Kalinskaya,326007,323942,R128,6-4 6-3,completed,present,2025-03-05,2025-03-16,2025-03-07T03:42:09.337+00:00,False,2025-03-07T23:49:09.693+00:00,False,data/raw/wta/stats/_httpcache/2025/4a291ea2d6d88f6b4d70cff34f12c43c68df80ae20a3e9c13935ee979e1906a6.json,234832805571b8ad2b29d78165010c7c2935d5690c670c7096a98999a3724039,1,137121.0,True,2025-03-07,stats,False,False
2025,609,LS089,Sorana Cirstea,Maya Joint,312469,330544,R128,6-2 7-5,completed,present,2025-03-05,2025-03-16,2025-03-06T21:23:56.683+00:00,False,2025-03-06T23:16:26.563+00:00,False,data/raw/wta/stats/_httpcache/2025/4a291ea2d6d88f6b4d70cff34f12c43c68df80ae20a3e9c13935ee979e1906a6.json,234832805571b8ad2b29d78165010c7c2935d5690c670c7096a98999a3724039,1,137112.0,True,2025-03-06,stats,False,False
2025,609,LS090,Elina Avanesyan,Lauren Davis,327620,317414,R128,6-4 6-2,completed,present,2025-03-05,2025-03-16,2025-03-07T03:53:34.577+00:00,False,2025-03-07T21:43:56.233+00:00,False,data/raw/wta/stats/_httpcache/2025/4a291ea2d6d88f6b4d70cff34f12c43c68df80ae20a3e9c13935ee979e1906a6.json,234832805571b8ad2b29d78165010c7c2935d5690c670c7096a98999a3724039,1,137122.0,True,2025-03-07,stats,False,False
2025,609,LS093,Kimberly Birrell,Viktorija Golubic,320728,316296,R128,6-4 6-4,completed,present,2025-03-05,2025-03-16,2025-03-07T00:25:39.02+00:00,False,2025-03-07T02:14:21.113+00:00,False,data/raw/wta/stats/_httpcache/2025/4a291ea2d6d88f6b4d70cff34f12c43c68df80ae20a3e9c13935ee979e1906a6.json,234832805571b8ad2b29d78165010c7c2935d5690c670c7096a98999a3724039,1,137117.0,True,2025-03-07,stats,False,False
2025,609,LS094,Anastasia Potapova,Jessica Bouzas Maneiro,325601,328139,R128,6-7(5) 6-4 7-5,completed,present,2025-03-05,2025-03-16,2025-03-07T00:48:18.62+00:00,False,2025-03-07T03:39:17.243+00:00,False,data/raw/wta/stats/_httpcache/2025/4a291ea2d6d88f6b4d70cff34f12c43c68df80ae20a3e9c13935ee979e1906a6.json,234832805571b8ad2b29d78165010c7c2935d5690c670c7096a98999a3724039,1,137118.0,True,2025-03-07,stats,False,False
2025,609,LS097,Suzan Lamens,Marie Bouzkova,324898,320983,R128,3-6 6-3 6-3,completed,present,2025-03-05,2025-03-16,2025-03-05T21:25:06.357+00:00,False,2025-03-06T00:00:23.687+00:00,False,data/raw/wta/stats/_httpcache/2025/4a291ea2d6d88f6b4d70cff34f12c43c68df80ae20a3e9c13935ee979e1906a6.json,234832805571b8ad2b29d78165010c7c2935d5690c670c7096a98999a3724039,1,137096.0,True,2025-03-05,stats,False,False
2025,609,LS098,Irina-Camelia Begu,Ann Li,313169,326096,R128,7-5 3-6 6-1,completed,present,2025-03-05,2025-03-16,2025-03-05T20:31:36.493+00:00,False,2025-03-05T22:52:18.62+00:00,False,data/raw/wta/stats/_httpcache/2025/4a291ea2d6d88f6b4d70cff34f12c43c68df80ae20a3e9c13935ee979e1906a6.json,234832805571b8ad2b29d78165010c7c2935d5690c670c7096a98999a3724039,1,137094.0,True,2025-03-05,stats,False,False
2025,609,LS101,Camila Osorio,Naomi Osaka,325898,319998,R128,6-4 6-4,completed,present,2025-03-05,2025-03-16,2025-03-06T01:50:57.723+00:00,False,2025-03-06T03:43:35.607+00:00,False,data/raw/wta/stats/_httpcache/2025/4a291ea2d6d88f6b4d70cff34f12c43c68df80ae20a3e9c13935ee979e1906a6.json,234832805571b8ad2b29d78165010c7c2935d5690c670c7096a98999a3724039,1,137103.0,True,2025-03-06,stats,False,False
2025,609,LS102,Varvara Gracheva,Petra Kvitova,325836,314206,R128,4-6 6-3 6-4,completed,present,2025-03-05,2025-03-16,2025-03-05T18:47:38.5+00:00,False,2025-03-05T21:30:56.163+00:00,False,data/raw/wta/stats/_httpcache/2025/4a291ea2d6d88f6b4d70cff34f12c43c68df80ae20a3e9c13935ee979e1906a6.json,234832805571b8ad2b29d78165010c7c2935d5690c670c7096a98999a3724039,1,137091.0,True,2025-03-05,stats,False,False
2025,609,LS105,Hailey Baptiste,Whitney Osuigwe,327101,326101,R128,6-1 6-2,completed,present,2025-03-05,2025-03-16,2025-03-05T20:53:04.663+00:00,False,2025-03-05T22:21:34.663+00:00,False,data/raw/wta/stats/_httpcache/2025/4a291ea2d6d88f6b4d70cff34f12c43c68df80ae20a3e9c13935ee979e1906a6.json,234832805571b8ad2b29d78165010c7c2935d5690c670c7096a98999a3724039,1,137095.0,True,2025-03-05,stats,False,False
2025,609,LS106,Ashlyn Krueger,Katie Volynets,329409,327391,R128,0-6 6-2 6-2,completed,present,2025-03-05,2025-03-16,2025-03-06T04:10:41.773+00:00,False,2025-03-06T06:18:23.447+00:00,False,data/raw/wta/stats/_httpcache/2025/4a291ea2d6d88f6b4d70cff34f12c43c68df80ae20a3e9c13935ee979e1906a6.json,234832805571b8ad2b29d78165010c7c2935d5690c670c7096a98999a3724039,1,137105.0,True,2025-03-06,stats,False,False
2025,609,LS109,Xinyu Wang,Mayar Sherif,326376,318711,R128,6-4 7-5,completed,present,2025-03-05,2025-03-16,2025-03-05T22:44:45.06+00:00,False,2025-03-06T01:14:41.203+00:00,False,data/raw/wta/stats/_httpcache/2025/4a291ea2d6d88f6b4d70cff34f12c43c68df80ae20a3e9c13935ee979e1906a6.json,234832805571b8ad2b29d78165010c7c2935d5690c670c7096a98999a3724039,1,137098.0,True,2025-03-05,stats,False,False
2025,609,LS110,Magda Linette,Peyton Stearns,315130,327573,R128,6-4 4-6 6-3,completed,present,2025-03-05,2025-03-16,2025-03-05T22:14:07.84+00:00,False,2025-03-06T00:38:12.4+00:00,False,data/raw/wta/stats/_httpcache/2025/4a291ea2d6d88f6b4d70cff34f12c43c68df80ae20a3e9c13935ee979e1906a6.json,234832805571b8ad2b29d78165010c7c2935d5690c670c7096a98999a3724039,1,137097.0,True,2025-03-05,stats,False,False
2025,609,LS113,Victoria Azarenka,Clervie Ngounoue,312001,330788,R128,6-4 7-6(7),completed,present,2025-03-05,2025-03-16,2025-03-06T00:42:08+00:00,False,2025-03-06T02:42:44.297+00:00,False,data/raw/wta/stats/_httpcache/2025/4a291ea2d6d88f6b4d70cff34f12c43c68df80ae20a3e9c13935ee979e1906a6.json,234832805571b8ad2b29d78165010c7c2935d5690c670c7096a98999a3724039,1,137102.0,True,2025-03-06,stats,False,False
2025,609,LS114,Lulu Sun,Rebecca Sramkova,324576,320228,R128,6-3 1-6 7-6(2),completed,present,2025-03-05,2025-03-16,2025-03-05T18:53:27.637+00:00,False,2025-03-05T21:17:36.81+00:00,False,data/raw/wta/stats/_httpcache/2025/4a291ea2d6d88f6b4d70cff34f12c43c68df80ae20a3e9c13935ee979e1906a6.json,234832805571b8ad2b29d78165010c7c2935d5690c670c7096a98999a3724039,1,137092.0,True,2025-03-05,stats,False,False
2025,609,LS117,Robin Montgomery,Jule Niemeier,329408,325940,R128,3-6 7-5 6-2,completed,present,2025-03-05,2025-03-16,2025-03-06T02:17:00.333+00:00,False,2025-03-06T04:53:27.86+00:00,False,data/raw/wta/stats/_httpcache/2025/4a291ea2d6d88f6b4d70cff34f12c43c68df80ae20a3e9c13935ee979e1906a6.json,234832805571b8ad2b29d78165010c7c2935d5690c670c7096a98999a3724039,1,137104.0,True,2025-03-06,stats,False,False
2025,609,LS118,Caroline Dolehide,Kamilla Rakhimova,322052,325936,R128,6-2 7-6(3),completed,present,2025-03-05,2025-03-16,2025-03-05T22:56:14.92+00:00,False,2025-03-06T01:00:12.93+00:00,False,data/raw/wta/stats/_httpcache/2025/4a291ea2d6d88f6b4d70cff34f12c43c68df80ae20a3e9c13935ee979e1906a6.json,234832805571b8ad2b29d78165010c7c2935d5690c670c7096a98999a3724039,1,137099.0,True,2025-03-05,stats,False,False
2025,609,LS122,Katerina Siniakova,Maria Lourdes Carle,320301,322638,R128,6-2 6-1,completed,present,2025-03-05,2025-03-16,2025-03-06T00:03:44.97+00:00,False,2025-03-06T01:48:43.47+00:00,False,data/raw/wta/stats/_httpcache/2025/4a291ea2d6d88f6b4d70cff34f12c43c68df80ae20a3e9c13935ee979e1906a6.json,234832805571b8ad2b29d78165010c7c2935d5690c670c7096a98999a3724039,1,137101.0,True,2025-03-06,stats,False,False
2025,609,LS125,Dayana Yastremska,Yue Yuan,324261,324325,R128,6-2 6-4,completed,present,2025-03-05,2025-03-16,2025-03-06T04:54:57.26+00:00,False,2025-03-06T06:38:31.083+00:00,False,data/raw/wta/stats/_httpcache/2025/4a291ea2d6d88f6b4d70cff34f12c43c68df80ae20a3e9c13935ee979e1906a6.json,234832805571b8ad2b29d78165010c7c2935d5690c670c7096a98999a3724039,1,137106.0,True,2025-03-06,stats,False,False
2025,609,LS126,Caroline Garcia,Bernarda Pera,315391,317708,R128,6-3 6-4,completed,present,2025-03-05,2025-03-16,2025-03-05T18:57:52.1+00:00,False,2025-03-05T20:27:53.823+00:00,False,data/raw/wta/stats/_httpcache/2025/4a291ea2d6d88f6b4d70cff34f12c43c68df80ae20a3e9c13935ee979e1906a6.json,234832805571b8ad2b29d78165010c7c2935d5690c670c7096a98999a3724039,1,137093.0,True,2025-03-05,stats,False,False
2025,709,LS001,Jasmine Paolini,Coco Gauff,319280,328560,F,6-4 6-2,completed,present,2025-05-06,2025-05-18,2025-05-17T14:48:56.29+00:00,False,2025-05-17T16:38:13.35+00:00,False,data/raw/wta/stats/_httpcache/2025/bf42969f9023560cad4f42ef5b9df03dc0f974ca7f49a802bbe4fa6ac6025ae3.json,a1459cfa774a84f481c893e55ff940bf51c734d6994b2d87e62885e6a9e03d4f,1,138122.0,True,2025-05-17,stats,False,False
2025,709,LS002,Coco Gauff,Qinwen Zheng,328560,328120,SF,7-6(3) 4-6 7-6(4),completed,present,2025-05-06,2025-05-18,2025-05-15T18:22:45.423+00:00,False,2025-05-15T22:16:20.473+00:00,False,data/raw/wta/stats/_httpcache/2025/bf42969f9023560cad4f42ef5b9df03dc0f974ca7f49a802bbe4fa6ac6025ae3.json,a1459cfa774a84f481c893e55ff940bf51c734d6994b2d87e62885e6a9e03d4f,1,138097.0,True,2025-05-15,stats,False,False
2025,709,LS003,Jasmine Paolini,Peyton Stearns,319280,327573,SF,7-5 6-1,completed,present,2025-05-06,2025-05-18,2025-05-15T13:16:15.113+00:00,False,2025-05-15T15:12:18.717+00:00,False,data/raw/wta/stats/_httpcache/2025/bf42969f9023560cad4f42ef5b9df03dc0f974ca7f49a802bbe4fa6ac6025ae3.json,a1459cfa774a84f481c893e55ff940bf51c734d6994b2d87e62885e6a9e03d4f,1,138096.0,True,2025-05-15,stats,False,False
2025,709,LS004,Qinwen Zheng,Aryna Sabalenka,328120,320760,QF,6-4 6-3,completed,present,2025-05-06,2025-05-18,2025-05-14T16:48:17.82+00:00,False,2025-05-14T18:47:06.32+00:00,False,data/raw/wta/stats/_httpcache/2025/bf42969f9023560cad4f42ef5b9df03dc0f974ca7f49a802bbe4fa6ac6025ae3.json,a1459cfa774a84f481c893e55ff940bf51c734d6994b2d87e62885e6a9e03d4f,1,138088.0,True,2025-05-14,stats,False,False
2025,709,LS005,Coco Gauff,Mirra Andreeva,328560,331809,QF,6-4 7-6(5),completed,present,2025-05-06,2025-05-18,2025-05-14T10:49:09.403+00:00,False,2025-05-14T12:51:19.97+00:00,False,data/raw/wta/stats/_httpcache/2025/bf42969f9023560cad4f42ef5b9df03dc0f974ca7f49a802bbe4fa6ac6025ae3.json,a1459cfa774a84f481c893e55ff940bf51c734d6994b2d87e62885e6a9e03d4f,1,138087.0,True,2025-05-14,stats,False,False
2025,709,LS006,Jasmine Paolini,Diana Shnaider,319280,330482,QF,6-7(1) 6-4 6-2,completed,present,2025-05-06,2025-05-18,2025-05-13T11:45:52.573+00:00,False,2025-05-13T14:33:44.793+00:00,False,data/raw/wta/stats/_httpcache/2025/bf42969f9023560cad4f42ef5b9df03dc0f974ca7f49a802bbe4fa6ac6025ae3.json,a1459cfa774a84f481c893e55ff940bf51c734d6994b2d87e62885e6a9e03d4f,1,138075.0,True,2025-05-13,stats,False,False
2025,709,LS007,Peyton Stearns,Elina Svitolina,327573,316738,QF,6-2 4-6 7-6(4),completed,present,2025-05-06,2025-05-18,2025-05-13T19:50:13.633+00:00,False,2025-05-13T22:56:28.71+00:00,False,data/raw/wta/stats/_httpcache/2025/bf42969f9023560cad4f42ef5b9df03dc0f974ca7f49a802bbe4fa6ac6025ae3.json,a1459cfa774a84f481c893e55ff940bf51c734d6994b2d87e62885e6a9e03d4f,1,138076.0,True,2025-05-13,stats,False,False
2025,709,LS008,Aryna Sabalenka,Marta Kostyuk,320760,326482,R16,6-1 7-6(8),completed,present,2025-05-06,2025-05-18,2025-05-12T18:21:28.847+00:00,False,2025-05-12T20:48:13.543+00:00,False,data/raw/wta/stats/_httpcache/2025/bf42969f9023560cad4f42ef5b9df03dc0f974ca7f49a802bbe4fa6ac6025ae3.json,a1459cfa774a84f481c893e55ff940bf51c734d6994b2d87e62885e6a9e03d4f,1,138053.0,True,2025-05-12,stats,False,False
2025,709,LS009,Qinwen Zheng,Bianca Andreescu,328120,325088,R16,7-5 6-1,completed,present,2025-05-06,2025-05-18,2025-05-12T16:30:23+00:00,False,2025-05-12T18:20:12.94+00:00,False,data/raw/wta/stats/_httpcache/2025/bf42969f9023560cad4f42ef5b9df03dc0f974ca7f49a802bbe4fa6ac6025ae3.json,a1459cfa774a84f481c893e55ff940bf51c734d6994b2d87e62885e6a9e03d4f,1,138052.0,True,2025-05-12,stats,False,False
2025,709,LS010,Coco Gauff,Emma Raducanu,328560,328366,R16,6-1 6-2,completed,present,2025-05-06,2025-05-18,2025-05-12T13:01:58.417+00:00,False,2025-05-12T14:37:29.6+00:00,False,data/raw/wta/stats/_httpcache/2025/bf42969f9023560cad4f42ef5b9df03dc0f974ca7f49a802bbe4fa6ac6025ae3.json,a1459cfa774a84f481c893e55ff940bf51c734d6994b2d87e62885e6a9e03d4f,1,138049.0,True,2025-05-12,stats,False,False
2025,709,LS011,Mirra Andreeva,Clara Tauson,331809,327793,R16,5-7 6-3 6-2,completed,present,2025-05-06,2025-05-18,2025-05-12T14:27:00.4+00:00,False,2025-05-12T17:17:32.957+00:00,False,data/raw/wta/stats/_httpcache/2025/bf42969f9023560cad4f42ef5b9df03dc0f974ca7f49a802bbe4fa6ac6025ae3.json,a1459cfa774a84f481c893e55ff940bf51c734d6994b2d87e62885e6a9e03d4f,1,138051.0,True,2025-05-12,stats,False,False
2025,709,LS012,Jasmine Paolini,Jelena Ostapenko,319280,319939,R16,7-5 6-2,completed,present,2025-05-06,2025-05-18,2025-05-12T11:55:21.893+00:00,False,2025-05-12T13:58:11.527+00:00,False,data/raw/wta/stats/_httpcache/2025/bf42969f9023560cad4f42ef5b9df03dc0f974ca7f49a802bbe4fa6ac6025ae3.json,a1459cfa774a84f481c893e55ff940bf51c734d6994b2d87e62885e6a9e03d4f,1,138048.0,True,2025-05-12,stats,False,False
2025,709,LS013,Diana Shnaider,Elise Mertens,330482,317964,R16,6-2 6-3,completed,present,2025-05-06,2025-05-18,2025-05-12T11:08:49.173+00:00,False,2025-05-12T12:43:48.57+00:00,False,data/raw/wta/stats/_httpcache/2025/bf42969f9023560cad4f42ef5b9df03dc0f974ca7f49a802bbe4fa6ac6025ae3.json,a1459cfa774a84f481c893e55ff940bf51c734d6994b2d87e62885e6a9e03d4f,1,138047.0,True,2025-05-12,stats,False,False
2025,709,LS014,Peyton Stearns,Naomi Osaka,327573,319998,R16,6-4 3-6 7-6(4),completed,present,2025-05-06,2025-05-18,2025-05-12T08:48:07.22+00:00,False,2025-05-12T11:52:06.167+00:00,False,data/raw/wta/stats/_httpcache/2025/bf42969f9023560cad4f42ef5b9df03dc0f974ca7f49a802bbe4fa6ac6025ae3.json,a1459cfa774a84f481c893e55ff940bf51c734d6994b2d87e62885e6a9e03d4f,1,138046.0,True,2025-05-12,stats,False,False
2025,709,LS015,Elina Svitolina,Danielle Collins,316738,316925,R16,6-4 6-2,completed,present,2025-05-06,2025-05-18,2025-05-12T13:35:52.687+00:00,False,2025-05-12T15:24:17.053+00:00,False,data/raw/wta/stats/_httpcache/2025/bf42969f9023560cad4f42ef5b9df03dc0f974ca7f49a802bbe4fa6ac6025ae3.json,a1459cfa774a84f481c893e55ff940bf51c734d6994b2d87e62885e6a9e03d4f,1,138050.0,True,2025-05-12,stats,False,False
2025,709,LS016,Aryna Sabalenka,Sofia Kenin,320760,320942,R32,3-6 6-3 6-3,completed,present,2025-05-06,2025-05-18,2025-05-11T08:48:14.647+00:00,False,2025-05-11T11:23:14.267+00:00,False,data/raw/wta/stats/_httpcache/2025/bf42969f9023560cad4f42ef5b9df03dc0f974ca7f49a802bbe4fa6ac6025ae3.json,a1459cfa774a84f481c893e55ff940bf51c734d6994b2d87e62885e6a9e03d4f,1,138020.0,True,2025-05-11,stats,False,False
2025,709,LS017,Marta Kostyuk,Leylah Fernandez,326482,326735,R32,6-4 6-2,completed,present,2025-05-06,2025-05-18,2025-05-11T08:45:35.53+00:00,False,2025-05-11T10:42:53.03+00:00,False,data/raw/wta/stats/_httpcache/2025/bf42969f9023560cad4f42ef5b9df03dc0f974ca7f49a802bbe4fa6ac6025ae3.json,a1459cfa774a84f481c893e55ff940bf51c734d6994b2d87e62885e6a9e03d4f,1,138019.0,True,2025-05-11,stats,False,False
2025,709,LS018,Bianca Andreescu,Elena Rybakina,325088,324166,R32,6-2 6-4,completed,present,2025-05-06,2025-05-18,2025-05-11T13:08:49.443+00:00,False,2025-05-11T14:53:05.23+00:00,False,data/raw/wta/stats/_httpcache/2025/bf42969f9023560cad4f42ef5b9df03dc0f974ca7f49a802bbe4fa6ac6025ae3.json,a1459cfa774a84f481c893e55ff940bf51c734d6994b2d87e62885e6a9e03d4f,1,138023.0,True,2025-05-11,stats,False,False
2025,709,LS019,Qinwen Zheng,Magdalena Frech,328120,320277,R32,6-3 6-2,completed,present,2025-05-06,2025-05-18,2025-05-11T16:21:09.283+00:00,False,2025-05-11T18:09:07.613+00:00,False,data/raw/wta/stats/_httpcache/2025/bf42969f9023560cad4f42ef5b9df03dc0f974ca7f49a802bbe4fa6ac6025ae3.json,a1459cfa774a84f481c893e55ff940bf51c734d6994b2d87e62885e6a9e03d4f,1,138025.0,True,2025-05-11,stats,False,False
2025,709,LS020,Coco Gauff,Magda Linette,328560,315130,R32,7-5 6-3,completed,present,2025-05-06,2025-05-18,2025-05-11T11:10:17.353+00:00,False,2025-05-11T13:06:56.107+00:00,False,data/raw/wta/stats/_httpcache/2025/bf42969f9023560cad4f42ef5b9df03dc0f974ca7f49a802bbe4fa6ac6025ae3.json,a1459cfa774a84f481c893e55ff940bf51c734d6994b2d87e62885e6a9e03d4f,1,138022.0,True,2025-05-11,stats,False,False
2025,709,LS021,Emma Raducanu,Veronika Kudermetova,328366,319526,R32,5-7 6-0 6-1,completed,present,2025-05-06,2025-05-18,2025-05-11T10:44:12.593+00:00,False,2025-05-11T13:31:37.03+00:00,False,data/raw/wta/stats/_httpcache/2025/bf42969f9023560cad4f42ef5b9df03dc0f974ca7f49a802bbe4fa6ac6025ae3.json,a1459cfa774a84f481c893e55ff940bf51c734d6994b2d87e62885e6a9e03d4f,1,138021.0,True,2025-05-11,stats,False,False
2025,709,LS022,Clara Tauson,Emma Navarro,327793,325410,R32,3-6 6-0 6-4,completed,present,2025-05-06,2025-05-18,2025-05-11T15:40:09.407+00:00,False,2025-05-11T18:16:28.29+00:00,False,data/raw/wta/stats/_httpcache/2025/bf42969f9023560cad4f42ef5b9df03dc0f974ca7f49a802bbe4fa6ac6025ae3.json,a1459cfa774a84f481c893e55ff940bf51c734d6994b2d87e62885e6a9e03d4f,1,138024.0,True,2025-05-11,stats,False,False
2025,709,LS023,Mirra Andreeva,Linda Noskova,331809,329668,R32,6-1 7-5,completed,present,2025-05-06,2025-05-18,2025-05-11T16:48:04.847+00:00,False,2025-05-11T18:30:54.327+00:00,False,data/raw/wta/stats/_httpcache/2025/bf42969f9023560cad4f42ef5b9df03dc0f974ca7f49a802bbe4fa6ac6025ae3.json,a1459cfa774a84f481c893e55ff940bf51c734d6994b2d87e62885e6a9e03d4f,1,138026.0,True,2025-05-11,stats,False,False
2025,709,LS024,Jasmine Paolini,Ons Jabeur,319280,316847,R32,6-4 6-3,completed,present,2025-05-06,2025-05-18,2025-05-10T13:19:05.357+00:00,False,2025-05-10T14:47:21.513+00:00,False,data/raw/wta/stats/_httpcache/2025/bf42969f9023560cad4f42ef5b9df03dc0f974ca7f49a802bbe4fa6ac6025ae3.json,a1459cfa774a84f481c893e55ff940bf51c734d6994b2d87e62885e6a9e03d4f,1,138015.0,True,2025-05-10,stats,False,False
2025,709,LS026,Diana Shnaider,Jaqueline Cristian,330482,320319,R32,6-3 6-3,completed,present,2025-05-06,2025-05-18,2025-05-10T11:15:06.84+00:00,False,2025-05-10T13:01:16.053+00:00,False,data/raw/wta/stats/_httpcache/2025/bf42969f9023560cad4f42ef5b9df03dc0f974ca7f49a802bbe4fa6ac6025ae3.json,a1459cfa774a84f481c893e55ff940bf51c734d6994b2d87e62885e6a9e03d4f,1,138012.0,True,2025-05-10,stats,False,False
2025,709,LS027,Elise Mertens,Jessica Pegula,317964,316956,R32,7-5 6-1,completed,present,2025-05-06,2025-05-18,2025-05-10T18:53:04.89+00:00,False,2025-05-10T20:38:02.15+00:00,False,data/raw/wta/stats/_httpcache/2025/bf42969f9023560cad4f42ef5b9df03dc0f974ca7f49a802bbe4fa6ac6025ae3.json,a1459cfa774a84f481c893e55ff940bf51c734d6994b2d87e62885e6a9e03d4f,1,138017.0,True,2025-05-10,stats,False,False
2025,709,LS028,Peyton Stearns,Madison Keys,327573,316959,R32,2-6 6-2 7-6(3),completed,present,2025-05-06,2025-05-18,2025-05-10T08:45:06.02+00:00,False,2025-05-10T11:31:04.997+00:00,False,data/raw/wta/stats/_httpcache/2025/bf42969f9023560cad4f42ef5b9df03dc0f974ca7f49a802bbe4fa6ac6025ae3.json,a1459cfa774a84f481c893e55ff940bf51c734d6994b2d87e62885e6a9e03d4f,1,138011.0,True,2025-05-10,stats,False,False
2025,709,LS029,Naomi Osaka,Marie Bouzkova,319998,320983,R32,4-6 6-3 6-3,completed,present,2025-05-06,2025-05-18,2025-05-10T15:42:53.87+00:00,False,2025-05-10T18:28:20.193+00:00,False,data/raw/wta/stats/_httpcache/2025/bf42969f9023560cad4f42ef5b9df03dc0f974ca7f49a802bbe4fa6ac6025ae3.json,a1459cfa774a84f481c893e55ff940bf51c734d6994b2d87e62885e6a9e03d4f,1,138016.0,True,2025-05-10,stats,False,False
2025,709,LS030,Elina Svitolina,Hailey Baptiste,316738,327101,R32,6-4 3-6 6-4,completed,present,2025-05-06,2025-05-18,2025-05-10T13:04:29.847+00:00,False,2025-05-10T15:58:35.887+00:00,False,data/raw/wta/stats/_httpcache/2025/bf42969f9023560cad4f42ef5b9df03dc0f974ca7f49a802bbe4fa6ac6025ae3.json,a1459cfa774a84f481c893e55ff940bf51c734d6994b2d87e62885e6a9e03d4f,1,138014.0,True,2025-05-10,stats,False,False
2025,709,LS031,Danielle Collins,Iga Swiatek,316925,326408,R32,6-1 7-5,completed,present,2025-05-06,2025-05-18,2025-05-10T11:15:57.193+00:00,False,2025-05-10T13:16:34.447+00:00,False,data/raw/wta/stats/_httpcache/2025/bf42969f9023560cad4f42ef5b9df03dc0f974ca7f49a802bbe4fa6ac6025ae3.json,a1459cfa774a84f481c893e55ff940bf51c734d6994b2d87e62885e6a9e03d4f,1,138013.0,True,2025-05-10,stats,False,False
2025,709,LS032,Aryna Sabalenka,Anastasia Potapova,320760,325601,R64,6-2 6-2,completed,present,2025-05-06,2025-05-18,2025-05-09T08:50:07.51+00:00,False,2025-05-09T10:11:46.857+00:00,False,data/raw/wta/stats/_httpcache/2025/bf42969f9023560cad4f42ef5b9df03dc0f974ca7f49a802bbe4fa6ac6025ae3.json,a1459cfa774a84f481c893e55ff940bf51c734d6994b2d87e62885e6a9e03d4f,1,137996.0,True,2025-05-09,stats,False,False
2025,709,LS033,Sofia Kenin,Anastasia Pavlyuchenkova,320942,313796,R64,6-3 6-0,completed,present,2025-05-06,2025-05-18,2025-05-09T08:55:52.87+00:00,False,2025-05-09T10:14:52.953+00:00,False,data/raw/wta/stats/_httpcache/2025/bf42969f9023560cad4f42ef5b9df03dc0f974ca7f49a802bbe4fa6ac6025ae3.json,a1459cfa774a84f481c893e55ff940bf51c734d6994b2d87e62885e6a9e03d4f,1,137997.0,True,2025-05-09,stats,False,False
2025,709,LS034,Leylah Fernandez,Antonia Ruzic,326735,329505,R64,6-4 6-0,completed,present,2025-05-06,2025-05-18,2025-05-09T15:22:50.607+00:00,False,2025-05-09T17:03:22.15+00:00,False,data/raw/wta/stats/_httpcache/2025/bf42969f9023560cad4f42ef5b9df03dc0f974ca7f49a802bbe4fa6ac6025ae3.json,a1459cfa774a84f481c893e55ff940bf51c734d6994b2d87e62885e6a9e03d4f,1,138006.0,True,2025-05-09,stats,False,False
2025,709,LS035,Marta Kostyuk,Daria Kasatkina,326482,322082,R64,6-4 6-2,completed,present,2025-05-06,2025-05-18,2025-05-09T14:42:08.2+00:00,False,2025-05-09T16:22:48.027+00:00,False,data/raw/wta/stats/_httpcache/2025/bf42969f9023560cad4f42ef5b9df03dc0f974ca7f49a802bbe4fa6ac6025ae3.json,a1459cfa774a84f481c893e55ff940bf51c734d6994b2d87e62885e6a9e03d4f,1,138005.0,True,2025-05-09,stats,False,False
2025,709,LS036,Elena Rybakina,Eva Lys,324166,325826,R64,7-6(3) 6-2,completed,present,2025-05-06,2025-05-18,2025-05-09T17:00:09.7+00:00,False,2025-05-09T18:38:48.287+00:00,False,data/raw/wta/stats/_httpcache/2025/bf42969f9023560cad4f42ef5b9df03dc0f974ca7f49a802bbe4fa6ac6025ae3.json,a1459cfa774a84f481c893e55ff940bf51c734d6994b2d87e62885e6a9e03d4f,1,138008.0,True,2025-05-09,stats,False,False
2025,709,LS037,Bianca Andreescu,Donna Vekic,325088,318516,R64,6-1 3-6 6-2,completed,present,2025-05-06,2025-05-18,2025-05-09T17:05:20.793+00:00,False,2025-05-09T19:26:17.25+00:00,False,data/raw/wta/stats/_httpcache/2025/bf42969f9023560cad4f42ef5b9df03dc0f974ca7f49a802bbe4fa6ac6025ae3.json,a1459cfa774a84f481c893e55ff940bf51c734d6994b2d87e62885e6a9e03d4f,1,138009.0,True,2025-05-09,stats,False,False
2025,709,LS038,Magdalena Frech,Victoria Azarenka,320277,312001,R64,7-5 6-4,completed,present,2025-05-06,2025-05-18,2025-05-09T10:23:42.297+00:00,False,2025-05-09T12:50:35.447+00:00,False,data/raw/wta/stats/_httpcache/2025/bf42969f9023560cad4f42ef5b9df03dc0f974ca7f49a802bbe4fa6ac6025ae3.json,a1459cfa774a84f481c893e55ff940bf51c734d6994b2d87e62885e6a9e03d4f,1,137998.0,True,2025-05-09,stats,False,False
2025,709,LS039,Qinwen Zheng,Olga Danilovic,328120,324934,R64,6-1 6-4,completed,present,2025-05-06,2025-05-18,2025-05-09T11:01:03.61+00:00,False,2025-05-09T12:48:18.503+00:00,False,data/raw/wta/stats/_httpcache/2025/bf42969f9023560cad4f42ef5b9df03dc0f974ca7f49a802bbe4fa6ac6025ae3.json,a1459cfa774a84f481c893e55ff940bf51c734d6994b2d87e62885e6a9e03d4f,1,137999.0,True,2025-05-09,stats,False,False
2025,709,LS040,Coco Gauff,Victoria Mboko,328560,331006,R64,3-6 6-2 6-1,completed,present,2025-05-06,2025-05-18,2025-05-09T16:47:34+00:00,False,2025-05-09T18:53:15.79+00:00,False,data/raw/wta/stats/_httpcache/2025/bf42969f9023560cad4f42ef5b9df03dc0f974ca7f49a802bbe4fa6ac6025ae3.json,a1459cfa774a84f481c893e55ff940bf51c734d6994b2d87e62885e6a9e03d4f,1,138007.0,True,2025-05-09,stats,False,False
2025,709,LS041,Magda Linette,Maria Sakkari,315130,318312,R64,1-6 6-4 6-1,completed,present,2025-05-06,2025-05-18,2025-05-09T08:43:56.683+00:00,False,2025-05-09T11:16:41.993+00:00,False,data/raw/wta/stats/_httpcache/2025/bf42969f9023560cad4f42ef5b9df03dc0f974ca7f49a802bbe4fa6ac6025ae3.json,a1459cfa774a84f481c893e55ff940bf51c734d6994b2d87e62885e6a9e03d4f,1,137995.0,True,2025-05-09,stats,False,False
2025,709,LS042,Emma Raducanu,Jil Teichmann,328366,320926,R64,6-2 6-2,completed,present,2025-05-06,2025-05-18,2025-05-09T13:48:49.803+00:00,False,2025-05-09T15:27:44.4+00:00,False,data/raw/wta/stats/_httpcache/2025/bf42969f9023560cad4f42ef5b9df03dc0f974ca7f49a802bbe4fa6ac6025ae3.json,a1459cfa774a84f481c893e55ff940bf51c734d6994b2d87e62885e6a9e03d4f,1,138003.0,True,2025-05-09,stats,False,False
2025,709,LS043,Veronika Kudermetova,Amanda Anisimova,319526,326384,R64,7-6(5) 7-5,completed,present,2025-05-06,2025-05-18,2025-05-09T12:37:24.393+00:00,False,2025-05-09T15:20:03.18+00:00,False,data/raw/wta/stats/_httpcache/2025/bf42969f9023560cad4f42ef5b9df03dc0f974ca7f49a802bbe4fa6ac6025ae3.json,a1459cfa774a84f481c893e55ff940bf51c734d6994b2d87e62885e6a9e03d4f,1,138001.0,True,2025-05-09,stats,False,False
2025,709,LS044,Emma Navarro,Kamilla Rakhimova,325410,325936,R64,6-1 6-3,completed,present,2025-05-06,2025-05-18,2025-05-09T14:41:53.887+00:00,False,2025-05-09T16:25:36.013+00:00,False,data/raw/wta/stats/_httpcache/2025/bf42969f9023560cad4f42ef5b9df03dc0f974ca7f49a802bbe4fa6ac6025ae3.json,a1459cfa774a84f481c893e55ff940bf51c734d6994b2d87e62885e6a9e03d4f,1,138004.0,True,2025-05-09,stats,False,False
2025,709,LS046,Linda Noskova,Sonay Kartal,329668,329918,R64,6-4 6-2,completed,present,2025-05-06,2025-05-18,2025-05-09T11:20:08.383+00:00,False,2025-05-09T13:02:02.283+00:00,False,data/raw/wta/stats/_httpcache/2025/bf42969f9023560cad4f42ef5b9df03dc0f974ca7f49a802bbe4fa6ac6025ae3.json,a1459cfa774a84f481c893e55ff940bf51c734d6994b2d87e62885e6a9e03d4f,1,138000.0,True,2025-05-09,stats,False,False
2025,709,LS047,Mirra Andreeva,Emiliana Arango,331809,324789,R64,6-2 6-4,completed,present,2025-05-06,2025-05-18,2025-05-09T12:51:37.147+00:00,False,2025-05-09T14:37:24.36+00:00,False,data/raw/wta/stats/_httpcache/2025/bf42969f9023560cad4f42ef5b9df03dc0f974ca7f49a802bbe4fa6ac6025ae3.json,a1459cfa774a84f481c893e55ff940bf51c734d6994b2d87e62885e6a9e03d4f,1,138002.0,True,2025-05-09,stats,False,False
2025,709,LS048,Jasmine Paolini,Lulu Sun,319280,324576,R64,6-4 6-3,completed,present,2025-05-06,2025-05-18,2025-05-08T12:24:46.793+00:00,False,2025-05-08T14:13:12.357+00:00,False,data/raw/wta/stats/_httpcache/2025/bf42969f9023560cad4f42ef5b9df03dc0f974ca7f49a802bbe4fa6ac6025ae3.json,a1459cfa774a84f481c893e55ff940bf51c734d6994b2d87e62885e6a9e03d4f,1,137986.0,True,2025-05-08,stats,False,False
2025,709,LS050,Jelena Ostapenko,Rebecca Sramkova,319939,320228,R64,1-6 6-4 6-3,completed,present,2025-05-06,2025-05-18,2025-05-08T10:42:13.077+00:00,False,2025-05-08T12:41:00.843+00:00,False,data/raw/wta/stats/_httpcache/2025/bf42969f9023560cad4f42ef5b9df03dc0f974ca7f49a802bbe4fa6ac6025ae3.json,a1459cfa774a84f481c893e55ff940bf51c734d6994b2d87e62885e6a9e03d4f,1,137982.0,True,2025-05-08,stats,False,False
2025,709,LS051,Laura Siegemund,Lucia Bronzetti,310926,322280,R64,6-2 6-2,completed,present,2025-05-06,2025-05-18,2025-05-08T18:36:01.393+00:00,False,2025-05-08T20:10:34.57+00:00,False,data/raw/wta/stats/_httpcache/2025/bf42969f9023560cad4f42ef5b9df03dc0f974ca7f49a802bbe4fa6ac6025ae3.json,a1459cfa774a84f481c893e55ff940bf51c734d6994b2d87e62885e6a9e03d4f,1,137993.0,True,2025-05-08,stats,False,False
2025,709,LS052,Diana Shnaider,Caroline Dolehide,330482,322052,R64,6-0 6-0,completed,present,2025-05-06,2025-05-18,2025-05-08T10:06:34.197+00:00,False,2025-05-08T11:28:43.783+00:00,False,data/raw/wta/stats/_httpcache/2025/bf42969f9023560cad4f42ef5b9df03dc0f974ca7f49a802bbe4fa6ac6025ae3.json,a1459cfa774a84f481c893e55ff940bf51c734d6994b2d87e62885e6a9e03d4f,1,137981.0,True,2025-05-08,stats,False,False
2025,709,LS053,Jaqueline Cristian,Yulia Putintseva,320319,317683,R64,7-6(2) 7-5,completed,present,2025-05-06,2025-05-18,2025-05-08T08:51:28.18+00:00,False,2025-05-08T11:15:09.773+00:00,False,data/raw/wta/stats/_httpcache/2025/bf42969f9023560cad4f42ef5b9df03dc0f974ca7f49a802bbe4fa6ac6025ae3.json,a1459cfa774a84f481c893e55ff940bf51c734d6994b2d87e62885e6a9e03d4f,1,137979.0,True,2025-05-08,stats,False,False
2025,709,LS054,Elise Mertens,Suzan Lamens,317964,324898,R64,3-6 6-2 6-3,completed,present,2025-05-06,2025-05-18,2025-05-08T10:46:02.063+00:00,False,2025-05-08T13:24:54.333+00:00,False,data/raw/wta/stats/_httpcache/2025/bf42969f9023560cad4f42ef5b9df03dc0f974ca7f49a802bbe4fa6ac6025ae3.json,a1459cfa774a84f481c893e55ff940bf51c734d6994b2d87e62885e6a9e03d4f,1,137983.0,True,2025-05-08,stats,False,False
2025,709,LS055,Jessica Pegula,Ashlyn Krueger,316956,329409,R64,6-4 6-2,completed,present,2025-05-06,2025-05-18,2025-05-08T14:52:05.793+00:00,False,2025-05-08T16:38:02.22+00:00,False,data/raw/wta/stats/_httpcache/2025/bf42969f9023560cad4f42ef5b9df03dc0f974ca7f49a802bbe4fa6ac6025ae3.json,a1459cfa774a84f481c893e55ff940bf51c734d6994b2d87e62885e6a9e03d4f,1,137989.0,True,2025-05-08,stats,False,False
2025,709,LS056,Madison Keys,Varvara Gracheva,316959,325836,R64,7-6(4) 6-1,completed,present,2025-05-06,2025-05-18,2025-05-08T16:10:59.95+00:00,False,2025-05-08T18:26:28.2+00:00,False,data/raw/wta/stats/_httpcache/2025/bf42969f9023560cad4f42ef5b9df03dc0f974ca7f49a802bbe4fa6ac6025ae3.json,a1459cfa774a84f481c893e55ff940bf51c734d6994b2d87e62885e6a9e03d4f,1,137991.0,True,2025-05-08,stats,False,False
2025,709,LS057,Peyton Stearns,Anna Kalinskaya,327573,323942,R64,6-2 6-3,completed,present,2025-05-06,2025-05-18,2025-05-08T11:06:41.313+00:00,False,2025-05-08T12:35:29.863+00:00,False,data/raw/wta/stats/_httpcache/2025/bf42969f9023560cad4f42ef5b9df03dc0f974ca7f49a802bbe4fa6ac6025ae3.json,a1459cfa774a84f481c893e55ff940bf51c734d6994b2d87e62885e6a9e03d4f,1,137984.0,True,2025-05-08,stats,False,False
2025,709,LS058,Marie Bouzkova,Beatriz Haddad Maia,320983,318176,R64,6-0 6-3,completed,present,2025-05-06,2025-05-18,2025-05-08T17:11:31.61+00:00,False,2025-05-08T18:52:44.337+00:00,False,data/raw/wta/stats/_httpcache/2025/bf42969f9023560cad4f42ef5b9df03dc0f974ca7f49a802bbe4fa6ac6025ae3.json,a1459cfa774a84f481c893e55ff940bf51c734d6994b2d87e62885e6a9e03d4f,1,137992.0,True,2025-05-08,stats,False,False
2025,709,LS059,Naomi Osaka,Viktorija Golubic,319998,316296,R64,2-6 7-5 6-1,completed,present,2025-05-06,2025-05-18,2025-05-08T08:54:59.313+00:00,False,2025-05-08T11:00:52.253+00:00,False,data/raw/wta/stats/_httpcache/2025/bf42969f9023560cad4f42ef5b9df03dc0f974ca7f49a802bbe4fa6ac6025ae3.json,a1459cfa774a84f481c893e55ff940bf51c734d6994b2d87e62885e6a9e03d4f,1,137980.0,True,2025-05-08,stats,False,False
2025,709,LS060,Elina Svitolina,Jessica Bouzas Maneiro,316738,328139,R64,6-4 7-6(2),completed,present,2025-05-06,2025-05-18,2025-05-08T15:42:37.86+00:00,False,2025-05-08T17:41:43.273+00:00,False,data/raw/wta/stats/_httpcache/2025/bf42969f9023560cad4f42ef5b9df03dc0f974ca7f49a802bbe4fa6ac6025ae3.json,a1459cfa774a84f481c893e55ff940bf51c734d6994b2d87e62885e6a9e03d4f,1,137990.0,True,2025-05-08,stats,False,False
2025,709,LS061,Hailey Baptiste,Liudmila Samsonova,327101,322222,R64,6-3 2-6 6-4,completed,present,2025-05-06,2025-05-18,2025-05-08T13:27:26.35+00:00,False,2025-05-08T16:10:48.61+00:00,False,data/raw/wta/stats/_httpcache/2025/bf42969f9023560cad4f42ef5b9df03dc0f974ca7f49a802bbe4fa6ac6025ae3.json,a1459cfa774a84f481c893e55ff940bf51c734d6994b2d87e62885e6a9e03d4f,1,137988.0,True,2025-05-08,stats,False,False
2025,709,LS062,Danielle Collins,Elena-Gabriela Ruse,316925,320408,R64,6-3 6-3,completed,present,2025-05-06,2025-05-18,2025-05-08T12:37:45.407+00:00,False,2025-05-08T14:09:52.66+00:00,False,data/raw/wta/stats/_httpcache/2025/bf42969f9023560cad4f42ef5b9df03dc0f974ca7f49a802bbe4fa6ac6025ae3.json,a1459cfa774a84f481c893e55ff940bf51c734d6994b2d87e62885e6a9e03d4f,1,137987.0,True,2025-05-08,stats,False,False
2025,709,LS063,Iga Swiatek,Elisabetta Cocciaretto,326408,327909,R64,6-1 6-0,completed,present,2025-05-06,2025-05-18,2025-05-08T11:11:19.14+00:00,False,2025-05-08T12:21:47.913+00:00,False,data/raw/wta/stats/_httpcache/2025/bf42969f9023560cad4f42ef5b9df03dc0f974ca7f49a802bbe4fa6ac6025ae3.json,a1459cfa774a84f481c893e55ff940bf51c734d6994b2d87e62885e6a9e03d4f,1,137985.0,True,2025-05-08,stats,False,False
2025,709,LS065,Anastasia Potapova,Dayana Yastremska,325601,324261,R128,2-6 7-6(6) 6-3,completed,present,2025-05-06,2025-05-18,2025-05-07T18:58:26.607+00:00,False,2025-05-07T21:55:21.523+00:00,False,data/raw/wta/stats/_httpcache/2025/bf42969f9023560cad4f42ef5b9df03dc0f974ca7f49a802bbe4fa6ac6025ae3.json,a1459cfa774a84f481c893e55ff940bf51c734d6994b2d87e62885e6a9e03d4f,1,137975.0,True,2025-05-07,stats,False,False
2025,709,LS066,Anastasia Pavlyuchenkova,Katie Boulter,313796,319125,R128,6-3 6-3,completed,present,2025-05-06,2025-05-18,2025-05-07T15:32:56.833+00:00,False,2025-05-07T17:19:47.083+00:00,False,data/raw/wta/stats/_httpcache/2025/bf42969f9023560cad4f42ef5b9df03dc0f974ca7f49a802bbe4fa6ac6025ae3.json,a1459cfa774a84f481c893e55ff940bf51c734d6994b2d87e62885e6a9e03d4f,1,137970.0,True,2025-05-07,stats,False,False
2025,709,LS069,Antonia Ruzic,Tyra Caterina Grant,329505,333121,R128,3-6 6-3 7-5,completed,present,2025-05-06,2025-05-18,2025-05-07T16:45:47.413+00:00,False,2025-05-07T19:48:42.543+00:00,False,data/raw/wta/stats/_httpcache/2025/bf42969f9023560cad4f42ef5b9df03dc0f974ca7f49a802bbe4fa6ac6025ae3.json,a1459cfa774a84f481c893e55ff940bf51c734d6994b2d87e62885e6a9e03d4f,1,137972.0,True,2025-05-07,stats,False,False
2025,709,LS070,Marta Kostyuk,Alexandra Eala,326482,330332,R128,6-0 6-1,completed,present,2025-05-06,2025-05-18,2025-05-07T19:27:57.177+00:00,False,2025-05-07T20:49:06.347+00:00,False,data/raw/wta/stats/_httpcache/2025/bf42969f9023560cad4f42ef5b9df03dc0f974ca7f49a802bbe4fa6ac6025ae3.json,a1459cfa774a84f481c893e55ff940bf51c734d6994b2d87e62885e6a9e03d4f,1,137976.0,True,2025-05-07,stats,False,False
2025,709,LS073,Eva Lys,Moyuka Uchijima,325826,327241,R128,6-1 6-0,completed,present,2025-05-06,2025-05-18,2025-05-07T15:30:38.1+00:00,False,2025-05-07T16:44:56.633+00:00,False,data/raw/wta/stats/_httpcache/2025/bf42969f9023560cad4f42ef5b9df03dc0f974ca7f49a802bbe4fa6ac6025ae3.json,a1459cfa774a84f481c893e55ff940bf51c734d6994b2d87e62885e6a9e03d4f,1,137969.0,True,2025-05-07,stats,False,False
2025,709,LS074,Bianca Andreescu,Federica Urgesi,325088,330420,R128,6-0 6-3,completed,present,2025-05-06,2025-05-18,2025-05-07T14:40:34.46+00:00,False,2025-05-07T16:05:38.813+00:00,False,data/raw/wta/stats/_httpcache/2025/bf42969f9023560cad4f42ef5b9df03dc0f974ca7f49a802bbe4fa6ac6025ae3.json,a1459cfa774a84f481c893e55ff940bf51c734d6994b2d87e62885e6a9e03d4f,1,137967.0,True,2025-05-07,stats,False,False
2025,709,LS077,Victoria Azarenka,Camila Osorio,312001,325898,R128,6-2 6-3,completed,present,2025-05-06,2025-05-18,2025-05-07T08:51:54.473+00:00,False,2025-05-07T10:25:52.023+00:00,False,data/raw/wta/stats/_httpcache/2025/bf42969f9023560cad4f42ef5b9df03dc0f974ca7f49a802bbe4fa6ac6025ae3.json,a1459cfa774a84f481c893e55ff940bf51c734d6994b2d87e62885e6a9e03d4f,1,137959.0,True,2025-05-07,stats,False,False
2025,709,LS078,Olga Danilovic,Katerina Siniakova,324934,320301,R128,3-6 6-4 6-4,completed,present,2025-05-06,2025-05-18,2025-05-07T17:01:18.297+00:00,False,2025-05-07T19:59:44.803+00:00,False,data/raw/wta/stats/_httpcache/2025/bf42969f9023560cad4f42ef5b9df03dc0f974ca7f49a802bbe4fa6ac6025ae3.json,a1459cfa774a84f481c893e55ff940bf51c734d6994b2d87e62885e6a9e03d4f,1,137973.0,True,2025-05-07,stats,False,False
2025,709,LS081,Victoria Mboko,Arianna Zucchini,331006,328701,R128,6-2 6-3,completed,present,2025-05-06,2025-05-18,2025-05-07T12:56:22.86+00:00,False,2025-05-07T14:37:35.557+00:00,False,data/raw/wta/stats/_httpcache/2025/bf42969f9023560cad4f42ef5b9df03dc0f974ca7f49a802bbe4fa6ac6025ae3.json,a1459cfa774a84f481c893e55ff940bf51c734d6994b2d87e62885e6a9e03d4f,1,137963.0,True,2025-05-07,stats,False,False
2025,709,LS085,Emma Raducanu,Maya Joint,328366,330544,R128,7-5 6-7(1) 6-3,completed,present,2025-05-06,2025-05-18,2025-05-07T17:46:05.177+00:00,False,2025-05-07T20:45:25.56+00:00,False,data/raw/wta/stats/_httpcache/2025/bf42969f9023560cad4f42ef5b9df03dc0f974ca7f49a802bbe4fa6ac6025ae3.json,a1459cfa774a84f481c893e55ff940bf51c734d6994b2d87e62885e6a9e03d4f,1,137974.0,True,2025-05-07,stats,False,False
2025,709,LS086,Veronika Kudermetova,Lucrezia Stefanini,319526,323149,R128,7-5 6-2,completed,present,2025-05-06,2025-05-18,2025-05-07T15:09:11.053+00:00,False,2025-05-07T17:05:49.813+00:00,False,data/raw/wta/stats/_httpcache/2025/bf42969f9023560cad4f42ef5b9df03dc0f974ca7f49a802bbe4fa6ac6025ae3.json,a1459cfa774a84f481c893e55ff940bf51c734d6994b2d87e62885e6a9e03d4f,1,137968.0,True,2025-05-07,stats,False,False
2025,709,LS089,Kamilla Rakhimova,Xinyu Wang,325936,326376,R128,6-3 6-2,completed,present,2025-05-06,2025-05-18,2025-05-07T08:52:14.223+00:00,False,2025-05-07T10:43:26.93+00:00,False,data/raw/wta/stats/_httpcache/2025/bf42969f9023560cad4f42ef5b9df03dc0f974ca7f49a802bbe4fa6ac6025ae3.json,a1459cfa774a84f481c893e55ff940bf51c734d6994b2d87e62885e6a9e03d4f,1,137960.0,True,2025-05-07,stats,False,False
2025,709,LS090,Katie Volynets,Arantxa Rus,327391,313349,R128,6-3 6-3,completed,present,2025-05-06,2025-05-18,2025-05-07T19:30:11.157+00:00,False,2025-05-07T21:13:59.487+00:00,False,data/raw/wta/stats/_httpcache/2025/bf42969f9023560cad4f42ef5b9df03dc0f974ca7f49a802bbe4fa6ac6025ae3.json,a1459cfa774a84f481c893e55ff940bf51c734d6994b2d87e62885e6a9e03d4f,1,137977.0,True,2025-05-07,stats,False,False
2025,709,LS093,Sonay Kartal,Kimberly Birrell,329918,320728,R128,4-6 6-3 6-4,completed,present,2025-05-06,2025-05-18,2025-05-06T14:41:20.23+00:00,False,2025-05-06T17:05:50.573+00:00,False,data/raw/wta/stats/_httpcache/2025/bf42969f9023560cad4f42ef5b9df03dc0f974ca7f49a802bbe4fa6ac6025ae3.json,a1459cfa774a84f481c893e55ff940bf51c734d6994b2d87e62885e6a9e03d4f,1,137954.0,True,2025-05-06,stats,False,False
2025,709,LS094,Emiliana Arango,Viktoriya Tomova,324789,317584,R128,7-6(6) 5-7 6-4,completed,present,2025-05-06,2025-05-18,2025-05-07T16:17:04.193+00:00,False,2025-05-07T19:44:32.86+00:00,False,data/raw/wta/stats/_httpcache/2025/bf42969f9023560cad4f42ef5b9df03dc0f974ca7f49a802bbe4fa6ac6025ae3.json,a1459cfa774a84f481c893e55ff940bf51c734d6994b2d87e62885e6a9e03d4f,1,137971.0,True,2025-05-07,stats,False,False
2025,709,LS097,Lulu Sun,Giorgia Pedone,324576,330372,R128,3-6 6-1 6-3,completed,present,2025-05-06,2025-05-18,2025-05-06T10:29:46.043+00:00,False,2025-05-06T12:29:03.57+00:00,False,data/raw/wta/stats/_httpcache/2025/bf42969f9023560cad4f42ef5b9df03dc0f974ca7f49a802bbe4fa6ac6025ae3.json,a1459cfa774a84f481c893e55ff940bf51c734d6994b2d87e62885e6a9e03d4f,1,137947.0,True,2025-05-06,stats,False,False
2025,709,LS098,Petra Kvitova,Irina-Camelia Begu,314206,313169,R128,7-5 6-1,completed,present,2025-05-06,2025-05-18,2025-05-06T10:40:00.167+00:00,False,2025-05-06T12:29:32.187+00:00,False,data/raw/wta/stats/_httpcache/2025/bf42969f9023560cad4f42ef5b9df03dc0f974ca7f49a802bbe4fa6ac6025ae3.json,a1459cfa774a84f481c893e55ff940bf51c734d6994b2d87e62885e6a9e03d4f,1,137948.0,True,2025-05-06,stats,False,False
2025,709,LS101,Rebecca Sramkova,McCartney Kessler,320228,326678,R128,6-3 6-3,completed,present,2025-05-06,2025-05-18,2025-05-06T12:53:21.65+00:00,False,2025-05-06T14:36:48.337+00:00,False,data/raw/wta/stats/_httpcache/2025/bf42969f9023560cad4f42ef5b9df03dc0f974ca7f49a802bbe4fa6ac6025ae3.json,a1459cfa774a84f481c893e55ff940bf51c734d6994b2d87e62885e6a9e03d4f,1,137952.0,True,2025-05-06,stats,False,False
2025,709,LS102,Lucia Bronzetti,Anastasija Sevastova,322280,313987,R128,6-3 6-4,completed,present,2025-05-06,2025-05-18,2025-05-06T12:36:31.59+00:00,False,2025-05-06T14:16:49.55+00:00,False,data/raw/wta/stats/_httpcache/2025/bf42969f9023560cad4f42ef5b9df03dc0f974ca7f49a802bbe4fa6ac6025ae3.json,a1459cfa774a84f481c893e55ff940bf51c734d6994b2d87e62885e6a9e03d4f,1,137951.0,True,2025-05-06,stats,False,False
2025,709,LS105,Caroline Dolehide,Olivia Gadecki,322052,326653,R128,7-6(5) 5-7 6-2,completed,present,2025-05-06,2025-05-18,2025-05-07T08:47:30.66+00:00,False,2025-05-07T13:25:07.137+00:00,False,data/raw/wta/stats/_httpcache/2025/bf42969f9023560cad4f42ef5b9df03dc0f974ca7f49a802bbe4fa6ac6025ae3.json,a1459cfa774a84f481c893e55ff940bf51c734d6994b2d87e62885e6a9e03d4f,1,137958.0,True,2025-05-07,stats,False,False
2025,709,LS106,Jaqueline Cristian,Alycia Parks,320319,326007,R128,6-2 6-0,completed,present,2025-05-06,2025-05-18,2025-05-06T11:30:42.06+00:00,False,2025-05-06T12:50:14.837+00:00,False,data/raw/wta/stats/_httpcache/2025/bf42969f9023560cad4f42ef5b9df03dc0f974ca7f49a802bbe4fa6ac6025ae3.json,a1459cfa774a84f481c893e55ff940bf51c734d6994b2d87e62885e6a9e03d4f,1,137949.0,True,2025-05-06,stats,False,False
2025,709,LS109,Suzan Lamens,Renata Zarazua,324898,320716,R128,6-1 1-6 6-1,completed,present,2025-05-06,2025-05-18,2025-05-06T12:30:53.77+00:00,False,2025-05-06T14:45:13.433+00:00,False,data/raw/wta/stats/_httpcache/2025/bf42969f9023560cad4f42ef5b9df03dc0f974ca7f49a802bbe4fa6ac6025ae3.json,a1459cfa774a84f481c893e55ff940bf51c734d6994b2d87e62885e6a9e03d4f,1,137950.0,True,2025-05-06,stats,False,False
2025,709,LS110,Ashlyn Krueger,Anna Bondar,329409,322942,R128,4-6 6-2 6-1,completed,present,2025-05-06,2025-05-18,2025-05-07T14:01:50.947+00:00,False,2025-05-07T16:12:58.56+00:00,False,data/raw/wta/stats/_httpcache/2025/bf42969f9023560cad4f42ef5b9df03dc0f974ca7f49a802bbe4fa6ac6025ae3.json,a1459cfa774a84f481c893e55ff940bf51c734d6994b2d87e62885e6a9e03d4f,1,137965.0,True,2025-05-07,stats,False,False
2025,709,LS113,Varvara Gracheva,Ajla Tomljanovic,325836,315232,R128,6-3 6-4,completed,present,2025-05-06,2025-05-18,2025-05-07T10:36:24.79+00:00,False,2025-05-07T13:59:02.567+00:00,False,data/raw/wta/stats/_httpcache/2025/bf42969f9023560cad4f42ef5b9df03dc0f974ca7f49a802bbe4fa6ac6025ae3.json,a1459cfa774a84f481c893e55ff940bf51c734d6994b2d87e62885e6a9e03d4f,1,137961.0,True,2025-05-07,stats,False,False
2025,709,LS114,Peyton Stearns,Nuria Brancaccio,327573,325433,R128,6-3 6-2,completed,present,2025-05-06,2025-05-18,2025-05-06T14:22:48.05+00:00,False,2025-05-06T15:52:06.283+00:00,False,data/raw/wta/stats/_httpcache/2025/bf42969f9023560cad4f42ef5b9df03dc0f974ca7f49a802bbe4fa6ac6025ae3.json,a1459cfa774a84f481c893e55ff940bf51c734d6994b2d87e62885e6a9e03d4f,1,137953.0,True,2025-05-06,stats,False,False
2025,709,LS117,Marie Bouzkova,Mayar Sherif,320983,318711,R128,6-2 7-5,completed,present,2025-05-06,2025-05-18,2025-05-06T14:47:51.22+00:00,False,2025-05-06T17:05:02.537+00:00,False,data/raw/wta/stats/_httpcache/2025/bf42969f9023560cad4f42ef5b9df03dc0f974ca7f49a802bbe4fa6ac6025ae3.json,a1459cfa774a84f481c893e55ff940bf51c734d6994b2d87e62885e6a9e03d4f,1,137955.0,True,2025-05-06,stats,False,False
2025,709,LS118,Naomi Osaka,Sara Errani,319998,310761,R128,6-2 6-3,completed,present,2025-05-06,2025-05-18,2025-05-07T08:45:04.587+00:00,False,2025-05-07T10:28:06.737+00:00,False,data/raw/wta/stats/_httpcache/2025/bf42969f9023560cad4f42ef5b9df03dc0f974ca7f49a802bbe4fa6ac6025ae3.json,a1459cfa774a84f481c893e55ff940bf51c734d6994b2d87e62885e6a9e03d4f,1,137957.0,True,2025-05-07,stats,False,False
2025,709,LS121,Jessica Bouzas Maneiro,Ann Li,328139,326096,R128,6-3 5-7 7-6(3),completed,present,2025-05-06,2025-05-18,2025-05-06T08:48:18.6+00:00,False,2025-05-06T11:27:16.92+00:00,False,data/raw/wta/stats/_httpcache/2025/bf42969f9023560cad4f42ef5b9df03dc0f974ca7f49a802bbe4fa6ac6025ae3.json,a1459cfa774a84f481c893e55ff940bf51c734d6994b2d87e62885e6a9e03d4f,1,137946.0,True,2025-05-06,stats,False,False
2025,709,LS122,Hailey Baptiste,Anna Blinkova,327101,324267,R128,7-6(7) 6-4,completed,present,2025-05-06,2025-05-18,2025-05-07T14:37:45.147+00:00,False,2025-05-07T16:57:16.947+00:00,False,data/raw/wta/stats/_httpcache/2025/bf42969f9023560cad4f42ef5b9df03dc0f974ca7f49a802bbe4fa6ac6025ae3.json,a1459cfa774a84f481c893e55ff940bf51c734d6994b2d87e62885e6a9e03d4f,1,137966.0,True,2025-05-07,stats,False,False
2025,709,LS125,Elena-Gabriela Ruse,Polina Kudermetova,320408,328897,R128,6-7(10) 6-4 6-2,completed,present,2025-05-06,2025-05-18,2025-05-07T12:55:12.187+00:00,False,2025-05-07T15:59:13.993+00:00,False,data/raw/wta/stats/_httpcache/2025/bf42969f9023560cad4f42ef5b9df03dc0f974ca7f49a802bbe4fa6ac6025ae3.json,a1459cfa774a84f481c893e55ff940bf51c734d6994b2d87e62885e6a9e03d4f,1,137962.0,True,2025-05-07,stats,False,False
2025,709,LS126,Elisabetta Cocciaretto,Elina Avanesyan,327909,327620,R128,6-2 4-6 6-1,completed,present,2025-05-06,2025-05-18,2025-05-07T12:58:38.53+00:00,False,2025-05-07T15:06:02.657+00:00,False,data/raw/wta/stats/_httpcache/2025/bf42969f9023560cad4f42ef5b9df03dc0f974ca7f49a802bbe4fa6ac6025ae3.json,a1459cfa774a84f481c893e55ff940bf51c734d6994b2d87e62885e6a9e03d4f,1,137964.0,True,2025-05-07,stats,False,False
2025,718,LS001,Mirra Andreeva,Clara Tauson,331809,327793,F,7-6(1) 6-1,completed,present,2025-02-16,2025-02-22,2025-02-22T14:49:14.43+00:00,False,2025-02-22T16:56:27.807+00:00,False,data/raw/wta/stats/_httpcache/2025/5e1818cc19b6a6967db726c1c7376a6c1f3a199c136844bf3f6532bd322f64e2.json,2ca1bd2489dde30d60c2b6d60e4b8f486bce2cb08e873e1a29ad9cece24010ca,1,136974.0,True,2025-02-22,stats,False,False
2025,718,LS002,Clara Tauson,Karolina Muchova,327793,322191,SF,6-4 6-7(4) 6-3,completed,present,2025-02-16,2025-02-22,2025-02-21T15:27:18.393+00:00,False,2025-02-21T18:35:16.313+00:00,False,data/raw/wta/stats/_httpcache/2025/5e1818cc19b6a6967db726c1c7376a6c1f3a199c136844bf3f6532bd322f64e2.json,2ca1bd2489dde30d60c2b6d60e4b8f486bce2cb08e873e1a29ad9cece24010ca,1,136961.0,True,2025-02-21,stats,False,False
2025,718,LS003,Mirra Andreeva,Elena Rybakina,331809,324166,SF,6-4 4-6 6-3,completed,present,2025-02-16,2025-02-22,2025-02-21T12:55:01.68+00:00,False,2025-02-21T15:24:44.647+00:00,False,data/raw/wta/stats/_httpcache/2025/5e1818cc19b6a6967db726c1c7376a6c1f3a199c136844bf3f6532bd322f64e2.json,2ca1bd2489dde30d60c2b6d60e4b8f486bce2cb08e873e1a29ad9cece24010ca,1,136960.0,True,2025-02-21,stats,False,False
2025,718,LS004,Clara Tauson,Linda Noskova,327793,329668,QF,7-6(4) 6-4,completed,present,2025-02-16,2025-02-22,2025-02-20T11:53:25.79+00:00,False,2025-02-20T13:55:04.683+00:00,False,data/raw/wta/stats/_httpcache/2025/5e1818cc19b6a6967db726c1c7376a6c1f3a199c136844bf3f6532bd322f64e2.json,2ca1bd2489dde30d60c2b6d60e4b8f486bce2cb08e873e1a29ad9cece24010ca,1,136957.0,True,2025-02-20,stats,False,False
2025,718,LS005,Karolina Muchova,Sorana Cirstea,322191,312469,QF,6-2 7-5,completed,present,2025-02-16,2025-02-22,2025-02-20T16:07:14.78+00:00,False,2025-02-20T17:56:06.827+00:00,False,data/raw/wta/stats/_httpcache/2025/5e1818cc19b6a6967db726c1c7376a6c1f3a199c136844bf3f6532bd322f64e2.json,2ca1bd2489dde30d60c2b6d60e4b8f486bce2cb08e873e1a29ad9cece24010ca,1,136959.0,True,2025-02-20,stats,False,False
2025,718,LS006,Elena Rybakina,Sofia Kenin,324166,320942,QF,6-2 7-6(2),completed,present,2025-02-16,2025-02-22,2025-02-20T14:23:32.497+00:00,False,2025-02-20T16:05:33.62+00:00,False,data/raw/wta/stats/_httpcache/2025/5e1818cc19b6a6967db726c1c7376a6c1f3a199c136844bf3f6532bd322f64e2.json,2ca1bd2489dde30d60c2b6d60e4b8f486bce2cb08e873e1a29ad9cece24010ca,1,136958.0,True,2025-02-20,stats,False,False
2025,718,LS007,Mirra Andreeva,Iga Swiatek,331809,326408,QF,6-3 6-3,completed,present,2025-02-16,2025-02-22,2025-02-20T09:50:45.407+00:00,False,2025-02-20T11:48:56.403+00:00,False,data/raw/wta/stats/_httpcache/2025/5e1818cc19b6a6967db726c1c7376a6c1f3a199c136844bf3f6532bd322f64e2.json,2ca1bd2489dde30d60c2b6d60e4b8f486bce2cb08e873e1a29ad9cece24010ca,1,136956.0,True,2025-02-20,stats,False,False
2025,718,LS008,Clara Tauson,Aryna Sabalenka,327793,320760,R16,6-3 6-2,completed,present,2025-02-16,2025-02-22,2025-02-19T14:21:08.21+00:00,False,2025-02-19T16:05:12.777+00:00,False,data/raw/wta/stats/_httpcache/2025/5e1818cc19b6a6967db726c1c7376a6c1f3a199c136844bf3f6532bd322f64e2.json,2ca1bd2489dde30d60c2b6d60e4b8f486bce2cb08e873e1a29ad9cece24010ca,1,136954.0,True,2025-02-19,stats,False,False
2025,718,LS009,Linda Noskova,Jessica Pegula,329668,316956,R16,6-3 7-6(8),completed,present,2025-02-16,2025-02-22,2025-02-19T09:08:54.25+00:00,False,2025-02-19T10:58:33.207+00:00,False,data/raw/wta/stats/_httpcache/2025/5e1818cc19b6a6967db726c1c7376a6c1f3a199c136844bf3f6532bd322f64e2.json,2ca1bd2489dde30d60c2b6d60e4b8f486bce2cb08e873e1a29ad9cece24010ca,1,136949.0,True,2025-02-19,stats,False,False
2025,718,LS010,Karolina Muchova,McCartney Kessler,322191,326678,R16,6-3 1-6 7-6(5),completed,present,2025-02-16,2025-02-22,2025-02-19T13:20:44.87+00:00,False,2025-02-19T16:14:45.613+00:00,False,data/raw/wta/stats/_httpcache/2025/5e1818cc19b6a6967db726c1c7376a6c1f3a199c136844bf3f6532bd322f64e2.json,2ca1bd2489dde30d60c2b6d60e4b8f486bce2cb08e873e1a29ad9cece24010ca,1,136953.0,True,2025-02-19,stats,False,False
2025,718,LS011,Sorana Cirstea,Emma Navarro,312469,325410,R16,7-6(5) 3-6 7-5,completed,present,2025-02-16,2025-02-22,2025-02-19T16:08:21.057+00:00,False,2025-02-19T19:25:25.217+00:00,False,data/raw/wta/stats/_httpcache/2025/5e1818cc19b6a6967db726c1c7376a6c1f3a199c136844bf3f6532bd322f64e2.json,2ca1bd2489dde30d60c2b6d60e4b8f486bce2cb08e873e1a29ad9cece24010ca,1,136955.0,True,2025-02-19,stats,False,False
2025,718,LS012,Elena Rybakina,Paula Badosa,324166,320124,R16,4-6 7-6(8) 7-6(2),completed,present,2025-02-16,2025-02-22,2025-02-19T09:50:53.45+00:00,False,2025-02-19T12:54:37.21+00:00,False,data/raw/wta/stats/_httpcache/2025/5e1818cc19b6a6967db726c1c7376a6c1f3a199c136844bf3f6532bd322f64e2.json,2ca1bd2489dde30d60c2b6d60e4b8f486bce2cb08e873e1a29ad9cece24010ca,1,136950.0,True,2025-02-19,stats,False,False
2025,718,LS013,Sofia Kenin,Jasmine Paolini,320942,319280,R16,6-4 6-0,completed,present,2025-02-16,2025-02-22,2025-02-19T08:45:11.08+00:00,False,2025-02-19T10:13:33.307+00:00,False,data/raw/wta/stats/_httpcache/2025/5e1818cc19b6a6967db726c1c7376a6c1f3a199c136844bf3f6532bd322f64e2.json,2ca1bd2489dde30d60c2b6d60e4b8f486bce2cb08e873e1a29ad9cece24010ca,1,136948.0,True,2025-02-19,stats,False,False
2025,718,LS014,Mirra Andreeva,Peyton Stearns,331809,327573,R16,6-1 6-1,completed,present,2025-02-16,2025-02-22,2025-02-19T12:03:04.207+00:00,False,2025-02-19T13:39:05.407+00:00,False,data/raw/wta/stats/_httpcache/2025/5e1818cc19b6a6967db726c1c7376a6c1f3a199c136844bf3f6532bd322f64e2.json,2ca1bd2489dde30d60c2b6d60e4b8f486bce2cb08e873e1a29ad9cece24010ca,1,136952.0,True,2025-02-19,stats,False,False
2025,718,LS015,Iga Swiatek,Dayana Yastremska,326408,324261,R16,7-5 6-0,completed,present,2025-02-16,2025-02-22,2025-02-19T09:51:23.427+00:00,False,2025-02-19T11:40:20.187+00:00,False,data/raw/wta/stats/_httpcache/2025/5e1818cc19b6a6967db726c1c7376a6c1f3a199c136844bf3f6532bd322f64e2.json,2ca1bd2489dde30d60c2b6d60e4b8f486bce2cb08e873e1a29ad9cece24010ca,1,136951.0,True,2025-02-19,stats,False,False
2025,718,LS016,Aryna Sabalenka,Veronika Kudermetova,320760,319526,R32,6-3 6-4,completed,present,2025-02-16,2025-02-22,2025-02-18T16:58:43.32+00:00,False,2025-02-18T19:10:58.307+00:00,False,data/raw/wta/stats/_httpcache/2025/5e1818cc19b6a6967db726c1c7376a6c1f3a199c136844bf3f6532bd322f64e2.json,2ca1bd2489dde30d60c2b6d60e4b8f486bce2cb08e873e1a29ad9cece24010ca,1,136941.0,True,2025-02-18,stats,False,False
2025,718,LS017,Clara Tauson,Elina Svitolina,327793,316738,R32,7-6(5) 3-6 7-6(4),completed,present,2025-02-16,2025-02-22,2025-02-18T17:42:41.193+00:00,False,2025-02-18T20:39:39.703+00:00,False,data/raw/wta/stats/_httpcache/2025/5e1818cc19b6a6967db726c1c7376a6c1f3a199c136844bf3f6532bd322f64e2.json,2ca1bd2489dde30d60c2b6d60e4b8f486bce2cb08e873e1a29ad9cece24010ca,1,136943.0,True,2025-02-18,stats,False,False
2025,718,LS018,Linda Noskova,Diana Shnaider,329668,330482,R32,7-6(8) 4-6 6-3,completed,present,2025-02-16,2025-02-22,2025-02-18T06:43:44.483+00:00,False,2025-02-18T10:18:02.997+00:00,False,data/raw/wta/stats/_httpcache/2025/5e1818cc19b6a6967db726c1c7376a6c1f3a199c136844bf3f6532bd322f64e2.json,2ca1bd2489dde30d60c2b6d60e4b8f486bce2cb08e873e1a29ad9cece24010ca,1,136932.0,True,2025-02-18,stats,False,False
2025,718,LS019,Jessica Pegula,Liudmila Samsonova,316956,322222,R32,6-0 6-4,completed,present,2025-02-16,2025-02-22,2025-02-18T08:29:00.887+00:00,False,2025-02-18T16:32:02.15+00:00,False,data/raw/wta/stats/_httpcache/2025/5e1818cc19b6a6967db726c1c7376a6c1f3a199c136844bf3f6532bd322f64e2.json,2ca1bd2489dde30d60c2b6d60e4b8f486bce2cb08e873e1a29ad9cece24010ca,1,136937.0,True,2025-02-18,stats,False,False
2025,718,LS020,McCartney Kessler,Coco Gauff,326678,328560,R32,6-4 7-5,completed,present,2025-02-16,2025-02-22,2025-02-18T16:35:19.2+00:00,False,2025-02-18T18:25:37.177+00:00,False,data/raw/wta/stats/_httpcache/2025/5e1818cc19b6a6967db726c1c7376a6c1f3a199c136844bf3f6532bd322f64e2.json,2ca1bd2489dde30d60c2b6d60e4b8f486bce2cb08e873e1a29ad9cece24010ca,1,136940.0,True,2025-02-18,stats,False,False
2025,718,LS021,Karolina Muchova,Emma Raducanu,322191,328366,R32,7-6(6) 6-4,completed,present,2025-02-16,2025-02-22,2025-02-18T17:06:58.51+00:00,False,2025-02-18T19:51:41.997+00:00,False,data/raw/wta/stats/_httpcache/2025/5e1818cc19b6a6967db726c1c7376a6c1f3a199c136844bf3f6532bd322f64e2.json,2ca1bd2489dde30d60c2b6d60e4b8f486bce2cb08e873e1a29ad9cece24010ca,1,136942.0,True,2025-02-18,stats,False,False
2025,718,LS022,Sorana Cirstea,Alycia Parks,312469,326007,R32,3-6 6-4 6-1,completed,present,2025-02-16,2025-02-22,2025-02-19T06:49:55.417+00:00,False,2025-02-19T09:05:29.167+00:00,False,data/raw/wta/stats/_httpcache/2025/5e1818cc19b6a6967db726c1c7376a6c1f3a199c136844bf3f6532bd322f64e2.json,2ca1bd2489dde30d60c2b6d60e4b8f486bce2cb08e873e1a29ad9cece24010ca,1,136945.0,True,2025-02-19,stats,False,False
2025,718,LS023,Emma Navarro,Belinda Bencic,325410,319001,R32,7-6(6) 2-6 6-3,completed,present,2025-02-16,2025-02-22,2025-02-19T06:51:25.79+00:00,False,2025-02-19T09:48:25.48+00:00,False,data/raw/wta/stats/_httpcache/2025/5e1818cc19b6a6967db726c1c7376a6c1f3a199c136844bf3f6532bd322f64e2.json,2ca1bd2489dde30d60c2b6d60e4b8f486bce2cb08e873e1a29ad9cece24010ca,1,136947.0,True,2025-02-19,stats,False,False
2025,718,LS024,Elena Rybakina,Moyuka Uchijima,324166,327241,R32,6-3 6-2,completed,present,2025-02-16,2025-02-22,2025-02-18T06:49:18.553+00:00,False,2025-02-18T08:23:45.497+00:00,False,data/raw/wta/stats/_httpcache/2025/5e1818cc19b6a6967db726c1c7376a6c1f3a199c136844bf3f6532bd322f64e2.json,2ca1bd2489dde30d60c2b6d60e4b8f486bce2cb08e873e1a29ad9cece24010ca,1,136935.0,True,2025-02-18,stats,False,False
2025,718,LS025,Paula Badosa,Elise Mertens,320124,317964,R32,6-2 6-1,completed,present,2025-02-16,2025-02-22,2025-02-18T06:46:36.38+00:00,False,2025-02-18T08:23:18.943+00:00,False,data/raw/wta/stats/_httpcache/2025/5e1818cc19b6a6967db726c1c7376a6c1f3a199c136844bf3f6532bd322f64e2.json,2ca1bd2489dde30d60c2b6d60e4b8f486bce2cb08e873e1a29ad9cece24010ca,1,136933.0,True,2025-02-18,stats,False,False
2025,718,LS026,Sofia Kenin,Marta Kostyuk,320942,326482,R32,5-7 7-6(7) 7-6(5),completed,present,2025-02-16,2025-02-22,2025-02-18T08:26:15.333+00:00,False,2025-02-18T17:39:32.743+00:00,False,data/raw/wta/stats/_httpcache/2025/5e1818cc19b6a6967db726c1c7376a6c1f3a199c136844bf3f6532bd322f64e2.json,2ca1bd2489dde30d60c2b6d60e4b8f486bce2cb08e873e1a29ad9cece24010ca,1,136936.0,True,2025-02-18,stats,False,False
2025,718,LS027,Jasmine Paolini,Eva Lys,319280,325826,R32,6-2 7-5,completed,present,2025-02-16,2025-02-22,2025-02-18T06:47:52.24+00:00,False,2025-02-18T15:11:46.243+00:00,False,data/raw/wta/stats/_httpcache/2025/5e1818cc19b6a6967db726c1c7376a6c1f3a199c136844bf3f6532bd322f64e2.json,2ca1bd2489dde30d60c2b6d60e4b8f486bce2cb08e873e1a29ad9cece24010ca,1,136934.0,True,2025-02-18,stats,False,False
2025,718,LS028,Peyton Stearns,Qinwen Zheng,327573,328120,R32,3-6 6-4 6-4,completed,present,2025-02-16,2025-02-22,2025-02-19T06:50:38.117+00:00,False,2025-02-19T09:47:48.25+00:00,False,data/raw/wta/stats/_httpcache/2025/5e1818cc19b6a6967db726c1c7376a6c1f3a199c136844bf3f6532bd322f64e2.json,2ca1bd2489dde30d60c2b6d60e4b8f486bce2cb08e873e1a29ad9cece24010ca,1,136946.0,True,2025-02-19,stats,False,False
2025,718,LS029,Mirra Andreeva,Marketa Vondrousova,331809,323027,R32,7-5 6-0,completed,present,2025-02-16,2025-02-22,2025-02-19T06:49:26.63+00:00,False,2025-02-19T08:29:13.857+00:00,False,data/raw/wta/stats/_httpcache/2025/5e1818cc19b6a6967db726c1c7376a6c1f3a199c136844bf3f6532bd322f64e2.json,2ca1bd2489dde30d60c2b6d60e4b8f486bce2cb08e873e1a29ad9cece24010ca,1,136944.0,True,2025-02-19,stats,False,False
2025,718,LS030,Dayana Yastremska,Anastasia Potapova,324261,325601,R32,6-2 6-3,completed,present,2025-02-16,2025-02-22,2025-02-18T15:23:19.053+00:00,False,2025-02-18T17:03:22.79+00:00,False,data/raw/wta/stats/_httpcache/2025/5e1818cc19b6a6967db726c1c7376a6c1f3a199c136844bf3f6532bd322f64e2.json,2ca1bd2489dde30d60c2b6d60e4b8f486bce2cb08e873e1a29ad9cece24010ca,1,136939.0,True,2025-02-18,stats,False,False
2025,718,LS031,Iga Swiatek,Victoria Azarenka,326408,312001,R32,6-0 6-2,completed,present,2025-02-16,2025-02-22,2025-02-18T15:13:38.483+00:00,False,2025-02-18T16:52:31.39+00:00,False,data/raw/wta/stats/_httpcache/2025/5e1818cc19b6a6967db726c1c7376a6c1f3a199c136844bf3f6532bd322f64e2.json,2ca1bd2489dde30d60c2b6d60e4b8f486bce2cb08e873e1a29ad9cece24010ca,1,136938.0,True,2025-02-18,stats,False,False
2025,718,LS033,Veronika Kudermetova,Ekaterina Alexandrova,319526,319007,R64,3-6 6-4 6-3,completed,present,2025-02-16,2025-02-22,2025-02-17T13:13:46.88+00:00,False,2025-02-17T15:39:11.283+00:00,False,data/raw/wta/stats/_httpcache/2025/5e1818cc19b6a6967db726c1c7376a6c1f3a199c136844bf3f6532bd322f64e2.json,2ca1bd2489dde30d60c2b6d60e4b8f486bce2cb08e873e1a29ad9cece24010ca,1,136929.0,True,2025-02-17,stats,False,False
2025,718,LS034,Clara Tauson,Rebecca Sramkova,327793,320228,R64,7-6(7) 6-0,completed,present,2025-02-16,2025-02-22,2025-02-17T09:48:34.207+00:00,False,2025-02-17T11:32:27.543+00:00,False,data/raw/wta/stats/_httpcache/2025/5e1818cc19b6a6967db726c1c7376a6c1f3a199c136844bf3f6532bd322f64e2.json,2ca1bd2489dde30d60c2b6d60e4b8f486bce2cb08e873e1a29ad9cece24010ca,1,136925.0,True,2025-02-17,stats,False,False
2025,718,LS035,Elina Svitolina,Anna Kalinskaya,316738,323942,R64,6-1 6-2,completed,present,2025-02-16,2025-02-22,2025-02-16T14:18:36.093+00:00,False,2025-02-16T15:45:42.89+00:00,False,data/raw/wta/stats/_httpcache/2025/5e1818cc19b6a6967db726c1c7376a6c1f3a199c136844bf3f6532bd322f64e2.json,2ca1bd2489dde30d60c2b6d60e4b8f486bce2cb08e873e1a29ad9cece24010ca,1,136918.0,True,2025-02-16,stats,False,False
2025,718,LS036,Diana Shnaider,Magdalena Frech,330482,320277,R64,6-2 6-2,completed,present,2025-02-16,2025-02-22,2025-02-17T06:43:49.833+00:00,False,2025-02-17T08:26:49.51+00:00,False,data/raw/wta/stats/_httpcache/2025/5e1818cc19b6a6967db726c1c7376a6c1f3a199c136844bf3f6532bd322f64e2.json,2ca1bd2489dde30d60c2b6d60e4b8f486bce2cb08e873e1a29ad9cece24010ca,1,136921.0,True,2025-02-17,stats,False,False
2025,718,LS037,Linda Noskova,Yulia Putintseva,329668,317683,R64,6-2 7-6(5),completed,present,2025-02-16,2025-02-22,2025-02-16T08:40:41.367+00:00,False,2025-02-16T10:24:25.033+00:00,False,data/raw/wta/stats/_httpcache/2025/5e1818cc19b6a6967db726c1c7376a6c1f3a199c136844bf3f6532bd322f64e2.json,2ca1bd2489dde30d60c2b6d60e4b8f486bce2cb08e873e1a29ad9cece24010ca,1,136913.0,True,2025-02-16,stats,False,False
2025,718,LS038,Liudmila Samsonova,Anastasia Pavlyuchenkova,322222,313796,R64,6-2 6-2,completed,present,2025-02-16,2025-02-22,2025-02-16T10:26:26.133+00:00,False,2025-02-16T11:47:48.217+00:00,False,data/raw/wta/stats/_httpcache/2025/5e1818cc19b6a6967db726c1c7376a6c1f3a199c136844bf3f6532bd322f64e2.json,2ca1bd2489dde30d60c2b6d60e4b8f486bce2cb08e873e1a29ad9cece24010ca,1,136915.0,True,2025-02-16,stats,False,False
2025,718,LS041,McCartney Kessler,Amanda Anisimova,326678,326384,R64,6-2 6-3,completed,present,2025-02-16,2025-02-22,2025-02-17T11:50:04.48+00:00,False,2025-02-17T13:12:44.22+00:00,False,data/raw/wta/stats/_httpcache/2025/5e1818cc19b6a6967db726c1c7376a6c1f3a199c136844bf3f6532bd322f64e2.json,2ca1bd2489dde30d60c2b6d60e4b8f486bce2cb08e873e1a29ad9cece24010ca,1,136928.0,True,2025-02-17,stats,False,False
2025,718,LS042,Emma Raducanu,Maria Sakkari,328366,318312,R64,6-4 6-2,completed,present,2025-02-16,2025-02-22,2025-02-16T15:48:40.967+00:00,False,2025-02-16T17:35:23.527+00:00,False,data/raw/wta/stats/_httpcache/2025/5e1818cc19b6a6967db726c1c7376a6c1f3a199c136844bf3f6532bd322f64e2.json,2ca1bd2489dde30d60c2b6d60e4b8f486bce2cb08e873e1a29ad9cece24010ca,1,136919.0,True,2025-02-16,stats,False,False
2025,718,LS043,Karolina Muchova,Suzan Lamens,322191,324898,R64,6-2 6-2,completed,present,2025-02-16,2025-02-22,2025-02-16T13:11:09.01+00:00,False,2025-02-16T14:39:07.857+00:00,False,data/raw/wta/stats/_httpcache/2025/5e1818cc19b6a6967db726c1c7376a6c1f3a199c136844bf3f6532bd322f64e2.json,2ca1bd2489dde30d60c2b6d60e4b8f486bce2cb08e873e1a29ad9cece24010ca,1,136917.0,True,2025-02-16,stats,False,False
2025,718,LS044,Sorana Cirstea,Daria Kasatkina,312469,322082,R64,6-1 6-4,completed,present,2025-02-16,2025-02-22,2025-02-17T08:28:01.373+00:00,False,2025-02-17T09:55:24.793+00:00,False,data/raw/wta/stats/_httpcache/2025/5e1818cc19b6a6967db726c1c7376a6c1f3a199c136844bf3f6532bd322f64e2.json,2ca1bd2489dde30d60c2b6d60e4b8f486bce2cb08e873e1a29ad9cece24010ca,1,136923.0,True,2025-02-17,stats,False,False
2025,718,LS045,Alycia Parks,Xinyu Wang,326007,326376,R64,6-3 6-3,completed,present,2025-02-16,2025-02-22,2025-02-16T06:41:35.87+00:00,False,2025-02-16T08:24:44.55+00:00,False,data/raw/wta/stats/_httpcache/2025/5e1818cc19b6a6967db726c1c7376a6c1f3a199c136844bf3f6532bd322f64e2.json,2ca1bd2489dde30d60c2b6d60e4b8f486bce2cb08e873e1a29ad9cece24010ca,1,136908.0,True,2025-02-16,stats,False,False
2025,718,LS046,Belinda Bencic,Aoi Ito,319001,329009,R64,6-0 6-2,completed,present,2025-02-16,2025-02-22,2025-02-16T10:23:05.213+00:00,False,2025-02-16T11:43:12.763+00:00,False,data/raw/wta/stats/_httpcache/2025/5e1818cc19b6a6967db726c1c7376a6c1f3a199c136844bf3f6532bd322f64e2.json,2ca1bd2489dde30d60c2b6d60e4b8f486bce2cb08e873e1a29ad9cece24010ca,1,136914.0,True,2025-02-16,stats,False,False
2025,718,LS049,Moyuka Uchijima,Jelena Ostapenko,327241,319939,R64,6-3 6-3,completed,present,2025-02-16,2025-02-22,2025-02-17T10:05:23.32+00:00,False,2025-02-17T11:48:16.697+00:00,False,data/raw/wta/stats/_httpcache/2025/5e1818cc19b6a6967db726c1c7376a6c1f3a199c136844bf3f6532bd322f64e2.json,2ca1bd2489dde30d60c2b6d60e4b8f486bce2cb08e873e1a29ad9cece24010ca,1,136927.0,True,2025-02-17,stats,False,False
2025,718,LS050,Elise Mertens,Leylah Fernandez,317964,326735,R64,6-2 6-2,completed,present,2025-02-16,2025-02-22,2025-02-16T06:43:51.137+00:00,False,2025-02-16T08:37:54.837+00:00,False,data/raw/wta/stats/_httpcache/2025/5e1818cc19b6a6967db726c1c7376a6c1f3a199c136844bf3f6532bd322f64e2.json,2ca1bd2489dde30d60c2b6d60e4b8f486bce2cb08e873e1a29ad9cece24010ca,1,136909.0,True,2025-02-16,stats,False,False
2025,718,LS051,Paula Badosa,Lulu Sun,320124,324576,R64,6-3 6-4,completed,present,2025-02-16,2025-02-22,2025-02-16T06:47:18.5+00:00,False,2025-02-16T08:30:31.763+00:00,False,data/raw/wta/stats/_httpcache/2025/5e1818cc19b6a6967db726c1c7376a6c1f3a199c136844bf3f6532bd322f64e2.json,2ca1bd2489dde30d60c2b6d60e4b8f486bce2cb08e873e1a29ad9cece24010ca,1,136910.0,True,2025-02-16,stats,False,False
2025,718,LS052,Sofia Kenin,Donna Vekic,320942,318516,R64,7-5 6-3,completed,present,2025-02-16,2025-02-22,2025-02-16T08:35:58.303+00:00,False,2025-02-16T10:21:06.447+00:00,False,data/raw/wta/stats/_httpcache/2025/5e1818cc19b6a6967db726c1c7376a6c1f3a199c136844bf3f6532bd322f64e2.json,2ca1bd2489dde30d60c2b6d60e4b8f486bce2cb08e873e1a29ad9cece24010ca,1,136912.0,True,2025-02-16,stats,False,False
2025,718,LS053,Marta Kostyuk,Katerina Siniakova,326482,320301,R64,6-3 6-4,completed,present,2025-02-16,2025-02-22,2025-02-17T08:28:59.63+00:00,False,2025-02-17T10:03:20.733+00:00,False,data/raw/wta/stats/_httpcache/2025/5e1818cc19b6a6967db726c1c7376a6c1f3a199c136844bf3f6532bd322f64e2.json,2ca1bd2489dde30d60c2b6d60e4b8f486bce2cb08e873e1a29ad9cece24010ca,1,136924.0,True,2025-02-17,stats,False,False
2025,718,LS054,Eva Lys,Irina-Camelia Begu,325826,313169,R64,5-7 7-5 6-3,completed,present,2025-02-16,2025-02-22,2025-02-17T06:45:28.157+00:00,False,2025-02-17T09:45:18.893+00:00,False,data/raw/wta/stats/_httpcache/2025/5e1818cc19b6a6967db726c1c7376a6c1f3a199c136844bf3f6532bd322f64e2.json,2ca1bd2489dde30d60c2b6d60e4b8f486bce2cb08e873e1a29ad9cece24010ca,1,136922.0,True,2025-02-17,stats,False,False
2025,718,LS057,Peyton Stearns,Ons Jabeur,327573,316847,R64,7-6(6) 6-4,completed,present,2025-02-16,2025-02-22,2025-02-17T14:20:15.257+00:00,False,2025-02-17T16:35:54.307+00:00,False,data/raw/wta/stats/_httpcache/2025/5e1818cc19b6a6967db726c1c7376a6c1f3a199c136844bf3f6532bd322f64e2.json,2ca1bd2489dde30d60c2b6d60e4b8f486bce2cb08e873e1a29ad9cece24010ca,1,136930.0,True,2025-02-17,stats,False,False
2025,718,LS058,Marketa Vondrousova,Caroline Garcia,323027,315391,R64,6-2 6-2,completed,present,2025-02-16,2025-02-22,2025-02-16T11:51:37.157+00:00,False,2025-02-16T13:08:33.503+00:00,False,data/raw/wta/stats/_httpcache/2025/5e1818cc19b6a6967db726c1c7376a6c1f3a199c136844bf3f6532bd322f64e2.json,2ca1bd2489dde30d60c2b6d60e4b8f486bce2cb08e873e1a29ad9cece24010ca,1,136916.0,True,2025-02-16,stats,False,False
2025,718,LS059,Mirra Andreeva,Elina Avanesyan,331809,327620,R64,6-2 6-1,completed,present,2025-02-16,2025-02-22,2025-02-17T16:38:29.693+00:00,False,2025-02-17T17:55:20.87+00:00,False,data/raw/wta/stats/_httpcache/2025/5e1818cc19b6a6967db726c1c7376a6c1f3a199c136844bf3f6532bd322f64e2.json,2ca1bd2489dde30d60c2b6d60e4b8f486bce2cb08e873e1a29ad9cece24010ca,1,136931.0,True,2025-02-17,stats,False,False
2025,718,LS060,Anastasia Potapova,Beatriz Haddad Maia,325601,318176,R64,6-3 6-0,completed,present,2025-02-16,2025-02-22,2025-02-17T06:41:08.06+00:00,False,2025-02-17T08:25:01.78+00:00,False,data/raw/wta/stats/_httpcache/2025/5e1818cc19b6a6967db726c1c7376a6c1f3a199c136844bf3f6532bd322f64e2.json,2ca1bd2489dde30d60c2b6d60e4b8f486bce2cb08e873e1a29ad9cece24010ca,1,136920.0,True,2025-02-17,stats,False,False
2025,718,LS061,Dayana Yastremska,Magda Linette,324261,315130,R64,6-3 7-5,completed,present,2025-02-16,2025-02-22,2025-02-16T08:26:58.203+00:00,False,2025-02-16T10:27:56.863+00:00,False,data/raw/wta/stats/_httpcache/2025/5e1818cc19b6a6967db726c1c7376a6c1f3a199c136844bf3f6532bd322f64e2.json,2ca1bd2489dde30d60c2b6d60e4b8f486bce2cb08e873e1a29ad9cece24010ca,1,136911.0,True,2025-02-16,stats,False,False
2025,718,LS062,Victoria Azarenka,Anhelina Kalinina,312001,320567,R64,2-6 7-6(4) 6-4,completed,present,2025-02-16,2025-02-22,2025-02-17T09:59:18.05+00:00,False,2025-02-17T13:09:29.9+00:00,False,data/raw/wta/stats/_httpcache/2025/5e1818cc19b6a6967db726c1c7376a6c1f3a199c136844bf3f6532bd322f64e2.json,2ca1bd2489dde30d60c2b6d60e4b8f486bce2cb08e873e1a29ad9cece24010ca,1,136926.0,True,2025-02-17,stats,False,False
2025,800,LS001,Aryna Sabalenka,Polina Kudermetova,320760,328897,F,4-6 6-3 6-2,completed,present,2024-12-29,2025-01-05,2025-01-05T06:20:33.707+00:00,False,2025-01-05T08:27:30.59+00:00,False,data/raw/wta/stats/_httpcache/2024/21121a07d012d67de70b65a41969fcb5a936dd13d61d71236fa631face09af50.json,45ad33ea353c3dfed8946cf66c67fe36a3e1ce340a7a6701b8a9484ee3919ed3,1,136367.0,True,2025-01-05,stats,False,False
2025,800,LS002,Aryna Sabalenka,Mirra Andreeva,320760,331809,SF,6-3 6-2,completed,present,2024-12-29,2025-01-05,2025-01-04T08:29:20.357+00:00,False,2025-01-04T10:07:51.85+00:00,False,data/raw/wta/stats/_httpcache/2024/21121a07d012d67de70b65a41969fcb5a936dd13d61d71236fa631face09af50.json,45ad33ea353c3dfed8946cf66c67fe36a3e1ce340a7a6701b8a9484ee3919ed3,1,136357.0,True,2025-01-04,stats,False,False
2025,800,LS003,Polina Kudermetova,Anhelina Kalinina,328897,320567,SF,6-4 6-3,completed,present,2024-12-29,2025-01-05,2025-01-04T01:44:51.307+00:00,False,2025-01-04T03:33:46.94+00:00,False,data/raw/wta/stats/_httpcache/2024/21121a07d012d67de70b65a41969fcb5a936dd13d61d71236fa631face09af50.json,45ad33ea353c3dfed8946cf66c67fe36a3e1ce340a7a6701b8a9484ee3919ed3,1,136356.0,True,2025-01-04,stats,False,False
2025,800,LS004,Aryna Sabalenka,Marie Bouzkova,320760,320983,QF,6-3 6-4,completed,present,2024-12-29,2025-01-05,2025-01-03T08:16:55.427+00:00,False,2025-01-03T10:25:42.637+00:00,False,data/raw/wta/stats/_httpcache/2024/21121a07d012d67de70b65a41969fcb5a936dd13d61d71236fa631face09af50.json,45ad33ea353c3dfed8946cf66c67fe36a3e1ce340a7a6701b8a9484ee3919ed3,1,136330.0,True,2025-01-03,stats,False,False
2025,800,LS005,Mirra Andreeva,Ons Jabeur,331809,316847,QF,6-4 7-6(2),completed,present,2024-12-29,2025-01-05,2025-01-03T03:53:42.25+00:00,False,2025-01-03T05:37:58.633+00:00,False,data/raw/wta/stats/_httpcache/2024/21121a07d012d67de70b65a41969fcb5a936dd13d61d71236fa631face09af50.json,45ad33ea353c3dfed8946cf66c67fe36a3e1ce340a7a6701b8a9484ee3919ed3,1,136328.0,True,2025-01-03,stats,False,False
2025,800,LS006,Polina Kudermetova,Ashlyn Krueger,328897,329409,QF,7-6(5) 6-3,completed,present,2024-12-29,2025-01-05,2025-01-03T05:00:45.117+00:00,False,2025-01-03T06:33:58.793+00:00,False,data/raw/wta/stats/_httpcache/2024/21121a07d012d67de70b65a41969fcb5a936dd13d61d71236fa631face09af50.json,45ad33ea353c3dfed8946cf66c67fe36a3e1ce340a7a6701b8a9484ee3919ed3,1,136329.0,True,2025-01-03,stats,False,False
2025,800,LS007,Anhelina Kalinina,Kimberly Birrell,320567,320728,QF,4-6 6-1 7-5,completed,present,2024-12-29,2025-01-05,2025-01-03T00:48:50.83+00:00,False,2025-01-03T03:50:25.747+00:00,False,data/raw/wta/stats/_httpcache/2024/21121a07d012d67de70b65a41969fcb5a936dd13d61d71236fa631face09af50.json,45ad33ea353c3dfed8946cf66c67fe36a3e1ce340a7a6701b8a9484ee3919ed3,1,136327.0,True,2025-01-03,stats,False,False
2025,800,LS008,Aryna Sabalenka,Yulia Putintseva,320760,317683,R16,7-6(2) 6-4,completed,present,2024-12-29,2025-01-05,2025-01-02T10:06:08.28+00:00,False,2025-01-02T12:05:12.897+00:00,False,data/raw/wta/stats/_httpcache/2024/21121a07d012d67de70b65a41969fcb5a936dd13d61d71236fa631face09af50.json,45ad33ea353c3dfed8946cf66c67fe36a3e1ce340a7a6701b8a9484ee3919ed3,1,136316.0,True,2025-01-02,stats,False,False
2025,800,LS009,Marie Bouzkova,Victoria Azarenka,320983,312001,R16,6-4 6-4,completed,present,2024-12-29,2025-01-05,2025-01-02T06:16:56.13+00:00,False,2025-01-02T08:48:56.273+00:00,False,data/raw/wta/stats/_httpcache/2024/21121a07d012d67de70b65a41969fcb5a936dd13d61d71236fa631face09af50.json,45ad33ea353c3dfed8946cf66c67fe36a3e1ce340a7a6701b8a9484ee3919ed3,1,136315.0,True,2025-01-02,stats,False,False
2025,800,LS010,Ons Jabeur,Elina Avanesyan,316847,327620,R16,6-4 1-6 6-4,completed,present,2024-12-29,2025-01-05,2025-01-02T05:52:09.52+00:00,False,2025-01-02T07:53:02.643+00:00,False,data/raw/wta/stats/_httpcache/2024/21121a07d012d67de70b65a41969fcb5a936dd13d61d71236fa631face09af50.json,45ad33ea353c3dfed8946cf66c67fe36a3e1ce340a7a6701b8a9484ee3919ed3,1,136314.0,True,2025-01-02,stats,False,False
2025,800,LS011,Mirra Andreeva,Linda Noskova,331809,329668,R16,6-3 6-0,completed,present,2024-12-29,2025-01-05,2025-01-02T04:53:02.66+00:00,False,2025-01-02T06:12:50.12+00:00,False,data/raw/wta/stats/_httpcache/2024/21121a07d012d67de70b65a41969fcb5a936dd13d61d71236fa631face09af50.json,45ad33ea353c3dfed8946cf66c67fe36a3e1ce340a7a6701b8a9484ee3919ed3,1,136313.0,True,2025-01-02,stats,False,False
2025,800,LS012,Ashlyn Krueger,Suzan Lamens,329409,324898,R16,7-5 6-0,completed,present,2024-12-29,2025-01-05,2025-01-02T02:24:20.757+00:00,False,2025-01-02T03:47:18.297+00:00,False,data/raw/wta/stats/_httpcache/2024/21121a07d012d67de70b65a41969fcb5a936dd13d61d71236fa631face09af50.json,45ad33ea353c3dfed8946cf66c67fe36a3e1ce340a7a6701b8a9484ee3919ed3,1,136310.0,True,2025-01-02,stats,False,False
2025,800,LS013,Polina Kudermetova,Daria Kasatkina,328897,322082,R16,1-6 6-2 7-5,completed,present,2024-12-29,2025-01-05,2025-01-02T03:01:03.5+00:00,False,2025-01-02T05:02:22.743+00:00,False,data/raw/wta/stats/_httpcache/2024/21121a07d012d67de70b65a41969fcb5a936dd13d61d71236fa631face09af50.json,45ad33ea353c3dfed8946cf66c67fe36a3e1ce340a7a6701b8a9484ee3919ed3,1,136311.0,True,2025-01-02,stats,False,False
2025,800,LS014,Anhelina Kalinina,Yue Yuan,320567,324325,R16,6-1 6-4,completed,present,2024-12-29,2025-01-05,2025-01-02T03:54:03.81+00:00,False,2025-01-02T05:47:48.307+00:00,False,data/raw/wta/stats/_httpcache/2024/21121a07d012d67de70b65a41969fcb5a936dd13d61d71236fa631face09af50.json,45ad33ea353c3dfed8946cf66c67fe36a3e1ce340a7a6701b8a9484ee3919ed3,1,136312.0,True,2025-01-02,stats,False,False
2025,800,LS015,Kimberly Birrell,Anastasia Potapova,320728,325601,R16,7-6(2) 6-2,completed,present,2024-12-29,2025-01-05,2025-01-02T00:42:41.237+00:00,False,2025-01-02T02:55:07.383+00:00,False,data/raw/wta/stats/_httpcache/2024/21121a07d012d67de70b65a41969fcb5a936dd13d61d71236fa631face09af50.json,45ad33ea353c3dfed8946cf66c67fe36a3e1ce340a7a6701b8a9484ee3919ed3,1,136309.0,True,2025-01-02,stats,False,False
2025,800,LS016,Aryna Sabalenka,Renata Zarazua,320760,320716,R32,6-4 6-0,completed,present,2024-12-29,2025-01-05,2024-12-31T03:15:44.763+00:00,False,2024-12-31T04:36:28.573+00:00,False,data/raw/wta/stats/_httpcache/2024/21121a07d012d67de70b65a41969fcb5a936dd13d61d71236fa631face09af50.json,45ad33ea353c3dfed8946cf66c67fe36a3e1ce340a7a6701b8a9484ee3919ed3,1,136277.0,True,2024-12-31,stats,False,False
2025,800,LS017,Yulia Putintseva,McCartney Kessler,317683,326678,R32,6-2 7-5,completed,present,2024-12-29,2025-01-05,2024-12-31T00:44:25.17+00:00,False,2024-12-31T02:51:08.833+00:00,False,data/raw/wta/stats/_httpcache/2024/21121a07d012d67de70b65a41969fcb5a936dd13d61d71236fa631face09af50.json,45ad33ea353c3dfed8946cf66c67fe36a3e1ce340a7a6701b8a9484ee3919ed3,1,136274.0,True,2024-12-31,stats,False,False
2025,800,LS018,Victoria Azarenka,Maya Joint,312001,330544,R32,6-7(5) 6-2 6-4,completed,present,2024-12-29,2025-01-05,2025-01-01T08:17:26.22+00:00,False,2025-01-01T11:14:23.683+00:00,False,data/raw/wta/stats/_httpcache/2024/21121a07d012d67de70b65a41969fcb5a936dd13d61d71236fa631face09af50.json,45ad33ea353c3dfed8946cf66c67fe36a3e1ce340a7a6701b8a9484ee3919ed3,1,136297.0,True,2025-01-01,stats,False,False
2025,800,LS019,Marie Bouzkova,Jelena Ostapenko,320983,319939,R32,7-6(0) 6-4,completed,present,2024-12-29,2025-01-05,2024-12-31T05:58:56.09+00:00,False,2024-12-31T08:23:51.193+00:00,False,data/raw/wta/stats/_httpcache/2024/21121a07d012d67de70b65a41969fcb5a936dd13d61d71236fa631face09af50.json,45ad33ea353c3dfed8946cf66c67fe36a3e1ce340a7a6701b8a9484ee3919ed3,1,136279.0,True,2024-12-31,stats,False,False
2025,800,LS020,Elina Avanesyan,Paula Badosa,327620,320124,R32,6-3 1-6 6-2,completed,present,2024-12-29,2025-01-05,2024-12-31T00:50:21.577+00:00,False,2024-12-31T03:12:18.86+00:00,False,data/raw/wta/stats/_httpcache/2024/21121a07d012d67de70b65a41969fcb5a936dd13d61d71236fa631face09af50.json,45ad33ea353c3dfed8946cf66c67fe36a3e1ce340a7a6701b8a9484ee3919ed3,1,136275.0,True,2024-12-31,stats,False,False
2025,800,LS021,Ons Jabeur,Ekaterina Alexandrova,316847,319007,R32,6-3 6-2,completed,present,2024-12-29,2025-01-05,2024-12-31T08:27:21.377+00:00,False,2024-12-31T10:00:25.403+00:00,False,data/raw/wta/stats/_httpcache/2024/21121a07d012d67de70b65a41969fcb5a936dd13d61d71236fa631face09af50.json,45ad33ea353c3dfed8946cf66c67fe36a3e1ce340a7a6701b8a9484ee3919ed3,1,136280.0,True,2024-12-31,stats,False,False
2025,800,LS022,Linda Noskova,Anca Todoni,329668,330442,R32,6-1 6-4,completed,present,2024-12-29,2025-01-05,2025-01-01T09:02:18.81+00:00,False,2025-01-01T10:30:24.913+00:00,False,data/raw/wta/stats/_httpcache/2024/21121a07d012d67de70b65a41969fcb5a936dd13d61d71236fa631face09af50.json,45ad33ea353c3dfed8946cf66c67fe36a3e1ce340a7a6701b8a9484ee3919ed3,1,136298.0,True,2025-01-01,stats,False,False
2025,800,LS023,Mirra Andreeva,Anna Blinkova,331809,324267,R32,6-4 6-4,completed,present,2024-12-29,2025-01-05,2024-12-31T04:15:02.233+00:00,False,2024-12-31T05:49:39.297+00:00,False,data/raw/wta/stats/_httpcache/2024/21121a07d012d67de70b65a41969fcb5a936dd13d61d71236fa631face09af50.json,45ad33ea353c3dfed8946cf66c67fe36a3e1ce340a7a6701b8a9484ee3919ed3,1,136278.0,True,2024-12-31,stats,False,False
2025,800,LS024,Ashlyn Krueger,Anna Kalinskaya,329409,323942,R32,6-3 6-3,completed,present,2024-12-29,2025-01-05,2024-12-31T02:53:33.68+00:00,False,2024-12-31T04:16:47.61+00:00,False,data/raw/wta/stats/_httpcache/2024/21121a07d012d67de70b65a41969fcb5a936dd13d61d71236fa631face09af50.json,45ad33ea353c3dfed8946cf66c67fe36a3e1ce340a7a6701b8a9484ee3919ed3,1,136276.0,True,2024-12-31,stats,False,False
2025,800,LS025,Suzan Lamens,Magdalena Frech,324898,320277,R32,7-5 6-3,completed,present,2024-12-29,2025-01-05,2025-01-01T05:26:51.06+00:00,False,2025-01-01T07:23:37.8+00:00,False,data/raw/wta/stats/_httpcache/2024/21121a07d012d67de70b65a41969fcb5a936dd13d61d71236fa631face09af50.json,45ad33ea353c3dfed8946cf66c67fe36a3e1ce340a7a6701b8a9484ee3919ed3,1,136295.0,True,2025-01-01,stats,False,False
2025,800,LS026,Polina Kudermetova,Liudmila Samsonova,328897,322222,R32,6-7(7) 6-3 6-2,completed,present,2024-12-29,2025-01-05,2025-01-01T00:46:49.17+00:00,False,2025-01-01T03:28:59.763+00:00,False,data/raw/wta/stats/_httpcache/2024/21121a07d012d67de70b65a41969fcb5a936dd13d61d71236fa631face09af50.json,45ad33ea353c3dfed8946cf66c67fe36a3e1ce340a7a6701b8a9484ee3919ed3,1,136291.0,True,2025-01-01,stats,False,False
2025,800,LS027,Daria Kasatkina,Peyton Stearns,322082,327573,R32,7-6(7) 4-6 7-5,completed,present,2024-12-29,2025-01-05,2025-01-01T03:35:26.077+00:00,False,2025-01-01T07:08:14.59+00:00,False,data/raw/wta/stats/_httpcache/2024/21121a07d012d67de70b65a41969fcb5a936dd13d61d71236fa631face09af50.json,45ad33ea353c3dfed8946cf66c67fe36a3e1ce340a7a6701b8a9484ee3919ed3,1,136294.0,True,2025-01-01,stats,False,False
2025,800,LS028,Anhelina Kalinina,Diana Shnaider,320567,330482,R32,6-3 4-6 6-1,completed,present,2024-12-29,2025-01-05,2024-12-31T08:31:45.757+00:00,False,2024-12-31T10:32:08.793+00:00,False,data/raw/wta/stats/_httpcache/2024/21121a07d012d67de70b65a41969fcb5a936dd13d61d71236fa631face09af50.json,45ad33ea353c3dfed8946cf66c67fe36a3e1ce340a7a6701b8a9484ee3919ed3,1,136281.0,True,2024-12-31,stats,False,False
2025,800,LS029,Yue Yuan,Marta Kostyuk,324325,326482,R32,6-4 6-3,completed,present,2024-12-29,2025-01-05,2025-01-01T07:11:25.853+00:00,False,2025-01-01T08:59:25.753+00:00,False,data/raw/wta/stats/_httpcache/2024/21121a07d012d67de70b65a41969fcb5a936dd13d61d71236fa631face09af50.json,45ad33ea353c3dfed8946cf66c67fe36a3e1ce340a7a6701b8a9484ee3919ed3,1,136296.0,True,2025-01-01,stats,False,False
2025,800,LS030,Anastasia Potapova,Dayana Yastremska,325601,324261,R32,7-5 6-4,completed,present,2024-12-29,2025-01-05,2025-01-01T03:31:36.047+00:00,False,2025-01-01T05:24:39.17+00:00,False,data/raw/wta/stats/_httpcache/2024/21121a07d012d67de70b65a41969fcb5a936dd13d61d71236fa631face09af50.json,45ad33ea353c3dfed8946cf66c67fe36a3e1ce340a7a6701b8a9484ee3919ed3,1,136293.0,True,2025-01-01,stats,False,False
2025,800,LS031,Kimberly Birrell,Emma Navarro,320728,325410,R32,7-5 7-5,completed,present,2024-12-29,2025-01-05,2025-01-01T00:47:55.767+00:00,False,2025-01-01T03:11:26.663+00:00,False,data/raw/wta/stats/_httpcache/2024/21121a07d012d67de70b65a41969fcb5a936dd13d61d71236fa631face09af50.json,45ad33ea353c3dfed8946cf66c67fe36a3e1ce340a7a6701b8a9484ee3919ed3,1,136292.0,True,2025-01-01,stats,False,False
2025,800,LS033,Renata Zarazua,Viktoriya Tomova,320716,317584,R64,6-0 6-3,completed,present,2024-12-29,2025-01-05,2024-12-29T02:49:09.027+00:00,False,2024-12-29T04:27:09.12+00:00,False,data/raw/wta/stats/_httpcache/2024/21121a07d012d67de70b65a41969fcb5a936dd13d61d71236fa631face09af50.json,45ad33ea353c3dfed8946cf66c67fe36a3e1ce340a7a6701b8a9484ee3919ed3,1,136222.0,True,2024-12-29,stats,False,False
2025,800,LS034,McCartney Kessler,Magda Linette,326678,315130,R64,6-4 6-4,completed,present,2024-12-29,2025-01-05,2024-12-29T08:46:31.46+00:00,False,2024-12-29T10:18:08.99+00:00,False,data/raw/wta/stats/_httpcache/2024/21121a07d012d67de70b65a41969fcb5a936dd13d61d71236fa631face09af50.json,45ad33ea353c3dfed8946cf66c67fe36a3e1ce340a7a6701b8a9484ee3919ed3,1,136226.0,True,2024-12-29,stats,False,False
2025,800,LS037,Maya Joint,Maddison Inglis,330544,321179,R64,6-3 6-4,completed,present,2024-12-29,2025-01-05,2024-12-29T02:26:51.937+00:00,False,2024-12-29T04:10:34.813+00:00,False,data/raw/wta/stats/_httpcache/2024/21121a07d012d67de70b65a41969fcb5a936dd13d61d71236fa631face09af50.json,45ad33ea353c3dfed8946cf66c67fe36a3e1ce340a7a6701b8a9484ee3919ed3,1,136221.0,True,2024-12-29,stats,False,False
2025,800,LS038,Marie Bouzkova,Talia Gibson,320983,329393,R64,7-6(5) 3-6 6-3,completed,present,2024-12-29,2025-01-05,2024-12-29T08:13:48.82+00:00,False,2024-12-29T11:37:24.623+00:00,False,data/raw/wta/stats/_httpcache/2024/21121a07d012d67de70b65a41969fcb5a936dd13d61d71236fa631face09af50.json,45ad33ea353c3dfed8946cf66c67fe36a3e1ce340a7a6701b8a9484ee3919ed3,1,136225.0,True,2024-12-29,stats,False,False
2025,800,LS041,Elina Avanesyan,Rebecca Sramkova,327620,320228,R64,1-6 6-2 6-2,completed,present,2024-12-29,2025-01-05,2024-12-29T02:56:56.12+00:00,False,2024-12-29T04:56:35.743+00:00,False,data/raw/wta/stats/_httpcache/2024/21121a07d012d67de70b65a41969fcb5a936dd13d61d71236fa631face09af50.json,45ad33ea353c3dfed8946cf66c67fe36a3e1ce340a7a6701b8a9484ee3919ed3,1,136223.0,True,2024-12-29,stats,False,False
2025,800,LS042,Ons Jabeur,Saisai Zheng,316847,316286,R64,7-6(5) 6-4,completed,present,2024-12-29,2025-01-05,2024-12-30T10:40:08.687+00:00,False,2024-12-30T12:45:29.19+00:00,False,data/raw/wta/stats/_httpcache/2024/21121a07d012d67de70b65a41969fcb5a936dd13d61d71236fa631face09af50.json,45ad33ea353c3dfed8946cf66c67fe36a3e1ce340a7a6701b8a9484ee3919ed3,1,136251.0,True,2024-12-30,stats,False,False
2025,800,LS045,Anca Todoni,Cristina Bucsa,330442,321158,R64,7-6(3) 6-2,completed,present,2024-12-29,2025-01-05,2024-12-30T05:27:01.773+00:00,False,2024-12-30T07:47:57.52+00:00,False,data/raw/wta/stats/_httpcache/2024/21121a07d012d67de70b65a41969fcb5a936dd13d61d71236fa631face09af50.json,45ad33ea353c3dfed8946cf66c67fe36a3e1ce340a7a6701b8a9484ee3919ed3,1,136249.0,True,2024-12-30,stats,False,False
2025,800,LS046,Anna Blinkova,Sara Bejlek,324267,330375,R64,6-1 7-6(5),completed,present,2024-12-29,2025-01-05,2024-12-29T04:58:59.11+00:00,False,2024-12-29T06:44:06.503+00:00,False,data/raw/wta/stats/_httpcache/2024/21121a07d012d67de70b65a41969fcb5a936dd13d61d71236fa631face09af50.json,45ad33ea353c3dfed8946cf66c67fe36a3e1ce340a7a6701b8a9484ee3919ed3,1,136224.0,True,2024-12-29,stats,False,False
2025,800,LS049,Ashlyn Krueger,Moyuka Uchijima,329409,327241,R64,6-3 1-6 6-3,completed,present,2024-12-29,2025-01-05,2024-12-29T00:52:51.29+00:00,False,2024-12-29T02:54:17.287+00:00,False,data/raw/wta/stats/_httpcache/2024/21121a07d012d67de70b65a41969fcb5a936dd13d61d71236fa631face09af50.json,45ad33ea353c3dfed8946cf66c67fe36a3e1ce340a7a6701b8a9484ee3919ed3,1,136220.0,True,2024-12-29,stats,False,False
2025,800,LS050,Suzan Lamens,Kamilla Rakhimova,324898,325936,R64,6-2 6-4,completed,present,2024-12-29,2025-01-05,2024-12-29T00:46:48.17+00:00,False,2024-12-29T02:45:44.777+00:00,False,data/raw/wta/stats/_httpcache/2024/21121a07d012d67de70b65a41969fcb5a936dd13d61d71236fa631face09af50.json,45ad33ea353c3dfed8946cf66c67fe36a3e1ce340a7a6701b8a9484ee3919ed3,1,136219.0,True,2024-12-29,stats,False,False
2025,800,LS053,Polina Kudermetova,Xinyu Wang,328897,326376,R64,6-1 6-3,completed,present,2024-12-29,2025-01-05,2024-12-30T05:24:54.327+00:00,False,2024-12-30T06:48:45.81+00:00,False,data/raw/wta/stats/_httpcache/2024/21121a07d012d67de70b65a41969fcb5a936dd13d61d71236fa631face09af50.json,45ad33ea353c3dfed8946cf66c67fe36a3e1ce340a7a6701b8a9484ee3919ed3,1,136248.0,True,2024-12-30,stats,False,False
2025,800,LS054,Peyton Stearns,Veronika Kudermetova,327573,319526,R64,6-2 6-3,completed,present,2024-12-29,2025-01-05,2024-12-30T03:43:33.39+00:00,False,2024-12-30T05:21:50.27+00:00,False,data/raw/wta/stats/_httpcache/2024/21121a07d012d67de70b65a41969fcb5a936dd13d61d71236fa631face09af50.json,45ad33ea353c3dfed8946cf66c67fe36a3e1ce340a7a6701b8a9484ee3919ed3,1,136247.0,True,2024-12-30,stats,False,False
2025,800,LS058,Yue Yuan,Arantxa Rus,324325,313349,R64,6-2 6-4,completed,present,2024-12-29,2025-01-05,2024-12-30T07:52:30.39+00:00,False,2024-12-30T09:20:31.39+00:00,False,data/raw/wta/stats/_httpcache/2024/21121a07d012d67de70b65a41969fcb5a936dd13d61d71236fa631face09af50.json,45ad33ea353c3dfed8946cf66c67fe36a3e1ce340a7a6701b8a9484ee3919ed3,1,136250.0,True,2024-12-30,stats,False,False
2025,800,LS062,Kimberly Birrell,Priscilla Hon,320728,320543,R64,3-6 7-5 6-2,completed,present,2024-12-29,2025-01-05,2024-12-30T00:54:18.55+00:00,False,2024-12-30T03:18:46.577+00:00,False,data/raw/wta/stats/_httpcache/2024/21121a07d012d67de70b65a41969fcb5a936dd13d61d71236fa631face09af50.json,45ad33ea353c3dfed8946cf66c67fe36a3e1ce340a7a6701b8a9484ee3919ed3,1,136246.0,True,2024-12-30,stats,False,False
2025,804,LS001,Jessica Pegula,Sofia Kenin,316956,320942,F,6-3 7-5,completed,present,2025-03-31,2025-04-06,2025-04-06T18:16:28.85+00:00,False,2025-04-06T20:05:50.183+00:00,False,data/raw/wta/stats/_httpcache/2025/ddb45b4992656392bf824ada9f3aa223b5618ca15d2bca5a631994b1fb1093a1.json,efb972d3acb3e70b1e4d886b9ca7aa6b44bfa686c82189da79346156f8942b34,0,137606.0,True,2025-04-06,stats,False,False
2025,804,LS002,Jessica Pegula,Ekaterina Alexandrova,316956,319007,SF,6-2 2-6 7-5,completed,present,2025-03-31,2025-04-06,2025-04-05T16:50:27.793+00:00,False,2025-04-05T19:27:48.07+00:00,False,data/raw/wta/stats/_httpcache/2025/ddb45b4992656392bf824ada9f3aa223b5618ca15d2bca5a631994b1fb1093a1.json,efb972d3acb3e70b1e4d886b9ca7aa6b44bfa686c82189da79346156f8942b34,0,137599.0,True,2025-04-05,stats,False,False
2025,804,LS004,Jessica Pegula,Danielle Collins,316956,316925,QF,1-6 6-3 6-0,completed,present,2025-03-31,2025-04-06,2025-04-04T14:45:25.057+00:00,False,2025-04-04T16:51:49.723+00:00,False,data/raw/wta/stats/_httpcache/2025/ddb45b4992656392bf824ada9f3aa223b5618ca15d2bca5a631994b1fb1093a1.json,efb972d3acb3e70b1e4d886b9ca7aa6b44bfa686c82189da79346156f8942b34,0,137588.0,True,2025-04-04,stats,False,False
2025,804,LS005,Ekaterina Alexandrova,Qinwen Zheng,319007,328120,QF,6-1 6-4,completed,present,2025-03-31,2025-04-06,2025-04-04T16:56:41.99+00:00,False,2025-04-04T18:32:57.64+00:00,False,data/raw/wta/stats/_httpcache/2025/ddb45b4992656392bf824ada9f3aa223b5618ca15d2bca5a631994b1fb1093a1.json,efb972d3acb3e70b1e4d886b9ca7aa6b44bfa686c82189da79346156f8942b34,0,137589.0,True,2025-04-04,stats,False,False
2025,804,LS006,Amanda Anisimova,Emma Navarro,326384,325410,QF,7-5 7-6(1),completed,present,2025-03-31,2025-04-06,2025-04-04T21:51:03.687+00:00,False,2025-04-05T00:06:55.513+00:00,False,data/raw/wta/stats/_httpcache/2025/ddb45b4992656392bf824ada9f3aa223b5618ca15d2bca5a631994b1fb1093a1.json,efb972d3acb3e70b1e4d886b9ca7aa6b44bfa686c82189da79346156f8942b34,0,137591.0,True,2025-04-04,stats,False,False
2025,804,LS007,Sofia Kenin,Anna Kalinskaya,320942,323942,QF,6-4 6-3,completed,present,2025-03-31,2025-04-06,2025-04-04T18:36:30.463+00:00,False,2025-04-04T20:02:02.217+00:00,False,data/raw/wta/stats/_httpcache/2025/ddb45b4992656392bf824ada9f3aa223b5618ca15d2bca5a631994b1fb1093a1.json,efb972d3acb3e70b1e4d886b9ca7aa6b44bfa686c82189da79346156f8942b34,0,137590.0,True,2025-04-04,stats,False,False
2025,804,LS008,Jessica Pegula,Ajla Tomljanovic,316956,315232,R16,6-3 6-2,completed,present,2025-03-31,2025-04-06,2025-04-03T18:56:34.503+00:00,False,2025-04-03T20:21:39.977+00:00,False,data/raw/wta/stats/_httpcache/2025/ddb45b4992656392bf824ada9f3aa223b5618ca15d2bca5a631994b1fb1093a1.json,efb972d3acb3e70b1e4d886b9ca7aa6b44bfa686c82189da79346156f8942b34,0,137573.0,True,2025-04-03,stats,False,False
2025,804,LS009,Danielle Collins,Jelena Ostapenko,316925,319939,R16,7-5 6-3,completed,present,2025-03-31,2025-04-06,2025-04-03T17:06:26.283+00:00,False,2025-04-03T19:05:23.893+00:00,False,data/raw/wta/stats/_httpcache/2025/ddb45b4992656392bf824ada9f3aa223b5618ca15d2bca5a631994b1fb1093a1.json,efb972d3acb3e70b1e4d886b9ca7aa6b44bfa686c82189da79346156f8942b34,0,137572.0,True,2025-04-03,stats,False,False
2025,804,LS010,Qinwen Zheng,Elise Mertens,328120,317964,R16,6-3 3-6 6-3,completed,present,2025-03-31,2025-04-06,2025-04-03T19:09:09.32+00:00,False,2025-04-03T21:47:20.36+00:00,False,data/raw/wta/stats/_httpcache/2025/ddb45b4992656392bf824ada9f3aa223b5618ca15d2bca5a631994b1fb1093a1.json,efb972d3acb3e70b1e4d886b9ca7aa6b44bfa686c82189da79346156f8942b34,0,137574.0,True,2025-04-03,stats,False,False
2025,804,LS011,Ekaterina Alexandrova,Diana Shnaider,319007,330482,R16,6-2 6-1,completed,present,2025-03-31,2025-04-06,2025-04-03T15:49:29.19+00:00,False,2025-04-03T17:02:56.863+00:00,False,data/raw/wta/stats/_httpcache/2025/ddb45b4992656392bf824ada9f3aa223b5618ca15d2bca5a631994b1fb1093a1.json,efb972d3acb3e70b1e4d886b9ca7aa6b44bfa686c82189da79346156f8942b34,0,137570.0,True,2025-04-03,stats,False,False
2025,804,LS012,Amanda Anisimova,Yulia Putintseva,326384,317683,R16,6-4 6-4,completed,present,2025-03-31,2025-04-06,2025-04-03T14:44:24.13+00:00,False,2025-04-03T16:30:24.493+00:00,False,data/raw/wta/stats/_httpcache/2025/ddb45b4992656392bf824ada9f3aa223b5618ca15d2bca5a631994b1fb1093a1.json,efb972d3acb3e70b1e4d886b9ca7aa6b44bfa686c82189da79346156f8942b34,0,137569.0,True,2025-04-03,stats,False,False
2025,804,LS013,Emma Navarro,Ashlyn Krueger,325410,329409,R16,4-6 6-4 6-2,completed,present,2025-03-31,2025-04-06,2025-04-03T16:33:24.35+00:00,False,2025-04-03T18:53:52.63+00:00,False,data/raw/wta/stats/_httpcache/2025/ddb45b4992656392bf824ada9f3aa223b5618ca15d2bca5a631994b1fb1093a1.json,efb972d3acb3e70b1e4d886b9ca7aa6b44bfa686c82189da79346156f8942b34,0,137571.0,True,2025-04-03,stats,False,False
2025,804,LS014,Sofia Kenin,Daria Kasatkina,320942,322082,R16,6-3 7-6(7),completed,present,2025-03-31,2025-04-06,2025-04-03T23:30:06.04+00:00,False,2025-04-04T01:25:44.59+00:00,False,data/raw/wta/stats/_httpcache/2025/ddb45b4992656392bf824ada9f3aa223b5618ca15d2bca5a631994b1fb1093a1.json,efb972d3acb3e70b1e4d886b9ca7aa6b44bfa686c82189da79346156f8942b34,0,137576.0,True,2025-04-03,stats,False,False
2025,804,LS015,Anna Kalinskaya,Madison Keys,323942,316959,R16,6-2 6-4,completed,present,2025-03-31,2025-04-06,2025-04-03T21:44:25.69+00:00,False,2025-04-03T23:27:12.31+00:00,False,data/raw/wta/stats/_httpcache/2025/ddb45b4992656392bf824ada9f3aa223b5618ca15d2bca5a631994b1fb1093a1.json,efb972d3acb3e70b1e4d886b9ca7aa6b44bfa686c82189da79346156f8942b34,0,137575.0,True,2025-04-03,stats,False,False
2025,804,LS016,Jessica Pegula,Iryna Shymanovich,316956,320759,R32,6-0 6-3,completed,present,2025-03-31,2025-04-06,2025-04-02T18:05:53.363+00:00,False,2025-04-02T19:33:26.737+00:00,False,data/raw/wta/stats/_httpcache/2025/ddb45b4992656392bf824ada9f3aa223b5618ca15d2bca5a631994b1fb1093a1.json,efb972d3acb3e70b1e4d886b9ca7aa6b44bfa686c82189da79346156f8942b34,0,137549.0,True,2025-04-02,stats,False,False
2025,804,LS017,Ajla Tomljanovic,Peyton Stearns,315232,327573,R32,6-1 6-4,completed,present,2025-03-31,2025-04-06,2025-04-02T19:36:39.723+00:00,False,2025-04-02T21:21:56.973+00:00,False,data/raw/wta/stats/_httpcache/2025/ddb45b4992656392bf824ada9f3aa223b5618ca15d2bca5a631994b1fb1093a1.json,efb972d3acb3e70b1e4d886b9ca7aa6b44bfa686c82189da79346156f8942b34,0,137550.0,True,2025-04-02,stats,False,False
2025,804,LS018,Jelena Ostapenko,Louisa Chirico,319939,320218,R32,7-5 6-2,completed,present,2025-03-31,2025-04-06,2025-04-02T16:13:02.49+00:00,False,2025-04-02T17:50:28.983+00:00,False,data/raw/wta/stats/_httpcache/2025/ddb45b4992656392bf824ada9f3aa223b5618ca15d2bca5a631994b1fb1093a1.json,efb972d3acb3e70b1e4d886b9ca7aa6b44bfa686c82189da79346156f8942b34,0,137545.0,True,2025-04-02,stats,False,False
2025,804,LS019,Danielle Collins,Robin Montgomery,316925,329408,R32,6-3 6-1,completed,present,2025-03-31,2025-04-06,2025-04-01T21:51:46.137+00:00,False,2025-04-01T23:17:48.537+00:00,False,data/raw/wta/stats/_httpcache/2025/ddb45b4992656392bf824ada9f3aa223b5618ca15d2bca5a631994b1fb1093a1.json,efb972d3acb3e70b1e4d886b9ca7aa6b44bfa686c82189da79346156f8942b34,0,137510.0,True,2025-04-01,stats,False,False
2025,804,LS020,Qinwen Zheng,Maria Sakkari,328120,318312,R32,6-4 6-1,completed,present,2025-03-31,2025-04-06,2025-04-02T22:03:50.017+00:00,False,2025-04-02T23:41:18.233+00:00,False,data/raw/wta/stats/_httpcache/2025/ddb45b4992656392bf824ada9f3aa223b5618ca15d2bca5a631994b1fb1093a1.json,efb972d3acb3e70b1e4d886b9ca7aa6b44bfa686c82189da79346156f8942b34,0,137552.0,True,2025-04-02,stats,False,False
2025,804,LS021,Elise Mertens,Varvara Gracheva,317964,325836,R32,6-3 7-5,completed,present,2025-03-31,2025-04-06,2025-04-02T23:42:10.48+00:00,False,2025-04-03T01:56:17.197+00:00,False,data/raw/wta/stats/_httpcache/2025/ddb45b4992656392bf824ada9f3aa223b5618ca15d2bca5a631994b1fb1093a1.json,efb972d3acb3e70b1e4d886b9ca7aa6b44bfa686c82189da79346156f8942b34,0,137553.0,True,2025-04-02,stats,False,False
2025,804,LS022,Ekaterina Alexandrova,Ann Li,319007,326096,R32,6-3 6-0,completed,present,2025-03-31,2025-04-06,2025-04-02T16:26:39.367+00:00,False,2025-04-02T17:58:30.567+00:00,False,data/raw/wta/stats/_httpcache/2025/ddb45b4992656392bf824ada9f3aa223b5618ca15d2bca5a631994b1fb1093a1.json,efb972d3acb3e70b1e4d886b9ca7aa6b44bfa686c82189da79346156f8942b34,0,137546.0,True,2025-04-02,stats,False,False
2025,804,LS023,Diana Shnaider,Polina Kudermetova,330482,328897,R32,6-3 6-2,completed,present,2025-03-31,2025-04-06,2025-04-02T14:47:01.813+00:00,False,2025-04-02T16:10:35.17+00:00,False,data/raw/wta/stats/_httpcache/2025/ddb45b4992656392bf824ada9f3aa223b5618ca15d2bca5a631994b1fb1093a1.json,efb972d3acb3e70b1e4d886b9ca7aa6b44bfa686c82189da79346156f8942b34,0,137542.0,True,2025-04-02,stats,False,False
2025,804,LS024,Amanda Anisimova,Veronika Kudermetova,326384,319526,R32,6-2 6-2,completed,present,2025-03-31,2025-04-06,2025-04-01T23:23:20.873+00:00,False,2025-04-02T00:46:07.127+00:00,False,data/raw/wta/stats/_httpcache/2025/ddb45b4992656392bf824ada9f3aa223b5618ca15d2bca5a631994b1fb1093a1.json,efb972d3acb3e70b1e4d886b9ca7aa6b44bfa686c82189da79346156f8942b34,0,137511.0,True,2025-04-01,stats,False,False
2025,804,LS025,Yulia Putintseva,Shuai Zhang,317683,311779,R32,7-6(5) 6-1,completed,present,2025-03-31,2025-04-06,2025-04-02T17:53:56.99+00:00,False,2025-04-02T19:34:09.21+00:00,False,data/raw/wta/stats/_httpcache/2025/ddb45b4992656392bf824ada9f3aa223b5618ca15d2bca5a631994b1fb1093a1.json,efb972d3acb3e70b1e4d886b9ca7aa6b44bfa686c82189da79346156f8942b34,0,137547.0,True,2025-04-02,stats,False,False
2025,804,LS026,Ashlyn Krueger,Katie Volynets,329409,327391,R32,6-3 7-6(4),completed,present,2025-03-31,2025-04-06,2025-04-02T19:43:53.363+00:00,False,2025-04-02T21:24:06.713+00:00,False,data/raw/wta/stats/_httpcache/2025/ddb45b4992656392bf824ada9f3aa223b5618ca15d2bca5a631994b1fb1093a1.json,efb972d3acb3e70b1e4d886b9ca7aa6b44bfa686c82189da79346156f8942b34,0,137551.0,True,2025-04-02,stats,False,False
2025,804,LS027,Emma Navarro,Hailey Baptiste,325410,327101,R32,6-4 6-3,completed,present,2025-03-31,2025-04-06,2025-04-02T16:11:55.647+00:00,False,2025-04-02T18:02:33.83+00:00,False,data/raw/wta/stats/_httpcache/2025/ddb45b4992656392bf824ada9f3aa223b5618ca15d2bca5a631994b1fb1093a1.json,efb972d3acb3e70b1e4d886b9ca7aa6b44bfa686c82189da79346156f8942b34,0,137544.0,True,2025-04-02,stats,False,False
2025,804,LS028,Daria Kasatkina,Lauren Davis,322082,317414,R32,6-1 6-1,completed,present,2025-03-31,2025-04-06,2025-04-02T14:49:32.24+00:00,False,2025-04-02T16:09:59.927+00:00,False,data/raw/wta/stats/_httpcache/2025/ddb45b4992656392bf824ada9f3aa223b5618ca15d2bca5a631994b1fb1093a1.json,efb972d3acb3e70b1e4d886b9ca7aa6b44bfa686c82189da79346156f8942b34,0,137543.0,True,2025-04-02,stats,False,False
2025,804,LS029,Sofia Kenin,Belinda Bencic,320942,319001,R32,6-0 6-3,completed,present,2025-03-31,2025-04-06,2025-04-02T18:01:16.67+00:00,False,2025-04-02T19:37:27.27+00:00,False,data/raw/wta/stats/_httpcache/2025/ddb45b4992656392bf824ada9f3aa223b5618ca15d2bca5a631994b1fb1093a1.json,efb972d3acb3e70b1e4d886b9ca7aa6b44bfa686c82189da79346156f8942b34,0,137548.0,True,2025-04-02,stats,False,False
2025,804,LS030,Anna Kalinskaya,Caty McNally,323942,325725,R32,6-1 6-4,completed,present,2025-03-31,2025-04-06,2025-04-02T14:46:46.087+00:00,False,2025-04-02T16:23:56.497+00:00,False,data/raw/wta/stats/_httpcache/2025/ddb45b4992656392bf824ada9f3aa223b5618ca15d2bca5a631994b1fb1093a1.json,efb972d3acb3e70b1e4d886b9ca7aa6b44bfa686c82189da79346156f8942b34,0,137541.0,True,2025-04-02,stats,False,False
2025,804,LS031,Madison Keys,Caroline Dolehide,316959,322052,R32,6-3 7-6(4),completed,present,2025-03-31,2025-04-06,2025-04-01T19:33:11.213+00:00,False,2025-04-01T21:30:58.87+00:00,False,data/raw/wta/stats/_httpcache/2025/ddb45b4992656392bf824ada9f3aa223b5618ca15d2bca5a631994b1fb1093a1.json,efb972d3acb3e70b1e4d886b9ca7aa6b44bfa686c82189da79346156f8942b34,0,137509.0,True,2025-04-01,stats,False,False
2025,804,LS033,Iryna Shymanovich,Heather Watson,320759,316981,R64,7-6(8) 6-4,completed,present,2025-03-31,2025-04-06,2025-04-01T14:48:06.247+00:00,False,2025-04-01T17:18:39.357+00:00,False,data/raw/wta/stats/_httpcache/2025/ddb45b4992656392bf824ada9f3aa223b5618ca15d2bca5a631994b1fb1093a1.json,efb972d3acb3e70b1e4d886b9ca7aa6b44bfa686c82189da79346156f8942b34,0,137502.0,True,2025-04-01,stats,False,False
2025,804,LS034,Ajla Tomljanovic,Kyoka Okamura,315232,319183,R64,3-6 6-1 6-2,completed,present,2025-03-31,2025-04-06,2025-03-31T19:02:10.93+00:00,False,2025-03-31T21:09:11.493+00:00,False,data/raw/wta/stats/_httpcache/2025/ddb45b4992656392bf824ada9f3aa223b5618ca15d2bca5a631994b1fb1093a1.json,efb972d3acb3e70b1e4d886b9ca7aa6b44bfa686c82189da79346156f8942b34,0,137485.0,True,2025-03-31,stats,False,False
2025,804,LS037,Louisa Chirico,Erika Andreeva,320218,330151,R64,6-4 3-6 6-4,completed,present,2025-03-31,2025-04-06,2025-04-01T17:22:10.917+00:00,False,2025-04-01T19:41:49.28+00:00,False,data/raw/wta/stats/_httpcache/2025/ddb45b4992656392bf824ada9f3aa223b5618ca15d2bca5a631994b1fb1093a1.json,efb972d3acb3e70b1e4d886b9ca7aa6b44bfa686c82189da79346156f8942b34,0,137506.0,True,2025-04-01,stats,False,False
2025,804,LS038,Robin Montgomery,Viktoriya Tomova,329408,317584,R64,6-1 6-3,completed,present,2025-03-31,2025-04-06,2025-03-31T14:47:55.883+00:00,False,2025-03-31T16:22:12.167+00:00,False,data/raw/wta/stats/_httpcache/2025/ddb45b4992656392bf824ada9f3aa223b5618ca15d2bca5a631994b1fb1093a1.json,efb972d3acb3e70b1e4d886b9ca7aa6b44bfa686c82189da79346156f8942b34,0,137478.0,True,2025-03-31,stats,False,False
2025,804,LS041,Maria Sakkari,Marina Stakusic,318312,329614,R64,6-3 6-2,completed,present,2025-03-31,2025-04-06,2025-04-01T14:49:20.22+00:00,False,2025-04-01T16:37:55.263+00:00,False,data/raw/wta/stats/_httpcache/2025/ddb45b4992656392bf824ada9f3aa223b5618ca15d2bca5a631994b1fb1093a1.json,efb972d3acb3e70b1e4d886b9ca7aa6b44bfa686c82189da79346156f8942b34,0,137503.0,True,2025-04-01,stats,False,False
2025,804,LS042,Varvara Gracheva,Harriet Dart,325836,319489,R64,6-1 3-6 6-1,completed,present,2025-03-31,2025-04-06,2025-03-31T14:55:29.01+00:00,False,2025-03-31T16:59:04.413+00:00,False,data/raw/wta/stats/_httpcache/2025/ddb45b4992656392bf824ada9f3aa223b5618ca15d2bca5a631994b1fb1093a1.json,efb972d3acb3e70b1e4d886b9ca7aa6b44bfa686c82189da79346156f8942b34,0,137480.0,True,2025-03-31,stats,False,False
2025,804,LS045,Ann Li,Anna Blinkova,326096,324267,R64,6-4 6-3,completed,present,2025-03-31,2025-04-06,2025-04-01T17:11:15.9+00:00,False,2025-04-01T18:52:19.997+00:00,False,data/raw/wta/stats/_httpcache/2025/ddb45b4992656392bf824ada9f3aa223b5618ca15d2bca5a631994b1fb1093a1.json,efb972d3acb3e70b1e4d886b9ca7aa6b44bfa686c82189da79346156f8942b34,0,137505.0,True,2025-04-01,stats,False,False
2025,804,LS046,Polina Kudermetova,Irina-Camelia Begu,328897,313169,R64,6-3 6-4,completed,present,2025-03-31,2025-04-06,2025-03-31T17:02:23.063+00:00,False,2025-03-31T18:55:19.44+00:00,False,data/raw/wta/stats/_httpcache/2025/ddb45b4992656392bf824ada9f3aa223b5618ca15d2bca5a631994b1fb1093a1.json,efb972d3acb3e70b1e4d886b9ca7aa6b44bfa686c82189da79346156f8942b34,0,137483.0,True,2025-03-31,stats,False,False
2025,804,LS049,Veronika Kudermetova,Maria Mateas,319526,324360,R64,6-0 6-2,completed,present,2025-03-31,2025-04-06,2025-03-31T17:41:20.547+00:00,False,2025-03-31T19:14:23.88+00:00,False,data/raw/wta/stats/_httpcache/2025/ddb45b4992656392bf824ada9f3aa223b5618ca15d2bca5a631994b1fb1093a1.json,efb972d3acb3e70b1e4d886b9ca7aa6b44bfa686c82189da79346156f8942b34,0,137484.0,True,2025-03-31,stats,False,False
2025,804,LS050,Shuai Zhang,Lucia Bronzetti,311779,322280,R64,7-5 5-7 6-4,completed,present,2025-03-31,2025-04-06,2025-04-01T19:43:48.343+00:00,False,2025-04-01T22:32:06.247+00:00,False,data/raw/wta/stats/_httpcache/2025/ddb45b4992656392bf824ada9f3aa223b5618ca15d2bca5a631994b1fb1093a1.json,efb972d3acb3e70b1e4d886b9ca7aa6b44bfa686c82189da79346156f8942b34,0,137508.0,True,2025-04-01,stats,False,False
2025,804,LS053,Katie Volynets,Katherine Sebov,327391,322214,R64,6-0 6-0,completed,present,2025-03-31,2025-04-06,2025-03-31T16:31:02.233+00:00,False,2025-03-31T17:38:33.98+00:00,False,data/raw/wta/stats/_httpcache/2025/ddb45b4992656392bf824ada9f3aa223b5618ca15d2bca5a631994b1fb1093a1.json,efb972d3acb3e70b1e4d886b9ca7aa6b44bfa686c82189da79346156f8942b34,0,137482.0,True,2025-03-31,stats,False,False
2025,804,LS054,Hailey Baptiste,Olivia Gadecki,327101,326653,R64,6-2 6-4,completed,present,2025-03-31,2025-04-06,2025-04-01T17:54:27.23+00:00,False,2025-04-01T19:30:35.5+00:00,False,data/raw/wta/stats/_httpcache/2025/ddb45b4992656392bf824ada9f3aa223b5618ca15d2bca5a631994b1fb1093a1.json,efb972d3acb3e70b1e4d886b9ca7aa6b44bfa686c82189da79346156f8942b34,0,137507.0,True,2025-04-01,stats,False,False
2025,804,LS057,Lauren Davis,Jamie Loeb,317414,319411,R64,3-6 6-1 6-3,completed,present,2025-03-31,2025-04-06,2025-04-01T14:51:40.95+00:00,False,2025-04-01T17:07:52.72+00:00,False,data/raw/wta/stats/_httpcache/2025/ddb45b4992656392bf824ada9f3aa223b5618ca15d2bca5a631994b1fb1093a1.json,efb972d3acb3e70b1e4d886b9ca7aa6b44bfa686c82189da79346156f8942b34,0,137504.0,True,2025-04-01,stats,False,False
2025,804,LS058,Sofia Kenin,Bernarda Pera,320942,317708,R64,6-3 6-4,completed,present,2025-03-31,2025-04-06,2025-03-31T21:48:50.39+00:00,False,2025-04-01T17:50:02.76+00:00,False,data/raw/wta/stats/_httpcache/2025/ddb45b4992656392bf824ada9f3aa223b5618ca15d2bca5a631994b1fb1093a1.json,efb972d3acb3e70b1e4d886b9ca7aa6b44bfa686c82189da79346156f8942b34,0,137486.0,True,2025-03-31,stats,False,False
2025,804,LS061,Caty McNally,Anhelina Kalinina,325725,320567,R64,4-6 6-1 6-4,completed,present,2025-03-31,2025-04-06,2025-03-31T16:25:20.487+00:00,False,2025-03-31T19:00:09.153+00:00,False,data/raw/wta/stats/_httpcache/2025/ddb45b4992656392bf824ada9f3aa223b5618ca15d2bca5a631994b1fb1093a1.json,efb972d3acb3e70b1e4d886b9ca7aa6b44bfa686c82189da79346156f8942b34,0,137481.0,True,2025-03-31,stats,False,False
2025,804,LS062,Caroline Dolehide,Elisabetta Cocciaretto,322052,327909,R64,6-4 6-1,completed,present,2025-03-31,2025-04-06,2025-03-31T14:51:20.813+00:00,False,2025-03-31T16:28:16.483+00:00,False,data/raw/wta/stats/_httpcache/2025/ddb45b4992656392bf824ada9f3aa223b5618ca15d2bca5a631994b1fb1093a1.json,efb972d3acb3e70b1e4d886b9ca7aa6b44bfa686c82189da79346156f8942b34,0,137479.0,True,2025-03-31,stats,False,False
2025,806,LS001,Victoria Mboko,Naomi Osaka,331006,319998,F,2-6 6-4 6-1,completed,present,2025-07-27,2025-08-07,2025-08-07T21:42:52.293+00:00,False,2025-08-08T00:14:24.577+00:00,False,data/raw/wta/stats/_httpcache/2025/afaa7b9377d5ce7d9146547a28677f1209dac31c0e1dfa11f7d51bd5f59607e9.json,8dacdc16bfce570303a40c0a97c42659a7d5e56ad5ff5b304c4d0bad2eda1dfc,1,139374.0,True,2025-08-07,stats,False,False
2025,806,LS002,Victoria Mboko,Elena Rybakina,331006,324166,SF,1-6 7-5 7-6(4),completed,present,2025-07-27,2025-08-07,2025-08-06T21:45:08.017+00:00,False,2025-08-07T00:55:48.087+00:00,False,data/raw/wta/stats/_httpcache/2025/afaa7b9377d5ce7d9146547a28677f1209dac31c0e1dfa11f7d51bd5f59607e9.json,8dacdc16bfce570303a40c0a97c42659a7d5e56ad5ff5b304c4d0bad2eda1dfc,1,139362.0,True,2025-08-06,stats,False,False
2025,806,LS003,Naomi Osaka,Clara Tauson,319998,327793,SF,6-2 7-6(7),completed,present,2025-07-27,2025-08-07,2025-08-07T00:58:35.463+00:00,False,2025-08-07T03:03:11.143+00:00,False,data/raw/wta/stats/_httpcache/2025/afaa7b9377d5ce7d9146547a28677f1209dac31c0e1dfa11f7d51bd5f59607e9.json,8dacdc16bfce570303a40c0a97c42659a7d5e56ad5ff5b304c4d0bad2eda1dfc,1,139373.0,True,2025-08-07,stats,False,False
2025,806,LS004,Victoria Mboko,Jessica Bouzas Maneiro,331006,328139,QF,6-4 6-2,completed,present,2025-07-27,2025-08-07,2025-08-04T23:32:12.183+00:00,False,2025-08-05T01:11:55.843+00:00,False,data/raw/wta/stats/_httpcache/2025/afaa7b9377d5ce7d9146547a28677f1209dac31c0e1dfa11f7d51bd5f59607e9.json,8dacdc16bfce570303a40c0a97c42659a7d5e56ad5ff5b304c4d0bad2eda1dfc,1,139322.0,True,2025-08-04,stats,False,False
2025,806,LS006,Naomi Osaka,Elina Svitolina,319998,316738,QF,6-2 6-2,completed,present,2025-07-27,2025-08-07,2025-08-05T23:32:11.327+00:00,False,2025-08-06T00:57:04.957+00:00,False,data/raw/wta/stats/_httpcache/2025/afaa7b9377d5ce7d9146547a28677f1209dac31c0e1dfa11f7d51bd5f59607e9.json,8dacdc16bfce570303a40c0a97c42659a7d5e56ad5ff5b304c4d0bad2eda1dfc,1,139348.0,True,2025-08-05,stats,False,False
2025,806,LS007,Clara Tauson,Madison Keys,327793,316959,QF,6-1 6-4,completed,present,2025-07-27,2025-08-07,2025-08-05T21:52:14.977+00:00,False,2025-08-05T23:28:46.757+00:00,False,data/raw/wta/stats/_httpcache/2025/afaa7b9377d5ce7d9146547a28677f1209dac31c0e1dfa11f7d51bd5f59607e9.json,8dacdc16bfce570303a40c0a97c42659a7d5e56ad5ff5b304c4d0bad2eda1dfc,1,139347.0,True,2025-08-05,stats,False,False
2025,806,LS008,Victoria Mboko,Coco Gauff,331006,328560,R16,6-1 6-4,completed,present,2025-07-27,2025-08-07,2025-08-02T22:30:12.497+00:00,False,2025-08-03T00:04:54.46+00:00,False,data/raw/wta/stats/_httpcache/2025/afaa7b9377d5ce7d9146547a28677f1209dac31c0e1dfa11f7d51bd5f59607e9.json,8dacdc16bfce570303a40c0a97c42659a7d5e56ad5ff5b304c4d0bad2eda1dfc,1,139316.0,True,2025-08-02,stats,False,False
2025,806,LS009,Jessica Bouzas Maneiro,Lin Zhu,328139,317306,R16,7-5 1-6 6-2,completed,present,2025-07-27,2025-08-07,2025-08-03T00:08:35.043+00:00,False,2025-08-03T03:59:19.057+00:00,False,data/raw/wta/stats/_httpcache/2025/afaa7b9377d5ce7d9146547a28677f1209dac31c0e1dfa11f7d51bd5f59607e9.json,8dacdc16bfce570303a40c0a97c42659a7d5e56ad5ff5b304c4d0bad2eda1dfc,1,139317.0,True,2025-08-03,stats,False,False
2025,806,LS010,Marta Kostyuk,McCartney Kessler,326482,326678,R16,5-7 6-3 6-3,completed,present,2025-07-27,2025-08-07,2025-08-02T16:21:58.67+00:00,False,2025-08-02T19:31:22.987+00:00,False,data/raw/wta/stats/_httpcache/2025/afaa7b9377d5ce7d9146547a28677f1209dac31c0e1dfa11f7d51bd5f59607e9.json,8dacdc16bfce570303a40c0a97c42659a7d5e56ad5ff5b304c4d0bad2eda1dfc,1,139314.0,True,2025-08-02,stats,False,False
2025,806,LS011,Elena Rybakina,Dayana Yastremska,324166,324261,R16,5-7 6-2 7-5,completed,present,2025-07-27,2025-08-07,2025-08-02T19:34:51.887+00:00,False,2025-08-02T22:23:44.43+00:00,False,data/raw/wta/stats/_httpcache/2025/afaa7b9377d5ce7d9146547a28677f1209dac31c0e1dfa11f7d51bd5f59607e9.json,8dacdc16bfce570303a40c0a97c42659a7d5e56ad5ff5b304c4d0bad2eda1dfc,1,139315.0,True,2025-08-02,stats,False,False
2025,806,LS012,Elina Svitolina,Amanda Anisimova,316738,326384,R16,6-4 6-1,completed,present,2025-07-27,2025-08-07,2025-08-04T00:06:46.71+00:00,False,2025-08-04T01:48:46.227+00:00,False,data/raw/wta/stats/_httpcache/2025/afaa7b9377d5ce7d9146547a28677f1209dac31c0e1dfa11f7d51bd5f59607e9.json,8dacdc16bfce570303a40c0a97c42659a7d5e56ad5ff5b304c4d0bad2eda1dfc,1,139321.0,True,2025-08-04,stats,False,False
2025,806,LS013,Naomi Osaka,Anastasija Sevastova,319998,313987,R16,6-1 6-0,completed,present,2025-07-27,2025-08-07,2025-08-03T19:03:59.86+00:00,False,2025-08-03T20:10:49.237+00:00,False,data/raw/wta/stats/_httpcache/2025/afaa7b9377d5ce7d9146547a28677f1209dac31c0e1dfa11f7d51bd5f59607e9.json,8dacdc16bfce570303a40c0a97c42659a7d5e56ad5ff5b304c4d0bad2eda1dfc,1,139319.0,True,2025-08-03,stats,False,False
2025,806,LS014,Madison Keys,Karolina Muchova,316959,322191,R16,4-6 6-3 7-5,completed,present,2025-07-27,2025-08-07,2025-08-03T16:18:48.17+00:00,False,2025-08-03T19:00:09.76+00:00,False,data/raw/wta/stats/_httpcache/2025/afaa7b9377d5ce7d9146547a28677f1209dac31c0e1dfa11f7d51bd5f59607e9.json,8dacdc16bfce570303a40c0a97c42659a7d5e56ad5ff5b304c4d0bad2eda1dfc,1,139318.0,True,2025-08-03,stats,False,False
2025,806,LS015,Clara Tauson,Iga Swiatek,327793,326408,R16,7-6(1) 6-3,completed,present,2025-07-27,2025-08-07,2025-08-03T21:54:44.657+00:00,False,2025-08-04T00:03:21.28+00:00,False,data/raw/wta/stats/_httpcache/2025/afaa7b9377d5ce7d9146547a28677f1209dac31c0e1dfa11f7d51bd5f59607e9.json,8dacdc16bfce570303a40c0a97c42659a7d5e56ad5ff5b304c4d0bad2eda1dfc,1,139320.0,True,2025-08-03,stats,False,False
2025,806,LS016,Coco Gauff,Veronika Kudermetova,328560,319526,R32,4-6 7-5 6-2,completed,present,2025-07-27,2025-08-07,2025-07-31T19:12:13.577+00:00,False,2025-07-31T22:02:25.337+00:00,False,data/raw/wta/stats/_httpcache/2025/afaa7b9377d5ce7d9146547a28677f1209dac31c0e1dfa11f7d51bd5f59607e9.json,8dacdc16bfce570303a40c0a97c42659a7d5e56ad5ff5b304c4d0bad2eda1dfc,1,139298.0,True,2025-07-31,stats,False,False
2025,806,LS017,Victoria Mboko,Marie Bouzkova,331006,320983,R32,1-6 6-3 6-0,completed,present,2025-07-27,2025-08-07,2025-07-31T22:47:41.313+00:00,False,2025-08-01T01:06:20.787+00:00,False,data/raw/wta/stats/_httpcache/2025/afaa7b9377d5ce7d9146547a28677f1209dac31c0e1dfa11f7d51bd5f59607e9.json,8dacdc16bfce570303a40c0a97c42659a7d5e56ad5ff5b304c4d0bad2eda1dfc,1,139300.0,True,2025-07-31,stats,False,False
2025,806,LS018,Lin Zhu,Suzan Lamens,317306,324898,R32,6-2 6-2,completed,present,2025-07-27,2025-08-07,2025-07-31T16:22:09.677+00:00,False,2025-07-31T17:43:26.35+00:00,False,data/raw/wta/stats/_httpcache/2025/afaa7b9377d5ce7d9146547a28677f1209dac31c0e1dfa11f7d51bd5f59607e9.json,8dacdc16bfce570303a40c0a97c42659a7d5e56ad5ff5b304c4d0bad2eda1dfc,1,139296.0,True,2025-07-31,stats,False,False
2025,806,LS019,Jessica Bouzas Maneiro,Aoi Ito,328139,329009,R32,4-6 7-5 6-3,completed,present,2025-07-27,2025-08-07,2025-07-31T21:50:05.253+00:00,False,2025-08-01T00:23:24.67+00:00,False,data/raw/wta/stats/_httpcache/2025/afaa7b9377d5ce7d9146547a28677f1209dac31c0e1dfa11f7d51bd5f59607e9.json,8dacdc16bfce570303a40c0a97c42659a7d5e56ad5ff5b304c4d0bad2eda1dfc,1,139299.0,True,2025-07-31,stats,False,False
2025,806,LS020,McCartney Kessler,Mirra Andreeva,326678,331809,R32,7-6(5) 6-4,completed,present,2025-07-27,2025-08-07,2025-07-31T17:53:02.95+00:00,False,2025-07-31T19:52:23.93+00:00,False,data/raw/wta/stats/_httpcache/2025/afaa7b9377d5ce7d9146547a28677f1209dac31c0e1dfa11f7d51bd5f59607e9.json,8dacdc16bfce570303a40c0a97c42659a7d5e56ad5ff5b304c4d0bad2eda1dfc,1,139297.0,True,2025-07-31,stats,False,False
2025,806,LS021,Marta Kostyuk,Daria Kasatkina,326482,322082,R32,3-6 6-3 7-6(4),completed,present,2025-07-27,2025-08-07,2025-07-31T16:15:18.677+00:00,False,2025-07-31T19:09:28.56+00:00,False,data/raw/wta/stats/_httpcache/2025/afaa7b9377d5ce7d9146547a28677f1209dac31c0e1dfa11f7d51bd5f59607e9.json,8dacdc16bfce570303a40c0a97c42659a7d5e56ad5ff5b304c4d0bad2eda1dfc,1,139295.0,True,2025-07-31,stats,False,False
2025,806,LS022,Elena Rybakina,Jaqueline Cristian,324166,320319,R32,6-0 7-6(5),completed,present,2025-07-27,2025-08-07,2025-08-01T01:08:50.2+00:00,False,2025-08-01T02:50:34.493+00:00,False,data/raw/wta/stats/_httpcache/2025/afaa7b9377d5ce7d9146547a28677f1209dac31c0e1dfa11f7d51bd5f59607e9.json,8dacdc16bfce570303a40c0a97c42659a7d5e56ad5ff5b304c4d0bad2eda1dfc,1,139304.0,True,2025-08-01,stats,False,False
2025,806,LS023,Dayana Yastremska,Emma Navarro,324261,325410,R32,7-5 6-4,completed,present,2025-07-27,2025-08-07,2025-08-01T00:26:15.887+00:00,False,2025-08-01T02:22:50.603+00:00,False,data/raw/wta/stats/_httpcache/2025/afaa7b9377d5ce7d9146547a28677f1209dac31c0e1dfa11f7d51bd5f59607e9.json,8dacdc16bfce570303a40c0a97c42659a7d5e56ad5ff5b304c4d0bad2eda1dfc,1,139303.0,True,2025-08-01,stats,False,False
2025,806,LS024,Amanda Anisimova,Emma Raducanu,326384,328366,R32,6-2 6-1,completed,present,2025-07-27,2025-08-07,2025-08-02T00:24:16.643+00:00,False,2025-08-02T01:47:25.79+00:00,False,data/raw/wta/stats/_httpcache/2025/afaa7b9377d5ce7d9146547a28677f1209dac31c0e1dfa11f7d51bd5f59607e9.json,8dacdc16bfce570303a40c0a97c42659a7d5e56ad5ff5b304c4d0bad2eda1dfc,1,139312.0,True,2025-08-02,stats,False,False
2025,806,LS025,Elina Svitolina,Anna Kalinskaya,316738,323942,R32,6-1 6-1,completed,present,2025-07-27,2025-08-07,2025-08-02T00:53:14.177+00:00,False,2025-08-02T02:02:47.977+00:00,False,data/raw/wta/stats/_httpcache/2025/afaa7b9377d5ce7d9146547a28677f1209dac31c0e1dfa11f7d51bd5f59607e9.json,8dacdc16bfce570303a40c0a97c42659a7d5e56ad5ff5b304c4d0bad2eda1dfc,1,139313.0,True,2025-08-02,stats,False,False
2025,806,LS026,Naomi Osaka,Jelena Ostapenko,319998,319939,R32,6-2 6-4,completed,present,2025-07-27,2025-08-07,2025-08-01T16:16:13.703+00:00,False,2025-08-01T17:51:40.97+00:00,False,data/raw/wta/stats/_httpcache/2025/afaa7b9377d5ce7d9146547a28677f1209dac31c0e1dfa11f7d51bd5f59607e9.json,8dacdc16bfce570303a40c0a97c42659a7d5e56ad5ff5b304c4d0bad2eda1dfc,1,139305.0,True,2025-08-01,stats,False,False
2025,806,LS027,Anastasija Sevastova,Jessica Pegula,313987,316956,R32,3-6 6-4 6-1,completed,present,2025-07-27,2025-08-07,2025-08-01T17:54:47.473+00:00,False,2025-08-01T19:54:19.413+00:00,False,data/raw/wta/stats/_httpcache/2025/afaa7b9377d5ce7d9146547a28677f1209dac31c0e1dfa11f7d51bd5f59607e9.json,8dacdc16bfce570303a40c0a97c42659a7d5e56ad5ff5b304c4d0bad2eda1dfc,1,139308.0,True,2025-08-01,stats,False,False
2025,806,LS028,Madison Keys,Caty McNally,316959,325725,R32,2-6 6-3 6-3,completed,present,2025-07-27,2025-08-07,2025-08-01T17:53:04.317+00:00,False,2025-08-01T20:22:40.18+00:00,False,data/raw/wta/stats/_httpcache/2025/afaa7b9377d5ce7d9146547a28677f1209dac31c0e1dfa11f7d51bd5f59607e9.json,8dacdc16bfce570303a40c0a97c42659a7d5e56ad5ff5b304c4d0bad2eda1dfc,1,139307.0,True,2025-08-01,stats,False,False
2025,806,LS029,Karolina Muchova,Belinda Bencic,322191,319001,R32,6-7(2) 6-2 6-3,completed,present,2025-07-27,2025-08-07,2025-08-01T21:45:20.297+00:00,False,2025-08-02T00:50:59.147+00:00,False,data/raw/wta/stats/_httpcache/2025/afaa7b9377d5ce7d9146547a28677f1209dac31c0e1dfa11f7d51bd5f59607e9.json,8dacdc16bfce570303a40c0a97c42659a7d5e56ad5ff5b304c4d0bad2eda1dfc,1,139309.0,True,2025-08-01,stats,False,False
2025,806,LS030,Clara Tauson,Yuliia Starodubtseva,327793,325338,R32,6-3 6-0,completed,present,2025-07-27,2025-08-07,2025-08-01T16:17:36.61+00:00,False,2025-08-01T17:51:12.133+00:00,False,data/raw/wta/stats/_httpcache/2025/afaa7b9377d5ce7d9146547a28677f1209dac31c0e1dfa11f7d51bd5f59607e9.json,8dacdc16bfce570303a40c0a97c42659a7d5e56ad5ff5b304c4d0bad2eda1dfc,1,139306.0,True,2025-08-01,stats,False,False
2025,806,LS031,Iga Swiatek,Eva Lys,326408,325826,R32,6-2 6-2,completed,present,2025-07-27,2025-08-07,2025-08-01T22:45:26.607+00:00,False,2025-08-02T00:22:23.843+00:00,False,data/raw/wta/stats/_httpcache/2025/afaa7b9377d5ce7d9146547a28677f1209dac31c0e1dfa11f7d51bd5f59607e9.json,8dacdc16bfce570303a40c0a97c42659a7d5e56ad5ff5b304c4d0bad2eda1dfc,1,139310.0,True,2025-08-01,stats,False,False
2025,806,LS032,Coco Gauff,Danielle Collins,328560,316925,R64,7-5 4-6 7-6(2),completed,present,2025-07-27,2025-08-07,2025-07-29T22:45:45.167+00:00,False,2025-07-30T02:04:14.327+00:00,False,data/raw/wta/stats/_httpcache/2025/afaa7b9377d5ce7d9146547a28677f1209dac31c0e1dfa11f7d51bd5f59607e9.json,8dacdc16bfce570303a40c0a97c42659a7d5e56ad5ff5b304c4d0bad2eda1dfc,1,139264.0,True,2025-07-29,stats,False,False
2025,806,LS033,Veronika Kudermetova,Olga Danilovic,319526,324934,R64,6-4 6-2,completed,present,2025-07-27,2025-08-07,2025-07-29T18:57:54.727+00:00,False,2025-07-29T20:36:28.407+00:00,False,data/raw/wta/stats/_httpcache/2025/afaa7b9377d5ce7d9146547a28677f1209dac31c0e1dfa11f7d51bd5f59607e9.json,8dacdc16bfce570303a40c0a97c42659a7d5e56ad5ff5b304c4d0bad2eda1dfc,1,139259.0,True,2025-07-29,stats,False,False
2025,806,LS034,Victoria Mboko,Sofia Kenin,331006,320942,R64,6-2 6-3,completed,present,2025-07-27,2025-08-07,2025-07-30T02:06:20.207+00:00,False,2025-07-30T03:44:30.743+00:00,False,data/raw/wta/stats/_httpcache/2025/afaa7b9377d5ce7d9146547a28677f1209dac31c0e1dfa11f7d51bd5f59607e9.json,8dacdc16bfce570303a40c0a97c42659a7d5e56ad5ff5b304c4d0bad2eda1dfc,1,139274.0,True,2025-07-30,stats,False,False
2025,806,LS035,Marie Bouzkova,Diana Shnaider,320983,330482,R64,6-2 7-6(5),completed,present,2025-07-27,2025-08-07,2025-07-29T19:34:24.247+00:00,False,2025-07-29T21:52:43.137+00:00,False,data/raw/wta/stats/_httpcache/2025/afaa7b9377d5ce7d9146547a28677f1209dac31c0e1dfa11f7d51bd5f59607e9.json,8dacdc16bfce570303a40c0a97c42659a7d5e56ad5ff5b304c4d0bad2eda1dfc,1,139261.0,True,2025-07-29,stats,False,False
2025,806,LS036,Lin Zhu,Ekaterina Alexandrova,317306,319007,R64,1-6 6-2 6-4,completed,present,2025-07-27,2025-08-07,2025-07-29T21:04:23.39+00:00,False,2025-07-29T23:17:20.773+00:00,False,data/raw/wta/stats/_httpcache/2025/afaa7b9377d5ce7d9146547a28677f1209dac31c0e1dfa11f7d51bd5f59607e9.json,8dacdc16bfce570303a40c0a97c42659a7d5e56ad5ff5b304c4d0bad2eda1dfc,1,139262.0,True,2025-07-29,stats,False,False
2025,806,LS037,Suzan Lamens,Beatriz Haddad Maia,324898,318176,R64,6-2 1-6 6-3,completed,present,2025-07-27,2025-08-07,2025-07-29T23:29:21.397+00:00,False,2025-07-30T02:05:54.643+00:00,False,data/raw/wta/stats/_httpcache/2025/afaa7b9377d5ce7d9146547a28677f1209dac31c0e1dfa11f7d51bd5f59607e9.json,8dacdc16bfce570303a40c0a97c42659a7d5e56ad5ff5b304c4d0bad2eda1dfc,1,139265.0,True,2025-07-29,stats,False,False
2025,806,LS038,Jessica Bouzas Maneiro,Ashlyn Krueger,328139,329409,R64,6-4 6-4,completed,present,2025-07-27,2025-08-07,2025-07-29T19:30:07.697+00:00,False,2025-07-29T21:18:31.347+00:00,False,data/raw/wta/stats/_httpcache/2025/afaa7b9377d5ce7d9146547a28677f1209dac31c0e1dfa11f7d51bd5f59607e9.json,8dacdc16bfce570303a40c0a97c42659a7d5e56ad5ff5b304c4d0bad2eda1dfc,1,139260.0,True,2025-07-29,stats,False,False
2025,806,LS039,Aoi Ito,Jasmine Paolini,329009,319280,R64,2-6 7-5 7-6(5),completed,present,2025-07-27,2025-08-07,2025-07-29T17:57:39.97+00:00,False,2025-07-29T20:43:16.34+00:00,False,data/raw/wta/stats/_httpcache/2025/afaa7b9377d5ce7d9146547a28677f1209dac31c0e1dfa11f7d51bd5f59607e9.json,8dacdc16bfce570303a40c0a97c42659a7d5e56ad5ff5b304c4d0bad2eda1dfc,1,139258.0,True,2025-07-29,stats,False,False
2025,806,LS041,McCartney Kessler,Maya Joint,326678,330544,R64,4-6 6-4 6-3,completed,present,2025-07-27,2025-08-07,2025-07-30T14:53:46.047+00:00,False,2025-07-30T17:40:58.27+00:00,False,data/raw/wta/stats/_httpcache/2025/afaa7b9377d5ce7d9146547a28677f1209dac31c0e1dfa11f7d51bd5f59607e9.json,8dacdc16bfce570303a40c0a97c42659a7d5e56ad5ff5b304c4d0bad2eda1dfc,1,139278.0,True,2025-07-30,stats,False,False
2025,806,LS042,Marta Kostyuk,Marketa Vondrousova,326482,323027,R64,2-6 6-3 6-2,completed,present,2025-07-27,2025-08-07,2025-07-29T17:34:42.36+00:00,False,2025-07-29T19:31:18.743+00:00,False,data/raw/wta/stats/_httpcache/2025/afaa7b9377d5ce7d9146547a28677f1209dac31c0e1dfa11f7d51bd5f59607e9.json,8dacdc16bfce570303a40c0a97c42659a7d5e56ad5ff5b304c4d0bad2eda1dfc,1,139256.0,True,2025-07-29,stats,False,False
2025,806,LS043,Daria Kasatkina,Anna Blinkova,322082,324267,R64,6-1 6-4,completed,present,2025-07-27,2025-08-07,2025-07-29T14:56:12.087+00:00,False,2025-07-29T16:19:36.29+00:00,False,data/raw/wta/stats/_httpcache/2025/afaa7b9377d5ce7d9146547a28677f1209dac31c0e1dfa11f7d51bd5f59607e9.json,8dacdc16bfce570303a40c0a97c42659a7d5e56ad5ff5b304c4d0bad2eda1dfc,1,139255.0,True,2025-07-29,stats,False,False
2025,806,LS044,Elena Rybakina,Hailey Baptiste,324166,327101,R64,6-4 6-3,completed,present,2025-07-27,2025-08-07,2025-07-29T21:56:02.357+00:00,False,2025-07-29T23:26:49.81+00:00,False,data/raw/wta/stats/_httpcache/2025/afaa7b9377d5ce7d9146547a28677f1209dac31c0e1dfa11f7d51bd5f59607e9.json,8dacdc16bfce570303a40c0a97c42659a7d5e56ad5ff5b304c4d0bad2eda1dfc,1,139263.0,True,2025-07-29,stats,False,False
2025,806,LS045,Jaqueline Cristian,Linda Noskova,320319,329668,R64,6-3 6-4,completed,present,2025-07-27,2025-08-07,2025-07-29T17:54:44.763+00:00,False,2025-07-29T19:26:12.94+00:00,False,data/raw/wta/stats/_httpcache/2025/afaa7b9377d5ce7d9146547a28677f1209dac31c0e1dfa11f7d51bd5f59607e9.json,8dacdc16bfce570303a40c0a97c42659a7d5e56ad5ff5b304c4d0bad2eda1dfc,1,139257.0,True,2025-07-29,stats,False,False
2025,806,LS046,Dayana Yastremska,Camila Osorio,324261,325898,R64,3-6 7-6(5) 6-2,completed,present,2025-07-27,2025-08-07,2025-07-29T14:54:08.5+00:00,False,2025-07-29T17:31:53.53+00:00,False,data/raw/wta/stats/_httpcache/2025/afaa7b9377d5ce7d9146547a28677f1209dac31c0e1dfa11f7d51bd5f59607e9.json,8dacdc16bfce570303a40c0a97c42659a7d5e56ad5ff5b304c4d0bad2eda1dfc,1,139254.0,True,2025-07-29,stats,False,False
2025,806,LS047,Emma Navarro,Rebecca Marino,325410,313485,R64,6-1 6-2,completed,present,2025-07-27,2025-08-07,2025-07-29T14:50:54.187+00:00,False,2025-07-29T16:12:31.49+00:00,False,data/raw/wta/stats/_httpcache/2025/afaa7b9377d5ce7d9146547a28677f1209dac31c0e1dfa11f7d51bd5f59607e9.json,8dacdc16bfce570303a40c0a97c42659a7d5e56ad5ff5b304c4d0bad2eda1dfc,1,139253.0,True,2025-07-29,stats,False,False
2025,806,LS048,Amanda Anisimova,Lulu Sun,326384,324576,R64,6-4 7-6(5),completed,present,2025-07-27,2025-08-07,2025-07-30T23:48:49.253+00:00,False,2025-07-31T01:37:13.03+00:00,False,data/raw/wta/stats/_httpcache/2025/afaa7b9377d5ce7d9146547a28677f1209dac31c0e1dfa11f7d51bd5f59607e9.json,8dacdc16bfce570303a40c0a97c42659a7d5e56ad5ff5b304c4d0bad2eda1dfc,1,139290.0,True,2025-07-30,stats,False,False
2025,806,LS049,Emma Raducanu,Peyton Stearns,328366,327573,R64,6-2 6-4,completed,present,2025-07-27,2025-08-07,2025-07-30T21:46:42.22+00:00,False,2025-07-30T23:45:14.253+00:00,False,data/raw/wta/stats/_httpcache/2025/afaa7b9377d5ce7d9146547a28677f1209dac31c0e1dfa11f7d51bd5f59607e9.json,8dacdc16bfce570303a40c0a97c42659a7d5e56ad5ff5b304c4d0bad2eda1dfc,1,139285.0,True,2025-07-30,stats,False,False
2025,806,LS050,Anna Kalinskaya,Elise Mertens,323942,317964,R64,1-6 7-6(4) 6-2,completed,present,2025-07-27,2025-08-07,2025-07-30T20:37:39.367+00:00,False,2025-07-30T23:14:57.663+00:00,False,data/raw/wta/stats/_httpcache/2025/afaa7b9377d5ce7d9146547a28677f1209dac31c0e1dfa11f7d51bd5f59607e9.json,8dacdc16bfce570303a40c0a97c42659a7d5e56ad5ff5b304c4d0bad2eda1dfc,1,139284.0,True,2025-07-30,stats,False,False
2025,806,LS051,Elina Svitolina,Kamilla Rakhimova,316738,325936,R64,7-5 6-2,completed,present,2025-07-27,2025-08-07,2025-07-31T01:48:30.71+00:00,False,2025-07-31T03:30:28.307+00:00,False,data/raw/wta/stats/_httpcache/2025/afaa7b9377d5ce7d9146547a28677f1209dac31c0e1dfa11f7d51bd5f59607e9.json,8dacdc16bfce570303a40c0a97c42659a7d5e56ad5ff5b304c4d0bad2eda1dfc,1,139294.0,True,2025-07-31,stats,False,False
2025,806,LS052,Naomi Osaka,Liudmila Samsonova,319998,322222,R64,4-6 7-6(6) 6-3,completed,present,2025-07-27,2025-08-07,2025-07-30T14:44:11.603+00:00,False,2025-07-30T17:46:23.647+00:00,False,data/raw/wta/stats/_httpcache/2025/afaa7b9377d5ce7d9146547a28677f1209dac31c0e1dfa11f7d51bd5f59607e9.json,8dacdc16bfce570303a40c0a97c42659a7d5e56ad5ff5b304c4d0bad2eda1dfc,1,139275.0,True,2025-07-30,stats,False,False
2025,806,LS053,Jelena Ostapenko,Renata Zarazua,319939,320716,R64,6-2 4-6 6-2,completed,present,2025-07-27,2025-08-07,2025-07-30T17:29:58.84+00:00,False,2025-07-30T20:35:22.257+00:00,False,data/raw/wta/stats/_httpcache/2025/afaa7b9377d5ce7d9146547a28677f1209dac31c0e1dfa11f7d51bd5f59607e9.json,8dacdc16bfce570303a40c0a97c42659a7d5e56ad5ff5b304c4d0bad2eda1dfc,1,139280.0,True,2025-07-30,stats,False,False
2025,806,LS054,Anastasija Sevastova,Magda Linette,313987,315130,R64,6-3 4-6 6-4,completed,present,2025-07-27,2025-08-07,2025-07-30T14:46:57.563+00:00,False,2025-07-30T17:28:18.393+00:00,False,data/raw/wta/stats/_httpcache/2025/afaa7b9377d5ce7d9146547a28677f1209dac31c0e1dfa11f7d51bd5f59607e9.json,8dacdc16bfce570303a40c0a97c42659a7d5e56ad5ff5b304c4d0bad2eda1dfc,1,139276.0,True,2025-07-30,stats,False,False
2025,806,LS055,Jessica Pegula,Maria Sakkari,316956,318312,R64,7-5 6-4,completed,present,2025-07-27,2025-08-07,2025-07-30T20:09:47.437+00:00,False,2025-07-30T22:00:54.67+00:00,False,data/raw/wta/stats/_httpcache/2025/afaa7b9377d5ce7d9146547a28677f1209dac31c0e1dfa11f7d51bd5f59607e9.json,8dacdc16bfce570303a40c0a97c42659a7d5e56ad5ff5b304c4d0bad2eda1dfc,1,139283.0,True,2025-07-30,stats,False,False
2025,806,LS056,Madison Keys,Laura Siegemund,316959,310926,R64,6-2 6-1,completed,present,2025-07-27,2025-08-07,2025-07-30T14:53:41.327+00:00,False,2025-07-30T16:14:59.49+00:00,False,data/raw/wta/stats/_httpcache/2025/afaa7b9377d5ce7d9146547a28677f1209dac31c0e1dfa11f7d51bd5f59607e9.json,8dacdc16bfce570303a40c0a97c42659a7d5e56ad5ff5b304c4d0bad2eda1dfc,1,139277.0,True,2025-07-30,stats,False,False
2025,806,LS057,Caty McNally,Rebecca Sramkova,325725,320228,R64,6-2 6-2,completed,present,2025-07-27,2025-08-07,2025-07-30T17:42:45.273+00:00,False,2025-07-30T20:10:48.393+00:00,False,data/raw/wta/stats/_httpcache/2025/afaa7b9377d5ce7d9146547a28677f1209dac31c0e1dfa11f7d51bd5f59607e9.json,8dacdc16bfce570303a40c0a97c42659a7d5e56ad5ff5b304c4d0bad2eda1dfc,1,139281.0,True,2025-07-30,stats,False,False
2025,806,LS058,Belinda Bencic,Eugenie Bouchard,319001,316161,R64,6-2 3-6 6-4,completed,present,2025-07-27,2025-08-07,2025-07-30T22:50:36.97+00:00,False,2025-07-31T01:29:01.977+00:00,False,data/raw/wta/stats/_httpcache/2025/afaa7b9377d5ce7d9146547a28677f1209dac31c0e1dfa11f7d51bd5f59607e9.json,8dacdc16bfce570303a40c0a97c42659a7d5e56ad5ff5b304c4d0bad2eda1dfc,1,139287.0,True,2025-07-30,stats,False,False
2025,806,LS059,Karolina Muchova,Antonia Ruzic,322191,329505,R64,7-5 7-5,completed,present,2025-07-27,2025-08-07,2025-07-30T23:17:56.72+00:00,False,2025-07-31T01:19:08.423+00:00,False,data/raw/wta/stats/_httpcache/2025/afaa7b9377d5ce7d9146547a28677f1209dac31c0e1dfa11f7d51bd5f59607e9.json,8dacdc16bfce570303a40c0a97c42659a7d5e56ad5ff5b304c4d0bad2eda1dfc,1,139288.0,True,2025-07-30,stats,False,False
2025,806,LS060,Clara Tauson,Lucia Bronzetti,327793,322280,R64,6-1 6-2,completed,present,2025-07-27,2025-08-07,2025-07-30T16:18:28.583+00:00,False,2025-07-30T17:48:01.107+00:00,False,data/raw/wta/stats/_httpcache/2025/afaa7b9377d5ce7d9146547a28677f1209dac31c0e1dfa11f7d51bd5f59607e9.json,8dacdc16bfce570303a40c0a97c42659a7d5e56ad5ff5b304c4d0bad2eda1dfc,1,139279.0,True,2025-07-30,stats,False,False
2025,806,LS061,Yuliia Starodubtseva,Magdalena Frech,325338,320277,R64,6-1 6-1,completed,present,2025-07-27,2025-08-07,2025-07-30T21:53:31.797+00:00,False,2025-07-30T23:15:15.36+00:00,False,data/raw/wta/stats/_httpcache/2025/afaa7b9377d5ce7d9146547a28677f1209dac31c0e1dfa11f7d51bd5f59607e9.json,8dacdc16bfce570303a40c0a97c42659a7d5e56ad5ff5b304c4d0bad2eda1dfc,1,139286.0,True,2025-07-30,stats,False,False
2025,806,LS062,Eva Lys,Anastasia Pavlyuchenkova,325826,313796,R64,6-3 6-4,completed,present,2025-07-27,2025-08-07,2025-07-30T23:18:24.603+00:00,False,2025-07-31T00:54:21.97+00:00,False,data/raw/wta/stats/_httpcache/2025/afaa7b9377d5ce7d9146547a28677f1209dac31c0e1dfa11f7d51bd5f59607e9.json,8dacdc16bfce570303a40c0a97c42659a7d5e56ad5ff5b304c4d0bad2eda1dfc,1,139289.0,True,2025-07-30,stats,False,False
2025,806,LS063,Iga Swiatek,Hanyu Guo,326408,323087,R64,6-3 6-1,completed,present,2025-07-27,2025-08-07,2025-07-30T17:50:33.07+00:00,False,2025-07-30T20:07:26.943+00:00,False,data/raw/wta/stats/_httpcache/2025/afaa7b9377d5ce7d9146547a28677f1209dac31c0e1dfa11f7d51bd5f59607e9.json,8dacdc16bfce570303a40c0a97c42659a7d5e56ad5ff5b304c4d0bad2eda1dfc,1,139282.0,True,2025-07-30,stats,False,False
2025,806,LS065,Danielle Collins,Viktoriya Tomova,316925,317584,R128,6-3 7-5,completed,present,2025-07-27,2025-08-07,2025-07-27T22:39:28.11+00:00,False,2025-07-28T00:24:49.73+00:00,False,data/raw/wta/stats/_httpcache/2025/afaa7b9377d5ce7d9146547a28677f1209dac31c0e1dfa11f7d51bd5f59607e9.json,8dacdc16bfce570303a40c0a97c42659a7d5e56ad5ff5b304c4d0bad2eda1dfc,1,139215.0,True,2025-07-27,stats,False,False
2025,806,LS066,Veronika Kudermetova,Cristina Bucsa,319526,321158,R128,5-7 6-2 7-5,completed,present,2025-07-27,2025-08-07,2025-07-27T19:37:44.197+00:00,False,2025-07-27T22:37:25.833+00:00,False,data/raw/wta/stats/_httpcache/2025/afaa7b9377d5ce7d9146547a28677f1209dac31c0e1dfa11f7d51bd5f59607e9.json,8dacdc16bfce570303a40c0a97c42659a7d5e56ad5ff5b304c4d0bad2eda1dfc,1,139213.0,True,2025-07-27,stats,False,False
2025,806,LS069,Victoria Mboko,Kimberly Birrell,331006,320728,R128,7-5 6-3,completed,present,2025-07-27,2025-08-07,2025-07-27T19:35:32.56+00:00,False,2025-07-27T21:27:39.323+00:00,False,data/raw/wta/stats/_httpcache/2025/afaa7b9377d5ce7d9146547a28677f1209dac31c0e1dfa11f7d51bd5f59607e9.json,8dacdc16bfce570303a40c0a97c42659a7d5e56ad5ff5b304c4d0bad2eda1dfc,1,139212.0,True,2025-07-27,stats,False,False
2025,806,LS070,Marie Bouzkova,Moyuka Uchijima,320983,327241,R128,6-2 7-6(4),completed,present,2025-07-27,2025-08-07,2025-07-28T18:35:55.957+00:00,False,2025-07-28T20:40:12.75+00:00,False,data/raw/wta/stats/_httpcache/2025/afaa7b9377d5ce7d9146547a28677f1209dac31c0e1dfa11f7d51bd5f59607e9.json,8dacdc16bfce570303a40c0a97c42659a7d5e56ad5ff5b304c4d0bad2eda1dfc,1,139231.0,True,2025-07-28,stats,False,False
2025,806,LS073,Lin Zhu,Varvara Gracheva,317306,325836,R128,6-4 7-6(3),completed,present,2025-07-27,2025-08-07,2025-07-27T17:13:06.72+00:00,False,2025-07-27T19:34:00.387+00:00,False,data/raw/wta/stats/_httpcache/2025/afaa7b9377d5ce7d9146547a28677f1209dac31c0e1dfa11f7d51bd5f59607e9.json,8dacdc16bfce570303a40c0a97c42659a7d5e56ad5ff5b304c4d0bad2eda1dfc,1,139211.0,True,2025-07-27,stats,False,False
2025,806,LS074,Suzan Lamens,Polina Kudermetova,324898,328897,R128,6-3 4-6 6-2,completed,present,2025-07-27,2025-08-07,2025-07-27T14:52:27.53+00:00,False,2025-07-27T17:09:48.873+00:00,False,data/raw/wta/stats/_httpcache/2025/afaa7b9377d5ce7d9146547a28677f1209dac31c0e1dfa11f7d51bd5f59607e9.json,8dacdc16bfce570303a40c0a97c42659a7d5e56ad5ff5b304c4d0bad2eda1dfc,1,139208.0,True,2025-07-27,stats,False,False
2025,806,LS077,Jessica Bouzas Maneiro,Louisa Chirico,328139,320218,R128,5-7 7-5 6-4,completed,present,2025-07-27,2025-08-07,2025-07-27T17:12:52.587+00:00,False,2025-07-27T20:31:18.593+00:00,False,data/raw/wta/stats/_httpcache/2025/afaa7b9377d5ce7d9146547a28677f1209dac31c0e1dfa11f7d51bd5f59607e9.json,8dacdc16bfce570303a40c0a97c42659a7d5e56ad5ff5b304c4d0bad2eda1dfc,1,139210.0,True,2025-07-27,stats,False,False
2025,806,LS078,Aoi Ito,Katie Volynets,329009,327391,R128,6-2 2-6 6-2,completed,present,2025-07-27,2025-08-07,2025-07-27T14:48:43.913+00:00,False,2025-07-27T17:09:49.863+00:00,False,data/raw/wta/stats/_httpcache/2025/afaa7b9377d5ce7d9146547a28677f1209dac31c0e1dfa11f7d51bd5f59607e9.json,8dacdc16bfce570303a40c0a97c42659a7d5e56ad5ff5b304c4d0bad2eda1dfc,1,139206.0,True,2025-07-27,stats,False,False
2025,806,LS081,Bianca Andreescu,Barbora Krejcikova,325088,318314,R128,6-3 6-4,completed,present,2025-07-27,2025-08-07,2025-07-27T22:47:54+00:00,False,2025-07-28T00:54:00.573+00:00,False,data/raw/wta/stats/_httpcache/2025/afaa7b9377d5ce7d9146547a28677f1209dac31c0e1dfa11f7d51bd5f59607e9.json,8dacdc16bfce570303a40c0a97c42659a7d5e56ad5ff5b304c4d0bad2eda1dfc,1,139216.0,True,2025-07-27,stats,False,False
2025,806,LS082,Maya Joint,Leylah Fernandez,330544,326735,R128,6-4 6-1,completed,present,2025-07-27,2025-08-07,2025-07-29T16:16:30.91+00:00,False,2025-07-29T17:54:33.163+00:00,False,data/raw/wta/stats/_httpcache/2025/afaa7b9377d5ce7d9146547a28677f1209dac31c0e1dfa11f7d51bd5f59607e9.json,8dacdc16bfce570303a40c0a97c42659a7d5e56ad5ff5b304c4d0bad2eda1dfc,1,139251.0,True,2025-07-29,stats,False,False
2025,806,LS085,Marketa Vondrousova,Alexandra Eala,323027,330332,R128,3-6 6-1 6-2,completed,present,2025-07-27,2025-08-07,2025-07-27T17:09:06.747+00:00,False,2025-07-27T19:33:15.29+00:00,False,data/raw/wta/stats/_httpcache/2025/afaa7b9377d5ce7d9146547a28677f1209dac31c0e1dfa11f7d51bd5f59607e9.json,8dacdc16bfce570303a40c0a97c42659a7d5e56ad5ff5b304c4d0bad2eda1dfc,1,139209.0,True,2025-07-27,stats,False,False
2025,806,LS086,Anna Blinkova,Caroline Dolehide,324267,322052,R128,6-4 6-1,completed,present,2025-07-27,2025-08-07,2025-07-28T16:38:24.24+00:00,False,2025-07-28T18:13:39.083+00:00,False,data/raw/wta/stats/_httpcache/2025/afaa7b9377d5ce7d9146547a28677f1209dac31c0e1dfa11f7d51bd5f59607e9.json,8dacdc16bfce570303a40c0a97c42659a7d5e56ad5ff5b304c4d0bad2eda1dfc,1,139228.0,True,2025-07-28,stats,False,False
2025,806,LS089,Hailey Baptiste,Whitney Osuigwe,327101,326101,R128,7-5 6-1,completed,present,2025-07-27,2025-08-07,2025-07-28T00:26:55.88+00:00,False,2025-07-28T02:07:32.55+00:00,False,data/raw/wta/stats/_httpcache/2025/afaa7b9377d5ce7d9146547a28677f1209dac31c0e1dfa11f7d51bd5f59607e9.json,8dacdc16bfce570303a40c0a97c42659a7d5e56ad5ff5b304c4d0bad2eda1dfc,1,139222.0,True,2025-07-28,stats,False,False
2025,806,LS090,Jaqueline Cristian,Marina Stakusic,320319,329614,R128,2-6 6-2 6-2,completed,present,2025-07-27,2025-08-07,2025-07-27T14:50:29.663+00:00,False,2025-07-27T17:05:40.96+00:00,False,data/raw/wta/stats/_httpcache/2025/afaa7b9377d5ce7d9146547a28677f1209dac31c0e1dfa11f7d51bd5f59607e9.json,8dacdc16bfce570303a40c0a97c42659a7d5e56ad5ff5b304c4d0bad2eda1dfc,1,139207.0,True,2025-07-27,stats,False,False
2025,806,LS093,Camila Osorio,Bernarda Pera,325898,317708,R128,6-3 7-5,completed,present,2025-07-27,2025-08-07,2025-07-27T20:34:03.08+00:00,False,2025-07-27T22:10:19.597+00:00,False,data/raw/wta/stats/_httpcache/2025/afaa7b9377d5ce7d9146547a28677f1209dac31c0e1dfa11f7d51bd5f59607e9.json,8dacdc16bfce570303a40c0a97c42659a7d5e56ad5ff5b304c4d0bad2eda1dfc,1,139214.0,True,2025-07-27,stats,False,False
2025,806,LS094,Rebecca Marino,Elsa Jacquemot,313485,328142,R128,7-6(2) 6-1,completed,present,2025-07-27,2025-08-07,2025-07-28T00:58:41.653+00:00,False,2025-07-28T02:57:06.27+00:00,False,data/raw/wta/stats/_httpcache/2025/afaa7b9377d5ce7d9146547a28677f1209dac31c0e1dfa11f7d51bd5f59607e9.json,8dacdc16bfce570303a40c0a97c42659a7d5e56ad5ff5b304c4d0bad2eda1dfc,1,139223.0,True,2025-07-28,stats,False,False
2025,806,LS097,Lulu Sun,Sorana Cirstea,324576,312469,R128,6-3 7-5,completed,present,2025-07-27,2025-08-07,2025-07-28T18:39:49.42+00:00,False,2025-07-28T20:16:28.12+00:00,False,data/raw/wta/stats/_httpcache/2025/afaa7b9377d5ce7d9146547a28677f1209dac31c0e1dfa11f7d51bd5f59607e9.json,8dacdc16bfce570303a40c0a97c42659a7d5e56ad5ff5b304c4d0bad2eda1dfc,1,139232.0,True,2025-07-28,stats,False,False
2025,806,LS098,Emma Raducanu,Elena-Gabriela Ruse,328366,320408,R128,6-2 6-4,completed,present,2025-07-27,2025-08-07,2025-07-28T17:10:04.293+00:00,False,2025-07-28T19:03:57.05+00:00,False,data/raw/wta/stats/_httpcache/2025/afaa7b9377d5ce7d9146547a28677f1209dac31c0e1dfa11f7d51bd5f59607e9.json,8dacdc16bfce570303a40c0a97c42659a7d5e56ad5ff5b304c4d0bad2eda1dfc,1,139229.0,True,2025-07-28,stats,False,False
2025,806,LS101,Anna Kalinskaya,Ann Li,323942,326096,R128,7-6(6) 0-6 6-3,completed,present,2025-07-27,2025-08-07,2025-07-29T16:23:02.027+00:00,False,2025-07-29T18:55:59.917+00:00,False,data/raw/wta/stats/_httpcache/2025/afaa7b9377d5ce7d9146547a28677f1209dac31c0e1dfa11f7d51bd5f59607e9.json,8dacdc16bfce570303a40c0a97c42659a7d5e56ad5ff5b304c4d0bad2eda1dfc,1,139252.0,True,2025-07-29,stats,False,False
2025,806,LS102,Kamilla Rakhimova,Kayla Cross,325936,330960,R128,4-6 6-3 6-2,completed,present,2025-07-27,2025-08-07,2025-07-28T14:53:11.443+00:00,False,2025-07-28T17:05:27.553+00:00,False,data/raw/wta/stats/_httpcache/2025/afaa7b9377d5ce7d9146547a28677f1209dac31c0e1dfa11f7d51bd5f59607e9.json,8dacdc16bfce570303a40c0a97c42659a7d5e56ad5ff5b304c4d0bad2eda1dfc,1,139227.0,True,2025-07-28,stats,False,False
2025,806,LS105,Naomi Osaka,Ariana Arseneault,319998,327454,R128,6-4 6-2,completed,present,2025-07-27,2025-08-07,2025-07-28T19:06:33.3+00:00,False,2025-07-28T20:42:16.857+00:00,False,data/raw/wta/stats/_httpcache/2025/afaa7b9377d5ce7d9146547a28677f1209dac31c0e1dfa11f7d51bd5f59607e9.json,8dacdc16bfce570303a40c0a97c42659a7d5e56ad5ff5b304c4d0bad2eda1dfc,1,139233.0,True,2025-07-28,stats,False,False
2025,806,LS106,Renata Zarazua,Katie Boulter,320716,319125,R128,6-1 7-5,completed,present,2025-07-27,2025-08-07,2025-07-28T20:19:30.1+00:00,False,2025-07-28T22:16:17.963+00:00,False,data/raw/wta/stats/_httpcache/2025/afaa7b9377d5ce7d9146547a28677f1209dac31c0e1dfa11f7d51bd5f59607e9.json,8dacdc16bfce570303a40c0a97c42659a7d5e56ad5ff5b304c4d0bad2eda1dfc,1,139234.0,True,2025-07-28,stats,False,False
2025,806,LS109,Anastasija Sevastova,Ajla Tomljanovic,313987,315232,R128,6-3 3-6 6-4,completed,present,2025-07-27,2025-08-07,2025-07-28T22:19:56.113+00:00,False,2025-07-29T00:40:07.523+00:00,False,data/raw/wta/stats/_httpcache/2025/afaa7b9377d5ce7d9146547a28677f1209dac31c0e1dfa11f7d51bd5f59607e9.json,8dacdc16bfce570303a40c0a97c42659a7d5e56ad5ff5b304c4d0bad2eda1dfc,1,139236.0,True,2025-07-28,stats,False,False
2025,806,LS110,Maria Sakkari,Carson Branstine,318312,324361,R128,6-2 3-6 7-5,completed,present,2025-07-27,2025-08-07,2025-07-29T01:26:24.757+00:00,False,2025-07-29T04:05:34.54+00:00,False,data/raw/wta/stats/_httpcache/2025/afaa7b9377d5ce7d9146547a28677f1209dac31c0e1dfa11f7d51bd5f59607e9.json,8dacdc16bfce570303a40c0a97c42659a7d5e56ad5ff5b304c4d0bad2eda1dfc,1,139249.0,True,2025-07-29,stats,False,False
2025,806,LS113,Laura Siegemund,Tatjana Maria,310926,310440,R128,7-5 6-7(6) 7-6(2),completed,present,2025-07-27,2025-08-07,2025-07-28T14:46:18.147+00:00,False,2025-07-28T18:35:41.127+00:00,False,data/raw/wta/stats/_httpcache/2025/afaa7b9377d5ce7d9146547a28677f1209dac31c0e1dfa11f7d51bd5f59607e9.json,8dacdc16bfce570303a40c0a97c42659a7d5e56ad5ff5b304c4d0bad2eda1dfc,1,139224.0,True,2025-07-28,stats,False,False
2025,806,LS114,Caty McNally,Alycia Parks,325725,326007,R128,6-4 5-7 7-6(7),completed,present,2025-07-27,2025-08-07,2025-07-29T14:52:12.95+00:00,False,2025-07-29T17:49:40.633+00:00,False,data/raw/wta/stats/_httpcache/2025/afaa7b9377d5ce7d9146547a28677f1209dac31c0e1dfa11f7d51bd5f59607e9.json,8dacdc16bfce570303a40c0a97c42659a7d5e56ad5ff5b304c4d0bad2eda1dfc,1,139250.0,True,2025-07-29,stats,False,False
2025,806,LS117,Eugenie Bouchard,Emiliana Arango,316161,324789,R128,6-4 2-6 6-2,completed,present,2025-07-27,2025-08-07,2025-07-28T22:48:15.347+00:00,False,2025-07-29T01:24:06.903+00:00,False,data/raw/wta/stats/_httpcache/2025/afaa7b9377d5ce7d9146547a28677f1209dac31c0e1dfa11f7d51bd5f59607e9.json,8dacdc16bfce570303a40c0a97c42659a7d5e56ad5ff5b304c4d0bad2eda1dfc,1,139237.0,True,2025-07-28,stats,False,False
2025,806,LS118,Antonia Ruzic,Anastasia Potapova,329505,325601,R128,2-6 7-5 6-0,completed,present,2025-07-27,2025-08-07,2025-07-29T00:44:27.85+00:00,False,2025-07-29T02:41:48.607+00:00,False,data/raw/wta/stats/_httpcache/2025/afaa7b9377d5ce7d9146547a28677f1209dac31c0e1dfa11f7d51bd5f59607e9.json,8dacdc16bfce570303a40c0a97c42659a7d5e56ad5ff5b304c4d0bad2eda1dfc,1,139248.0,True,2025-07-29,stats,False,False
2025,806,LS121,Lucia Bronzetti,Elizabeth Mandlik,322280,326379,R128,4-6 7-6(5) 6-2,completed,present,2025-07-27,2025-08-07,2025-07-28T20:42:53.97+00:00,False,2025-07-28T23:20:38.217+00:00,False,data/raw/wta/stats/_httpcache/2025/afaa7b9377d5ce7d9146547a28677f1209dac31c0e1dfa11f7d51bd5f59607e9.json,8dacdc16bfce570303a40c0a97c42659a7d5e56ad5ff5b304c4d0bad2eda1dfc,1,139235.0,True,2025-07-28,stats,False,False
2025,806,LS122,Yuliia Starodubtseva,Yafan Wang,325338,317510,R128,6-7(6) 6-4 6-4,completed,present,2025-07-27,2025-08-07,2025-07-28T14:51:38.693+00:00,False,2025-07-28T18:33:39.243+00:00,False,data/raw/wta/stats/_httpcache/2025/afaa7b9377d5ce7d9146547a28677f1209dac31c0e1dfa11f7d51bd5f59607e9.json,8dacdc16bfce570303a40c0a97c42659a7d5e56ad5ff5b304c4d0bad2eda1dfc,1,139226.0,True,2025-07-28,stats,False,False
2025,806,LS125,Eva Lys,Leolia Jeanjean,325826,320313,R128,6-1 6-4,completed,present,2025-07-27,2025-08-07,2025-07-28T18:17:56.847+00:00,False,2025-07-28T19:52:40.7+00:00,False,data/raw/wta/stats/_httpcache/2025/afaa7b9377d5ce7d9146547a28677f1209dac31c0e1dfa11f7d51bd5f59607e9.json,8dacdc16bfce570303a40c0a97c42659a7d5e56ad5ff5b304c4d0bad2eda1dfc,1,139230.0,True,2025-07-28,stats,False,False
2025,806,LS126,Hanyu Guo,Yulia Putintseva,323087,317683,R128,6-3 6-3,completed,present,2025-07-27,2025-08-07,2025-07-28T14:49:54.99+00:00,False,2025-07-28T16:34:10.697+00:00,False,data/raw/wta/stats/_httpcache/2025/afaa7b9377d5ce7d9146547a28677f1209dac31c0e1dfa11f7d51bd5f59607e9.json,8dacdc16bfce570303a40c0a97c42659a7d5e56ad5ff5b304c4d0bad2eda1dfc,1,139225.0,True,2025-07-28,stats,False,False
2025,808,LS001,Elena Rybakina,Aryna Sabalenka,324166,320760,F,6-3 7-6(0),completed,present,2025-11-01,2025-11-08,2025-11-08T15:46:44.54+00:00,False,2025-11-08T18:01:03.98+00:00,False,data/raw/wta/stats/_httpcache/2025/c819efe606bf33b79c8ed3c67f95fe657d1ddb5c2184f731576ff9d2f0477ba3.json,07804edd414a64ab9164b958827d3adcef5d5d1a7cd3194a2f81ffd6b8dea8ea,0,141311.0,True,2025-11-08,stats,False,False
2025,808,LS002,Aryna Sabalenka,Amanda Anisimova,320760,326384,SF,6-3 3-6 6-3,completed,present,2025-11-01,2025-11-08,2025-11-07T17:25:53.993+00:00,False,2025-11-07T20:05:50.513+00:00,False,data/raw/wta/stats/_httpcache/2025/c819efe606bf33b79c8ed3c67f95fe657d1ddb5c2184f731576ff9d2f0477ba3.json,07804edd414a64ab9164b958827d3adcef5d5d1a7cd3194a2f81ffd6b8dea8ea,0,141306.0,True,2025-11-07,stats,False,False
2025,808,LS003,Elena Rybakina,Jessica Pegula,324166,316956,SF,4-6 6-4 6-3,completed,present,2025-11-01,2025-11-08,2025-11-07T14:48:56.927+00:00,False,2025-11-07T17:19:39.267+00:00,False,data/raw/wta/stats/_httpcache/2025/c819efe606bf33b79c8ed3c67f95fe657d1ddb5c2184f731576ff9d2f0477ba3.json,07804edd414a64ab9164b958827d3adcef5d5d1a7cd3194a2f81ffd6b8dea8ea,0,141305.0,True,2025-11-07,stats,False,False
2025,808,LS008,Aryna Sabalenka,Coco Gauff,320760,328560,SF,7-6(5) 6-2,completed,ambiguous,2025-11-01,2025-11-08,2025-11-06T15:21:00.423+00:00,False,2025-11-06T17:12:18.76+00:00,False,data/raw/wta/stats/_httpcache/2025/c819efe606bf33b79c8ed3c67f95fe657d1ddb5c2184f731576ff9d2f0477ba3.json,07804edd414a64ab9164b958827d3adcef5d5d1a7cd3194a2f81ffd6b8dea8ea,0,,,,,False,False
2025,808,LS009,Aryna Sabalenka,Jessica Pegula,320760,316956,SF,6-4 2-6 6-3,completed,ambiguous,2025-11-01,2025-11-08,2025-11-04T15:37:29.287+00:00,False,2025-11-04T18:01:27.45+00:00,False,data/raw/wta/stats/_httpcache/2025/c819efe606bf33b79c8ed3c67f95fe657d1ddb5c2184f731576ff9d2f0477ba3.json,07804edd414a64ab9164b958827d3adcef5d5d1a7cd3194a2f81ffd6b8dea8ea,0,,,,,False,False
2025,808,LS010,Aryna Sabalenka,Jasmine Paolini,320760,319280,SF,6-3 6-1,completed,ambiguous,2025-11-01,2025-11-08,2025-11-02T13:42:15.463+00:00,False,2025-11-02T15:25:59.633+00:00,False,data/raw/wta/stats/_httpcache/2025/c819efe606bf33b79c8ed3c67f95fe657d1ddb5c2184f731576ff9d2f0477ba3.json,07804edd414a64ab9164b958827d3adcef5d5d1a7cd3194a2f81ffd6b8dea8ea,0,,,,,False,False
2025,808,LS011,Jessica Pegula,Coco Gauff,316956,328560,SF,6-3 6-7(4) 6-2,completed,ambiguous,2025-11-01,2025-11-08,2025-11-02T15:31:07.567+00:00,False,2025-11-02T18:04:14.42+00:00,False,data/raw/wta/stats/_httpcache/2025/c819efe606bf33b79c8ed3c67f95fe657d1ddb5c2184f731576ff9d2f0477ba3.json,07804edd414a64ab9164b958827d3adcef5d5d1a7cd3194a2f81ffd6b8dea8ea,0,,,,,False,False
2025,808,LS012,Coco Gauff,Jasmine Paolini,328560,319280,SF,6-3 6-2,completed,ambiguous,2025-11-01,2025-11-08,2025-11-04T13:48:59.473+00:00,False,2025-11-04T15:33:10.73+00:00,False,data/raw/wta/stats/_httpcache/2025/c819efe606bf33b79c8ed3c67f95fe657d1ddb5c2184f731576ff9d2f0477ba3.json,07804edd414a64ab9164b958827d3adcef5d5d1a7cd3194a2f81ffd6b8dea8ea,0,,,,,False,False
2025,808,LS013,Jessica Pegula,Jasmine Paolini,316956,319280,SF,6-2 6-3,completed,ambiguous,2025-11-01,2025-11-08,2025-11-06T13:56:42.797+00:00,False,2025-11-06T15:17:49.053+00:00,False,data/raw/wta/stats/_httpcache/2025/c819efe606bf33b79c8ed3c67f95fe657d1ddb5c2184f731576ff9d2f0477ba3.json,07804edd414a64ab9164b958827d3adcef5d5d1a7cd3194a2f81ffd6b8dea8ea,0,,,,,False,False
2025,808,LS016,Amanda Anisimova,Iga Swiatek,326384,326408,QF,6-7(3) 6-4 6-2,completed,ambiguous,2025-11-01,2025-11-08,2025-11-05T15:32:24.08+00:00,False,2025-11-05T18:29:46.66+00:00,False,data/raw/wta/stats/_httpcache/2025/c819efe606bf33b79c8ed3c67f95fe657d1ddb5c2184f731576ff9d2f0477ba3.json,07804edd414a64ab9164b958827d3adcef5d5d1a7cd3194a2f81ffd6b8dea8ea,0,,,,,False,False
2025,808,LS017,Elena Rybakina,Iga Swiatek,324166,326408,QF,3-6 6-1 6-0,completed,ambiguous,2025-11-01,2025-11-08,2025-11-03T13:52:49.503+00:00,False,2025-11-03T15:51:52.917+00:00,False,data/raw/wta/stats/_httpcache/2025/c819efe606bf33b79c8ed3c67f95fe657d1ddb5c2184f731576ff9d2f0477ba3.json,07804edd414a64ab9164b958827d3adcef5d5d1a7cd3194a2f81ffd6b8dea8ea,0,,,,,False,False
2025,808,LS018,Iga Swiatek,Madison Keys,326408,316959,QF,6-1 6-2,completed,ambiguous,2025-11-01,2025-11-08,2025-11-01T14:51:43.19+00:00,False,2025-11-01T16:16:24.727+00:00,False,data/raw/wta/stats/_httpcache/2025/c819efe606bf33b79c8ed3c67f95fe657d1ddb5c2184f731576ff9d2f0477ba3.json,07804edd414a64ab9164b958827d3adcef5d5d1a7cd3194a2f81ffd6b8dea8ea,0,,,,,False,False
2025,808,LS019,Elena Rybakina,Amanda Anisimova,324166,326384,QF,6-3 6-1,completed,ambiguous,2025-11-01,2025-11-08,2025-11-01T16:19:21.867+00:00,False,2025-11-01T17:38:59.667+00:00,False,data/raw/wta/stats/_httpcache/2025/c819efe606bf33b79c8ed3c67f95fe657d1ddb5c2184f731576ff9d2f0477ba3.json,07804edd414a64ab9164b958827d3adcef5d5d1a7cd3194a2f81ffd6b8dea8ea,0,,,,,False,False
2025,808,LS020,Amanda Anisimova,Madison Keys,326384,316959,QF,4-6 6-3 6-2,completed,ambiguous,2025-11-01,2025-11-08,2025-11-03T15:55:28.827+00:00,False,2025-11-03T17:59:57.403+00:00,False,data/raw/wta/stats/_httpcache/2025/c819efe606bf33b79c8ed3c67f95fe657d1ddb5c2184f731576ff9d2f0477ba3.json,07804edd414a64ab9164b958827d3adcef5d5d1a7cd3194a2f81ffd6b8dea8ea,0,,,,,False,False
2025,808,LS021,Elena Rybakina,Ekaterina Alexandrova,324166,319007,QF,6-4 6-4,completed,ambiguous,2025-11-01,2025-11-08,2025-11-05T13:50:14.507+00:00,False,2025-11-05T15:27:55.027+00:00,False,data/raw/wta/stats/_httpcache/2025/c819efe606bf33b79c8ed3c67f95fe657d1ddb5c2184f731576ff9d2f0477ba3.json,07804edd414a64ab9164b958827d3adcef5d5d1a7cd3194a2f81ffd6b8dea8ea,0,,,,,False,False
2025,894,LS001,Camila Osorio,Katarzyna Kawa,325898,315806,F,6-3 6-3,completed,present,2025-03-31,2025-04-06,2025-04-06T17:11:05.96+00:00,False,2025-04-06T18:53:08.627+00:00,False,data/raw/wta/stats/_httpcache/2025/fa4b7dfc00744a39e4cd32238e30481a8e7f52f8a93c71450e1c9312a6704b41.json,7287b3b69e804ea567ed88a1eb24a12acf79844e6a7ba2555ea96d1e114020e2,0,137607.0,True,2025-04-06,stats,False,False
2025,894,LS002,Katarzyna Kawa,Julieta Pareja,315806,333685,SF,7-5 6-2,completed,present,2025-03-31,2025-04-06,2025-04-05T18:36:46.913+00:00,False,2025-04-06T01:56:08.277+00:00,False,data/raw/wta/stats/_httpcache/2025/fa4b7dfc00744a39e4cd32238e30481a8e7f52f8a93c71450e1c9312a6704b41.json,7287b3b69e804ea567ed88a1eb24a12acf79844e6a7ba2555ea96d1e114020e2,0,137602.0,True,2025-04-05,stats,False,False
2025,894,LS003,Camila Osorio,Julia Riera,325898,327287,SF,6-4 7-5,completed,present,2025-03-31,2025-04-06,2025-04-05T16:03:12.337+00:00,False,2025-04-05T18:29:05.367+00:00,False,data/raw/wta/stats/_httpcache/2025/fa4b7dfc00744a39e4cd32238e30481a8e7f52f8a93c71450e1c9312a6704b41.json,7287b3b69e804ea567ed88a1eb24a12acf79844e6a7ba2555ea96d1e114020e2,0,137601.0,True,2025-04-05,stats,False,False
2025,894,LS004,Katarzyna Kawa,Marie Bouzkova,315806,320983,QF,5-7 6-1 7-5,completed,present,2025-03-31,2025-04-06,2025-04-04T22:36:55.363+00:00,False,2025-04-05T01:36:40.903+00:00,False,data/raw/wta/stats/_httpcache/2025/fa4b7dfc00744a39e4cd32238e30481a8e7f52f8a93c71450e1c9312a6704b41.json,7287b3b69e804ea567ed88a1eb24a12acf79844e6a7ba2555ea96d1e114020e2,0,137594.0,True,2025-04-04,stats,False,False
2025,894,LS005,Julieta Pareja,Leolia Jeanjean,333685,320313,QF,7-6(5) 6-3,completed,present,2025-03-31,2025-04-06,2025-04-05T01:38:48.743+00:00,False,2025-04-05T03:50:33.453+00:00,False,data/raw/wta/stats/_httpcache/2025/fa4b7dfc00744a39e4cd32238e30481a8e7f52f8a93c71450e1c9312a6704b41.json,7287b3b69e804ea567ed88a1eb24a12acf79844e6a7ba2555ea96d1e114020e2,0,137600.0,True,2025-04-05,stats,False,False
2025,894,LS006,Julia Riera,Lea Boskovic,327287,323171,QF,6-3 2-6 6-1,completed,present,2025-03-31,2025-04-06,2025-04-04T18:12:46.413+00:00,False,2025-04-04T22:34:20.633+00:00,False,data/raw/wta/stats/_httpcache/2025/fa4b7dfc00744a39e4cd32238e30481a8e7f52f8a93c71450e1c9312a6704b41.json,7287b3b69e804ea567ed88a1eb24a12acf79844e6a7ba2555ea96d1e114020e2,0,137593.0,True,2025-04-04,stats,False,False
2025,894,LS007,Camila Osorio,Tatjana Maria,325898,310440,QF,6-1 6-3,completed,present,2025-03-31,2025-04-06,2025-04-04T16:51:57.563+00:00,False,2025-04-04T18:08:45.303+00:00,False,data/raw/wta/stats/_httpcache/2025/fa4b7dfc00744a39e4cd32238e30481a8e7f52f8a93c71450e1c9312a6704b41.json,7287b3b69e804ea567ed88a1eb24a12acf79844e6a7ba2555ea96d1e114020e2,0,137592.0,True,2025-04-04,stats,False,False
2025,894,LS008,Marie Bouzkova,Raluka Serban,320983,321280,R16,6-1 6-3,completed,present,2025-03-31,2025-04-06,2025-04-02T16:40:41.557+00:00,False,2025-04-02T18:39:42.48+00:00,False,data/raw/wta/stats/_httpcache/2025/fa4b7dfc00744a39e4cd32238e30481a8e7f52f8a93c71450e1c9312a6704b41.json,7287b3b69e804ea567ed88a1eb24a12acf79844e6a7ba2555ea96d1e114020e2,0,137555.0,True,2025-04-02,stats,False,False
2025,894,LS009,Katarzyna Kawa,Laura Pigossi,315806,317155,R16,1-6 7-6(5) 6-3,completed,present,2025-03-31,2025-04-06,2025-04-02T15:52:45.403+00:00,False,2025-04-02T18:55:05.21+00:00,False,data/raw/wta/stats/_httpcache/2025/fa4b7dfc00744a39e4cd32238e30481a8e7f52f8a93c71450e1c9312a6704b41.json,7287b3b69e804ea567ed88a1eb24a12acf79844e6a7ba2555ea96d1e114020e2,0,137554.0,True,2025-04-02,stats,False,False
2025,894,LS010,Julieta Pareja,Patricia Maria Tig,333685,317171,R16,6-3 7-6(3),completed,present,2025-03-31,2025-04-06,2025-04-02T18:43:09.02+00:00,False,2025-04-02T21:08:16.133+00:00,False,data/raw/wta/stats/_httpcache/2025/fa4b7dfc00744a39e4cd32238e30481a8e7f52f8a93c71450e1c9312a6704b41.json,7287b3b69e804ea567ed88a1eb24a12acf79844e6a7ba2555ea96d1e114020e2,0,137556.0,True,2025-04-02,stats,False,False
2025,894,LS011,Leolia Jeanjean,Selena Janicijevic,320313,329090,R16,6-4 6-3,completed,present,2025-03-31,2025-04-06,2025-04-02T23:17:58.727+00:00,False,2025-04-03T01:28:04.323+00:00,False,data/raw/wta/stats/_httpcache/2025/fa4b7dfc00744a39e4cd32238e30481a8e7f52f8a93c71450e1c9312a6704b41.json,7287b3b69e804ea567ed88a1eb24a12acf79844e6a7ba2555ea96d1e114020e2,0,137557.0,True,2025-04-02,stats,False,False
2025,894,LS012,Lea Boskovic,Cristina Bucsa,323171,321158,R16,6-1 6-4,completed,present,2025-03-31,2025-04-06,2025-04-03T21:41:15.36+00:00,False,2025-04-03T23:23:08.89+00:00,False,data/raw/wta/stats/_httpcache/2025/fa4b7dfc00744a39e4cd32238e30481a8e7f52f8a93c71450e1c9312a6704b41.json,7287b3b69e804ea567ed88a1eb24a12acf79844e6a7ba2555ea96d1e114020e2,0,137579.0,True,2025-04-03,stats,False,False
2025,894,LS013,Julia Riera,Iva Jovic,327287,332285,R16,6-4 6-2,completed,present,2025-03-31,2025-04-06,2025-04-03T23:27:16.903+00:00,False,2025-04-04T01:07:24.37+00:00,False,data/raw/wta/stats/_httpcache/2025/fa4b7dfc00744a39e4cd32238e30481a8e7f52f8a93c71450e1c9312a6704b41.json,7287b3b69e804ea567ed88a1eb24a12acf79844e6a7ba2555ea96d1e114020e2,0,137580.0,True,2025-04-03,stats,False,False
2025,894,LS014,Tatjana Maria,Hanna Chang,310440,321743,R16,6-0 7-6(0),completed,present,2025-03-31,2025-04-06,2025-04-03T19:49:26.017+00:00,False,2025-04-03T21:37:01.273+00:00,False,data/raw/wta/stats/_httpcache/2025/fa4b7dfc00744a39e4cd32238e30481a8e7f52f8a93c71450e1c9312a6704b41.json,7287b3b69e804ea567ed88a1eb24a12acf79844e6a7ba2555ea96d1e114020e2,0,137578.0,True,2025-04-03,stats,False,False
2025,894,LS015,Camila Osorio,Emina Bektas,325898,316464,R16,1-6 7-6(5) 6-2,completed,present,2025-03-31,2025-04-06,2025-04-03T16:33:53.487+00:00,False,2025-04-03T19:40:43.993+00:00,False,data/raw/wta/stats/_httpcache/2025/fa4b7dfc00744a39e4cd32238e30481a8e7f52f8a93c71450e1c9312a6704b41.json,7287b3b69e804ea567ed88a1eb24a12acf79844e6a7ba2555ea96d1e114020e2,0,137577.0,True,2025-04-03,stats,False,False
2025,894,LS016,Marie Bouzkova,Aleksandra Krunic,320983,316344,R32,6-0 3-6 6-3,completed,present,2025-03-31,2025-04-06,2025-04-01T19:53:51.12+00:00,False,2025-04-01T21:55:39.977+00:00,False,data/raw/wta/stats/_httpcache/2025/fa4b7dfc00744a39e4cd32238e30481a8e7f52f8a93c71450e1c9312a6704b41.json,7287b3b69e804ea567ed88a1eb24a12acf79844e6a7ba2555ea96d1e114020e2,0,137518.0,True,2025-04-01,stats,False,False
2025,894,LS017,Raluka Serban,Nuria Parrizas Diaz,321280,314359,R32,2-6 6-4 6-1,completed,present,2025-03-31,2025-04-06,2025-04-01T18:43:14.183+00:00,False,2025-04-01T20:57:36.487+00:00,False,data/raw/wta/stats/_httpcache/2025/fa4b7dfc00744a39e4cd32238e30481a8e7f52f8a93c71450e1c9312a6704b41.json,7287b3b69e804ea567ed88a1eb24a12acf79844e6a7ba2555ea96d1e114020e2,0,137517.0,True,2025-04-01,stats,False,False
2025,894,LS018,Katarzyna Kawa,Valentina Mediorreal Arias,315806,332846,R32,6-1 6-1,completed,present,2025-03-31,2025-04-06,2025-04-01T17:18:04.787+00:00,False,2025-04-01T18:35:59.59+00:00,False,data/raw/wta/stats/_httpcache/2025/fa4b7dfc00744a39e4cd32238e30481a8e7f52f8a93c71450e1c9312a6704b41.json,7287b3b69e804ea567ed88a1eb24a12acf79844e6a7ba2555ea96d1e114020e2,0,137515.0,True,2025-04-01,stats,False,False
2025,894,LS019,Laura Pigossi,Laura Siegemund,317155,310926,R32,4-6 6-1 6-1,completed,present,2025-03-31,2025-04-06,2025-03-31T18:52:06.517+00:00,False,2025-04-01T20:21:04.06+00:00,False,data/raw/wta/stats/_httpcache/2025/fa4b7dfc00744a39e4cd32238e30481a8e7f52f8a93c71450e1c9312a6704b41.json,7287b3b69e804ea567ed88a1eb24a12acf79844e6a7ba2555ea96d1e114020e2,0,137488.0,True,2025-03-31,stats,False,False
2025,894,LS020,Patricia Maria Tig,Emiliana Arango,317171,324789,R32,6-3 6-3,completed,present,2025-03-31,2025-04-06,2025-04-01T17:56:30.9+00:00,False,2025-04-01T19:47:53.13+00:00,False,data/raw/wta/stats/_httpcache/2025/fa4b7dfc00744a39e4cd32238e30481a8e7f52f8a93c71450e1c9312a6704b41.json,7287b3b69e804ea567ed88a1eb24a12acf79844e6a7ba2555ea96d1e114020e2,0,137516.0,True,2025-04-01,stats,False,False
2025,894,LS021,Julieta Pareja,Maria Jose Sanchez Uribe,333685,333324,R32,6-1 6-1,completed,present,2025-03-31,2025-04-06,2025-04-01T22:02:14.41+00:00,False,2025-04-01T23:29:08.787+00:00,False,data/raw/wta/stats/_httpcache/2025/fa4b7dfc00744a39e4cd32238e30481a8e7f52f8a93c71450e1c9312a6704b41.json,7287b3b69e804ea567ed88a1eb24a12acf79844e6a7ba2555ea96d1e114020e2,0,137522.0,True,2025-04-01,stats,False,False
2025,894,LS022,Leolia Jeanjean,Kathinka Von Deichmann,320313,317286,R32,6-4 7-5,completed,present,2025-03-31,2025-04-06,2025-04-01T22:53:37.637+00:00,False,2025-04-02T00:46:41.24+00:00,False,data/raw/wta/stats/_httpcache/2025/fa4b7dfc00744a39e4cd32238e30481a8e7f52f8a93c71450e1c9312a6704b41.json,7287b3b69e804ea567ed88a1eb24a12acf79844e6a7ba2555ea96d1e114020e2,0,137523.0,True,2025-04-01,stats,False,False
2025,894,LS023,Selena Janicijevic,Sara Sorribes Tormo,329090,318872,R32,6-1 6-2,completed,present,2025-03-31,2025-04-06,2025-03-31T18:47:06.17+00:00,False,2025-04-01T16:47:55.267+00:00,False,data/raw/wta/stats/_httpcache/2025/fa4b7dfc00744a39e4cd32238e30481a8e7f52f8a93c71450e1c9312a6704b41.json,7287b3b69e804ea567ed88a1eb24a12acf79844e6a7ba2555ea96d1e114020e2,0,137487.0,True,2025-03-31,stats,False,False
2025,894,LS024,Cristina Bucsa,Leonie Kung,321158,324028,R32,6-1 6-7(2) 6-1,completed,present,2025-03-31,2025-04-06,2025-04-01T23:30:42.92+00:00,False,2025-04-02T01:49:42.143+00:00,False,data/raw/wta/stats/_httpcache/2025/fa4b7dfc00744a39e4cd32238e30481a8e7f52f8a93c71450e1c9312a6704b41.json,7287b3b69e804ea567ed88a1eb24a12acf79844e6a7ba2555ea96d1e114020e2,0,137524.0,True,2025-04-01,stats,False,False
2025,894,LS025,Lea Boskovic,Irina Bara,323171,318352,R32,6-4 6-4,completed,present,2025-03-31,2025-04-06,2025-04-01T21:00:25.067+00:00,False,2025-04-01T22:51:40.707+00:00,False,data/raw/wta/stats/_httpcache/2025/fa4b7dfc00744a39e4cd32238e30481a8e7f52f8a93c71450e1c9312a6704b41.json,7287b3b69e804ea567ed88a1eb24a12acf79844e6a7ba2555ea96d1e114020e2,0,137520.0,True,2025-04-01,stats,False,False
2025,894,LS027,Iva Jovic,Alycia Parks,332285,326007,R32,6-1 6-4,completed,present,2025-03-31,2025-04-06,2025-04-01T20:23:46.12+00:00,False,2025-04-01T21:58:55.623+00:00,False,data/raw/wta/stats/_httpcache/2025/fa4b7dfc00744a39e4cd32238e30481a8e7f52f8a93c71450e1c9312a6704b41.json,7287b3b69e804ea567ed88a1eb24a12acf79844e6a7ba2555ea96d1e114020e2,0,137519.0,True,2025-04-01,stats,False,False
2025,894,LS028,Tatjana Maria,Chloe Paquet,310440,318839,R32,6-7(5) 7-5 6-4,completed,present,2025-03-31,2025-04-06,2025-04-01T14:47:02.08+00:00,False,2025-04-01T18:32:00.54+00:00,False,data/raw/wta/stats/_httpcache/2025/fa4b7dfc00744a39e4cd32238e30481a8e7f52f8a93c71450e1c9312a6704b41.json,7287b3b69e804ea567ed88a1eb24a12acf79844e6a7ba2555ea96d1e114020e2,0,137512.0,True,2025-04-01,stats,False,False
2025,894,LS029,Hanna Chang,Varvara Lepchenko,321743,120420,R32,4-6 6-1 6-2,completed,present,2025-03-31,2025-04-06,2025-04-01T14:49:18.543+00:00,False,2025-04-01T17:14:23.697+00:00,False,data/raw/wta/stats/_httpcache/2025/fa4b7dfc00744a39e4cd32238e30481a8e7f52f8a93c71450e1c9312a6704b41.json,7287b3b69e804ea567ed88a1eb24a12acf79844e6a7ba2555ea96d1e114020e2,0,137513.0,True,2025-04-01,stats,False,False
2025,894,LS030,Emina Bektas,Maria Torres Murcia,316464,329464,R32,6-0 6-3,completed,present,2025-03-31,2025-04-06,2025-04-01T22:01:03.933+00:00,False,2025-04-01T23:33:09.033+00:00,False,data/raw/wta/stats/_httpcache/2025/fa4b7dfc00744a39e4cd32238e30481a8e7f52f8a93c71450e1c9312a6704b41.json,7287b3b69e804ea567ed88a1eb24a12acf79844e6a7ba2555ea96d1e114020e2,0,137521.0,True,2025-04-01,stats,False,False
2025,894,LS031,Camila Osorio,Mariana Isabel Higuita Barraza,325898,331181,R32,6-0 6-1,completed,present,2025-03-31,2025-04-06,2025-04-01T16:52:18.373+00:00,False,2025-04-01T17:51:11.01+00:00,False,data/raw/wta/stats/_httpcache/2025/fa4b7dfc00744a39e4cd32238e30481a8e7f52f8a93c71450e1c9312a6704b41.json,7287b3b69e804ea567ed88a1eb24a12acf79844e6a7ba2555ea96d1e114020e2,0,137514.0,True,2025-04-01,stats,False,False
2025,901,LS56920045,Aryna Sabalenka,Jessica Bouzas Maneiro,320760,328139,R64,6-3 7-5,completed,present,2025-01-12,2025-01-26,2025-01-15T00:30:00+00:00,True,,False,data/raw/wta/stats/_httpcache/2025/d2bb3c8d24376a9665d85c01ab89399fd89e6c10723adeec0aee26e7995c7642.json,59d4380ce7c1d8f18cbf18de34bc6bed1f53860e654c5df8634e6a9dd32fb229,1,136494.0,False,2025-01-15,fresh,False,False
2025,901,LS56920047,Magdalena Frech,Anna Blinkova,320277,324267,R64,0-6 6-0 6-2,completed,present,2025-01-12,2025-01-26,2025-01-15T00:40:00+00:00,True,,False,data/raw/wta/stats/_httpcache/2025/d2bb3c8d24376a9665d85c01ab89399fd89e6c10723adeec0aee26e7995c7642.json,59d4380ce7c1d8f18cbf18de34bc6bed1f53860e654c5df8634e6a9dd32fb229,1,136496.0,False,2025-01-15,fresh,False,False
2025,901,LS56920049,Clara Tauson,Tatjana Maria,327793,310440,R64,6-2 6-2,completed,present,2025-01-12,2025-01-26,2025-01-15T00:30:00+00:00,True,,False,data/raw/wta/stats/_httpcache/2025/d2bb3c8d24376a9665d85c01ab89399fd89e6c10723adeec0aee26e7995c7642.json,59d4380ce7c1d8f18cbf18de34bc6bed1f53860e654c5df8634e6a9dd32fb229,1,136495.0,False,2025-01-15,fresh,False,False
2025,901,LS56920051,Diana Shnaider,Ajla Tomljanovic,330482,315232,R64,6-4 7-5,completed,present,2025-01-12,2025-01-26,2025-01-15T06:10:00+00:00,True,,False,data/raw/wta/stats/_httpcache/2025/d2bb3c8d24376a9665d85c01ab89399fd89e6c10723adeec0aee26e7995c7642.json,59d4380ce7c1d8f18cbf18de34bc6bed1f53860e654c5df8634e6a9dd32fb229,1,136502.0,False,2025-01-15,fresh,False,False
2025,901,LS56920053,Mirra Andreeva,Moyuka Uchijima,331809,327241,R64,6-4 3-6 7-6(8),completed,present,2025-01-12,2025-01-26,2025-01-15T00:30:00+00:00,True,,False,data/raw/wta/stats/_httpcache/2025/d2bb3c8d24376a9665d85c01ab89399fd89e6c10723adeec0aee26e7995c7642.json,59d4380ce7c1d8f18cbf18de34bc6bed1f53860e654c5df8634e6a9dd32fb229,1,136493.0,False,2025-01-15,fresh,False,False
2025,901,LS56920055,Anastasia Pavlyuchenkova,Anastasia Potapova,313796,325601,R64,7-6(2) 2-6 6-2,completed,present,2025-01-12,2025-01-26,2025-01-15T04:20:00+00:00,True,,False,data/raw/wta/stats/_httpcache/2025/d2bb3c8d24376a9665d85c01ab89399fd89e6c10723adeec0aee26e7995c7642.json,59d4380ce7c1d8f18cbf18de34bc6bed1f53860e654c5df8634e6a9dd32fb229,1,136501.0,False,2025-01-15,fresh,False,False
2025,901,LS56920057,Donna Vekic,Harriet Dart,318516,319489,R64,4-6 6-0 6-2,completed,present,2025-01-12,2025-01-26,2025-01-15T09:20:00+00:00,True,,False,data/raw/wta/stats/_httpcache/2025/d2bb3c8d24376a9665d85c01ab89399fd89e6c10723adeec0aee26e7995c7642.json,59d4380ce7c1d8f18cbf18de34bc6bed1f53860e654c5df8634e6a9dd32fb229,1,136505.0,False,2025-01-15,fresh,False,False
2025,901,LS56920059,Coco Gauff,Jodie Burrage,328560,323802,R64,6-3 7-5,completed,present,2025-01-12,2025-01-26,2025-01-15T08:15:00+00:00,True,,False,data/raw/wta/stats/_httpcache/2025/d2bb3c8d24376a9665d85c01ab89399fd89e6c10723adeec0aee26e7995c7642.json,59d4380ce7c1d8f18cbf18de34bc6bed1f53860e654c5df8634e6a9dd32fb229,1,136503.0,False,2025-01-15,fresh,False,False
2025,901,LS56920061,Laura Siegemund,Qinwen Zheng,310926,328120,R64,7-6(3) 6-3,completed,present,2025-01-12,2025-01-26,2025-01-15T00:00:00+00:00,True,,False,data/raw/wta/stats/_httpcache/2025/d2bb3c8d24376a9665d85c01ab89399fd89e6c10723adeec0aee26e7995c7642.json,59d4380ce7c1d8f18cbf18de34bc6bed1f53860e654c5df8634e6a9dd32fb229,1,136491.0,False,2025-01-15,fresh,False,False
2025,901,LS56920063,Naomi Osaka,Karolina Muchova,319998,322191,R64,1-6 6-1 6-3,completed,present,2025-01-12,2025-01-26,2025-01-15T02:00:00+00:00,True,,False,data/raw/wta/stats/_httpcache/2025/d2bb3c8d24376a9665d85c01ab89399fd89e6c10723adeec0aee26e7995c7642.json,59d4380ce7c1d8f18cbf18de34bc6bed1f53860e654c5df8634e6a9dd32fb229,1,136499.0,False,2025-01-15,fresh,False,False
2025,901,LS56920065,Leylah Fernandez,Cristina Bucsa,326735,321158,R64,3-6 6-4 6-4,completed,present,2025-01-12,2025-01-26,2025-01-15T02:40:00+00:00,True,,False,data/raw/wta/stats/_httpcache/2025/d2bb3c8d24376a9665d85c01ab89399fd89e6c10723adeec0aee26e7995c7642.json,59d4380ce7c1d8f18cbf18de34bc6bed1f53860e654c5df8634e6a9dd32fb229,1,136500.0,False,2025-01-15,fresh,False,False
2025,901,LS56920067,Paula Badosa,Talia Gibson,320124,329393,R64,6-1 6-0,completed,present,2025-01-12,2025-01-26,2025-01-15T11:15:00+00:00,True,,False,data/raw/wta/stats/_httpcache/2025/d2bb3c8d24376a9665d85c01ab89399fd89e6c10723adeec0aee26e7995c7642.json,59d4380ce7c1d8f18cbf18de34bc6bed1f53860e654c5df8634e6a9dd32fb229,1,136506.0,False,2025-01-15,fresh,False,False
2025,901,LS56920069,Belinda Bencic,Suzan Lamens,319001,324898,R64,6-1 7-6(3),completed,present,2025-01-12,2025-01-26,2025-01-15T00:50:00+00:00,True,,False,data/raw/wta/stats/_httpcache/2025/d2bb3c8d24376a9665d85c01ab89399fd89e6c10723adeec0aee26e7995c7642.json,59d4380ce7c1d8f18cbf18de34bc6bed1f53860e654c5df8634e6a9dd32fb229,1,136498.0,False,2025-01-15,fresh,False,False
2025,901,LS56920071,Olga Danilovic,Liudmila Samsonova,324934,322222,R64,6-1 6-2,completed,present,2025-01-12,2025-01-26,2025-01-15T00:30:00+00:00,True,,False,data/raw/wta/stats/_httpcache/2025/d2bb3c8d24376a9665d85c01ab89399fd89e6c10723adeec0aee26e7995c7642.json,59d4380ce7c1d8f18cbf18de34bc6bed1f53860e654c5df8634e6a9dd32fb229,1,136492.0,False,2025-01-15,fresh,False,False
2025,901,LS56920073,Marta Kostyuk,Jule Niemeier,326482,325940,R64,6-3 6-0,completed,present,2025-01-12,2025-01-26,2025-01-15T09:00:00+00:00,True,,False,data/raw/wta/stats/_httpcache/2025/d2bb3c8d24376a9665d85c01ab89399fd89e6c10723adeec0aee26e7995c7642.json,59d4380ce7c1d8f18cbf18de34bc6bed1f53860e654c5df8634e6a9dd32fb229,1,136504.0,False,2025-01-15,fresh,False,False
2025,901,LS56920075,Aryna Sabalenka,Mirra Andreeva,320760,331809,R16,6-1 6-2,completed,present,2025-01-12,2025-01-26,2025-01-19T00:30:00+00:00,True,,False,data/raw/wta/stats/_httpcache/2025/d2bb3c8d24376a9665d85c01ab89399fd89e6c10723adeec0aee26e7995c7642.json,59d4380ce7c1d8f18cbf18de34bc6bed1f53860e654c5df8634e6a9dd32fb229,1,136539.0,False,2025-01-19,fresh,False,False
2025,901,LS56920077,Iga Swiatek,Emma Raducanu,326408,328366,R32,6-1 6-0,completed,present,2025-01-12,2025-01-26,2025-01-18T00:30:00+00:00,True,,False,data/raw/wta/stats/_httpcache/2025/d2bb3c8d24376a9665d85c01ab89399fd89e6c10723adeec0aee26e7995c7642.json,59d4380ce7c1d8f18cbf18de34bc6bed1f53860e654c5df8634e6a9dd32fb229,1,136532.0,False,2025-01-18,fresh,False,False
2025,901,LS56920079,Coco Gauff,Belinda Bencic,328560,319001,R16,5-7 6-2 6-1,completed,present,2025-01-12,2025-01-26,2025-01-19T02:05:00+00:00,True,,False,data/raw/wta/stats/_httpcache/2025/d2bb3c8d24376a9665d85c01ab89399fd89e6c10723adeec0aee26e7995c7642.json,59d4380ce7c1d8f18cbf18de34bc6bed1f53860e654c5df8634e6a9dd32fb229,1,136540.0,False,2025-01-19,fresh,False,False
2025,901,LS56920081,Anastasia Pavlyuchenkova,Donna Vekic,313796,318516,R16,7-6(0) 6-0,completed,present,2025-01-12,2025-01-26,2025-01-19T02:35:00+00:00,True,,False,data/raw/wta/stats/_httpcache/2025/d2bb3c8d24376a9665d85c01ab89399fd89e6c10723adeec0aee26e7995c7642.json,59d4380ce7c1d8f18cbf18de34bc6bed1f53860e654c5df8634e6a9dd32fb229,1,136541.0,False,2025-01-19,fresh,False,False
2025,901,LS56920083,Madison Keys,Elena Rybakina,316959,324166,R16,6-3 1-6 6-3,completed,present,2025-01-12,2025-01-26,2025-01-20T03:30:00+00:00,True,,False,data/raw/wta/stats/_httpcache/2025/d2bb3c8d24376a9665d85c01ab89399fd89e6c10723adeec0aee26e7995c7642.json,59d4380ce7c1d8f18cbf18de34bc6bed1f53860e654c5df8634e6a9dd32fb229,1,136544.0,False,2025-01-20,fresh,False,False
2025,901,LS56920085,Paula Badosa,Olga Danilovic,320124,324934,R16,6-1 7-6(2),completed,present,2025-01-12,2025-01-26,2025-01-19T02:55:00+00:00,True,,False,data/raw/wta/stats/_httpcache/2025/d2bb3c8d24376a9665d85c01ab89399fd89e6c10723adeec0aee26e7995c7642.json,59d4380ce7c1d8f18cbf18de34bc6bed1f53860e654c5df8634e6a9dd32fb229,1,136542.0,False,2025-01-19,fresh,False,False
2025,901,LS56920087,Emma Navarro,Daria Kasatkina,325410,322082,R16,6-4 5-7 7-5,completed,present,2025-01-12,2025-01-26,2025-01-20T07:20:00+00:00,True,,False,data/raw/wta/stats/_httpcache/2025/d2bb3c8d24376a9665d85c01ab89399fd89e6c10723adeec0aee26e7995c7642.json,59d4380ce7c1d8f18cbf18de34bc6bed1f53860e654c5df8634e6a9dd32fb229,1,136545.0,False,2025-01-20,fresh,False,False
2025,901,LS56920089,Elina Svitolina,Veronika Kudermetova,316738,319526,R16,6-4 6-1,completed,present,2025-01-12,2025-01-26,2025-01-20T00:30:00+00:00,True,,False,data/raw/wta/stats/_httpcache/2025/d2bb3c8d24376a9665d85c01ab89399fd89e6c10723adeec0aee26e7995c7642.json,59d4380ce7c1d8f18cbf18de34bc6bed1f53860e654c5df8634e6a9dd32fb229,1,136543.0,False,2025-01-20,fresh,False,False
2025,901,LS56920091,Aryna Sabalenka,Anastasia Pavlyuchenkova,320760,313796,QF,6-2 2-6 6-3,completed,present,2025-01-12,2025-01-26,2025-01-21T08:00:00+00:00,False,,False,data/raw/wta/stats/_httpcache/2025/d2bb3c8d24376a9665d85c01ab89399fd89e6c10723adeec0aee26e7995c7642.json,59d4380ce7c1d8f18cbf18de34bc6bed1f53860e654c5df8634e6a9dd32fb229,1,136548.0,False,2025-01-21,fresh,False,False
2025,901,LS56920093,Iga Swiatek,Eva Lys,326408,325826,R16,6-0 6-1,completed,present,2025-01-12,2025-01-26,2025-01-20T08:15:00+00:00,True,,False,data/raw/wta/stats/_httpcache/2025/d2bb3c8d24376a9665d85c01ab89399fd89e6c10723adeec0aee26e7995c7642.json,59d4380ce7c1d8f18cbf18de34bc6bed1f53860e654c5df8634e6a9dd32fb229,1,136546.0,False,2025-01-20,fresh,False,False
2025,901,LS56920095,Madison Keys,Elina Svitolina,316959,316738,QF,3-6 6-3 6-4,completed,present,2025-01-12,2025-01-26,2025-01-22T00:30:00+00:00,False,,False,data/raw/wta/stats/_httpcache/2025/d2bb3c8d24376a9665d85c01ab89399fd89e6c10723adeec0aee26e7995c7642.json,59d4380ce7c1d8f18cbf18de34bc6bed1f53860e654c5df8634e6a9dd32fb229,1,136549.0,False,2025-01-22,fresh,False,False
2025,901,LS56920097,Paula Badosa,Coco Gauff,320124,328560,QF,7-5 6-4,completed,present,2025-01-12,2025-01-26,2025-01-21T00:30:00+00:00,False,,False,data/raw/wta/stats/_httpcache/2025/d2bb3c8d24376a9665d85c01ab89399fd89e6c10723adeec0aee26e7995c7642.json,59d4380ce7c1d8f18cbf18de34bc6bed1f53860e654c5df8634e6a9dd32fb229,1,136547.0,False,2025-01-21,fresh,False,False
2025,901,LS56920099,Aryna Sabalenka,Paula Badosa,320760,320124,SF,6-4 6-2,completed,present,2025-01-12,2025-01-26,2025-01-23T08:40:00+00:00,False,,False,data/raw/wta/stats/_httpcache/2025/d2bb3c8d24376a9665d85c01ab89399fd89e6c10723adeec0aee26e7995c7642.json,59d4380ce7c1d8f18cbf18de34bc6bed1f53860e654c5df8634e6a9dd32fb229,1,136551.0,False,2025-01-23,fresh,False,False
2025,901,LS56920101,Iga Swiatek,Emma Navarro,326408,325410,QF,6-1 6-2,completed,present,2025-01-12,2025-01-26,2025-01-22T02:40:00+00:00,False,,False,data/raw/wta/stats/_httpcache/2025/d2bb3c8d24376a9665d85c01ab89399fd89e6c10723adeec0aee26e7995c7642.json,59d4380ce7c1d8f18cbf18de34bc6bed1f53860e654c5df8634e6a9dd32fb229,1,136550.0,False,2025-01-22,fresh,False,False
2025,901,LS56920103,Madison Keys,Aryna Sabalenka,316959,320760,F,6-3 2-6 7-5,completed,score-conflict,2025-01-12,2025-01-26,2025-01-25T08:40:00+00:00,False,,False,data/raw/wta/stats/_httpcache/2025/d2bb3c8d24376a9665d85c01ab89399fd89e6c10723adeec0aee26e7995c7642.json,59d4380ce7c1d8f18cbf18de34bc6bed1f53860e654c5df8634e6a9dd32fb229,1,136565.0,False,2025-01-25,fresh,False,False
2025,901,LS56920105,Madison Keys,Iga Swiatek,316959,326408,SF,5-7 6-1 7-6(8),completed,present,2025-01-12,2025-01-26,2025-01-23T10:30:00+00:00,False,,False,data/raw/wta/stats/_httpcache/2025/d2bb3c8d24376a9665d85c01ab89399fd89e6c10723adeec0aee26e7995c7642.json,59d4380ce7c1d8f18cbf18de34bc6bed1f53860e654c5df8634e6a9dd32fb229,1,136552.0,False,2025-01-23,fresh,False,False
2025,901,LS56920107,Aryna Sabalenka,Clara Tauson,320760,327793,R32,7-6(5) 6-4,completed,present,2025-01-12,2025-01-26,2025-01-17T00:30:00+00:00,True,,False,data/raw/wta/stats/_httpcache/2025/d2bb3c8d24376a9665d85c01ab89399fd89e6c10723adeec0aee26e7995c7642.json,59d4380ce7c1d8f18cbf18de34bc6bed1f53860e654c5df8634e6a9dd32fb229,1,136525.0,False,2025-01-17,fresh,False,False
2025,901,LS56920109,Iga Swiatek,Rebecca Sramkova,326408,320228,R64,6-0 6-2,completed,present,2025-01-12,2025-01-26,2025-01-16T00:30:00+00:00,True,,False,data/raw/wta/stats/_httpcache/2025/d2bb3c8d24376a9665d85c01ab89399fd89e6c10723adeec0aee26e7995c7642.json,59d4380ce7c1d8f18cbf18de34bc6bed1f53860e654c5df8634e6a9dd32fb229,1,136512.0,False,2025-01-16,fresh,False,False
2025,901,LS56920111,Donna Vekic,Diana Shnaider,318516,330482,R32,7-6(4) 6-7(3) 7-5,completed,present,2025-01-12,2025-01-26,2025-01-17T00:30:00+00:00,True,,False,data/raw/wta/stats/_httpcache/2025/d2bb3c8d24376a9665d85c01ab89399fd89e6c10723adeec0aee26e7995c7642.json,59d4380ce7c1d8f18cbf18de34bc6bed1f53860e654c5df8634e6a9dd32fb229,1,136524.0,False,2025-01-17,fresh,False,False
2025,901,LS56920113,Mirra Andreeva,Magdalena Frech,331809,320277,R32,6-2 1-6 6-2,completed,present,2025-01-12,2025-01-26,2025-01-17T03:55:00+00:00,True,,False,data/raw/wta/stats/_httpcache/2025/d2bb3c8d24376a9665d85c01ab89399fd89e6c10723adeec0aee26e7995c7642.json,59d4380ce7c1d8f18cbf18de34bc6bed1f53860e654c5df8634e6a9dd32fb229,1,136527.0,False,2025-01-17,fresh,False,False
2025,901,LS56920115,Coco Gauff,Leylah Fernandez,328560,326735,R32,6-4 6-2,completed,present,2025-01-12,2025-01-26,2025-01-17T08:00:00+00:00,True,,False,data/raw/wta/stats/_httpcache/2025/d2bb3c8d24376a9665d85c01ab89399fd89e6c10723adeec0aee26e7995c7642.json,59d4380ce7c1d8f18cbf18de34bc6bed1f53860e654c5df8634e6a9dd32fb229,1,136529.0,False,2025-01-17,fresh,False,False
2025,901,LS56920117,Anastasia Pavlyuchenkova,Laura Siegemund,313796,310926,R32,6-1 6-2,completed,present,2025-01-12,2025-01-26,2025-01-17T00:00:00+00:00,True,,False,data/raw/wta/stats/_httpcache/2025/d2bb3c8d24376a9665d85c01ab89399fd89e6c10723adeec0aee26e7995c7642.json,59d4380ce7c1d8f18cbf18de34bc6bed1f53860e654c5df8634e6a9dd32fb229,1,136523.0,False,2025-01-17,fresh,False,False
2025,901,LS56920119,Paula Badosa,Marta Kostyuk,320124,326482,R32,6-4 4-6 6-3,completed,present,2025-01-12,2025-01-26,2025-01-17T01:40:00+00:00,True,,False,data/raw/wta/stats/_httpcache/2025/d2bb3c8d24376a9665d85c01ab89399fd89e6c10723adeec0aee26e7995c7642.json,59d4380ce7c1d8f18cbf18de34bc6bed1f53860e654c5df8634e6a9dd32fb229,1,136526.0,False,2025-01-17,fresh,False,False
2025,901,LS56920121,Belinda Bencic,Naomi Osaka,319001,319998,R32,,incomplete-or-invalid-score,score-conflict,2025-01-12,2025-01-26,2025-01-17T06:10:00+00:00,True,,False,data/raw/wta/stats/_httpcache/2025/d2bb3c8d24376a9665d85c01ab89399fd89e6c10723adeec0aee26e7995c7642.json,59d4380ce7c1d8f18cbf18de34bc6bed1f53860e654c5df8634e6a9dd32fb229,1,136528.0,False,2025-01-17,fresh,False,False
2025,901,LS56920123,Elena Rybakina,Dayana Yastremska,324166,324261,R32,6-3 6-4,completed,present,2025-01-12,2025-01-26,2025-01-18T03:10:00+00:00,True,,False,data/raw/wta/stats/_httpcache/2025/d2bb3c8d24376a9665d85c01ab89399fd89e6c10723adeec0aee26e7995c7642.json,59d4380ce7c1d8f18cbf18de34bc6bed1f53860e654c5df8634e6a9dd32fb229,1,136535.0,False,2025-01-18,fresh,False,False
2025,901,LS56920125,Olga Danilovic,Jessica Pegula,324934,316956,R32,7-6(3) 6-1,completed,present,2025-01-12,2025-01-26,2025-01-17T10:50:00+00:00,True,,False,data/raw/wta/stats/_httpcache/2025/d2bb3c8d24376a9665d85c01ab89399fd89e6c10723adeec0aee26e7995c7642.json,59d4380ce7c1d8f18cbf18de34bc6bed1f53860e654c5df8634e6a9dd32fb229,1,136530.0,False,2025-01-17,fresh,False,False
2025,901,LS56920127,Veronika Kudermetova,Beatriz Haddad Maia,319526,318176,R32,6-4 6-2,completed,present,2025-01-12,2025-01-26,2025-01-18T05:15:00+00:00,True,,False,data/raw/wta/stats/_httpcache/2025/d2bb3c8d24376a9665d85c01ab89399fd89e6c10723adeec0aee26e7995c7642.json,59d4380ce7c1d8f18cbf18de34bc6bed1f53860e654c5df8634e6a9dd32fb229,1,136536.0,False,2025-01-18,fresh,False,False
2025,901,LS56920129,Madison Keys,Danielle Collins,316959,316925,R32,6-4 6-4,completed,present,2025-01-12,2025-01-26,2025-01-18T10:30:00+00:00,True,,False,data/raw/wta/stats/_httpcache/2025/d2bb3c8d24376a9665d85c01ab89399fd89e6c10723adeec0aee26e7995c7642.json,59d4380ce7c1d8f18cbf18de34bc6bed1f53860e654c5df8634e6a9dd32fb229,1,136538.0,False,2025-01-18,fresh,False,False
2025,901,LS56920131,Emma Navarro,Ons Jabeur,325410,316847,R32,6-4 3-6 6-4,completed,present,2025-01-12,2025-01-26,2025-01-18T00:30:00+00:00,True,,False,data/raw/wta/stats/_httpcache/2025/d2bb3c8d24376a9665d85c01ab89399fd89e6c10723adeec0aee26e7995c7642.json,59d4380ce7c1d8f18cbf18de34bc6bed1f53860e654c5df8634e6a9dd32fb229,1,136531.0,False,2025-01-18,fresh,False,False
2025,901,LS56920209,Elina Svitolina,Jasmine Paolini,316738,319280,R32,2-6 6-4 6-0,completed,present,2025-01-12,2025-01-26,2025-01-18T08:10:00+00:00,True,,False,data/raw/wta/stats/_httpcache/2025/d2bb3c8d24376a9665d85c01ab89399fd89e6c10723adeec0aee26e7995c7642.json,59d4380ce7c1d8f18cbf18de34bc6bed1f53860e654c5df8634e6a9dd32fb229,1,136537.0,False,2025-01-18,fresh,False,False
2025,901,LS56920211,Eva Lys,Jaqueline Cristian,325826,320319,R32,4-6 6-3 6-3,completed,present,2025-01-12,2025-01-26,2025-01-18T01:30:00+00:00,True,,False,data/raw/wta/stats/_httpcache/2025/d2bb3c8d24376a9665d85c01ab89399fd89e6c10723adeec0aee26e7995c7642.json,59d4380ce7c1d8f18cbf18de34bc6bed1f53860e654c5df8634e6a9dd32fb229,1,136533.0,False,2025-01-18,fresh,False,False
2025,901,LS56920213,Daria Kasatkina,Yulia Putintseva,322082,317683,R32,7-5 6-1,completed,present,2025-01-12,2025-01-26,2025-01-18T02:10:00+00:00,True,,False,data/raw/wta/stats/_httpcache/2025/d2bb3c8d24376a9665d85c01ab89399fd89e6c10723adeec0aee26e7995c7642.json,59d4380ce7c1d8f18cbf18de34bc6bed1f53860e654c5df8634e6a9dd32fb229,1,136534.0,False,2025-01-18,fresh,False,False
2025,901,LS56920215,Elena Rybakina,Iva Jovic,324166,332285,R64,6-0 6-3,completed,present,2025-01-12,2025-01-26,2025-01-16T02:20:00+00:00,True,,False,data/raw/wta/stats/_httpcache/2025/d2bb3c8d24376a9665d85c01ab89399fd89e6c10723adeec0aee26e7995c7642.json,59d4380ce7c1d8f18cbf18de34bc6bed1f53860e654c5df8634e6a9dd32fb229,1,136514.0,False,2025-01-16,fresh,False,False
2025,901,LS56920217,Jessica Pegula,Elise Mertens,316956,317964,R64,6-4 6-2,completed,present,2025-01-12,2025-01-26,2025-01-15T00:30:00+00:00,True,,False,data/raw/wta/stats/_httpcache/2025/d2bb3c8d24376a9665d85c01ab89399fd89e6c10723adeec0aee26e7995c7642.json,59d4380ce7c1d8f18cbf18de34bc6bed1f53860e654c5df8634e6a9dd32fb229,1,136497.0,False,2025-01-15,fresh,False,False
2025,901,LS56920219,Madison Keys,Elena-Gabriela Ruse,316959,320408,R64,7-6(1) 2-6 7-5,completed,present,2025-01-12,2025-01-26,2025-01-16T08:00:00+00:00,True,,False,data/raw/wta/stats/_httpcache/2025/d2bb3c8d24376a9665d85c01ab89399fd89e6c10723adeec0aee26e7995c7642.json,59d4380ce7c1d8f18cbf18de34bc6bed1f53860e654c5df8634e6a9dd32fb229,1,136520.0,False,2025-01-16,fresh,False,False
2025,901,LS56920221,Dayana Yastremska,Danka Kovinic,324261,52229,R64,6-0 6-1,completed,present,2025-01-12,2025-01-26,2025-01-16T00:00:00+00:00,True,,False,data/raw/wta/stats/_httpcache/2025/d2bb3c8d24376a9665d85c01ab89399fd89e6c10723adeec0aee26e7995c7642.json,59d4380ce7c1d8f18cbf18de34bc6bed1f53860e654c5df8634e6a9dd32fb229,1,136509.0,False,2025-01-16,fresh,False,False
2025,901,LS56920223,Beatriz Haddad Maia,Erika Andreeva,318176,330151,R64,6-2 6-3,completed,present,2025-01-12,2025-01-26,2025-01-16T04:20:00+00:00,True,,False,data/raw/wta/stats/_httpcache/2025/d2bb3c8d24376a9665d85c01ab89399fd89e6c10723adeec0aee26e7995c7642.json,59d4380ce7c1d8f18cbf18de34bc6bed1f53860e654c5df8634e6a9dd32fb229,1,136516.0,False,2025-01-16,fresh,False,False
2025,901,LS56920225,Danielle Collins,Destanee Aiava,316925,324219,R64,7-6(4) 4-6 6-2,completed,present,2025-01-12,2025-01-26,2025-01-16T08:55:00+00:00,True,,False,data/raw/wta/stats/_httpcache/2025/d2bb3c8d24376a9665d85c01ab89399fd89e6c10723adeec0aee26e7995c7642.json,59d4380ce7c1d8f18cbf18de34bc6bed1f53860e654c5df8634e6a9dd32fb229,1,136521.0,False,2025-01-16,fresh,False,False
2025,901,LS56920227,Elina Svitolina,Caroline Dolehide,316738,322052,R64,6-1 6-4,completed,present,2025-01-12,2025-01-26,2025-01-16T06:55:00+00:00,True,,False,data/raw/wta/stats/_httpcache/2025/d2bb3c8d24376a9665d85c01ab89399fd89e6c10723adeec0aee26e7995c7642.json,59d4380ce7c1d8f18cbf18de34bc6bed1f53860e654c5df8634e6a9dd32fb229,1,136518.0,False,2025-01-16,fresh,False,False
2025,901,LS56920229,Veronika Kudermetova,Katie Boulter,319526,319125,R64,7-6(3) 2-6 6-2,completed,present,2025-01-12,2025-01-26,2025-01-16T07:30:00+00:00,True,,False,data/raw/wta/stats/_httpcache/2025/d2bb3c8d24376a9665d85c01ab89399fd89e6c10723adeec0aee26e7995c7642.json,59d4380ce7c1d8f18cbf18de34bc6bed1f53860e654c5df8634e6a9dd32fb229,1,136519.0,False,2025-01-16,fresh,False,False
2025,901,LS56920231,Emma Navarro,Xiyu Wang,325410,326160,R64,6-3 3-6 6-4,completed,present,2025-01-12,2025-01-26,2025-01-16T00:30:00+00:00,True,,False,data/raw/wta/stats/_httpcache/2025/d2bb3c8d24376a9665d85c01ab89399fd89e6c10723adeec0aee26e7995c7642.json,59d4380ce7c1d8f18cbf18de34bc6bed1f53860e654c5df8634e6a9dd32fb229,1,136511.0,False,2025-01-16,fresh,False,False
2025,901,LS56920233,Jasmine Paolini,Renata Zarazua,319280,320716,R64,6-2 6-3,completed,present,2025-01-12,2025-01-26,2025-01-16T11:20:00+00:00,True,,False,data/raw/wta/stats/_httpcache/2025/d2bb3c8d24376a9665d85c01ab89399fd89e6c10723adeec0aee26e7995c7642.json,59d4380ce7c1d8f18cbf18de34bc6bed1f53860e654c5df8634e6a9dd32fb229,1,136522.0,False,2025-01-16,fresh,False,False
2025,901,LS56920235,Yulia Putintseva,Shuai Zhang,317683,311779,R64,6-2 6-1,completed,present,2025-01-12,2025-01-26,2025-01-16T01:40:00+00:00,True,,False,data/raw/wta/stats/_httpcache/2025/d2bb3c8d24376a9665d85c01ab89399fd89e6c10723adeec0aee26e7995c7642.json,59d4380ce7c1d8f18cbf18de34bc6bed1f53860e654c5df8634e6a9dd32fb229,1,136513.0,False,2025-01-16,fresh,False,False
2025,901,LS56920237,Ons Jabeur,Camila Osorio,316847,325898,R64,7-5 6-3,completed,present,2025-01-12,2025-01-26,2025-01-16T00:00:00+00:00,True,,False,data/raw/wta/stats/_httpcache/2025/d2bb3c8d24376a9665d85c01ab89399fd89e6c10723adeec0aee26e7995c7642.json,59d4380ce7c1d8f18cbf18de34bc6bed1f53860e654c5df8634e6a9dd32fb229,1,136507.0,False,2025-01-16,fresh,False,False
2025,901,LS56920239,Eva Lys,Varvara Gracheva,325826,325836,R64,6-2 3-6 6-4,completed,present,2025-01-12,2025-01-26,2025-01-16T04:00:00+00:00,True,,False,data/raw/wta/stats/_httpcache/2025/d2bb3c8d24376a9665d85c01ab89399fd89e6c10723adeec0aee26e7995c7642.json,59d4380ce7c1d8f18cbf18de34bc6bed1f53860e654c5df8634e6a9dd32fb229,1,136515.0,False,2025-01-16,fresh,False,False
2025,901,LS56920241,Daria Kasatkina,Yafan Wang,322082,317510,R64,6-2 6-0,completed,present,2025-01-12,2025-01-26,2025-01-16T00:00:00+00:00,True,,False,data/raw/wta/stats/_httpcache/2025/d2bb3c8d24376a9665d85c01ab89399fd89e6c10723adeec0aee26e7995c7642.json,59d4380ce7c1d8f18cbf18de34bc6bed1f53860e654c5df8634e6a9dd32fb229,1,136508.0,False,2025-01-16,fresh,False,False
2025,901,LS56920243,Emma Raducanu,Amanda Anisimova,328366,326384,R64,6-3 7-5,completed,present,2025-01-12,2025-01-26,2025-01-16T00:00:00+00:00,True,,False,data/raw/wta/stats/_httpcache/2025/d2bb3c8d24376a9665d85c01ab89399fd89e6c10723adeec0aee26e7995c7642.json,59d4380ce7c1d8f18cbf18de34bc6bed1f53860e654c5df8634e6a9dd32fb229,1,136510.0,False,2025-01-16,fresh,False,False
2025,901,LS56920245,Jaqueline Cristian,Lucia Bronzetti,320319,322280,R64,7-5 7-5,completed,present,2025-01-12,2025-01-26,2025-01-16T04:55:00+00:00,True,,False,data/raw/wta/stats/_httpcache/2025/d2bb3c8d24376a9665d85c01ab89399fd89e6c10723adeec0aee26e7995c7642.json,59d4380ce7c1d8f18cbf18de34bc6bed1f53860e654c5df8634e6a9dd32fb229,1,136517.0,False,2025-01-16,fresh,False,False
2025,901,LS57023623,Iga Swiatek,Katerina Siniakova,326408,320301,R128,6-3 6-4,completed,present,2025-01-12,2025-01-26,2025-01-13T03:20:00+00:00,True,,False,data/raw/wta/stats/_httpcache/2025/d2bb3c8d24376a9665d85c01ab89399fd89e6c10723adeec0aee26e7995c7642.json,59d4380ce7c1d8f18cbf18de34bc6bed1f53860e654c5df8634e6a9dd32fb229,1,136454.0,False,2025-01-13,fresh,False,False
2025,901,LS57023625,Rebecca Sramkova,Katie Volynets,320228,327391,R128,3-6 6-2 6-2,completed,present,2025-01-12,2025-01-26,2025-01-13T00:00:00+00:00,True,,False,data/raw/wta/stats/_httpcache/2025/d2bb3c8d24376a9665d85c01ab89399fd89e6c10723adeec0aee26e7995c7642.json,59d4380ce7c1d8f18cbf18de34bc6bed1f53860e654c5df8634e6a9dd32fb229,1,136444.0,False,2025-01-13,fresh,False,False
2025,901,LS57023627,Amanda Anisimova,Maria Carle,326384,322638,R128,6-2 6-3,completed,absent,2025-01-12,2025-01-26,2025-01-14T00:00:00+00:00,True,,False,data/raw/wta/stats/_httpcache/2025/d2bb3c8d24376a9665d85c01ab89399fd89e6c10723adeec0aee26e7995c7642.json,59d4380ce7c1d8f18cbf18de34bc6bed1f53860e654c5df8634e6a9dd32fb229,1,,,,,False,False
2025,901,LS57023629,Emma Raducanu,Ekaterina Alexandrova,328366,319007,R128,7-6(4) 7-6(2),completed,present,2025-01-12,2025-01-26,2025-01-14T00:00:00+00:00,True,,False,data/raw/wta/stats/_httpcache/2025/d2bb3c8d24376a9665d85c01ab89399fd89e6c10723adeec0aee26e7995c7642.json,59d4380ce7c1d8f18cbf18de34bc6bed1f53860e654c5df8634e6a9dd32fb229,1,136470.0,False,2025-01-14,fresh,False,False
2025,901,LS57023631,Lucia Bronzetti,Victoria Azarenka,322280,312001,R128,6-2 7-6(2),completed,present,2025-01-12,2025-01-26,2025-01-13T02:20:00+00:00,True,,False,data/raw/wta/stats/_httpcache/2025/d2bb3c8d24376a9665d85c01ab89399fd89e6c10723adeec0aee26e7995c7642.json,59d4380ce7c1d8f18cbf18de34bc6bed1f53860e654c5df8634e6a9dd32fb229,1,136451.0,False,2025-01-13,fresh,False,False
2025,901,LS57023633,Varvara Gracheva,Caty McNally,325836,325725,R128,6-3 6-4,completed,present,2025-01-12,2025-01-26,2025-01-14T03:50:00+00:00,True,,False,data/raw/wta/stats/_httpcache/2025/d2bb3c8d24376a9665d85c01ab89399fd89e6c10723adeec0aee26e7995c7642.json,59d4380ce7c1d8f18cbf18de34bc6bed1f53860e654c5df8634e6a9dd32fb229,1,136478.0,False,2025-01-14,fresh,False,False
2025,901,LS57023635,Daria Kasatkina,Viktoriya Tomova,322082,317584,R128,6-1 6-3,completed,present,2025-01-12,2025-01-26,2025-01-14T00:00:00+00:00,True,,False,data/raw/wta/stats/_httpcache/2025/d2bb3c8d24376a9665d85c01ab89399fd89e6c10723adeec0aee26e7995c7642.json,59d4380ce7c1d8f18cbf18de34bc6bed1f53860e654c5df8634e6a9dd32fb229,1,136473.0,False,2025-01-14,fresh,False,False
2025,901,LS57023637,Yafan Wang,Anna Bondar,317510,322942,R128,3-6 6-3 6-4,completed,present,2025-01-12,2025-01-26,2025-01-14T00:00:00+00:00,True,,False,data/raw/wta/stats/_httpcache/2025/d2bb3c8d24376a9665d85c01ab89399fd89e6c10723adeec0aee26e7995c7642.json,59d4380ce7c1d8f18cbf18de34bc6bed1f53860e654c5df8634e6a9dd32fb229,1,136469.0,False,2025-01-14,fresh,False,False
2025,901,LS57023639,Shuai Zhang,McCartney Kessler,311779,326678,R128,6-3 6-4,completed,present,2025-01-12,2025-01-26,2025-01-14T04:40:00+00:00,True,,False,data/raw/wta/stats/_httpcache/2025/d2bb3c8d24376a9665d85c01ab89399fd89e6c10723adeec0aee26e7995c7642.json,59d4380ce7c1d8f18cbf18de34bc6bed1f53860e654c5df8634e6a9dd32fb229,1,136483.0,False,2025-01-14,fresh,False,False
2025,901,LS57023641,Yulia Putintseva,Elina Avanesyan,317683,327620,R128,4-6 7-5 6-2,completed,present,2025-01-12,2025-01-26,2025-01-14T04:30:00+00:00,True,,False,data/raw/wta/stats/_httpcache/2025/d2bb3c8d24376a9665d85c01ab89399fd89e6c10723adeec0aee26e7995c7642.json,59d4380ce7c1d8f18cbf18de34bc6bed1f53860e654c5df8634e6a9dd32fb229,1,136482.0,False,2025-01-14,fresh,False,False
2025,901,LS57023643,Camila Osorio,Maria Sakkari,325898,318312,R128,6-4 6-7(4) 6-4,completed,present,2025-01-12,2025-01-26,2025-01-14T09:10:00+00:00,True,,False,data/raw/wta/stats/_httpcache/2025/d2bb3c8d24376a9665d85c01ab89399fd89e6c10723adeec0aee26e7995c7642.json,59d4380ce7c1d8f18cbf18de34bc6bed1f53860e654c5df8634e6a9dd32fb229,1,136488.0,False,2025-01-14,fresh,False,False
2025,901,LS57023645,Ons Jabeur,Anhelina Kalinina,316847,320567,R128,6-3 6-3,completed,present,2025-01-12,2025-01-26,2025-01-14T08:45:00+00:00,True,,False,data/raw/wta/stats/_httpcache/2025/d2bb3c8d24376a9665d85c01ab89399fd89e6c10723adeec0aee26e7995c7642.json,59d4380ce7c1d8f18cbf18de34bc6bed1f53860e654c5df8634e6a9dd32fb229,1,136487.0,False,2025-01-14,fresh,False,False
2025,901,LS57023647,Xiyu Wang,Julia Grabher,326160,113079,R128,6-1 7-5,completed,present,2025-01-12,2025-01-26,2025-01-14T00:00:00+00:00,True,,False,data/raw/wta/stats/_httpcache/2025/d2bb3c8d24376a9665d85c01ab89399fd89e6c10723adeec0aee26e7995c7642.json,59d4380ce7c1d8f18cbf18de34bc6bed1f53860e654c5df8634e6a9dd32fb229,1,136468.0,False,2025-01-14,fresh,False,False
2025,901,LS57023649,Emma Navarro,Peyton Stearns,325410,327573,R128,6-7(5) 7-6(5) 7-5,completed,present,2025-01-12,2025-01-26,2025-01-14T00:30:00+00:00,True,,False,data/raw/wta/stats/_httpcache/2025/d2bb3c8d24376a9665d85c01ab89399fd89e6c10723adeec0aee26e7995c7642.json,59d4380ce7c1d8f18cbf18de34bc6bed1f53860e654c5df8634e6a9dd32fb229,1,136474.0,False,2025-01-14,fresh,False,False
2025,901,LS57023651,Renata Zarazua,Taylor Townsend,320716,318609,R128,6-7(6) 6-1 6-2,completed,present,2025-01-12,2025-01-26,2025-01-14T08:40:00+00:00,True,,False,data/raw/wta/stats/_httpcache/2025/d2bb3c8d24376a9665d85c01ab89399fd89e6c10723adeec0aee26e7995c7642.json,59d4380ce7c1d8f18cbf18de34bc6bed1f53860e654c5df8634e6a9dd32fb229,1,136486.0,False,2025-01-14,fresh,False,False
2025,901,LS57023653,Elina Svitolina,Sorana Cirstea,316738,312469,R128,6-4 6-4,completed,present,2025-01-12,2025-01-26,2025-01-13T01:45:00+00:00,True,,False,data/raw/wta/stats/_httpcache/2025/d2bb3c8d24376a9665d85c01ab89399fd89e6c10723adeec0aee26e7995c7642.json,59d4380ce7c1d8f18cbf18de34bc6bed1f53860e654c5df8634e6a9dd32fb229,1,136450.0,False,2025-01-13,fresh,False,False
2025,901,LS57023655,Katie Boulter,Rebecca Marino,319125,313485,R128,6-4 3-6 7-5,completed,present,2025-01-12,2025-01-26,2025-01-14T09:35:00+00:00,True,,False,data/raw/wta/stats/_httpcache/2025/d2bb3c8d24376a9665d85c01ab89399fd89e6c10723adeec0aee26e7995c7642.json,59d4380ce7c1d8f18cbf18de34bc6bed1f53860e654c5df8634e6a9dd32fb229,1,136489.0,False,2025-01-14,fresh,False,False
2025,901,LS57023657,Veronika Kudermetova,Olivia Gadecki,319526,326653,R128,6-1 6-1,completed,present,2025-01-12,2025-01-26,2025-01-14T11:05:00+00:00,True,,False,data/raw/wta/stats/_httpcache/2025/d2bb3c8d24376a9665d85c01ab89399fd89e6c10723adeec0aee26e7995c7642.json,59d4380ce7c1d8f18cbf18de34bc6bed1f53860e654c5df8634e6a9dd32fb229,1,136490.0,False,2025-01-14,fresh,False,False
2025,901,LS57023659,Erika Andreeva,Saisai Zheng,330151,316286,R128,6-1 7-6(6),completed,present,2025-01-12,2025-01-26,2025-01-14T00:00:00+00:00,True,,False,data/raw/wta/stats/_httpcache/2025/d2bb3c8d24376a9665d85c01ab89399fd89e6c10723adeec0aee26e7995c7642.json,59d4380ce7c1d8f18cbf18de34bc6bed1f53860e654c5df8634e6a9dd32fb229,1,136471.0,False,2025-01-14,fresh,False,False
2025,901,LS57023661,Madison Keys,Ann Li,316959,326096,R128,6-4 7-5,completed,present,2025-01-12,2025-01-26,2025-01-14T06:10:00+00:00,True,,False,data/raw/wta/stats/_httpcache/2025/d2bb3c8d24376a9665d85c01ab89399fd89e6c10723adeec0aee26e7995c7642.json,59d4380ce7c1d8f18cbf18de34bc6bed1f53860e654c5df8634e6a9dd32fb229,1,136484.0,False,2025-01-14,fresh,False,False
2025,901,LS57023663,Dayana Yastremska,Mayar Sherif Ahmed Abdelaziz,324261,318711,R128,6-1 6-4,completed,present,2025-01-12,2025-01-26,2025-01-14T02:45:00+00:00,True,,False,data/raw/wta/stats/_httpcache/2025/d2bb3c8d24376a9665d85c01ab89399fd89e6c10723adeec0aee26e7995c7642.json,59d4380ce7c1d8f18cbf18de34bc6bed1f53860e654c5df8634e6a9dd32fb229,1,136476.0,False,2025-01-14,fresh,False,False
2025,901,LS57023665,Danka Kovinic,Lulu Sun,52229,324576,R128,6-3 7-5,completed,present,2025-01-12,2025-01-26,2025-01-14T04:10:00+00:00,True,,False,data/raw/wta/stats/_httpcache/2025/d2bb3c8d24376a9665d85c01ab89399fd89e6c10723adeec0aee26e7995c7642.json,59d4380ce7c1d8f18cbf18de34bc6bed1f53860e654c5df8634e6a9dd32fb229,1,136480.0,False,2025-01-14,fresh,False,False
2025,901,LS57023667,Iva Jovic,Nuria Parrizas Diaz,332285,314359,R128,6-2 6-1,completed,present,2025-01-12,2025-01-26,2025-01-14T02:45:00+00:00,True,,False,data/raw/wta/stats/_httpcache/2025/d2bb3c8d24376a9665d85c01ab89399fd89e6c10723adeec0aee26e7995c7642.json,59d4380ce7c1d8f18cbf18de34bc6bed1f53860e654c5df8634e6a9dd32fb229,1,136475.0,False,2025-01-14,fresh,False,False
2025,901,LS57023669,Elena Rybakina,Emerson Jones,324166,978117,R128,6-1 6-1,completed,present,2025-01-12,2025-01-26,2025-01-14T04:10:00+00:00,True,,False,data/raw/wta/stats/_httpcache/2025/d2bb3c8d24376a9665d85c01ab89399fd89e6c10723adeec0aee26e7995c7642.json,59d4380ce7c1d8f18cbf18de34bc6bed1f53860e654c5df8634e6a9dd32fb229,1,136479.0,False,2025-01-14,fresh,False,False
2025,901,LS57023671,Jessica Pegula,Maya Joint,316956,330544,R128,6-3 6-0,completed,present,2025-01-12,2025-01-26,2025-01-13T06:10:00+00:00,True,,False,data/raw/wta/stats/_httpcache/2025/d2bb3c8d24376a9665d85c01ab89399fd89e6c10723adeec0aee26e7995c7642.json,59d4380ce7c1d8f18cbf18de34bc6bed1f53860e654c5df8634e6a9dd32fb229,1,136459.0,False,2025-01-13,fresh,False,False
2025,901,LS57023673,Olga Danilovic,Arantxa Rus,324934,313349,R128,6-4 6-4,completed,present,2025-01-12,2025-01-26,2025-01-13T00:00:00+00:00,True,,False,data/raw/wta/stats/_httpcache/2025/d2bb3c8d24376a9665d85c01ab89399fd89e6c10723adeec0aee26e7995c7642.json,59d4380ce7c1d8f18cbf18de34bc6bed1f53860e654c5df8634e6a9dd32fb229,1,136442.0,False,2025-01-13,fresh,False,False
2025,901,LS57023675,Liudmila Samsonova,Kamilla Rakhimova,322222,325936,R128,6-2 6-4,completed,present,2025-01-12,2025-01-26,2025-01-13T00:00:00+00:00,True,,False,data/raw/wta/stats/_httpcache/2025/d2bb3c8d24376a9665d85c01ab89399fd89e6c10723adeec0aee26e7995c7642.json,59d4380ce7c1d8f18cbf18de34bc6bed1f53860e654c5df8634e6a9dd32fb229,1,136441.0,False,2025-01-13,fresh,False,False
2025,901,LS57023677,Talia Gibson,Zeynep Sonmez,329393,326907,R128,3-6 7-6(5) 6-1,completed,present,2025-01-12,2025-01-26,2025-01-13T00:00:00+00:00,True,,False,data/raw/wta/stats/_httpcache/2025/d2bb3c8d24376a9665d85c01ab89399fd89e6c10723adeec0aee26e7995c7642.json,59d4380ce7c1d8f18cbf18de34bc6bed1f53860e654c5df8634e6a9dd32fb229,1,136443.0,False,2025-01-13,fresh,False,False
2025,901,LS57023679,Paula Badosa,Xinyu Wang,320124,326376,R128,6-3 7-6(5),completed,present,2025-01-12,2025-01-26,2025-01-12T07:05:00+00:00,True,,False,data/raw/wta/stats/_httpcache/2025/d2bb3c8d24376a9665d85c01ab89399fd89e6c10723adeec0aee26e7995c7642.json,59d4380ce7c1d8f18cbf18de34bc6bed1f53860e654c5df8634e6a9dd32fb229,1,136433.0,False,2025-01-12,fresh,False,False
2025,901,LS57023681,Belinda Bencic,Jelena Ostapenko,319001,319939,R128,6-3 7-6(6),completed,present,2025-01-12,2025-01-26,2025-01-13T04:40:00+00:00,True,,False,data/raw/wta/stats/_httpcache/2025/d2bb3c8d24376a9665d85c01ab89399fd89e6c10723adeec0aee26e7995c7642.json,59d4380ce7c1d8f18cbf18de34bc6bed1f53860e654c5df8634e6a9dd32fb229,1,136456.0,False,2025-01-13,fresh,False,False
2025,901,LS57023683,Naomi Osaka,Caroline Garcia,319998,315391,R128,6-3 3-6 6-3,completed,present,2025-01-12,2025-01-26,2025-01-13T11:35:00+00:00,True,,False,data/raw/wta/stats/_httpcache/2025/d2bb3c8d24376a9665d85c01ab89399fd89e6c10723adeec0aee26e7995c7642.json,59d4380ce7c1d8f18cbf18de34bc6bed1f53860e654c5df8634e6a9dd32fb229,1,136466.0,False,2025-01-13,fresh,False,False
2025,901,LS57023685,Karolina Muchova,Nadia Podoroska,322191,319112,R128,6-1 6-1,completed,present,2025-01-12,2025-01-26,2025-01-13T09:10:00+00:00,True,,False,data/raw/wta/stats/_httpcache/2025/d2bb3c8d24376a9665d85c01ab89399fd89e6c10723adeec0aee26e7995c7642.json,59d4380ce7c1d8f18cbf18de34bc6bed1f53860e654c5df8634e6a9dd32fb229,1,136464.0,False,2025-01-13,fresh,False,False
2025,901,LS57023687,Leylah Fernandez,Yuliia Starodubtseva,326735,325338,R128,7-5 6-4,completed,present,2025-01-12,2025-01-26,2025-01-12T00:00:00+00:00,True,,False,data/raw/wta/stats/_httpcache/2025/d2bb3c8d24376a9665d85c01ab89399fd89e6c10723adeec0aee26e7995c7642.json,59d4380ce7c1d8f18cbf18de34bc6bed1f53860e654c5df8634e6a9dd32fb229,1,136428.0,False,2025-01-12,fresh,False,False
2025,901,LS57023689,Cristina Bucsa,Chloe Paquet,321158,318839,R128,6-2 6-3,completed,present,2025-01-12,2025-01-26,2025-01-12T09:15:00+00:00,True,,False,data/raw/wta/stats/_httpcache/2025/d2bb3c8d24376a9665d85c01ab89399fd89e6c10723adeec0aee26e7995c7642.json,59d4380ce7c1d8f18cbf18de34bc6bed1f53860e654c5df8634e6a9dd32fb229,1,136437.0,False,2025-01-12,fresh,False,False
2025,901,LS57023691,Coco Gauff,Sofia Kenin,328560,320942,R128,6-3 6-3,completed,present,2025-01-12,2025-01-26,2025-01-13T00:30:00+00:00,True,,False,data/raw/wta/stats/_httpcache/2025/d2bb3c8d24376a9665d85c01ab89399fd89e6c10723adeec0aee26e7995c7642.json,59d4380ce7c1d8f18cbf18de34bc6bed1f53860e654c5df8634e6a9dd32fb229,1,136448.0,False,2025-01-13,fresh,False,False
2025,901,LS57023693,Laura Siegemund,Hailey Baptiste,310926,327101,R128,4-6 7-5 6-4,completed,present,2025-01-12,2025-01-26,2025-01-13T00:00:00+00:00,True,,False,data/raw/wta/stats/_httpcache/2025/d2bb3c8d24376a9665d85c01ab89399fd89e6c10723adeec0aee26e7995c7642.json,59d4380ce7c1d8f18cbf18de34bc6bed1f53860e654c5df8634e6a9dd32fb229,1,136440.0,False,2025-01-13,fresh,False,False
2025,901,LS57023695,Anastasia Pavlyuchenkova,Yue Yuan,313796,324325,R128,6-4 4-6 6-3,completed,present,2025-01-12,2025-01-26,2025-01-13T05:10:00+00:00,True,,False,data/raw/wta/stats/_httpcache/2025/d2bb3c8d24376a9665d85c01ab89399fd89e6c10723adeec0aee26e7995c7642.json,59d4380ce7c1d8f18cbf18de34bc6bed1f53860e654c5df8634e6a9dd32fb229,1,136457.0,False,2025-01-13,fresh,False,False
2025,901,LS57023697,Donna Vekic,Diane Parry,318516,327077,R128,6-4 6-4,completed,present,2025-01-12,2025-01-26,2025-01-12T03:50:00+00:00,True,,False,data/raw/wta/stats/_httpcache/2025/d2bb3c8d24376a9665d85c01ab89399fd89e6c10723adeec0aee26e7995c7642.json,59d4380ce7c1d8f18cbf18de34bc6bed1f53860e654c5df8634e6a9dd32fb229,1,136432.0,False,2025-01-12,fresh,False,False
2025,901,LS57023699,Ajla Tomljanovic,Ashlyn Krueger,315232,329409,R128,6-4 4-6 6-4,completed,present,2025-01-12,2025-01-26,2025-01-13T00:30:00+00:00,True,,False,data/raw/wta/stats/_httpcache/2025/d2bb3c8d24376a9665d85c01ab89399fd89e6c10723adeec0aee26e7995c7642.json,59d4380ce7c1d8f18cbf18de34bc6bed1f53860e654c5df8634e6a9dd32fb229,1,136447.0,False,2025-01-13,fresh,False,False
2025,901,LS57023701,Diana Shnaider,Elisabetta Cocciaretto,330482,327909,R128,7-6(4) 6-4,completed,present,2025-01-12,2025-01-26,2025-01-13T00:00:00+00:00,True,,False,data/raw/wta/stats/_httpcache/2025/d2bb3c8d24376a9665d85c01ab89399fd89e6c10723adeec0aee26e7995c7642.json,59d4380ce7c1d8f18cbf18de34bc6bed1f53860e654c5df8634e6a9dd32fb229,1,136445.0,False,2025-01-13,fresh,False,False
2025,901,LS57023703,Mirra Andreeva,Marie Bouzkova,331809,320983,R128,6-3 6-3,completed,present,2025-01-12,2025-01-26,2025-01-12T00:00:00+00:00,True,,False,data/raw/wta/stats/_httpcache/2025/d2bb3c8d24376a9665d85c01ab89399fd89e6c10723adeec0aee26e7995c7642.json,59d4380ce7c1d8f18cbf18de34bc6bed1f53860e654c5df8634e6a9dd32fb229,1,136427.0,False,2025-01-12,fresh,False,False
2025,901,LS57023705,Moyuka Uchijima,Magda Linette,327241,315130,R128,4-6 6-2 7-6(8),completed,present,2025-01-12,2025-01-26,2025-01-13T00:00:00+00:00,True,,False,data/raw/wta/stats/_httpcache/2025/d2bb3c8d24376a9665d85c01ab89399fd89e6c10723adeec0aee26e7995c7642.json,59d4380ce7c1d8f18cbf18de34bc6bed1f53860e654c5df8634e6a9dd32fb229,1,136446.0,False,2025-01-13,fresh,False,False
2025,901,LS57023707,Anna Blinkova,Daria Saville,324267,315997,R128,1-6 6-4 7-5,completed,present,2025-01-12,2025-01-26,2025-01-12T10:50:00+00:00,True,,False,data/raw/wta/stats/_httpcache/2025/d2bb3c8d24376a9665d85c01ab89399fd89e6c10723adeec0aee26e7995c7642.json,59d4380ce7c1d8f18cbf18de34bc6bed1f53860e654c5df8634e6a9dd32fb229,1,136438.0,False,2025-01-12,fresh,False,False
2025,901,LS57023709,Clara Tauson,Linda Noskova,327793,329668,R128,5-7 6-3 6-4,completed,present,2025-01-12,2025-01-26,2025-01-12T07:25:00+00:00,True,,False,data/raw/wta/stats/_httpcache/2025/d2bb3c8d24376a9665d85c01ab89399fd89e6c10723adeec0aee26e7995c7642.json,59d4380ce7c1d8f18cbf18de34bc6bed1f53860e654c5df8634e6a9dd32fb229,1,136434.0,False,2025-01-12,fresh,False,False
2025,901,LS57023711,Tatjana Maria,Bernarda Pera,310440,317708,R128,7-6(3) 6-4,completed,present,2025-01-12,2025-01-26,2025-01-12T00:00:00+00:00,True,,False,data/raw/wta/stats/_httpcache/2025/d2bb3c8d24376a9665d85c01ab89399fd89e6c10723adeec0aee26e7995c7642.json,59d4380ce7c1d8f18cbf18de34bc6bed1f53860e654c5df8634e6a9dd32fb229,1,136430.0,False,2025-01-12,fresh,False,False
2025,901,LS57023713,Jessica Bouzas Maneiro,Sonay Kartal,328139,329918,R128,6-1 7-6(5),completed,present,2025-01-12,2025-01-26,2025-01-12T07:35:00+00:00,True,,False,data/raw/wta/stats/_httpcache/2025/d2bb3c8d24376a9665d85c01ab89399fd89e6c10723adeec0aee26e7995c7642.json,59d4380ce7c1d8f18cbf18de34bc6bed1f53860e654c5df8634e6a9dd32fb229,1,136435.0,False,2025-01-12,fresh,False,False
2025,901,LS57023715,Aryna Sabalenka,Sloane Stephens,320760,315683,R128,6-3 6-2,completed,present,2025-01-12,2025-01-26,2025-01-12T08:15:00+00:00,True,,False,data/raw/wta/stats/_httpcache/2025/d2bb3c8d24376a9665d85c01ab89399fd89e6c10723adeec0aee26e7995c7642.json,59d4380ce7c1d8f18cbf18de34bc6bed1f53860e654c5df8634e6a9dd32fb229,1,136436.0,False,2025-01-12,fresh,False,False
2025,901,LS57032249,Jasmine Paolini,Sijia Wei,319280,328426,R128,6-0 6-4,completed,present,2025-01-12,2025-01-26,2025-01-14T08:10:00+00:00,True,,False,data/raw/wta/stats/_httpcache/2025/d2bb3c8d24376a9665d85c01ab89399fd89e6c10723adeec0aee26e7995c7642.json,59d4380ce7c1d8f18cbf18de34bc6bed1f53860e654c5df8634e6a9dd32fb229,1,136485.0,False,2025-01-14,fresh,False,False
2025,901,LS57032251,Caroline Dolehide,Sara Bejlek,322052,330375,R128,7-6(5) 6-2,completed,present,2025-01-12,2025-01-26,2025-01-13T03:15:00+00:00,True,,False,data/raw/wta/stats/_httpcache/2025/d2bb3c8d24376a9665d85c01ab89399fd89e6c10723adeec0aee26e7995c7642.json,59d4380ce7c1d8f18cbf18de34bc6bed1f53860e654c5df8634e6a9dd32fb229,1,136453.0,False,2025-01-13,fresh,False,False
2025,901,LS57032253,Beatriz Haddad Maia,Julia Riera,318176,327287,R128,4-6 7-5 6-2,completed,present,2025-01-12,2025-01-26,2025-01-14T00:00:00+00:00,True,,False,data/raw/wta/stats/_httpcache/2025/d2bb3c8d24376a9665d85c01ab89399fd89e6c10723adeec0aee26e7995c7642.json,59d4380ce7c1d8f18cbf18de34bc6bed1f53860e654c5df8634e6a9dd32fb229,1,136467.0,False,2025-01-14,fresh,False,False
2025,901,LS57032255,Danielle Collins,Daria Snigur,316925,327845,R128,7-6(4) 6-3,completed,present,2025-01-12,2025-01-26,2025-01-13T10:25:00+00:00,True,,False,data/raw/wta/stats/_httpcache/2025/d2bb3c8d24376a9665d85c01ab89399fd89e6c10723adeec0aee26e7995c7642.json,59d4380ce7c1d8f18cbf18de34bc6bed1f53860e654c5df8634e6a9dd32fb229,1,136465.0,False,2025-01-13,fresh,False,False
2025,901,LS57032257,Destanee Aiava,Greet Minnen,324219,321454,R128,5-7 7-5 7-6(5),completed,present,2025-01-12,2025-01-26,2025-01-13T08:50:00+00:00,True,,False,data/raw/wta/stats/_httpcache/2025/d2bb3c8d24376a9665d85c01ab89399fd89e6c10723adeec0aee26e7995c7642.json,59d4380ce7c1d8f18cbf18de34bc6bed1f53860e654c5df8634e6a9dd32fb229,1,136463.0,False,2025-01-13,fresh,False,False
2025,901,LS57032259,Elena-Gabriela Ruse,Irina-Camelia Begu,320408,313169,R128,6-4 6-0,completed,present,2025-01-12,2025-01-26,2025-01-14T04:30:00+00:00,True,,False,data/raw/wta/stats/_httpcache/2025/d2bb3c8d24376a9665d85c01ab89399fd89e6c10723adeec0aee26e7995c7642.json,59d4380ce7c1d8f18cbf18de34bc6bed1f53860e654c5df8634e6a9dd32fb229,1,136481.0,False,2025-01-14,fresh,False,False
2025,901,LS57032261,Elise Mertens,Viktorija Golubic,317964,316296,R128,4-6 7-6(8) 6-4,completed,present,2025-01-12,2025-01-26,2025-01-13T07:45:00+00:00,True,,False,data/raw/wta/stats/_httpcache/2025/d2bb3c8d24376a9665d85c01ab89399fd89e6c10723adeec0aee26e7995c7642.json,59d4380ce7c1d8f18cbf18de34bc6bed1f53860e654c5df8634e6a9dd32fb229,1,136462.0,False,2025-01-13,fresh,False,False
2025,901,LS57032263,Marta Kostyuk,Nao Hibino,326482,320238,R128,3-6 6-3 6-1,completed,present,2025-01-12,2025-01-26,2025-01-13T06:50:00+00:00,True,,False,data/raw/wta/stats/_httpcache/2025/d2bb3c8d24376a9665d85c01ab89399fd89e6c10723adeec0aee26e7995c7642.json,59d4380ce7c1d8f18cbf18de34bc6bed1f53860e654c5df8634e6a9dd32fb229,1,136461.0,False,2025-01-13,fresh,False,False
2025,901,LS57032265,Jule Niemeier,Maja Chwalinska,325940,325639,R128,6-0 6-1,completed,present,2025-01-12,2025-01-26,2025-01-13T05:20:00+00:00,True,,False,data/raw/wta/stats/_httpcache/2025/d2bb3c8d24376a9665d85c01ab89399fd89e6c10723adeec0aee26e7995c7642.json,59d4380ce7c1d8f18cbf18de34bc6bed1f53860e654c5df8634e6a9dd32fb229,1,136458.0,False,2025-01-13,fresh,False,False
2025,901,LS57032267,Suzan Lamens,Veronika Erjavec,324898,327655,R128,7-5 7-6(2),completed,present,2025-01-12,2025-01-26,2025-01-12T00:00:00+00:00,True,,False,data/raw/wta/stats/_httpcache/2025/d2bb3c8d24376a9665d85c01ab89399fd89e6c10723adeec0aee26e7995c7642.json,59d4380ce7c1d8f18cbf18de34bc6bed1f53860e654c5df8634e6a9dd32fb229,1,136429.0,False,2025-01-12,fresh,False,False
2025,901,LS57032269,Jodie Burrage,Leolia Jeanjean,323802,320313,R128,6-2 6-4,completed,present,2025-01-12,2025-01-26,2025-01-13T00:00:00+00:00,True,,False,data/raw/wta/stats/_httpcache/2025/d2bb3c8d24376a9665d85c01ab89399fd89e6c10723adeec0aee26e7995c7642.json,59d4380ce7c1d8f18cbf18de34bc6bed1f53860e654c5df8634e6a9dd32fb229,1,136439.0,False,2025-01-13,fresh,False,False
2025,901,LS57032271,Qinwen Zheng,Anca Alexia Todoni,328120,330442,R128,7-6(3) 6-1,completed,present,2025-01-12,2025-01-26,2025-01-12T00:30:00+00:00,True,,False,data/raw/wta/stats/_httpcache/2025/d2bb3c8d24376a9665d85c01ab89399fd89e6c10723adeec0aee26e7995c7642.json,59d4380ce7c1d8f18cbf18de34bc6bed1f53860e654c5df8634e6a9dd32fb229,1,136431.0,False,2025-01-12,fresh,False,False
2025,901,LS57032273,Anastasia Potapova,Tamara Zidansek,325601,323079,R128,6-2 7-5,completed,present,2025-01-12,2025-01-26,2025-01-13T03:35:00+00:00,True,,False,data/raw/wta/stats/_httpcache/2025/d2bb3c8d24376a9665d85c01ab89399fd89e6c10723adeec0aee26e7995c7642.json,59d4380ce7c1d8f18cbf18de34bc6bed1f53860e654c5df8634e6a9dd32fb229,1,136455.0,False,2025-01-13,fresh,False,False
2025,901,LS57032277,Magdalena Frech,Polina Kudermetova,320277,328897,R128,6-4 6-4,completed,present,2025-01-12,2025-01-26,2025-01-13T01:35:00+00:00,True,,False,data/raw/wta/stats/_httpcache/2025/d2bb3c8d24376a9665d85c01ab89399fd89e6c10723adeec0aee26e7995c7642.json,59d4380ce7c1d8f18cbf18de34bc6bed1f53860e654c5df8634e6a9dd32fb229,1,136449.0,False,2025-01-13,fresh,False,False
2025,901,LS57032283,Jaqueline Cristian,Petra Martic,320319,313711,R128,6-2 4-6 7-6(7),completed,present,2025-01-12,2025-01-26,2025-01-13T06:20:00+00:00,True,,False,data/raw/wta/stats/_httpcache/2025/d2bb3c8d24376a9665d85c01ab89399fd89e6c10723adeec0aee26e7995c7642.json,59d4380ce7c1d8f18cbf18de34bc6bed1f53860e654c5df8634e6a9dd32fb229,1,136460.0,False,2025-01-13,fresh,False,False
2025,901,LS57107125,Harriet Dart,Jana Fett,319489,320945,R128,7-5 2-6 7-6(7),completed,present,2025-01-12,2025-01-26,2025-01-13T02:55:00+00:00,True,,False,data/raw/wta/stats/_httpcache/2025/d2bb3c8d24376a9665d85c01ab89399fd89e6c10723adeec0aee26e7995c7642.json,59d4380ce7c1d8f18cbf18de34bc6bed1f53860e654c5df8634e6a9dd32fb229,1,136452.0,False,2025-01-13,fresh,False,False
2025,901,LS57138349,Eva Lys,Kimberly Birrell,325826,320728,R128,6-2 6-2,completed,present,2025-01-12,2025-01-26,2025-01-14T03:35:00+00:00,True,,False,data/raw/wta/stats/_httpcache/2025/d2bb3c8d24376a9665d85c01ab89399fd89e6c10723adeec0aee26e7995c7642.json,59d4380ce7c1d8f18cbf18de34bc6bed1f53860e654c5df8634e6a9dd32fb229,1,136477.0,False,2025-01-14,fresh,False,False
2025,902,LS001,Aryna Sabalenka,Jessica Pegula,320760,316956,F,7-5 6-2,completed,present,2025-03-18,2025-03-30,2025-03-29T19:53:45.403+00:00,False,2025-03-29T21:39:51.157+00:00,False,data/raw/wta/stats/_httpcache/2025/306a8a65562e09c2bcf8ccf1402727264137441891eecf31f4bccb951ca40fa3.json,f33db9740bc57ac6314096d9e7ae09655ca6146cc0b02a3b187cf611a554fbe9,1,137442.0,True,2025-03-29,stats,False,False
2025,902,LS002,Aryna Sabalenka,Jasmine Paolini,320760,319280,SF,6-2 6-2,completed,present,2025-03-18,2025-03-30,2025-03-27T18:35:59.29+00:00,False,2025-03-27T20:21:56.29+00:00,False,data/raw/wta/stats/_httpcache/2025/306a8a65562e09c2bcf8ccf1402727264137441891eecf31f4bccb951ca40fa3.json,f33db9740bc57ac6314096d9e7ae09655ca6146cc0b02a3b187cf611a554fbe9,1,137406.0,True,2025-03-27,stats,False,False
2025,902,LS003,Jessica Pegula,Alexandra Eala,316956,330332,SF,7-6(3) 5-7 6-3,completed,present,2025-03-18,2025-03-30,2025-03-28T02:02:53.337+00:00,False,2025-03-28T04:43:15.703+00:00,False,data/raw/wta/stats/_httpcache/2025/306a8a65562e09c2bcf8ccf1402727264137441891eecf31f4bccb951ca40fa3.json,f33db9740bc57ac6314096d9e7ae09655ca6146cc0b02a3b187cf611a554fbe9,1,137414.0,True,2025-03-28,stats,False,False
2025,902,LS004,Aryna Sabalenka,Qinwen Zheng,320760,328120,QF,6-2 7-5,completed,present,2025-03-18,2025-03-30,2025-03-26T00:24:01.15+00:00,False,2025-03-26T02:16:49.093+00:00,False,data/raw/wta/stats/_httpcache/2025/306a8a65562e09c2bcf8ccf1402727264137441891eecf31f4bccb951ca40fa3.json,f33db9740bc57ac6314096d9e7ae09655ca6146cc0b02a3b187cf611a554fbe9,1,137393.0,True,2025-03-26,stats,False,False
2025,902,LS005,Jasmine Paolini,Magda Linette,319280,315130,QF,6-3 6-2,completed,present,2025-03-18,2025-03-30,2025-03-25T21:53:03.097+00:00,False,2025-03-25T23:25:38.817+00:00,False,data/raw/wta/stats/_httpcache/2025/306a8a65562e09c2bcf8ccf1402727264137441891eecf31f4bccb951ca40fa3.json,f33db9740bc57ac6314096d9e7ae09655ca6146cc0b02a3b187cf611a554fbe9,1,137378.0,True,2025-03-25,stats,False,False
2025,902,LS006,Jessica Pegula,Emma Raducanu,316956,328366,QF,6-4 6-7(3) 6-2,completed,present,2025-03-18,2025-03-30,2025-03-27T00:36:09.107+00:00,False,2025-03-27T03:24:54.69+00:00,False,data/raw/wta/stats/_httpcache/2025/306a8a65562e09c2bcf8ccf1402727264137441891eecf31f4bccb951ca40fa3.json,f33db9740bc57ac6314096d9e7ae09655ca6146cc0b02a3b187cf611a554fbe9,1,137405.0,True,2025-03-27,stats,False,False
2025,902,LS007,Alexandra Eala,Iga Swiatek,330332,326408,QF,6-2 7-5,completed,present,2025-03-18,2025-03-30,2025-03-26T16:44:07.367+00:00,False,2025-03-26T18:49:40.467+00:00,False,data/raw/wta/stats/_httpcache/2025/306a8a65562e09c2bcf8ccf1402727264137441891eecf31f4bccb951ca40fa3.json,f33db9740bc57ac6314096d9e7ae09655ca6146cc0b02a3b187cf611a554fbe9,1,137394.0,True,2025-03-26,stats,False,False
2025,902,LS008,Aryna Sabalenka,Danielle Collins,320760,316925,R16,6-4 6-4,completed,present,2025-03-18,2025-03-30,2025-03-24T17:47:53.823+00:00,False,2025-03-24T19:20:43.613+00:00,False,data/raw/wta/stats/_httpcache/2025/306a8a65562e09c2bcf8ccf1402727264137441891eecf31f4bccb951ca40fa3.json,f33db9740bc57ac6314096d9e7ae09655ca6146cc0b02a3b187cf611a554fbe9,1,137360.0,True,2025-03-24,stats,False,False
2025,902,LS009,Qinwen Zheng,Ashlyn Krueger,328120,329409,R16,6-2 7-6(3),completed,present,2025-03-18,2025-03-30,2025-03-24T16:44:03.203+00:00,False,2025-03-24T18:39:01.84+00:00,False,data/raw/wta/stats/_httpcache/2025/306a8a65562e09c2bcf8ccf1402727264137441891eecf31f4bccb951ca40fa3.json,f33db9740bc57ac6314096d9e7ae09655ca6146cc0b02a3b187cf611a554fbe9,1,137359.0,True,2025-03-24,stats,False,False
2025,902,LS010,Magda Linette,Coco Gauff,315130,328560,R16,6-4 6-4,completed,present,2025-03-18,2025-03-30,2025-03-24T19:24:23.167+00:00,False,2025-03-24T21:09:50.567+00:00,False,data/raw/wta/stats/_httpcache/2025/306a8a65562e09c2bcf8ccf1402727264137441891eecf31f4bccb951ca40fa3.json,f33db9740bc57ac6314096d9e7ae09655ca6146cc0b02a3b187cf611a554fbe9,1,137362.0,True,2025-03-24,stats,False,False
2025,902,LS011,Jasmine Paolini,Naomi Osaka,319280,319998,R16,3-6 6-4 6-4,completed,present,2025-03-18,2025-03-30,2025-03-24T14:49:05.017+00:00,False,2025-03-24T17:23:43.75+00:00,False,data/raw/wta/stats/_httpcache/2025/306a8a65562e09c2bcf8ccf1402727264137441891eecf31f4bccb951ca40fa3.json,f33db9740bc57ac6314096d9e7ae09655ca6146cc0b02a3b187cf611a554fbe9,1,137358.0,True,2025-03-24,stats,False,False
2025,902,LS012,Emma Raducanu,Amanda Anisimova,328366,326384,R16,6-1 6-3,completed,present,2025-03-18,2025-03-30,2025-03-24T18:41:39.17+00:00,False,2025-03-24T20:19:02.677+00:00,False,data/raw/wta/stats/_httpcache/2025/306a8a65562e09c2bcf8ccf1402727264137441891eecf31f4bccb951ca40fa3.json,f33db9740bc57ac6314096d9e7ae09655ca6146cc0b02a3b187cf611a554fbe9,1,137361.0,True,2025-03-24,stats,False,False
2025,902,LS013,Jessica Pegula,Marta Kostyuk,316956,326482,R16,6-2 6-3,completed,present,2025-03-18,2025-03-30,2025-03-24T20:22:11.14+00:00,False,2025-03-24T22:01:57.247+00:00,False,data/raw/wta/stats/_httpcache/2025/306a8a65562e09c2bcf8ccf1402727264137441891eecf31f4bccb951ca40fa3.json,f33db9740bc57ac6314096d9e7ae09655ca6146cc0b02a3b187cf611a554fbe9,1,137363.0,True,2025-03-24,stats,False,False
2025,902,LS015,Iga Swiatek,Elina Svitolina,326408,316738,R16,7-6(5) 6-3,completed,present,2025-03-18,2025-03-30,2025-03-25T01:51:11.497+00:00,False,2025-03-25T04:06:46.083+00:00,False,data/raw/wta/stats/_httpcache/2025/306a8a65562e09c2bcf8ccf1402727264137441891eecf31f4bccb951ca40fa3.json,f33db9740bc57ac6314096d9e7ae09655ca6146cc0b02a3b187cf611a554fbe9,1,137377.0,True,2025-03-25,stats,False,False
2025,902,LS017,Danielle Collins,Rebeka Masarova,316925,322087,R32,6-4 3-6 6-3,completed,present,2025-03-18,2025-03-30,2025-03-22T22:42:19.77+00:00,False,2025-03-23T01:33:46.797+00:00,False,data/raw/wta/stats/_httpcache/2025/306a8a65562e09c2bcf8ccf1402727264137441891eecf31f4bccb951ca40fa3.json,f33db9740bc57ac6314096d9e7ae09655ca6146cc0b02a3b187cf611a554fbe9,1,137327.0,True,2025-03-22,stats,False,False
2025,902,LS018,Qinwen Zheng,Taylor Townsend,328120,318609,R32,6-1 7-6(3),completed,present,2025-03-18,2025-03-30,2025-03-23T01:17:45.923+00:00,False,2025-03-23T02:48:28.7+00:00,False,data/raw/wta/stats/_httpcache/2025/306a8a65562e09c2bcf8ccf1402727264137441891eecf31f4bccb951ca40fa3.json,f33db9740bc57ac6314096d9e7ae09655ca6146cc0b02a3b187cf611a554fbe9,1,137339.0,True,2025-03-23,stats,False,False
2025,902,LS019,Ashlyn Krueger,Leylah Fernandez,329409,326735,R32,6-1 7-5,completed,present,2025-03-18,2025-03-30,2025-03-22T14:49:54.44+00:00,False,2025-03-22T16:43:03.61+00:00,False,data/raw/wta/stats/_httpcache/2025/306a8a65562e09c2bcf8ccf1402727264137441891eecf31f4bccb951ca40fa3.json,f33db9740bc57ac6314096d9e7ae09655ca6146cc0b02a3b187cf611a554fbe9,1,137323.0,True,2025-03-22,stats,False,False
2025,902,LS020,Coco Gauff,Maria Sakkari,328560,318312,R32,6-2 6-4,completed,present,2025-03-18,2025-03-30,2025-03-22T18:42:10.717+00:00,False,2025-03-22T20:14:25.183+00:00,False,data/raw/wta/stats/_httpcache/2025/306a8a65562e09c2bcf8ccf1402727264137441891eecf31f4bccb951ca40fa3.json,f33db9740bc57ac6314096d9e7ae09655ca6146cc0b02a3b187cf611a554fbe9,1,137325.0,True,2025-03-22,stats,False,False
2025,902,LS021,Magda Linette,Linda Fruhvirtova,315130,329627,R32,7-5 6-4,completed,present,2025-03-18,2025-03-30,2025-03-22T20:06:07.5+00:00,False,2025-03-22T22:20:55.513+00:00,False,data/raw/wta/stats/_httpcache/2025/306a8a65562e09c2bcf8ccf1402727264137441891eecf31f4bccb951ca40fa3.json,f33db9740bc57ac6314096d9e7ae09655ca6146cc0b02a3b187cf611a554fbe9,1,137326.0,True,2025-03-22,stats,False,False
2025,902,LS022,Naomi Osaka,Hailey Baptiste,319998,327101,R32,7-6(6) 3-6 6-4,completed,present,2025-03-18,2025-03-30,2025-03-22T16:44:01.2+00:00,False,2025-03-22T20:03:41.623+00:00,False,data/raw/wta/stats/_httpcache/2025/306a8a65562e09c2bcf8ccf1402727264137441891eecf31f4bccb951ca40fa3.json,f33db9740bc57ac6314096d9e7ae09655ca6146cc0b02a3b187cf611a554fbe9,1,137324.0,True,2025-03-22,stats,False,False
2025,902,LS025,Amanda Anisimova,Mirra Andreeva,326384,331809,R32,7-6(5) 2-6 6-3,completed,present,2025-03-18,2025-03-30,2025-03-23T22:53:22.79+00:00,False,2025-03-24T01:57:09.577+00:00,False,data/raw/wta/stats/_httpcache/2025/306a8a65562e09c2bcf8ccf1402727264137441891eecf31f4bccb951ca40fa3.json,f33db9740bc57ac6314096d9e7ae09655ca6146cc0b02a3b187cf611a554fbe9,1,137346.0,True,2025-03-23,stats,False,False
2025,902,LS026,Marta Kostyuk,Anna Blinkova,326482,324267,R32,6-2 6-1,completed,present,2025-03-18,2025-03-30,2025-03-23T17:01:16.5+00:00,False,2025-03-23T18:06:01.76+00:00,False,data/raw/wta/stats/_httpcache/2025/306a8a65562e09c2bcf8ccf1402727264137441891eecf31f4bccb951ca40fa3.json,f33db9740bc57ac6314096d9e7ae09655ca6146cc0b02a3b187cf611a554fbe9,1,137343.0,True,2025-03-23,stats,False,False
2025,902,LS027,Jessica Pegula,Anna Kalinskaya,316956,323942,R32,6-7(3) 6-2 7-6(2),completed,present,2025-03-18,2025-03-30,2025-03-23T19:56:44.96+00:00,False,2025-03-23T22:24:37.29+00:00,False,data/raw/wta/stats/_httpcache/2025/306a8a65562e09c2bcf8ccf1402727264137441891eecf31f4bccb951ca40fa3.json,f33db9740bc57ac6314096d9e7ae09655ca6146cc0b02a3b187cf611a554fbe9,1,137345.0,True,2025-03-23,stats,False,False
2025,902,LS028,Alexandra Eala,Madison Keys,330332,316959,R32,6-4 6-2,completed,present,2025-03-18,2025-03-30,2025-03-23T18:06:42.71+00:00,False,2025-03-23T19:44:24.103+00:00,False,data/raw/wta/stats/_httpcache/2025/306a8a65562e09c2bcf8ccf1402727264137441891eecf31f4bccb951ca40fa3.json,f33db9740bc57ac6314096d9e7ae09655ca6146cc0b02a3b187cf611a554fbe9,1,137344.0,True,2025-03-23,stats,False,False
2025,902,LS029,Paula Badosa,Clara Tauson,320124,327793,R32,6-3 7-6(3),completed,present,2025-03-18,2025-03-30,2025-03-23T14:47:35.703+00:00,False,2025-03-23T16:49:27.057+00:00,False,data/raw/wta/stats/_httpcache/2025/306a8a65562e09c2bcf8ccf1402727264137441891eecf31f4bccb951ca40fa3.json,f33db9740bc57ac6314096d9e7ae09655ca6146cc0b02a3b187cf611a554fbe9,1,137340.0,True,2025-03-23,stats,False,False
2025,902,LS030,Elina Svitolina,Karolina Muchova,316738,322191,R32,6-2 3-6 6-2,completed,present,2025-03-18,2025-03-30,2025-03-23T14:53:26.87+00:00,False,2025-03-23T17:10:35.9+00:00,False,data/raw/wta/stats/_httpcache/2025/306a8a65562e09c2bcf8ccf1402727264137441891eecf31f4bccb951ca40fa3.json,f33db9740bc57ac6314096d9e7ae09655ca6146cc0b02a3b187cf611a554fbe9,1,137341.0,True,2025-03-23,stats,False,False
2025,902,LS031,Iga Swiatek,Elise Mertens,326408,317964,R32,7-6(2) 6-1,completed,present,2025-03-18,2025-03-30,2025-03-23T15:49:48.8+00:00,False,2025-03-23T17:57:30.143+00:00,False,data/raw/wta/stats/_httpcache/2025/306a8a65562e09c2bcf8ccf1402727264137441891eecf31f4bccb951ca40fa3.json,f33db9740bc57ac6314096d9e7ae09655ca6146cc0b02a3b187cf611a554fbe9,1,137342.0,True,2025-03-23,stats,False,False
2025,902,LS032,Aryna Sabalenka,Viktoriya Tomova,320760,317584,R64,6-3 6-0,completed,present,2025-03-18,2025-03-30,2025-03-20T18:41:10.833+00:00,False,2025-03-20T19:58:45.22+00:00,False,data/raw/wta/stats/_httpcache/2025/306a8a65562e09c2bcf8ccf1402727264137441891eecf31f4bccb951ca40fa3.json,f33db9740bc57ac6314096d9e7ae09655ca6146cc0b02a3b187cf611a554fbe9,1,137293.0,True,2025-03-20,stats,False,False
2025,902,LS033,Elena-Gabriela Ruse,Magdalena Frech,320408,320277,R64,6-4 6-4,completed,present,2025-03-18,2025-03-30,2025-03-20T14:48:43.063+00:00,False,2025-03-20T16:55:51.727+00:00,False,data/raw/wta/stats/_httpcache/2025/306a8a65562e09c2bcf8ccf1402727264137441891eecf31f4bccb951ca40fa3.json,f33db9740bc57ac6314096d9e7ae09655ca6146cc0b02a3b187cf611a554fbe9,1,137287.0,True,2025-03-20,stats,False,False
2025,902,LS034,Rebeka Masarova,Donna Vekic,322087,318516,R64,6-1 6-3,completed,present,2025-03-18,2025-03-30,2025-03-20T21:22:33.67+00:00,False,2025-03-20T22:52:31.213+00:00,False,data/raw/wta/stats/_httpcache/2025/306a8a65562e09c2bcf8ccf1402727264137441891eecf31f4bccb951ca40fa3.json,f33db9740bc57ac6314096d9e7ae09655ca6146cc0b02a3b187cf611a554fbe9,1,137298.0,True,2025-03-20,stats,False,False
2025,902,LS035,Danielle Collins,Sorana Cirstea,316925,312469,R64,6-4 7-6(3),completed,present,2025-03-18,2025-03-30,2025-03-21T01:42:18.547+00:00,False,2025-03-21T03:34:10.413+00:00,False,data/raw/wta/stats/_httpcache/2025/306a8a65562e09c2bcf8ccf1402727264137441891eecf31f4bccb951ca40fa3.json,f33db9740bc57ac6314096d9e7ae09655ca6146cc0b02a3b187cf611a554fbe9,1,137305.0,True,2025-03-21,stats,False,False
2025,902,LS036,Qinwen Zheng,Lauren Davis,328120,317414,R64,6-1 7-5,completed,present,2025-03-18,2025-03-30,2025-03-20T14:50:20.953+00:00,False,2025-03-20T16:26:37.733+00:00,False,data/raw/wta/stats/_httpcache/2025/306a8a65562e09c2bcf8ccf1402727264137441891eecf31f4bccb951ca40fa3.json,f33db9740bc57ac6314096d9e7ae09655ca6146cc0b02a3b187cf611a554fbe9,1,137288.0,True,2025-03-20,stats,False,False
2025,902,LS037,Taylor Townsend,Yulia Putintseva,318609,317683,R64,7-6(2) 1-6 6-1,completed,present,2025-03-18,2025-03-30,2025-03-20T18:58:07.427+00:00,False,2025-03-20T21:19:19.667+00:00,False,data/raw/wta/stats/_httpcache/2025/306a8a65562e09c2bcf8ccf1402727264137441891eecf31f4bccb951ca40fa3.json,f33db9740bc57ac6314096d9e7ae09655ca6146cc0b02a3b187cf611a554fbe9,1,137294.0,True,2025-03-20,stats,False,False
2025,902,LS038,Leylah Fernandez,Alycia Parks,326735,326007,R64,7-6(1) 6-3,completed,present,2025-03-18,2025-03-30,2025-03-20T17:00:59.813+00:00,False,2025-03-20T18:56:16.667+00:00,False,data/raw/wta/stats/_httpcache/2025/306a8a65562e09c2bcf8ccf1402727264137441891eecf31f4bccb951ca40fa3.json,f33db9740bc57ac6314096d9e7ae09655ca6146cc0b02a3b187cf611a554fbe9,1,137290.0,True,2025-03-20,stats,False,False
2025,902,LS039,Ashlyn Krueger,Elena Rybakina,329409,324166,R64,6-4 2-6 6-4,completed,present,2025-03-18,2025-03-30,2025-03-20T16:52:19.05+00:00,False,2025-03-20T18:57:13.737+00:00,False,data/raw/wta/stats/_httpcache/2025/306a8a65562e09c2bcf8ccf1402727264137441891eecf31f4bccb951ca40fa3.json,f33db9740bc57ac6314096d9e7ae09655ca6146cc0b02a3b187cf611a554fbe9,1,137289.0,True,2025-03-20,stats,False,False
2025,902,LS040,Coco Gauff,Sofia Kenin,328560,320942,R64,6-0 6-0,completed,present,2025-03-18,2025-03-30,2025-03-20T17:39:24.373+00:00,False,2025-03-20T18:40:19.093+00:00,False,data/raw/wta/stats/_httpcache/2025/306a8a65562e09c2bcf8ccf1402727264137441891eecf31f4bccb951ca40fa3.json,f33db9740bc57ac6314096d9e7ae09655ca6146cc0b02a3b187cf611a554fbe9,1,137291.0,True,2025-03-20,stats,False,False
2025,902,LS041,Maria Sakkari,Lucia Bronzetti,318312,322280,R64,6-3 5-7 6-4,completed,present,2025-03-18,2025-03-30,2025-03-20T20:29:51.67+00:00,False,2025-03-20T23:34:08.75+00:00,False,data/raw/wta/stats/_httpcache/2025/306a8a65562e09c2bcf8ccf1402727264137441891eecf31f4bccb951ca40fa3.json,f33db9740bc57ac6314096d9e7ae09655ca6146cc0b02a3b187cf611a554fbe9,1,137296.0,True,2025-03-20,stats,False,False
2025,902,LS042,Magda Linette,Ekaterina Alexandrova,315130,319007,R64,7-6(5) 6-2,completed,present,2025-03-18,2025-03-30,2025-03-20T18:40:55.137+00:00,False,2025-03-20T20:27:06.713+00:00,False,data/raw/wta/stats/_httpcache/2025/306a8a65562e09c2bcf8ccf1402727264137441891eecf31f4bccb951ca40fa3.json,f33db9740bc57ac6314096d9e7ae09655ca6146cc0b02a3b187cf611a554fbe9,1,137292.0,True,2025-03-20,stats,False,False
2025,902,LS043,Linda Fruhvirtova,Beatriz Haddad Maia,329627,318176,R64,6-0 6-2,completed,present,2025-03-18,2025-03-30,2025-03-20T23:28:57.123+00:00,False,2025-03-21T00:57:53.437+00:00,False,data/raw/wta/stats/_httpcache/2025/306a8a65562e09c2bcf8ccf1402727264137441891eecf31f4bccb951ca40fa3.json,f33db9740bc57ac6314096d9e7ae09655ca6146cc0b02a3b187cf611a554fbe9,1,137299.0,True,2025-03-20,stats,False,False
2025,902,LS044,Hailey Baptiste,Daria Kasatkina,327101,322082,R64,3-6 6-4 7-5,completed,present,2025-03-18,2025-03-30,2025-03-20T21:06:14.803+00:00,False,2025-03-20T23:39:01.003+00:00,False,data/raw/wta/stats/_httpcache/2025/306a8a65562e09c2bcf8ccf1402727264137441891eecf31f4bccb951ca40fa3.json,f33db9740bc57ac6314096d9e7ae09655ca6146cc0b02a3b187cf611a554fbe9,1,137297.0,True,2025-03-20,stats,False,False
2025,902,LS045,Naomi Osaka,Liudmila Samsonova,319998,322222,R64,6-2 6-4,completed,present,2025-03-18,2025-03-30,2025-03-20T23:41:50.937+00:00,False,2025-03-21T01:20:08.37+00:00,False,data/raw/wta/stats/_httpcache/2025/306a8a65562e09c2bcf8ccf1402727264137441891eecf31f4bccb951ca40fa3.json,f33db9740bc57ac6314096d9e7ae09655ca6146cc0b02a3b187cf611a554fbe9,1,137300.0,True,2025-03-20,stats,False,False
2025,902,LS046,Ons Jabeur,Katerina Siniakova,316847,320301,R64,6-4 7-6(7),completed,present,2025-03-18,2025-03-30,2025-03-20T19:17:21.307+00:00,False,2025-03-20T21:01:12.577+00:00,False,data/raw/wta/stats/_httpcache/2025/306a8a65562e09c2bcf8ccf1402727264137441891eecf31f4bccb951ca40fa3.json,f33db9740bc57ac6314096d9e7ae09655ca6146cc0b02a3b187cf611a554fbe9,1,137295.0,True,2025-03-20,stats,False,False
2025,902,LS047,Jasmine Paolini,Rebecca Sramkova,319280,320228,R64,6-4 6-4,completed,present,2025-03-18,2025-03-30,2025-03-20T14:41:09.263+00:00,False,2025-03-20T16:49:47.697+00:00,False,data/raw/wta/stats/_httpcache/2025/306a8a65562e09c2bcf8ccf1402727264137441891eecf31f4bccb951ca40fa3.json,f33db9740bc57ac6314096d9e7ae09655ca6146cc0b02a3b187cf611a554fbe9,1,137286.0,True,2025-03-20,stats,False,False
2025,902,LS048,Emma Raducanu,Emma Navarro,328366,325410,R64,7-6(6) 2-6 7-6(3),completed,present,2025-03-18,2025-03-30,2025-03-21T17:21:53.31+00:00,False,2025-03-21T20:29:47.97+00:00,False,data/raw/wta/stats/_httpcache/2025/306a8a65562e09c2bcf8ccf1402727264137441891eecf31f4bccb951ca40fa3.json,f33db9740bc57ac6314096d9e7ae09655ca6146cc0b02a3b187cf611a554fbe9,1,137312.0,True,2025-03-21,stats,False,False
2025,902,LS049,McCartney Kessler,Linda Noskova,326678,329668,R64,2-6 7-5 7-6(4),completed,present,2025-03-18,2025-03-30,2025-03-21T19:21:01.303+00:00,False,2025-03-21T21:44:43.447+00:00,False,data/raw/wta/stats/_httpcache/2025/306a8a65562e09c2bcf8ccf1402727264137441891eecf31f4bccb951ca40fa3.json,f33db9740bc57ac6314096d9e7ae09655ca6146cc0b02a3b187cf611a554fbe9,1,137314.0,True,2025-03-21,stats,False,False
2025,902,LS050,Amanda Anisimova,Mayar Sherif,326384,318711,R64,6-2 6-2,completed,present,2025-03-18,2025-03-30,2025-03-21T21:47:52.58+00:00,False,2025-03-21T23:10:13.623+00:00,False,data/raw/wta/stats/_httpcache/2025/306a8a65562e09c2bcf8ccf1402727264137441891eecf31f4bccb951ca40fa3.json,f33db9740bc57ac6314096d9e7ae09655ca6146cc0b02a3b187cf611a554fbe9,1,137318.0,True,2025-03-21,stats,False,False
2025,902,LS051,Mirra Andreeva,Veronika Kudermetova,331809,319526,R64,6-0 6-2,completed,present,2025-03-18,2025-03-30,2025-03-21T22:08:38.58+00:00,False,2025-03-21T23:30:43.58+00:00,False,data/raw/wta/stats/_httpcache/2025/306a8a65562e09c2bcf8ccf1402727264137441891eecf31f4bccb951ca40fa3.json,f33db9740bc57ac6314096d9e7ae09655ca6146cc0b02a3b187cf611a554fbe9,1,137319.0,True,2025-03-21,stats,False,False
2025,902,LS052,Anna Blinkova,Diana Shnaider,324267,330482,R64,6-4 7-6(0),completed,present,2025-03-18,2025-03-30,2025-03-21T14:51:46.087+00:00,False,2025-03-21T16:36:45.007+00:00,False,data/raw/wta/stats/_httpcache/2025/306a8a65562e09c2bcf8ccf1402727264137441891eecf31f4bccb951ca40fa3.json,f33db9740bc57ac6314096d9e7ae09655ca6146cc0b02a3b187cf611a554fbe9,1,137307.0,True,2025-03-21,stats,False,False
2025,902,LS053,Marta Kostyuk,Kimberly Birrell,326482,320728,R64,7-5 4-6 6-3,completed,present,2025-03-18,2025-03-30,2025-03-21T20:30:52.347+00:00,False,2025-03-21T22:59:35.67+00:00,False,data/raw/wta/stats/_httpcache/2025/306a8a65562e09c2bcf8ccf1402727264137441891eecf31f4bccb951ca40fa3.json,f33db9740bc57ac6314096d9e7ae09655ca6146cc0b02a3b187cf611a554fbe9,1,137315.0,True,2025-03-21,stats,False,False
2025,902,LS054,Anna Kalinskaya,Moyuka Uchijima,323942,327241,R64,6-1 6-3,completed,present,2025-03-18,2025-03-30,2025-03-21T14:43:48.693+00:00,False,2025-03-21T16:22:30.74+00:00,False,data/raw/wta/stats/_httpcache/2025/306a8a65562e09c2bcf8ccf1402727264137441891eecf31f4bccb951ca40fa3.json,f33db9740bc57ac6314096d9e7ae09655ca6146cc0b02a3b187cf611a554fbe9,1,137306.0,True,2025-03-21,stats,False,False
2025,902,LS055,Jessica Pegula,Bernarda Pera,316956,317708,R64,6-4 6-4,completed,present,2025-03-18,2025-03-30,2025-03-21T20:36:46.083+00:00,False,2025-03-21T22:05:42.36+00:00,False,data/raw/wta/stats/_httpcache/2025/306a8a65562e09c2bcf8ccf1402727264137441891eecf31f4bccb951ca40fa3.json,f33db9740bc57ac6314096d9e7ae09655ca6146cc0b02a3b187cf611a554fbe9,1,137316.0,True,2025-03-21,stats,False,False
2025,902,LS056,Madison Keys,Elina Avanesyan,316959,327620,R64,6-3 6-3,completed,present,2025-03-18,2025-03-30,2025-03-21T22:44:04.707+00:00,False,2025-03-22T00:27:02.03+00:00,False,data/raw/wta/stats/_httpcache/2025/306a8a65562e09c2bcf8ccf1402727264137441891eecf31f4bccb951ca40fa3.json,f33db9740bc57ac6314096d9e7ae09655ca6146cc0b02a3b187cf611a554fbe9,1,137320.0,True,2025-03-21,stats,False,False
2025,902,LS057,Alexandra Eala,Jelena Ostapenko,330332,319939,R64,7-6(2) 7-5,completed,present,2025-03-18,2025-03-30,2025-03-21T16:26:56.363+00:00,False,2025-03-21T18:37:12.557+00:00,False,data/raw/wta/stats/_httpcache/2025/306a8a65562e09c2bcf8ccf1402727264137441891eecf31f4bccb951ca40fa3.json,f33db9740bc57ac6314096d9e7ae09655ca6146cc0b02a3b187cf611a554fbe9,1,137309.0,True,2025-03-21,stats,False,False
2025,902,LS058,Clara Tauson,Julia Grabher,327793,320316,R64,6-4 7-5,completed,present,2025-03-18,2025-03-30,2025-03-21T18:42:26.583+00:00,False,2025-03-21T20:29:02.567+00:00,False,data/raw/wta/stats/_httpcache/2025/306a8a65562e09c2bcf8ccf1402727264137441891eecf31f4bccb951ca40fa3.json,f33db9740bc57ac6314096d9e7ae09655ca6146cc0b02a3b187cf611a554fbe9,1,137313.0,True,2025-03-21,stats,False,False
2025,902,LS059,Paula Badosa,Victoria Mboko,320124,331006,R64,7-5 1-6 7-6(3),completed,present,2025-03-18,2025-03-30,2025-03-21T16:42:18.46+00:00,False,2025-03-21T19:17:35.753+00:00,False,data/raw/wta/stats/_httpcache/2025/306a8a65562e09c2bcf8ccf1402727264137441891eecf31f4bccb951ca40fa3.json,f33db9740bc57ac6314096d9e7ae09655ca6146cc0b02a3b187cf611a554fbe9,1,137310.0,True,2025-03-21,stats,False,False
2025,902,LS061,Elina Svitolina,Belinda Bencic,316738,319001,R64,6-1 6-2,completed,present,2025-03-18,2025-03-30,2025-03-21T21:47:51.407+00:00,False,2025-03-21T23:13:46.777+00:00,False,data/raw/wta/stats/_httpcache/2025/306a8a65562e09c2bcf8ccf1402727264137441891eecf31f4bccb951ca40fa3.json,f33db9740bc57ac6314096d9e7ae09655ca6146cc0b02a3b187cf611a554fbe9,1,137317.0,True,2025-03-21,stats,False,False
2025,902,LS062,Elise Mertens,Peyton Stearns,317964,327573,R64,6-4 6-1,completed,present,2025-03-18,2025-03-30,2025-03-21T16:43:49.843+00:00,False,2025-03-21T18:08:04.88+00:00,False,data/raw/wta/stats/_httpcache/2025/306a8a65562e09c2bcf8ccf1402727264137441891eecf31f4bccb951ca40fa3.json,f33db9740bc57ac6314096d9e7ae09655ca6146cc0b02a3b187cf611a554fbe9,1,137311.0,True,2025-03-21,stats,False,False
2025,902,LS063,Iga Swiatek,Caroline Garcia,326408,315391,R64,6-2 7-5,completed,present,2025-03-18,2025-03-30,2025-03-21T15:48:24.693+00:00,False,2025-03-21T17:46:33.503+00:00,False,data/raw/wta/stats/_httpcache/2025/306a8a65562e09c2bcf8ccf1402727264137441891eecf31f4bccb951ca40fa3.json,f33db9740bc57ac6314096d9e7ae09655ca6146cc0b02a3b187cf611a554fbe9,1,137308.0,True,2025-03-21,stats,False,False
2025,902,LS065,Viktoriya Tomova,Caty McNally,317584,325725,R128,6-3 2-6 6-3,completed,present,2025-03-18,2025-03-30,2025-03-18T14:48:49.097+00:00,False,2025-03-18T17:20:36.59+00:00,False,data/raw/wta/stats/_httpcache/2025/306a8a65562e09c2bcf8ccf1402727264137441891eecf31f4bccb951ca40fa3.json,f33db9740bc57ac6314096d9e7ae09655ca6146cc0b02a3b187cf611a554fbe9,1,137239.0,True,2025-03-18,stats,False,False
2025,902,LS066,Elena-Gabriela Ruse,Polina Kudermetova,320408,328897,R128,6-1 6-7(5) 6-2,completed,present,2025-03-18,2025-03-30,2025-03-18T19:34:47.89+00:00,False,2025-03-18T21:48:09.33+00:00,False,data/raw/wta/stats/_httpcache/2025/306a8a65562e09c2bcf8ccf1402727264137441891eecf31f4bccb951ca40fa3.json,f33db9740bc57ac6314096d9e7ae09655ca6146cc0b02a3b187cf611a554fbe9,1,137248.0,True,2025-03-18,stats,False,False
2025,902,LS069,Rebeka Masarova,Greet Minnen,322087,321454,R128,6-7(4) 6-4 7-5,completed,present,2025-03-18,2025-03-30,2025-03-18T21:51:48.42+00:00,False,2025-03-19T00:31:03.297+00:00,False,data/raw/wta/stats/_httpcache/2025/306a8a65562e09c2bcf8ccf1402727264137441891eecf31f4bccb951ca40fa3.json,f33db9740bc57ac6314096d9e7ae09655ca6146cc0b02a3b187cf611a554fbe9,1,137250.0,True,2025-03-18,stats,False,False
2025,902,LS070,Sorana Cirstea,Elisabetta Cocciaretto,312469,327909,R128,6-3 7-6(5),completed,present,2025-03-18,2025-03-30,2025-03-18T17:24:00.44+00:00,False,2025-03-18T19:26:14.49+00:00,False,data/raw/wta/stats/_httpcache/2025/306a8a65562e09c2bcf8ccf1402727264137441891eecf31f4bccb951ca40fa3.json,f33db9740bc57ac6314096d9e7ae09655ca6146cc0b02a3b187cf611a554fbe9,1,137243.0,True,2025-03-18,stats,False,False
2025,902,LS073,Lauren Davis,Aoi Ito,317414,329009,R128,6-4 3-6 6-4,completed,present,2025-03-18,2025-03-30,2025-03-18T19:29:55.137+00:00,False,2025-03-18T22:27:31.37+00:00,False,data/raw/wta/stats/_httpcache/2025/306a8a65562e09c2bcf8ccf1402727264137441891eecf31f4bccb951ca40fa3.json,f33db9740bc57ac6314096d9e7ae09655ca6146cc0b02a3b187cf611a554fbe9,1,137247.0,True,2025-03-18,stats,False,False
2025,902,LS074,Taylor Townsend,Ann Li,318609,326096,R128,3-6 6-4 6-2,completed,present,2025-03-18,2025-03-30,2025-03-18T22:30:42.027+00:00,False,2025-03-19T00:44:49.293+00:00,False,data/raw/wta/stats/_httpcache/2025/306a8a65562e09c2bcf8ccf1402727264137441891eecf31f4bccb951ca40fa3.json,f33db9740bc57ac6314096d9e7ae09655ca6146cc0b02a3b187cf611a554fbe9,1,137253.0,True,2025-03-18,stats,False,False
2025,902,LS077,Alycia Parks,Varvara Gracheva,326007,325836,R128,3-6 7-6(0) 6-3,completed,present,2025-03-18,2025-03-30,2025-03-18T14:53:01.05+00:00,False,2025-03-18T17:26:51.48+00:00,False,data/raw/wta/stats/_httpcache/2025/306a8a65562e09c2bcf8ccf1402727264137441891eecf31f4bccb951ca40fa3.json,f33db9740bc57ac6314096d9e7ae09655ca6146cc0b02a3b187cf611a554fbe9,1,137241.0,True,2025-03-18,stats,False,False
2025,902,LS078,Ashlyn Krueger,Renata Zarazua,329409,320716,R128,6-3 6-2,completed,present,2025-03-18,2025-03-30,2025-03-18T22:05:11.893+00:00,False,2025-03-18T23:33:01.877+00:00,False,data/raw/wta/stats/_httpcache/2025/306a8a65562e09c2bcf8ccf1402727264137441891eecf31f4bccb951ca40fa3.json,f33db9740bc57ac6314096d9e7ae09655ca6146cc0b02a3b187cf611a554fbe9,1,137252.0,True,2025-03-18,stats,False,False
2025,902,LS081,Sofia Kenin,Petra Kvitova,320942,314206,R128,6-4 7-5,completed,present,2025-03-18,2025-03-30,2025-03-18T20:19:17.11+00:00,False,2025-03-18T22:00:50.483+00:00,False,data/raw/wta/stats/_httpcache/2025/306a8a65562e09c2bcf8ccf1402727264137441891eecf31f4bccb951ca40fa3.json,f33db9740bc57ac6314096d9e7ae09655ca6146cc0b02a3b187cf611a554fbe9,1,137249.0,True,2025-03-18,stats,False,False
2025,902,LS082,Lucia Bronzetti,Jessica Bouzas Maneiro,322280,328139,R128,6-4 6-3,completed,present,2025-03-18,2025-03-30,2025-03-18T17:09:41.58+00:00,False,2025-03-18T19:01:26.403+00:00,False,data/raw/wta/stats/_httpcache/2025/306a8a65562e09c2bcf8ccf1402727264137441891eecf31f4bccb951ca40fa3.json,f33db9740bc57ac6314096d9e7ae09655ca6146cc0b02a3b187cf611a554fbe9,1,137242.0,True,2025-03-18,stats,False,False
2025,902,LS085,Magda Linette,Anastasia Pavlyuchenkova,315130,313796,R128,7-6(3) 6-2,completed,present,2025-03-18,2025-03-30,2025-03-18T14:43:40.213+00:00,False,2025-03-18T17:05:26.04+00:00,False,data/raw/wta/stats/_httpcache/2025/306a8a65562e09c2bcf8ccf1402727264137441891eecf31f4bccb951ca40fa3.json,f33db9740bc57ac6314096d9e7ae09655ca6146cc0b02a3b187cf611a554fbe9,1,137238.0,True,2025-03-18,stats,False,False
2025,902,LS086,Linda Fruhvirtova,Claire Liu,329627,323966,R128,7-5 4-6 6-3,completed,present,2025-03-18,2025-03-30,2025-03-18T19:06:02.723+00:00,False,2025-03-18T21:52:19.093+00:00,False,data/raw/wta/stats/_httpcache/2025/306a8a65562e09c2bcf8ccf1402727264137441891eecf31f4bccb951ca40fa3.json,f33db9740bc57ac6314096d9e7ae09655ca6146cc0b02a3b187cf611a554fbe9,1,137246.0,True,2025-03-18,stats,False,False
2025,902,LS089,Hailey Baptiste,Olga Danilovic,327101,324934,R128,6-3 6-7(5) 6-1,completed,present,2025-03-18,2025-03-30,2025-03-18T21:56:47.17+00:00,False,2025-03-19T00:29:09.997+00:00,False,data/raw/wta/stats/_httpcache/2025/306a8a65562e09c2bcf8ccf1402727264137441891eecf31f4bccb951ca40fa3.json,f33db9740bc57ac6314096d9e7ae09655ca6146cc0b02a3b187cf611a554fbe9,1,137251.0,True,2025-03-18,stats,False,False
2025,902,LS090,Naomi Osaka,Yuliia Starodubtseva,319998,325338,R128,3-6 6-4 6-3,completed,present,2025-03-18,2025-03-30,2025-03-18T17:30:34.95+00:00,False,2025-03-18T20:15:33.543+00:00,False,data/raw/wta/stats/_httpcache/2025/306a8a65562e09c2bcf8ccf1402727264137441891eecf31f4bccb951ca40fa3.json,f33db9740bc57ac6314096d9e7ae09655ca6146cc0b02a3b187cf611a554fbe9,1,137244.0,True,2025-03-18,stats,False,False
2025,902,LS093,Katerina Siniakova,Yue Yuan,320301,324325,R128,6-2 2-6 7-6(4),completed,present,2025-03-18,2025-03-30,2025-03-18T14:52:23+00:00,False,2025-03-18T17:29:43.027+00:00,False,data/raw/wta/stats/_httpcache/2025/306a8a65562e09c2bcf8ccf1402727264137441891eecf31f4bccb951ca40fa3.json,f33db9740bc57ac6314096d9e7ae09655ca6146cc0b02a3b187cf611a554fbe9,1,137240.0,True,2025-03-18,stats,False,False
2025,902,LS094,Rebecca Sramkova,Lucrezia Stefanini,320228,323149,R128,3-6 6-1 6-3,completed,present,2025-03-18,2025-03-30,2025-03-18T17:32:47.03+00:00,False,2025-03-18T19:34:13.08+00:00,False,data/raw/wta/stats/_httpcache/2025/306a8a65562e09c2bcf8ccf1402727264137441891eecf31f4bccb951ca40fa3.json,f33db9740bc57ac6314096d9e7ae09655ca6146cc0b02a3b187cf611a554fbe9,1,137245.0,True,2025-03-18,stats,False,False
2025,902,LS097,Emma Raducanu,Sayaka Ishii,328366,331963,R128,6-2 6-1,completed,present,2025-03-18,2025-03-30,2025-03-19T15:51:08.16+00:00,False,2025-03-19T17:14:40.89+00:00,False,data/raw/wta/stats/_httpcache/2025/306a8a65562e09c2bcf8ccf1402727264137441891eecf31f4bccb951ca40fa3.json,f33db9740bc57ac6314096d9e7ae09655ca6146cc0b02a3b187cf611a554fbe9,1,137266.0,True,2025-03-19,stats,False,False
2025,902,LS098,McCartney Kessler,Marie Bouzkova,326678,320983,R128,6-4 2-6 6-4,completed,present,2025-03-18,2025-03-30,2025-03-19T16:28:31.503+00:00,False,2025-03-19T19:31:11.14+00:00,False,data/raw/wta/stats/_httpcache/2025/306a8a65562e09c2bcf8ccf1402727264137441891eecf31f4bccb951ca40fa3.json,f33db9740bc57ac6314096d9e7ae09655ca6146cc0b02a3b187cf611a554fbe9,1,137267.0,True,2025-03-19,stats,False,False
2025,902,LS101,Mayar Sherif,Lulu Sun,318711,324576,R128,7-5 1-6 6-4,completed,present,2025-03-18,2025-03-30,2025-03-19T23:53:26.74+00:00,False,2025-03-20T02:19:18.897+00:00,False,data/raw/wta/stats/_httpcache/2025/306a8a65562e09c2bcf8ccf1402727264137441891eecf31f4bccb951ca40fa3.json,f33db9740bc57ac6314096d9e7ae09655ca6146cc0b02a3b187cf611a554fbe9,1,137277.0,True,2025-03-19,stats,False,False
2025,902,LS102,Veronika Kudermetova,Xinyu Wang,319526,326376,R128,6-2 7-6(5),completed,present,2025-03-18,2025-03-30,2025-03-19T14:49:05.867+00:00,False,2025-03-19T16:42:27.393+00:00,False,data/raw/wta/stats/_httpcache/2025/306a8a65562e09c2bcf8ccf1402727264137441891eecf31f4bccb951ca40fa3.json,f33db9740bc57ac6314096d9e7ae09655ca6146cc0b02a3b187cf611a554fbe9,1,137262.0,True,2025-03-19,stats,False,False
2025,902,LS105,Anna Blinkova,Kamilla Rakhimova,324267,325936,R128,4-6 6-3 6-2,completed,present,2025-03-18,2025-03-30,2025-03-19T14:56:09.837+00:00,False,2025-03-19T17:09:09.227+00:00,False,data/raw/wta/stats/_httpcache/2025/306a8a65562e09c2bcf8ccf1402727264137441891eecf31f4bccb951ca40fa3.json,f33db9740bc57ac6314096d9e7ae09655ca6146cc0b02a3b187cf611a554fbe9,1,137265.0,True,2025-03-19,stats,False,False
2025,902,LS106,Kimberly Birrell,Anastasia Potapova,320728,325601,R128,3-6 6-3 7-6(5),completed,present,2025-03-18,2025-03-30,2025-03-19T14:50:45.917+00:00,False,2025-03-19T17:27:10.59+00:00,False,data/raw/wta/stats/_httpcache/2025/306a8a65562e09c2bcf8ccf1402727264137441891eecf31f4bccb951ca40fa3.json,f33db9740bc57ac6314096d9e7ae09655ca6146cc0b02a3b187cf611a554fbe9,1,137263.0,True,2025-03-19,stats,False,False
2025,902,LS109,Moyuka Uchijima,Suzan Lamens,327241,324898,R128,6-4 6-3,completed,present,2025-03-18,2025-03-30,2025-03-19T19:50:38.91+00:00,False,2025-03-19T21:44:11.317+00:00,False,data/raw/wta/stats/_httpcache/2025/306a8a65562e09c2bcf8ccf1402727264137441891eecf31f4bccb951ca40fa3.json,f33db9740bc57ac6314096d9e7ae09655ca6146cc0b02a3b187cf611a554fbe9,1,137274.0,True,2025-03-19,stats,False,False
2025,902,LS110,Bernarda Pera,Ajla Tomljanovic,317708,315232,R128,6-3 6-2,completed,present,2025-03-18,2025-03-30,2025-03-19T16:44:50.177+00:00,False,2025-03-19T18:14:18.593+00:00,False,data/raw/wta/stats/_httpcache/2025/306a8a65562e09c2bcf8ccf1402727264137441891eecf31f4bccb951ca40fa3.json,f33db9740bc57ac6314096d9e7ae09655ca6146cc0b02a3b187cf611a554fbe9,1,137268.0,True,2025-03-19,stats,False,False
2025,902,LS113,Elina Avanesyan,Erika Andreeva,327620,330151,R128,6-1 6-7(4) 6-4,completed,present,2025-03-18,2025-03-30,2025-03-19T17:12:37.093+00:00,False,2025-03-19T19:46:40.88+00:00,False,data/raw/wta/stats/_httpcache/2025/306a8a65562e09c2bcf8ccf1402727264137441891eecf31f4bccb951ca40fa3.json,f33db9740bc57ac6314096d9e7ae09655ca6146cc0b02a3b187cf611a554fbe9,1,137269.0,True,2025-03-19,stats,False,False
2025,902,LS114,Alexandra Eala,Katie Volynets,330332,327391,R128,6-3 7-6(3),completed,present,2025-03-18,2025-03-30,2025-03-19T18:17:12.81+00:00,False,2025-03-19T20:23:35.3+00:00,False,data/raw/wta/stats/_httpcache/2025/306a8a65562e09c2bcf8ccf1402727264137441891eecf31f4bccb951ca40fa3.json,f33db9740bc57ac6314096d9e7ae09655ca6146cc0b02a3b187cf611a554fbe9,1,137271.0,True,2025-03-19,stats,False,False
2025,902,LS117,Julia Grabher,Tyra Caterina Grant,320316,333121,R128,6-4 6-4,completed,present,2025-03-18,2025-03-30,2025-03-19T19:36:36.21+00:00,False,2025-03-19T21:36:17.017+00:00,False,data/raw/wta/stats/_httpcache/2025/306a8a65562e09c2bcf8ccf1402727264137441891eecf31f4bccb951ca40fa3.json,f33db9740bc57ac6314096d9e7ae09655ca6146cc0b02a3b187cf611a554fbe9,1,137273.0,True,2025-03-19,stats,False,False
2025,902,LS118,Victoria Mboko,Camila Osorio,331006,325898,R128,7-5 5-7 6-3,completed,present,2025-03-18,2025-03-30,2025-03-19T14:52:31.193+00:00,False,2025-03-19T17:40:02.363+00:00,False,data/raw/wta/stats/_httpcache/2025/306a8a65562e09c2bcf8ccf1402727264137441891eecf31f4bccb951ca40fa3.json,f33db9740bc57ac6314096d9e7ae09655ca6146cc0b02a3b187cf611a554fbe9,1,137264.0,True,2025-03-19,stats,False,False
2025,902,LS121,Victoria Azarenka,Anhelina Kalinina,312001,320567,R128,6-3 6-1,completed,present,2025-03-18,2025-03-30,2025-03-19T22:49:53.053+00:00,False,2025-03-20T00:12:28.45+00:00,False,data/raw/wta/stats/_httpcache/2025/306a8a65562e09c2bcf8ccf1402727264137441891eecf31f4bccb951ca40fa3.json,f33db9740bc57ac6314096d9e7ae09655ca6146cc0b02a3b187cf611a554fbe9,1,137276.0,True,2025-03-19,stats,False,False
2025,902,LS122,Belinda Bencic,Dayana Yastremska,319001,324261,R128,6-4 1-6 7-5,completed,present,2025-03-18,2025-03-30,2025-03-19T21:19:17.91+00:00,False,2025-03-20T00:14:12.31+00:00,False,data/raw/wta/stats/_httpcache/2025/306a8a65562e09c2bcf8ccf1402727264137441891eecf31f4bccb951ca40fa3.json,f33db9740bc57ac6314096d9e7ae09655ca6146cc0b02a3b187cf611a554fbe9,1,137275.0,True,2025-03-19,stats,False,False
2025,902,LS125,Peyton Stearns,Katie Boulter,327573,319125,R128,6-4 6-2,completed,present,2025-03-18,2025-03-30,2025-03-19T19:34:00.72+00:00,False,2025-03-19T21:16:01.013+00:00,False,data/raw/wta/stats/_httpcache/2025/306a8a65562e09c2bcf8ccf1402727264137441891eecf31f4bccb951ca40fa3.json,f33db9740bc57ac6314096d9e7ae09655ca6146cc0b02a3b187cf611a554fbe9,1,137272.0,True,2025-03-19,stats,False,False
2025,902,LS126,Caroline Garcia,Anna Bondar,315391,322942,R128,6-0 7-6(5),completed,present,2025-03-18,2025-03-30,2025-03-19T17:29:48.713+00:00,False,2025-03-19T19:32:27.77+00:00,False,data/raw/wta/stats/_httpcache/2025/306a8a65562e09c2bcf8ccf1402727264137441891eecf31f4bccb951ca40fa3.json,f33db9740bc57ac6314096d9e7ae09655ca6146cc0b02a3b187cf611a554fbe9,1,137270.0,True,2025-03-19,stats,False,False
2025,903,LS60690777,Yuliia Starodubtseva,Anastasia Potapova,325338,325601,R64,7-6(4) 6-2,completed,present,2025-05-25,2025-06-08,2025-05-28T12:20:00+00:00,True,,False,data/raw/wta/stats/_httpcache/2025/4738f9b3346b198434042c95df8ede97646cd2c29abfc1444b03ddd561c1e233.json,b5ec450627d82f0a1b26c57a4c9f448fa526dfbc8ca9ef0526fa2d896a4ec320,1,138260.0,False,2025-05-28,fresh,False,False
2025,903,LS60690779,Bernarda Pera,Donna Vekic,317708,318516,R64,6-2 4-6 7-6(3),completed,present,2025-05-25,2025-06-08,2025-05-28T12:25:00+00:00,True,,False,data/raw/wta/stats/_httpcache/2025/4738f9b3346b198434042c95df8ede97646cd2c29abfc1444b03ddd561c1e233.json,b5ec450627d82f0a1b26c57a4c9f448fa526dfbc8ca9ef0526fa2d896a4ec320,1,138259.0,False,2025-05-28,fresh,False,False
2025,903,LS60690781,Qinwen Zheng,Emiliana Arango,328120,324789,R64,6-2 6-3,completed,present,2025-05-25,2025-06-08,2025-05-28T09:00:00+00:00,True,,False,data/raw/wta/stats/_httpcache/2025/4738f9b3346b198434042c95df8ede97646cd2c29abfc1444b03ddd561c1e233.json,b5ec450627d82f0a1b26c57a4c9f448fa526dfbc8ca9ef0526fa2d896a4ec320,1,138254.0,False,2025-05-28,fresh,False,False
2025,903,LS60690783,Jasmine Paolini,Ajla Tomljanovic,319280,315232,R64,6-3 6-3,completed,present,2025-05-25,2025-06-08,2025-05-28T10:00:00+00:00,True,,False,data/raw/wta/stats/_httpcache/2025/4738f9b3346b198434042c95df8ede97646cd2c29abfc1444b03ddd561c1e233.json,b5ec450627d82f0a1b26c57a4c9f448fa526dfbc8ca9ef0526fa2d896a4ec320,1,138257.0,False,2025-05-28,fresh,False,False
2025,903,LS60690785,Jelena Ostapenko,Caroline Dolehide,319939,322052,R64,5-7 6-3 6-3,completed,present,2025-05-25,2025-06-08,2025-05-28T16:25:00+00:00,True,,False,data/raw/wta/stats/_httpcache/2025/4738f9b3346b198434042c95df8ede97646cd2c29abfc1444b03ddd561c1e233.json,b5ec450627d82f0a1b26c57a4c9f448fa526dfbc8ca9ef0526fa2d896a4ec320,1,138266.0,False,2025-05-28,fresh,False,False
2025,903,LS60690787,Jaqueline Cristian,Sara Bejlek,320319,330375,R64,1-6 6-3 6-3,completed,present,2025-05-25,2025-06-08,2025-05-28T16:00:00+00:00,True,,False,data/raw/wta/stats/_httpcache/2025/4738f9b3346b198434042c95df8ede97646cd2c29abfc1444b03ddd561c1e233.json,b5ec450627d82f0a1b26c57a4c9f448fa526dfbc8ca9ef0526fa2d896a4ec320,1,138264.0,False,2025-05-28,fresh,False,False
2025,903,LS60690789,Elina Svitolina,Anna Bondar,316738,322942,R64,7-6(4) 7-5,completed,present,2025-05-25,2025-06-08,2025-05-28T11:35:00+00:00,True,,False,data/raw/wta/stats/_httpcache/2025/4738f9b3346b198434042c95df8ede97646cd2c29abfc1444b03ddd561c1e233.json,b5ec450627d82f0a1b26c57a4c9f448fa526dfbc8ca9ef0526fa2d896a4ec320,1,138258.0,False,2025-05-28,fresh,False,False
2025,903,LS60690793,Elena Rybakina,Iva Jovic,324166,332285,R64,6-3 6-3,completed,present,2025-05-25,2025-06-08,2025-05-28T17:45:00+00:00,True,,False,data/raw/wta/stats/_httpcache/2025/4738f9b3346b198434042c95df8ede97646cd2c29abfc1444b03ddd561c1e233.json,b5ec450627d82f0a1b26c57a4c9f448fa526dfbc8ca9ef0526fa2d896a4ec320,1,138269.0,False,2025-05-28,fresh,False,False
2025,903,LS60690799,Yulia Putintseva,Joanna Garland,317683,326512,R64,7-6(5) 6-3,completed,present,2025-05-25,2025-06-08,2025-05-29T11:35:00+00:00,True,,False,data/raw/wta/stats/_httpcache/2025/4738f9b3346b198434042c95df8ede97646cd2c29abfc1444b03ddd561c1e233.json,b5ec450627d82f0a1b26c57a4c9f448fa526dfbc8ca9ef0526fa2d896a4ec320,1,138277.0,False,2025-05-29,fresh,False,False
2025,903,LS60690803,Daria Kasatkina,Leolia Jeanjean,322082,320313,R64,6-4 6-2,completed,present,2025-05-25,2025-06-08,2025-05-29T18:50:00+00:00,True,,False,data/raw/wta/stats/_httpcache/2025/4738f9b3346b198434042c95df8ede97646cd2c29abfc1444b03ddd561c1e233.json,b5ec450627d82f0a1b26c57a4c9f448fa526dfbc8ca9ef0526fa2d896a4ec320,1,138285.0,False,2025-05-29,fresh,False,False
2025,903,LS60690805,Iga Swiatek,Emma Raducanu,326408,328366,R64,6-1 6-2,completed,present,2025-05-25,2025-06-08,2025-05-28T14:25:00+00:00,True,,False,data/raw/wta/stats/_httpcache/2025/4738f9b3346b198434042c95df8ede97646cd2c29abfc1444b03ddd561c1e233.json,b5ec450627d82f0a1b26c57a4c9f448fa526dfbc8ca9ef0526fa2d896a4ec320,1,138262.0,False,2025-05-28,fresh,False,False
2025,903,LS60690807,Mirra Andreeva,Ashlyn Krueger,331809,329409,R64,6-3 6-4,completed,present,2025-05-25,2025-06-08,2025-05-29T09:00:00+00:00,True,,False,data/raw/wta/stats/_httpcache/2025/4738f9b3346b198434042c95df8ede97646cd2c29abfc1444b03ddd561c1e233.json,b5ec450627d82f0a1b26c57a4c9f448fa526dfbc8ca9ef0526fa2d896a4ec320,1,138270.0,False,2025-05-29,fresh,False,False
2025,903,LS60690809,Lois Boisson,Anhelina Kalinina,328884,320567,R64,6-1 6-2,completed,present,2025-05-25,2025-06-08,2025-05-29T15:20:00+00:00,True,,False,data/raw/wta/stats/_httpcache/2025/4738f9b3346b198434042c95df8ede97646cd2c29abfc1444b03ddd561c1e233.json,b5ec450627d82f0a1b26c57a4c9f448fa526dfbc8ca9ef0526fa2d896a4ec320,1,138282.0,False,2025-05-29,fresh,False,False
2025,903,LS60690811,Marketa Vondrousova,Magdalena Frech,323027,320277,R64,6-0 4-6 6-3,completed,present,2025-05-25,2025-06-08,2025-05-29T09:00:00+00:00,True,,False,data/raw/wta/stats/_httpcache/2025/4738f9b3346b198434042c95df8ede97646cd2c29abfc1444b03ddd561c1e233.json,b5ec450627d82f0a1b26c57a4c9f448fa526dfbc8ca9ef0526fa2d896a4ec320,1,138271.0,False,2025-05-29,fresh,False,False
2025,903,LS60690813,Paula Badosa,Elena-Gabriela Ruse,320124,320408,R64,3-6 6-4 6-4,completed,present,2025-05-25,2025-06-08,2025-05-29T14:15:00+00:00,True,,False,data/raw/wta/stats/_httpcache/2025/4738f9b3346b198434042c95df8ede97646cd2c29abfc1444b03ddd561c1e233.json,b5ec450627d82f0a1b26c57a4c9f448fa526dfbc8ca9ef0526fa2d896a4ec320,1,138280.0,False,2025-05-29,fresh,False,False
2025,903,LS60690815,Elsa Jacquemot,Alycia Parks,328142,326007,R64,6-2 6-7(4) 6-1,completed,present,2025-05-25,2025-06-08,2025-05-29T16:40:00+00:00,True,,False,data/raw/wta/stats/_httpcache/2025/4738f9b3346b198434042c95df8ede97646cd2c29abfc1444b03ddd561c1e233.json,b5ec450627d82f0a1b26c57a4c9f448fa526dfbc8ca9ef0526fa2d896a4ec320,1,138283.0,False,2025-05-29,fresh,False,False
2025,903,LS60690817,Iga Swiatek,Elina Svitolina,326408,316738,QF,6-1 7-5,completed,present,2025-05-25,2025-06-08,2025-06-03T11:30:00+00:00,False,,False,data/raw/wta/stats/_httpcache/2025/4738f9b3346b198434042c95df8ede97646cd2c29abfc1444b03ddd561c1e233.json,b5ec450627d82f0a1b26c57a4c9f448fa526dfbc8ca9ef0526fa2d896a4ec320,1,138374.0,False,2025-06-03,fresh,False,False
2025,903,LS60690819,Lois Boisson,Mirra Andreeva,328884,331809,QF,7-6(6) 6-3,completed,present,2025-05-25,2025-06-08,2025-06-04T11:35:00+00:00,False,,False,data/raw/wta/stats/_httpcache/2025/4738f9b3346b198434042c95df8ede97646cd2c29abfc1444b03ddd561c1e233.json,b5ec450627d82f0a1b26c57a4c9f448fa526dfbc8ca9ef0526fa2d896a4ec320,1,138393.0,False,2025-06-04,fresh,False,False
2025,903,LS60690821,Coco Gauff,Ekaterina Alexandrova,328560,319007,R16,6-0 7-5,completed,present,2025-05-25,2025-06-08,2025-06-02T09:00:00+00:00,True,,False,data/raw/wta/stats/_httpcache/2025/4738f9b3346b198434042c95df8ede97646cd2c29abfc1444b03ddd561c1e233.json,b5ec450627d82f0a1b26c57a4c9f448fa526dfbc8ca9ef0526fa2d896a4ec320,1,138339.0,False,2025-06-02,fresh,False,False
2025,903,LS60690823,Aryna Sabalenka,Qinwen Zheng,320760,328120,QF,7-6(3) 6-3,completed,present,2025-05-25,2025-06-08,2025-06-03T09:00:00+00:00,False,,False,data/raw/wta/stats/_httpcache/2025/4738f9b3346b198434042c95df8ede97646cd2c29abfc1444b03ddd561c1e233.json,b5ec450627d82f0a1b26c57a4c9f448fa526dfbc8ca9ef0526fa2d896a4ec320,1,138373.0,False,2025-06-03,fresh,False,False
2025,903,LS60690825,Coco Gauff,Lois Boisson,328560,328884,SF,6-1 6-2,completed,present,2025-05-25,2025-06-08,2025-06-05T15:45:00+00:00,False,,False,data/raw/wta/stats/_httpcache/2025/4738f9b3346b198434042c95df8ede97646cd2c29abfc1444b03ddd561c1e233.json,b5ec450627d82f0a1b26c57a4c9f448fa526dfbc8ca9ef0526fa2d896a4ec320,1,138406.0,False,2025-06-05,fresh,False,False
2025,903,LS60690827,Coco Gauff,Aryna Sabalenka,328560,320760,F,6-7(5) 6-2 6-4,completed,present,2025-05-25,2025-06-08,2025-06-07T13:20:00+00:00,False,,False,data/raw/wta/stats/_httpcache/2025/4738f9b3346b198434042c95df8ede97646cd2c29abfc1444b03ddd561c1e233.json,b5ec450627d82f0a1b26c57a4c9f448fa526dfbc8ca9ef0526fa2d896a4ec320,1,138426.0,False,2025-06-07,fresh,False,False
2025,903,LS60690829,Coco Gauff,Madison Keys,328560,316959,QF,6-7(6) 6-4 6-1,completed,present,2025-05-25,2025-06-08,2025-06-04T09:00:00+00:00,False,,False,data/raw/wta/stats/_httpcache/2025/4738f9b3346b198434042c95df8ede97646cd2c29abfc1444b03ddd561c1e233.json,b5ec450627d82f0a1b26c57a4c9f448fa526dfbc8ca9ef0526fa2d896a4ec320,1,138392.0,False,2025-06-04,fresh,False,False
2025,903,LS60690831,Aryna Sabalenka,Iga Swiatek,320760,326408,SF,7-6(1) 4-6 6-0,completed,present,2025-05-25,2025-06-08,2025-06-05T13:00:00+00:00,False,,False,data/raw/wta/stats/_httpcache/2025/4738f9b3346b198434042c95df8ede97646cd2c29abfc1444b03ddd561c1e233.json,b5ec450627d82f0a1b26c57a4c9f448fa526dfbc8ca9ef0526fa2d896a4ec320,1,138405.0,False,2025-06-05,fresh,False,False
2025,903,LS60690833,Olga Danilovic,Danielle Collins,324934,316925,R64,6-4 3-6 6-4,completed,present,2025-05-25,2025-06-08,2025-05-28T15:00:00+00:00,True,,False,data/raw/wta/stats/_httpcache/2025/4738f9b3346b198434042c95df8ede97646cd2c29abfc1444b03ddd561c1e233.json,b5ec450627d82f0a1b26c57a4c9f448fa526dfbc8ca9ef0526fa2d896a4ec320,1,138263.0,False,2025-05-28,fresh,False,False
2025,903,LS60690835,Clara Tauson,Arantxa Rus,327793,313349,R64,7-6(2) 7-5,completed,present,2025-05-25,2025-06-08,2025-05-28T13:35:00+00:00,True,,False,data/raw/wta/stats/_httpcache/2025/4738f9b3346b198434042c95df8ede97646cd2c29abfc1444b03ddd561c1e233.json,b5ec450627d82f0a1b26c57a4c9f448fa526dfbc8ca9ef0526fa2d896a4ec320,1,138261.0,False,2025-05-28,fresh,False,False
2025,903,LS60690837,Aryna Sabalenka,Jil Teichmann,320760,320926,R64,6-3 6-1,completed,present,2025-05-25,2025-06-08,2025-05-28T17:00:00+00:00,True,,False,data/raw/wta/stats/_httpcache/2025/4738f9b3346b198434042c95df8ede97646cd2c29abfc1444b03ddd561c1e233.json,b5ec450627d82f0a1b26c57a4c9f448fa526dfbc8ca9ef0526fa2d896a4ec320,1,138267.0,False,2025-05-28,fresh,False,False
2025,903,LS60690839,Liudmila Samsonova,Leyre Romero Gormaz,322222,326891,R64,6-3 6-3,completed,present,2025-05-25,2025-06-08,2025-05-28T16:05:00+00:00,True,,False,data/raw/wta/stats/_httpcache/2025/4738f9b3346b198434042c95df8ede97646cd2c29abfc1444b03ddd561c1e233.json,b5ec450627d82f0a1b26c57a4c9f448fa526dfbc8ca9ef0526fa2d896a4ec320,1,138265.0,False,2025-05-28,fresh,False,False
2025,903,LS60690841,Victoria Mboko,Eva Lys,331006,325826,R64,6-4 6-4,completed,present,2025-05-25,2025-06-08,2025-05-28T09:00:00+00:00,True,,False,data/raw/wta/stats/_httpcache/2025/4738f9b3346b198434042c95df8ede97646cd2c29abfc1444b03ddd561c1e233.json,b5ec450627d82f0a1b26c57a4c9f448fa526dfbc8ca9ef0526fa2d896a4ec320,1,138256.0,False,2025-05-28,fresh,False,False
2025,903,LS60690843,Amanda Anisimova,Viktorija Golubic,326384,316296,R64,6-0 6-2,completed,present,2025-05-25,2025-06-08,2025-05-28T09:00:00+00:00,True,,False,data/raw/wta/stats/_httpcache/2025/4738f9b3346b198434042c95df8ede97646cd2c29abfc1444b03ddd561c1e233.json,b5ec450627d82f0a1b26c57a4c9f448fa526dfbc8ca9ef0526fa2d896a4ec320,1,138255.0,False,2025-05-28,fresh,False,False
2025,903,LS60690845,Dayana Yastremska,Diana Shnaider,324261,330482,R64,7-5 7-5,completed,present,2025-05-25,2025-06-08,2025-05-28T17:00:00+00:00,True,,False,data/raw/wta/stats/_httpcache/2025/4738f9b3346b198434042c95df8ede97646cd2c29abfc1444b03ddd561c1e233.json,b5ec450627d82f0a1b26c57a4c9f448fa526dfbc8ca9ef0526fa2d896a4ec320,1,138268.0,False,2025-05-28,fresh,False,False
2025,903,LS60690847,Daria Kasatkina,Paula Badosa,322082,320124,R32,6-1 7-5,completed,present,2025-05-25,2025-06-08,2025-05-31T09:00:00+00:00,True,,False,data/raw/wta/stats/_httpcache/2025/4738f9b3346b198434042c95df8ede97646cd2c29abfc1444b03ddd561c1e233.json,b5ec450627d82f0a1b26c57a4c9f448fa526dfbc8ca9ef0526fa2d896a4ec320,1,138307.0,False,2025-05-31,fresh,False,False
2025,903,LS60690849,Lois Boisson,Elsa Jacquemot,328884,328142,R32,6-3 0-6 7-5,completed,present,2025-05-25,2025-06-08,2025-05-31T10:55:00+00:00,True,,False,data/raw/wta/stats/_httpcache/2025/4738f9b3346b198434042c95df8ede97646cd2c29abfc1444b03ddd561c1e233.json,b5ec450627d82f0a1b26c57a4c9f448fa526dfbc8ca9ef0526fa2d896a4ec320,1,138309.0,False,2025-05-31,fresh,False,False
2025,903,LS60690851,Iga Swiatek,Jaqueline Cristian,326408,320319,R32,6-2 7-5,completed,present,2025-05-25,2025-06-08,2025-05-30T12:45:00+00:00,True,,False,data/raw/wta/stats/_httpcache/2025/4738f9b3346b198434042c95df8ede97646cd2c29abfc1444b03ddd561c1e233.json,b5ec450627d82f0a1b26c57a4c9f448fa526dfbc8ca9ef0526fa2d896a4ec320,1,138290.0,False,2025-05-30,fresh,False,False
2025,903,LS60690853,Mirra Andreeva,Yulia Putintseva,331809,317683,R32,6-3 6-1,completed,present,2025-05-25,2025-06-08,2025-05-31T09:00:00+00:00,True,,False,data/raw/wta/stats/_httpcache/2025/4738f9b3346b198434042c95df8ede97646cd2c29abfc1444b03ddd561c1e233.json,b5ec450627d82f0a1b26c57a4c9f448fa526dfbc8ca9ef0526fa2d896a4ec320,1,138306.0,False,2025-05-31,fresh,False,False
2025,903,LS60690855,Hailey Baptiste,Jessica Bouzas Maneiro,327101,328139,R32,7-6(4) 6-1,completed,present,2025-05-25,2025-06-08,2025-05-31T14:20:00+00:00,True,,False,data/raw/wta/stats/_httpcache/2025/4738f9b3346b198434042c95df8ede97646cd2c29abfc1444b03ddd561c1e233.json,b5ec450627d82f0a1b26c57a4c9f448fa526dfbc8ca9ef0526fa2d896a4ec320,1,138311.0,False,2025-05-31,fresh,False,False
2025,903,LS60690857,Ekaterina Alexandrova,Veronika Kudermetova,319007,319526,R32,6-2 6-2,completed,present,2025-05-25,2025-06-08,2025-05-31T12:45:00+00:00,True,,False,data/raw/wta/stats/_httpcache/2025/4738f9b3346b198434042c95df8ede97646cd2c29abfc1444b03ddd561c1e233.json,b5ec450627d82f0a1b26c57a4c9f448fa526dfbc8ca9ef0526fa2d896a4ec320,1,138310.0,False,2025-05-31,fresh,False,False
2025,903,LS60690859,Jessica Pegula,Marketa Vondrousova,316956,323027,R32,3-6 6-4 6-2,completed,present,2025-05-25,2025-06-08,2025-05-31T10:00:00+00:00,True,,False,data/raw/wta/stats/_httpcache/2025/4738f9b3346b198434042c95df8ede97646cd2c29abfc1444b03ddd561c1e233.json,b5ec450627d82f0a1b26c57a4c9f448fa526dfbc8ca9ef0526fa2d896a4ec320,1,138308.0,False,2025-05-31,fresh,False,False
2025,903,LS60690861,Madison Keys,Sofia Kenin,316959,320942,R32,4-6 6-3 7-5,completed,present,2025-05-25,2025-06-08,2025-05-31T14:50:00+00:00,True,,False,data/raw/wta/stats/_httpcache/2025/4738f9b3346b198434042c95df8ede97646cd2c29abfc1444b03ddd561c1e233.json,b5ec450627d82f0a1b26c57a4c9f448fa526dfbc8ca9ef0526fa2d896a4ec320,1,138312.0,False,2025-05-31,fresh,False,False
2025,903,LS60690863,Qinwen Zheng,Liudmila Samsonova,328120,322222,R16,7-6(5) 1-6 6-3,completed,present,2025-05-25,2025-06-08,2025-06-01T11:15:00+00:00,True,,False,data/raw/wta/stats/_httpcache/2025/4738f9b3346b198434042c95df8ede97646cd2c29abfc1444b03ddd561c1e233.json,b5ec450627d82f0a1b26c57a4c9f448fa526dfbc8ca9ef0526fa2d896a4ec320,1,138321.0,False,2025-06-01,fresh,False,False
2025,903,LS60690865,Elina Svitolina,Jasmine Paolini,316738,319280,R16,4-6 7-6(6) 6-1,completed,present,2025-05-25,2025-06-08,2025-06-01T09:00:00+00:00,True,,False,data/raw/wta/stats/_httpcache/2025/4738f9b3346b198434042c95df8ede97646cd2c29abfc1444b03ddd561c1e233.json,b5ec450627d82f0a1b26c57a4c9f448fa526dfbc8ca9ef0526fa2d896a4ec320,1,138320.0,False,2025-06-01,fresh,False,False
2025,903,LS60690867,Coco Gauff,Marie Bouzkova,328560,320983,R32,6-1 7-6(3),completed,present,2025-05-25,2025-06-08,2025-05-31T15:10:00+00:00,True,,False,data/raw/wta/stats/_httpcache/2025/4738f9b3346b198434042c95df8ede97646cd2c29abfc1444b03ddd561c1e233.json,b5ec450627d82f0a1b26c57a4c9f448fa526dfbc8ca9ef0526fa2d896a4ec320,1,138313.0,False,2025-05-31,fresh,False,False
2025,903,LS60690869,Aryna Sabalenka,Amanda Anisimova,320760,326384,R16,7-5 6-3,completed,present,2025-05-25,2025-06-08,2025-06-01T14:25:00+00:00,True,,False,data/raw/wta/stats/_httpcache/2025/4738f9b3346b198434042c95df8ede97646cd2c29abfc1444b03ddd561c1e233.json,b5ec450627d82f0a1b26c57a4c9f448fa526dfbc8ca9ef0526fa2d896a4ec320,1,138323.0,False,2025-06-01,fresh,False,False
2025,903,LS60690871,Lois Boisson,Jessica Pegula,328884,316956,R16,3-6 6-4 6-4,completed,present,2025-05-25,2025-06-08,2025-06-02T10:50:00+00:00,True,,False,data/raw/wta/stats/_httpcache/2025/4738f9b3346b198434042c95df8ede97646cd2c29abfc1444b03ddd561c1e233.json,b5ec450627d82f0a1b26c57a4c9f448fa526dfbc8ca9ef0526fa2d896a4ec320,1,138341.0,False,2025-06-02,fresh,False,False
2025,903,LS60690873,Madison Keys,Hailey Baptiste,316959,327101,R16,6-3 7-5,completed,present,2025-05-25,2025-06-08,2025-06-02T12:45:00+00:00,True,,False,data/raw/wta/stats/_httpcache/2025/4738f9b3346b198434042c95df8ede97646cd2c29abfc1444b03ddd561c1e233.json,b5ec450627d82f0a1b26c57a4c9f448fa526dfbc8ca9ef0526fa2d896a4ec320,1,138342.0,False,2025-06-02,fresh,False,False
2025,903,LS60690875,Iga Swiatek,Elena Rybakina,326408,324166,R16,1-6 6-3 7-5,completed,present,2025-05-25,2025-06-08,2025-06-01T11:55:00+00:00,True,,False,data/raw/wta/stats/_httpcache/2025/4738f9b3346b198434042c95df8ede97646cd2c29abfc1444b03ddd561c1e233.json,b5ec450627d82f0a1b26c57a4c9f448fa526dfbc8ca9ef0526fa2d896a4ec320,1,138322.0,False,2025-06-01,fresh,False,False
2025,903,LS60690877,Mirra Andreeva,Daria Kasatkina,331809,322082,R16,6-3 7-5,completed,present,2025-05-25,2025-06-08,2025-06-02T09:00:00+00:00,True,,False,data/raw/wta/stats/_httpcache/2025/4738f9b3346b198434042c95df8ede97646cd2c29abfc1444b03ddd561c1e233.json,b5ec450627d82f0a1b26c57a4c9f448fa526dfbc8ca9ef0526fa2d896a4ec320,1,138340.0,False,2025-06-02,fresh,False,False
2025,903,LS60690879,Sofia Kenin,Victoria Azarenka,320942,312001,R64,7-6(5) 6-4,completed,present,2025-05-25,2025-06-08,2025-05-29T17:00:00+00:00,True,,False,data/raw/wta/stats/_httpcache/2025/4738f9b3346b198434042c95df8ede97646cd2c29abfc1444b03ddd561c1e233.json,b5ec450627d82f0a1b26c57a4c9f448fa526dfbc8ca9ef0526fa2d896a4ec320,1,138284.0,False,2025-05-29,fresh,False,False
2025,903,LS60690881,Hailey Baptiste,Nao Hibino,327101,320238,R64,6-3 6-2,completed,present,2025-05-25,2025-06-08,2025-05-29T10:15:00+00:00,True,,False,data/raw/wta/stats/_httpcache/2025/4738f9b3346b198434042c95df8ede97646cd2c29abfc1444b03ddd561c1e233.json,b5ec450627d82f0a1b26c57a4c9f448fa526dfbc8ca9ef0526fa2d896a4ec320,1,138274.0,False,2025-05-29,fresh,False,False
2025,903,LS60690883,Jessica Pegula,Ann Li,316956,326096,R64,6-3 7-6(3),completed,present,2025-05-25,2025-06-08,2025-05-29T10:00:00+00:00,True,,False,data/raw/wta/stats/_httpcache/2025/4738f9b3346b198434042c95df8ede97646cd2c29abfc1444b03ddd561c1e233.json,b5ec450627d82f0a1b26c57a4c9f448fa526dfbc8ca9ef0526fa2d896a4ec320,1,138273.0,False,2025-05-29,fresh,False,False
2025,903,LS60690885,Madison Keys,Katie Boulter,316959,319125,R64,6-1 6-3,completed,present,2025-05-25,2025-06-08,2025-05-29T14:55:00+00:00,True,,False,data/raw/wta/stats/_httpcache/2025/4738f9b3346b198434042c95df8ede97646cd2c29abfc1444b03ddd561c1e233.json,b5ec450627d82f0a1b26c57a4c9f448fa526dfbc8ca9ef0526fa2d896a4ec320,1,138281.0,False,2025-05-29,fresh,False,False
2025,903,LS60690887,Ekaterina Alexandrova,Elisabetta Cocciaretto,319007,327909,R64,6-1 6-3,completed,present,2025-05-25,2025-06-08,2025-05-29T11:25:00+00:00,True,,False,data/raw/wta/stats/_httpcache/2025/4738f9b3346b198434042c95df8ede97646cd2c29abfc1444b03ddd561c1e233.json,b5ec450627d82f0a1b26c57a4c9f448fa526dfbc8ca9ef0526fa2d896a4ec320,1,138275.0,False,2025-05-29,fresh,False,False
2025,903,LS60690889,Marie Bouzkova,Sonay Kartal,320983,329918,R64,6-1 6-4,completed,present,2025-05-25,2025-06-08,2025-05-29T09:00:00+00:00,True,,False,data/raw/wta/stats/_httpcache/2025/4738f9b3346b198434042c95df8ede97646cd2c29abfc1444b03ddd561c1e233.json,b5ec450627d82f0a1b26c57a4c9f448fa526dfbc8ca9ef0526fa2d896a4ec320,1,138272.0,False,2025-05-29,fresh,False,False
2025,903,LS60690891,Jessica Bouzas Maneiro,Robin Montgomery,328139,329408,R64,6-4 4-6 7-5,completed,present,2025-05-25,2025-06-08,2025-05-29T11:30:00+00:00,True,,False,data/raw/wta/stats/_httpcache/2025/4738f9b3346b198434042c95df8ede97646cd2c29abfc1444b03ddd561c1e233.json,b5ec450627d82f0a1b26c57a4c9f448fa526dfbc8ca9ef0526fa2d896a4ec320,1,138276.0,False,2025-05-29,fresh,False,False
2025,903,LS60690893,Veronika Kudermetova,Barbora Krejcikova,319526,318314,R64,6-0 6-3,completed,present,2025-05-25,2025-06-08,2025-05-29T12:10:00+00:00,True,,False,data/raw/wta/stats/_httpcache/2025/4738f9b3346b198434042c95df8ede97646cd2c29abfc1444b03ddd561c1e233.json,b5ec450627d82f0a1b26c57a4c9f448fa526dfbc8ca9ef0526fa2d896a4ec320,1,138278.0,False,2025-05-29,fresh,False,False
2025,903,LS60690895,Amanda Anisimova,Clara Tauson,326384,327793,R32,7-6(4) 6-4,completed,present,2025-05-25,2025-06-08,2025-05-30T09:00:00+00:00,True,,False,data/raw/wta/stats/_httpcache/2025/4738f9b3346b198434042c95df8ede97646cd2c29abfc1444b03ddd561c1e233.json,b5ec450627d82f0a1b26c57a4c9f448fa526dfbc8ca9ef0526fa2d896a4ec320,1,138287.0,False,2025-05-30,fresh,False,False
2025,903,LS60690897,Liudmila Samsonova,Dayana Yastremska,322222,324261,R32,6-2 6-3,completed,present,2025-05-25,2025-06-08,2025-05-30T10:30:00+00:00,True,,False,data/raw/wta/stats/_httpcache/2025/4738f9b3346b198434042c95df8ede97646cd2c29abfc1444b03ddd561c1e233.json,b5ec450627d82f0a1b26c57a4c9f448fa526dfbc8ca9ef0526fa2d896a4ec320,1,138289.0,False,2025-05-30,fresh,False,False
2025,903,LS60690899,Coco Gauff,Tereza Valentova,328560,330808,R64,6-2 6-4,completed,present,2025-05-25,2025-06-08,2025-05-29T13:50:00+00:00,True,,False,data/raw/wta/stats/_httpcache/2025/4738f9b3346b198434042c95df8ede97646cd2c29abfc1444b03ddd561c1e233.json,b5ec450627d82f0a1b26c57a4c9f448fa526dfbc8ca9ef0526fa2d896a4ec320,1,138279.0,False,2025-05-29,fresh,False,False
2025,903,LS60690901,Aryna Sabalenka,Olga Danilovic,320760,324934,R32,6-2 6-3,completed,present,2025-05-25,2025-06-08,2025-05-30T10:00:00+00:00,True,,False,data/raw/wta/stats/_httpcache/2025/4738f9b3346b198434042c95df8ede97646cd2c29abfc1444b03ddd561c1e233.json,b5ec450627d82f0a1b26c57a4c9f448fa526dfbc8ca9ef0526fa2d896a4ec320,1,138288.0,False,2025-05-30,fresh,False,False
2025,903,LS60690903,Elina Svitolina,Bernarda Pera,316738,317708,R32,7-6(4) 7-6(5),completed,present,2025-05-25,2025-06-08,2025-05-30T18:00:00+00:00,True,,False,data/raw/wta/stats/_httpcache/2025/4738f9b3346b198434042c95df8ede97646cd2c29abfc1444b03ddd561c1e233.json,b5ec450627d82f0a1b26c57a4c9f448fa526dfbc8ca9ef0526fa2d896a4ec320,1,138293.0,False,2025-05-30,fresh,False,False
2025,903,LS60690905,Elena Rybakina,Jelena Ostapenko,324166,319939,R32,6-2 6-2,completed,present,2025-05-25,2025-06-08,2025-05-30T15:15:00+00:00,True,,False,data/raw/wta/stats/_httpcache/2025/4738f9b3346b198434042c95df8ede97646cd2c29abfc1444b03ddd561c1e233.json,b5ec450627d82f0a1b26c57a4c9f448fa526dfbc8ca9ef0526fa2d896a4ec320,1,138291.0,False,2025-05-30,fresh,False,False
2025,903,LS60690907,Qinwen Zheng,Victoria Mboko,328120,331006,R32,6-3 6-4,completed,present,2025-05-25,2025-06-08,2025-05-30T09:00:00+00:00,True,,False,data/raw/wta/stats/_httpcache/2025/4738f9b3346b198434042c95df8ede97646cd2c29abfc1444b03ddd561c1e233.json,b5ec450627d82f0a1b26c57a4c9f448fa526dfbc8ca9ef0526fa2d896a4ec320,1,138286.0,False,2025-05-30,fresh,False,False
2025,903,LS60690909,Jasmine Paolini,Yuliia Starodubtseva,319280,325338,R32,6-4 6-1,completed,present,2025-05-25,2025-06-08,2025-05-30T15:30:00+00:00,True,,False,data/raw/wta/stats/_httpcache/2025/4738f9b3346b198434042c95df8ede97646cd2c29abfc1444b03ddd561c1e233.json,b5ec450627d82f0a1b26c57a4c9f448fa526dfbc8ca9ef0526fa2d896a4ec320,1,138292.0,False,2025-05-30,fresh,False,False
2025,903,LS60736147,Coco Gauff,Olivia Gadecki,328560,326653,R128,6-2 6-2,completed,present,2025-05-25,2025-06-08,2025-05-27T11:40:00+00:00,True,,False,data/raw/wta/stats/_httpcache/2025/4738f9b3346b198434042c95df8ede97646cd2c29abfc1444b03ddd561c1e233.json,b5ec450627d82f0a1b26c57a4c9f448fa526dfbc8ca9ef0526fa2d896a4ec320,1,138241.0,False,2025-05-27,fresh,False,False
2025,903,LS60736149,Sonay Kartal,Erika Andreeva,329918,330151,R128,6-0 6-2,completed,present,2025-05-25,2025-06-08,2025-05-27T13:45:00+00:00,True,,False,data/raw/wta/stats/_httpcache/2025/4738f9b3346b198434042c95df8ede97646cd2c29abfc1444b03ddd561c1e233.json,b5ec450627d82f0a1b26c57a4c9f448fa526dfbc8ca9ef0526fa2d896a4ec320,1,138247.0,False,2025-05-27,fresh,False,False
2025,903,LS60736151,Marie Bouzkova,Anna Kalinskaya,320983,323942,R128,6-4 7-5,completed,present,2025-05-25,2025-06-08,2025-05-27T17:50:00+00:00,True,,False,data/raw/wta/stats/_httpcache/2025/4738f9b3346b198434042c95df8ede97646cd2c29abfc1444b03ddd561c1e233.json,b5ec450627d82f0a1b26c57a4c9f448fa526dfbc8ca9ef0526fa2d896a4ec320,1,138252.0,False,2025-05-27,fresh,False,False
2025,903,LS60736153,Ekaterina Alexandrova,Lucia Bronzetti,319007,322280,R128,6-3 6-2,completed,present,2025-05-25,2025-06-08,2025-05-26T16:30:00+00:00,True,,False,data/raw/wta/stats/_httpcache/2025/4738f9b3346b198434042c95df8ede97646cd2c29abfc1444b03ddd561c1e233.json,b5ec450627d82f0a1b26c57a4c9f448fa526dfbc8ca9ef0526fa2d896a4ec320,1,138227.0,False,2025-05-26,fresh,False,False
2025,903,LS60736155,Veronika Kudermetova,Viktoriya Tomova,319526,317584,R128,7-5 6-1,completed,present,2025-05-25,2025-06-08,2025-05-26T09:00:00+00:00,True,,False,data/raw/wta/stats/_httpcache/2025/4738f9b3346b198434042c95df8ede97646cd2c29abfc1444b03ddd561c1e233.json,b5ec450627d82f0a1b26c57a4c9f448fa526dfbc8ca9ef0526fa2d896a4ec320,1,138211.0,False,2025-05-26,fresh,False,False
2025,903,LS60736157,Barbora Krejcikova,Tatjana Maria,318314,310440,R128,7-6(4) 6-3,completed,present,2025-05-25,2025-06-08,2025-05-26T15:55:00+00:00,True,,False,data/raw/wta/stats/_httpcache/2025/4738f9b3346b198434042c95df8ede97646cd2c29abfc1444b03ddd561c1e233.json,b5ec450627d82f0a1b26c57a4c9f448fa526dfbc8ca9ef0526fa2d896a4ec320,1,138226.0,False,2025-05-26,fresh,False,False
2025,903,LS60736159,Jessica Bouzas Maneiro,Emma Navarro,328139,325410,R128,6-0 6-1,completed,present,2025-05-25,2025-06-08,2025-05-26T09:00:00+00:00,True,,False,data/raw/wta/stats/_httpcache/2025/4738f9b3346b198434042c95df8ede97646cd2c29abfc1444b03ddd561c1e233.json,b5ec450627d82f0a1b26c57a4c9f448fa526dfbc8ca9ef0526fa2d896a4ec320,1,138209.0,False,2025-05-26,fresh,False,False
2025,903,LS60736161,Robin Montgomery,Diane Parry,329408,327077,R128,6-2 6-1,completed,present,2025-05-25,2025-06-08,2025-05-26T11:10:00+00:00,True,,False,data/raw/wta/stats/_httpcache/2025/4738f9b3346b198434042c95df8ede97646cd2c29abfc1444b03ddd561c1e233.json,b5ec450627d82f0a1b26c57a4c9f448fa526dfbc8ca9ef0526fa2d896a4ec320,1,138216.0,False,2025-05-26,fresh,False,False
2025,903,LS60736163,Hailey Baptiste,Beatriz Haddad Maia,327101,318176,R128,4-6 6-3 6-1,completed,present,2025-05-25,2025-06-08,2025-05-27T09:00:00+00:00,True,,False,data/raw/wta/stats/_httpcache/2025/4738f9b3346b198434042c95df8ede97646cd2c29abfc1444b03ddd561c1e233.json,b5ec450627d82f0a1b26c57a4c9f448fa526dfbc8ca9ef0526fa2d896a4ec320,1,138235.0,False,2025-05-27,fresh,False,False
2025,903,LS60736165,Sofia Kenin,Varvara Gracheva,320942,325836,R128,6-3 6-1,completed,present,2025-05-25,2025-06-08,2025-05-27T10:00:00+00:00,True,,False,data/raw/wta/stats/_httpcache/2025/4738f9b3346b198434042c95df8ede97646cd2c29abfc1444b03ddd561c1e233.json,b5ec450627d82f0a1b26c57a4c9f448fa526dfbc8ca9ef0526fa2d896a4ec320,1,138239.0,False,2025-05-27,fresh,False,False
2025,903,LS60736167,Victoria Azarenka,Yanina Wickmayer,312001,312536,R128,6-0 6-0,completed,present,2025-05-25,2025-06-08,2025-05-27T09:00:00+00:00,True,,False,data/raw/wta/stats/_httpcache/2025/4738f9b3346b198434042c95df8ede97646cd2c29abfc1444b03ddd561c1e233.json,b5ec450627d82f0a1b26c57a4c9f448fa526dfbc8ca9ef0526fa2d896a4ec320,1,138238.0,False,2025-05-27,fresh,False,False
2025,903,LS60736169,Jessica Pegula,Anca Alexia Todoni,316956,330442,R128,6-2 6-4,completed,present,2025-05-25,2025-06-08,2025-05-27T13:10:00+00:00,True,,False,data/raw/wta/stats/_httpcache/2025/4738f9b3346b198434042c95df8ede97646cd2c29abfc1444b03ddd561c1e233.json,b5ec450627d82f0a1b26c57a4c9f448fa526dfbc8ca9ef0526fa2d896a4ec320,1,138245.0,False,2025-05-27,fresh,False,False
2025,903,LS60736171,Magdalena Frech,Ons Jabeur,320277,316847,R128,7-6(4) 6-0,completed,present,2025-05-25,2025-06-08,2025-05-27T13:20:00+00:00,True,,False,data/raw/wta/stats/_httpcache/2025/4738f9b3346b198434042c95df8ede97646cd2c29abfc1444b03ddd561c1e233.json,b5ec450627d82f0a1b26c57a4c9f448fa526dfbc8ca9ef0526fa2d896a4ec320,1,138246.0,False,2025-05-27,fresh,False,False
2025,903,LS60736173,Lois Boisson,Elise Mertens,328884,317964,R128,6-4 4-6 6-3,completed,present,2025-05-25,2025-06-08,2025-05-27T15:30:00+00:00,True,,False,data/raw/wta/stats/_httpcache/2025/4738f9b3346b198434042c95df8ede97646cd2c29abfc1444b03ddd561c1e233.json,b5ec450627d82f0a1b26c57a4c9f448fa526dfbc8ca9ef0526fa2d896a4ec320,1,138248.0,False,2025-05-27,fresh,False,False
2025,903,LS60736175,Anhelina Kalinina,Elina Avanesyan,320567,327620,R128,6-1 6-2,completed,present,2025-05-25,2025-06-08,2025-05-27T11:35:00+00:00,True,,False,data/raw/wta/stats/_httpcache/2025/4738f9b3346b198434042c95df8ede97646cd2c29abfc1444b03ddd561c1e233.json,b5ec450627d82f0a1b26c57a4c9f448fa526dfbc8ca9ef0526fa2d896a4ec320,1,138240.0,False,2025-05-27,fresh,False,False
2025,903,LS60736177,Elsa Jacquemot,Maria Sakkari,328142,318312,R128,6-3 7-6(4),completed,present,2025-05-25,2025-06-08,2025-05-27T12:50:00+00:00,True,,False,data/raw/wta/stats/_httpcache/2025/4738f9b3346b198434042c95df8ede97646cd2c29abfc1444b03ddd561c1e233.json,b5ec450627d82f0a1b26c57a4c9f448fa526dfbc8ca9ef0526fa2d896a4ec320,1,138244.0,False,2025-05-27,fresh,False,False
2025,903,LS60736179,Alycia Parks,Karolina Muchova,326007,322191,R128,6-3 2-6 6-1,completed,present,2025-05-25,2025-06-08,2025-05-27T19:10:00+00:00,True,,False,data/raw/wta/stats/_httpcache/2025/4738f9b3346b198434042c95df8ede97646cd2c29abfc1444b03ddd561c1e233.json,b5ec450627d82f0a1b26c57a4c9f448fa526dfbc8ca9ef0526fa2d896a4ec320,1,138253.0,False,2025-05-27,fresh,False,False
2025,903,LS60736181,Paula Badosa,Naomi Osaka,320124,319998,R128,6-7(1) 6-1 6-4,completed,present,2025-05-25,2025-06-08,2025-05-26T11:55:00+00:00,True,,False,data/raw/wta/stats/_httpcache/2025/4738f9b3346b198434042c95df8ede97646cd2c29abfc1444b03ddd561c1e233.json,b5ec450627d82f0a1b26c57a4c9f448fa526dfbc8ca9ef0526fa2d896a4ec320,1,138218.0,False,2025-05-26,fresh,False,False
2025,903,LS60736183,Elena-Gabriela Ruse,McCartney Kessler,320408,326678,R128,7-5 7-6(3),completed,present,2025-05-25,2025-06-08,2025-05-26T15:20:00+00:00,True,,False,data/raw/wta/stats/_httpcache/2025/4738f9b3346b198434042c95df8ede97646cd2c29abfc1444b03ddd561c1e233.json,b5ec450627d82f0a1b26c57a4c9f448fa526dfbc8ca9ef0526fa2d896a4ec320,1,138224.0,False,2025-05-26,fresh,False,False
2025,903,LS60736185,Leolia Jeanjean,Irina-Camelia Begu,320313,313169,R128,,incomplete-or-invalid-score,score-conflict,2025-05-25,2025-06-08,2025-05-26T17:45:00+00:00,True,,False,data/raw/wta/stats/_httpcache/2025/4738f9b3346b198434042c95df8ede97646cd2c29abfc1444b03ddd561c1e233.json,b5ec450627d82f0a1b26c57a4c9f448fa526dfbc8ca9ef0526fa2d896a4ec320,1,138231.0,False,2025-05-26,fresh,False,False
2025,903,LS60736187,Daria Kasatkina,Katerina Siniakova,322082,320301,R128,6-1 3-6 6-2,completed,present,2025-05-25,2025-06-08,2025-05-26T14:40:00+00:00,True,,False,data/raw/wta/stats/_httpcache/2025/4738f9b3346b198434042c95df8ede97646cd2c29abfc1444b03ddd561c1e233.json,b5ec450627d82f0a1b26c57a4c9f448fa526dfbc8ca9ef0526fa2d896a4ec320,1,138222.0,False,2025-05-26,fresh,False,False
2025,903,LS60736189,Ashlyn Krueger,Suzan Lamens,329409,324898,R128,6-3 6-4,completed,present,2025-05-25,2025-06-08,2025-05-27T12:15:00+00:00,True,,False,data/raw/wta/stats/_httpcache/2025/4738f9b3346b198434042c95df8ede97646cd2c29abfc1444b03ddd561c1e233.json,b5ec450627d82f0a1b26c57a4c9f448fa526dfbc8ca9ef0526fa2d896a4ec320,1,138243.0,False,2025-05-27,fresh,False,False
2025,903,LS60736191,Mirra Andreeva,Cristina Bucsa,331809,321158,R128,6-4 6-3,completed,present,2025-05-25,2025-06-08,2025-05-27T09:00:00+00:00,True,,False,data/raw/wta/stats/_httpcache/2025/4738f9b3346b198434042c95df8ede97646cd2c29abfc1444b03ddd561c1e233.json,b5ec450627d82f0a1b26c57a4c9f448fa526dfbc8ca9ef0526fa2d896a4ec320,1,138234.0,False,2025-05-27,fresh,False,False
2025,903,LS60736193,Iga Swiatek,Rebecca Sramkova,326408,320228,R128,6-3 6-3,completed,present,2025-05-25,2025-06-08,2025-05-26T10:00:00+00:00,True,,False,data/raw/wta/stats/_httpcache/2025/4738f9b3346b198434042c95df8ede97646cd2c29abfc1444b03ddd561c1e233.json,b5ec450627d82f0a1b26c57a4c9f448fa526dfbc8ca9ef0526fa2d896a4ec320,1,138214.0,False,2025-05-26,fresh,False,False
2025,903,LS60736195,Emma Raducanu,Xinyu Wang,328366,326376,R128,7-5 4-6 6-3,completed,present,2025-05-25,2025-06-08,2025-05-26T09:00:00+00:00,True,,False,data/raw/wta/stats/_httpcache/2025/4738f9b3346b198434042c95df8ede97646cd2c29abfc1444b03ddd561c1e233.json,b5ec450627d82f0a1b26c57a4c9f448fa526dfbc8ca9ef0526fa2d896a4ec320,1,138212.0,False,2025-05-26,fresh,False,False
2025,903,LS60736197,Jaqueline Cristian,Kimberly Birrell,320319,320728,R128,6-1 6-0,completed,present,2025-05-25,2025-06-08,2025-05-26T11:35:00+00:00,True,,False,data/raw/wta/stats/_httpcache/2025/4738f9b3346b198434042c95df8ede97646cd2c29abfc1444b03ddd561c1e233.json,b5ec450627d82f0a1b26c57a4c9f448fa526dfbc8ca9ef0526fa2d896a4ec320,1,138217.0,False,2025-05-26,fresh,False,False
2025,903,LS60736199,Jelena Ostapenko,Polina Kudermetova,319939,328897,R128,5-7 6-0 6-2,completed,present,2025-05-25,2025-06-08,2025-05-26T15:40:00+00:00,True,,False,data/raw/wta/stats/_httpcache/2025/4738f9b3346b198434042c95df8ede97646cd2c29abfc1444b03ddd561c1e233.json,b5ec450627d82f0a1b26c57a4c9f448fa526dfbc8ca9ef0526fa2d896a4ec320,1,138225.0,False,2025-05-26,fresh,False,False
2025,903,LS60736201,Caroline Dolehide,Greet Minnen,322052,321454,R128,3-6 6-3 6-4,completed,present,2025-05-25,2025-06-08,2025-05-26T18:00:00+00:00,True,,False,data/raw/wta/stats/_httpcache/2025/4738f9b3346b198434042c95df8ede97646cd2c29abfc1444b03ddd561c1e233.json,b5ec450627d82f0a1b26c57a4c9f448fa526dfbc8ca9ef0526fa2d896a4ec320,1,138232.0,False,2025-05-26,fresh,False,False
2025,903,LS60736203,Iva Jovic,Renata Zarazua,332285,320716,R128,6-3 5-7 6-4,completed,present,2025-05-25,2025-06-08,2025-05-25T16:10:00+00:00,True,,False,data/raw/wta/stats/_httpcache/2025/4738f9b3346b198434042c95df8ede97646cd2c29abfc1444b03ddd561c1e233.json,b5ec450627d82f0a1b26c57a4c9f448fa526dfbc8ca9ef0526fa2d896a4ec320,1,138204.0,False,2025-05-25,fresh,False,False
2025,903,LS60736207,Elina Svitolina,Zeynep Sonmez,316738,326907,R128,6-1 6-1,completed,present,2025-05-25,2025-06-08,2025-05-25T09:00:00+00:00,True,,False,data/raw/wta/stats/_httpcache/2025/4738f9b3346b198434042c95df8ede97646cd2c29abfc1444b03ddd561c1e233.json,b5ec450627d82f0a1b26c57a4c9f448fa526dfbc8ca9ef0526fa2d896a4ec320,1,138191.0,False,2025-05-25,fresh,False,False
2025,903,LS60736209,Anna Bondar,Laura Siegemund,322942,310926,R128,7-6(2) 6-3,completed,present,2025-05-25,2025-06-08,2025-05-25T09:00:00+00:00,True,,False,data/raw/wta/stats/_httpcache/2025/4738f9b3346b198434042c95df8ede97646cd2c29abfc1444b03ddd561c1e233.json,b5ec450627d82f0a1b26c57a4c9f448fa526dfbc8ca9ef0526fa2d896a4ec320,1,138193.0,False,2025-05-25,fresh,False,False
2025,903,LS60736211,Bernarda Pera,Caroline Garcia,317708,315391,R128,6-4 6-4,completed,present,2025-05-25,2025-06-08,2025-05-26T12:55:00+00:00,True,,False,data/raw/wta/stats/_httpcache/2025/4738f9b3346b198434042c95df8ede97646cd2c29abfc1444b03ddd561c1e233.json,b5ec450627d82f0a1b26c57a4c9f448fa526dfbc8ca9ef0526fa2d896a4ec320,1,138220.0,False,2025-05-26,fresh,False,False
2025,903,LS60736213,Donna Vekic,Anna Blinkova,318516,324267,R128,7-5 6-7(4) 6-1,completed,present,2025-05-25,2025-06-08,2025-05-25T15:30:00+00:00,True,,False,data/raw/wta/stats/_httpcache/2025/4738f9b3346b198434042c95df8ede97646cd2c29abfc1444b03ddd561c1e233.json,b5ec450627d82f0a1b26c57a4c9f448fa526dfbc8ca9ef0526fa2d896a4ec320,1,138202.0,False,2025-05-25,fresh,False,False
2025,903,LS60736215,Anastasia Potapova,Linda Noskova,325601,329668,R128,5-7 6-1 7-5,completed,present,2025-05-25,2025-06-08,2025-05-25T17:30:00+00:00,True,,False,data/raw/wta/stats/_httpcache/2025/4738f9b3346b198434042c95df8ede97646cd2c29abfc1444b03ddd561c1e233.json,b5ec450627d82f0a1b26c57a4c9f448fa526dfbc8ca9ef0526fa2d896a4ec320,1,138207.0,False,2025-05-25,fresh,False,False
2025,903,LS60736217,Ajla Tomljanovic,Maya Joint,315232,330544,R128,6-1 6-3,completed,present,2025-05-25,2025-06-08,2025-05-26T13:00:00+00:00,True,,False,data/raw/wta/stats/_httpcache/2025/4738f9b3346b198434042c95df8ede97646cd2c29abfc1444b03ddd561c1e233.json,b5ec450627d82f0a1b26c57a4c9f448fa526dfbc8ca9ef0526fa2d896a4ec320,1,138221.0,False,2025-05-26,fresh,False,False
2025,903,LS60736219,Jasmine Paolini,Yue Yuan,319280,324325,R128,6-1 4-6 6-3,completed,present,2025-05-25,2025-06-08,2025-05-25T17:10:00+00:00,True,,False,data/raw/wta/stats/_httpcache/2025/4738f9b3346b198434042c95df8ede97646cd2c29abfc1444b03ddd561c1e233.json,b5ec450627d82f0a1b26c57a4c9f448fa526dfbc8ca9ef0526fa2d896a4ec320,1,138206.0,False,2025-05-25,fresh,False,False
2025,903,LS60736221,Qinwen Zheng,Anastasia Pavlyuchenkova,328120,313796,R128,6-4 6-3,completed,present,2025-05-25,2025-06-08,2025-05-25T11:30:00+00:00,True,,False,data/raw/wta/stats/_httpcache/2025/4738f9b3346b198434042c95df8ede97646cd2c29abfc1444b03ddd561c1e233.json,b5ec450627d82f0a1b26c57a4c9f448fa526dfbc8ca9ef0526fa2d896a4ec320,1,138198.0,False,2025-05-25,fresh,False,False
2025,903,LS60736223,Emiliana Arango,Alexandra Eala,324789,330332,R128,6-0 2-6 6-3,completed,present,2025-05-25,2025-06-08,2025-05-25T10:45:00+00:00,True,,False,data/raw/wta/stats/_httpcache/2025/4738f9b3346b198434042c95df8ede97646cd2c29abfc1444b03ddd561c1e233.json,b5ec450627d82f0a1b26c57a4c9f448fa526dfbc8ca9ef0526fa2d896a4ec320,1,138196.0,False,2025-05-25,fresh,False,False
2025,903,LS60736225,Eva Lys,Peyton Stearns,325826,327573,R128,6-0 6-3,completed,present,2025-05-25,2025-06-08,2025-05-25T09:00:00+00:00,True,,False,data/raw/wta/stats/_httpcache/2025/4738f9b3346b198434042c95df8ede97646cd2c29abfc1444b03ddd561c1e233.json,b5ec450627d82f0a1b26c57a4c9f448fa526dfbc8ca9ef0526fa2d896a4ec320,1,138194.0,False,2025-05-25,fresh,False,False
2025,903,LS60736227,Liudmila Samsonova,Mayar Sherif Ahmed Abdelaziz,322222,318711,R128,7-6(3) 6-2,completed,present,2025-05-25,2025-06-08,2025-05-26T10:55:00+00:00,True,,False,data/raw/wta/stats/_httpcache/2025/4738f9b3346b198434042c95df8ede97646cd2c29abfc1444b03ddd561c1e233.json,b5ec450627d82f0a1b26c57a4c9f448fa526dfbc8ca9ef0526fa2d896a4ec320,1,138215.0,False,2025-05-26,fresh,False,False
2025,903,LS60736229,Dayana Yastremska,Destanee Aiava,324261,324219,R128,7-5 6-1,completed,present,2025-05-25,2025-06-08,2025-05-25T10:50:00+00:00,True,,False,data/raw/wta/stats/_httpcache/2025/4738f9b3346b198434042c95df8ede97646cd2c29abfc1444b03ddd561c1e233.json,b5ec450627d82f0a1b26c57a4c9f448fa526dfbc8ca9ef0526fa2d896a4ec320,1,138197.0,False,2025-05-25,fresh,False,False
2025,903,LS60736231,Viktorija Golubic,Petra Kvitova,316296,314206,R128,3-6 6-0 6-4,completed,present,2025-05-25,2025-06-08,2025-05-25T09:00:00+00:00,True,,False,data/raw/wta/stats/_httpcache/2025/4738f9b3346b198434042c95df8ede97646cd2c29abfc1444b03ddd561c1e233.json,b5ec450627d82f0a1b26c57a4c9f448fa526dfbc8ca9ef0526fa2d896a4ec320,1,138192.0,False,2025-05-25,fresh,False,False
2025,903,LS60736233,Arantxa Rus,Camila Osorio,313349,325898,R128,4-6 6-2 6-4,completed,present,2025-05-25,2025-06-08,2025-05-26T16:40:00+00:00,True,,False,data/raw/wta/stats/_httpcache/2025/4738f9b3346b198434042c95df8ede97646cd2c29abfc1444b03ddd561c1e233.json,b5ec450627d82f0a1b26c57a4c9f448fa526dfbc8ca9ef0526fa2d896a4ec320,1,138228.0,False,2025-05-26,fresh,False,False
2025,903,LS60736235,Clara Tauson,Magda Linette,327793,315130,R128,6-4 4-6 6-1,completed,present,2025-05-25,2025-06-08,2025-05-26T17:40:00+00:00,True,,False,data/raw/wta/stats/_httpcache/2025/4738f9b3346b198434042c95df8ede97646cd2c29abfc1444b03ddd561c1e233.json,b5ec450627d82f0a1b26c57a4c9f448fa526dfbc8ca9ef0526fa2d896a4ec320,1,138230.0,False,2025-05-26,fresh,False,False
2025,903,LS60736237,Olga Danilovic,Leylah Fernandez,324934,326735,R128,6-3 6-1,completed,present,2025-05-25,2025-06-08,2025-05-25T16:55:00+00:00,True,,False,data/raw/wta/stats/_httpcache/2025/4738f9b3346b198434042c95df8ede97646cd2c29abfc1444b03ddd561c1e233.json,b5ec450627d82f0a1b26c57a4c9f448fa526dfbc8ca9ef0526fa2d896a4ec320,1,138205.0,False,2025-05-25,fresh,False,False
2025,903,LS60736239,Danielle Collins,Jodie Burrage,316925,323802,R128,7-6(1) 6-4,completed,present,2025-05-25,2025-06-08,2025-05-26T12:15:00+00:00,True,,False,data/raw/wta/stats/_httpcache/2025/4738f9b3346b198434042c95df8ede97646cd2c29abfc1444b03ddd561c1e233.json,b5ec450627d82f0a1b26c57a4c9f448fa526dfbc8ca9ef0526fa2d896a4ec320,1,138219.0,False,2025-05-26,fresh,False,False
2025,903,LS60736241,Aryna Sabalenka,Kamilla Rakhimova,320760,325936,R128,6-1 6-0,completed,present,2025-05-25,2025-06-08,2025-05-25T10:00:00+00:00,True,,False,data/raw/wta/stats/_httpcache/2025/4738f9b3346b198434042c95df8ede97646cd2c29abfc1444b03ddd561c1e233.json,b5ec450627d82f0a1b26c57a4c9f448fa526dfbc8ca9ef0526fa2d896a4ec320,1,138195.0,False,2025-05-25,fresh,False,False
2025,903,LS60762847,Tereza Valentova,Chloe Paquet,330808,318839,R128,4-6 6-3 7-5,completed,present,2025-05-25,2025-06-08,2025-05-27T11:40:00+00:00,True,,False,data/raw/wta/stats/_httpcache/2025/4738f9b3346b198434042c95df8ede97646cd2c29abfc1444b03ddd561c1e233.json,b5ec450627d82f0a1b26c57a4c9f448fa526dfbc8ca9ef0526fa2d896a4ec320,1,138242.0,False,2025-05-27,fresh,False,False
2025,903,LS60762849,Elisabetta Cocciaretto,Taylor Townsend,327909,318609,R128,6-3 6-2,completed,present,2025-05-25,2025-06-08,2025-05-26T18:10:00+00:00,True,,False,data/raw/wta/stats/_httpcache/2025/4738f9b3346b198434042c95df8ede97646cd2c29abfc1444b03ddd561c1e233.json,b5ec450627d82f0a1b26c57a4c9f448fa526dfbc8ca9ef0526fa2d896a4ec320,1,138233.0,False,2025-05-26,fresh,False,False
2025,903,LS60762851,Nao Hibino,Moyuka Uchijima,320238,327241,R128,6-1 7-5,completed,present,2025-05-25,2025-06-08,2025-05-27T09:00:00+00:00,True,,False,data/raw/wta/stats/_httpcache/2025/4738f9b3346b198434042c95df8ede97646cd2c29abfc1444b03ddd561c1e233.json,b5ec450627d82f0a1b26c57a4c9f448fa526dfbc8ca9ef0526fa2d896a4ec320,1,138236.0,False,2025-05-27,fresh,False,False
2025,903,LS60762853,Katie Boulter,Carole Monnet,319125,325991,R128,6-7(4) 6-1 6-1,completed,present,2025-05-25,2025-06-08,2025-05-26T14:45:00+00:00,True,,False,data/raw/wta/stats/_httpcache/2025/4738f9b3346b198434042c95df8ede97646cd2c29abfc1444b03ddd561c1e233.json,b5ec450627d82f0a1b26c57a4c9f448fa526dfbc8ca9ef0526fa2d896a4ec320,1,138223.0,False,2025-05-26,fresh,False,False
2025,903,LS60762855,Madison Keys,Daria Saville,316959,315997,R128,6-2 6-1,completed,present,2025-05-25,2025-06-08,2025-05-26T17:15:00+00:00,True,,False,data/raw/wta/stats/_httpcache/2025/4738f9b3346b198434042c95df8ede97646cd2c29abfc1444b03ddd561c1e233.json,b5ec450627d82f0a1b26c57a4c9f448fa526dfbc8ca9ef0526fa2d896a4ec320,1,138229.0,False,2025-05-26,fresh,False,False
2025,903,LS60762857,Ann Li,Maria Carle,326096,322638,R128,6-4 6-0,completed,absent,2025-05-25,2025-06-08,2025-05-27T16:45:00+00:00,True,,False,data/raw/wta/stats/_httpcache/2025/4738f9b3346b198434042c95df8ede97646cd2c29abfc1444b03ddd561c1e233.json,b5ec450627d82f0a1b26c57a4c9f448fa526dfbc8ca9ef0526fa2d896a4ec320,1,,,,,False,False
2025,903,LS60762859,Marketa Vondrousova,Oksana Selekhmeteva,323027,329199,R128,6-4 6-4,completed,present,2025-05-25,2025-06-08,2025-05-27T09:00:00+00:00,True,,False,data/raw/wta/stats/_httpcache/2025/4738f9b3346b198434042c95df8ede97646cd2c29abfc1444b03ddd561c1e233.json,b5ec450627d82f0a1b26c57a4c9f448fa526dfbc8ca9ef0526fa2d896a4ec320,1,138237.0,False,2025-05-27,fresh,False,False
2025,903,LS60762861,Yulia Putintseva,Solana Sierra,317683,329081,R128,7-6(4) 6-2,completed,present,2025-05-25,2025-06-08,2025-05-27T16:50:00+00:00,True,,False,data/raw/wta/stats/_httpcache/2025/4738f9b3346b198434042c95df8ede97646cd2c29abfc1444b03ddd561c1e233.json,b5ec450627d82f0a1b26c57a4c9f448fa526dfbc8ca9ef0526fa2d896a4ec320,1,138250.0,False,2025-05-27,fresh,False,False
2025,903,LS60762863,Joanna Garland,Katie Volynets,326512,327391,R128,6-3 3-6 6-4,completed,present,2025-05-25,2025-06-08,2025-05-27T17:15:00+00:00,True,,False,data/raw/wta/stats/_httpcache/2025/4738f9b3346b198434042c95df8ede97646cd2c29abfc1444b03ddd561c1e233.json,b5ec450627d82f0a1b26c57a4c9f448fa526dfbc8ca9ef0526fa2d896a4ec320,1,138251.0,False,2025-05-27,fresh,False,False
2025,903,LS60762865,Sara Bejlek,Marta Kostyuk,330375,326482,R128,6-3 6-1,completed,present,2025-05-25,2025-06-08,2025-05-25T17:45:00+00:00,True,,False,data/raw/wta/stats/_httpcache/2025/4738f9b3346b198434042c95df8ede97646cd2c29abfc1444b03ddd561c1e233.json,b5ec450627d82f0a1b26c57a4c9f448fa526dfbc8ca9ef0526fa2d896a4ec320,1,138208.0,False,2025-05-25,fresh,False,False
2025,903,LS60762867,Elena Rybakina,Julia Riera,324166,327287,R128,6-1 4-6 6-4,completed,present,2025-05-25,2025-06-08,2025-05-26T09:00:00+00:00,True,,False,data/raw/wta/stats/_httpcache/2025/4738f9b3346b198434042c95df8ede97646cd2c29abfc1444b03ddd561c1e233.json,b5ec450627d82f0a1b26c57a4c9f448fa526dfbc8ca9ef0526fa2d896a4ec320,1,138213.0,False,2025-05-26,fresh,False,False
2025,903,LS60762871,Victoria Mboko,Lulu Sun,331006,324576,R128,6-1 7-6(4),completed,present,2025-05-25,2025-06-08,2025-05-25T09:00:00+00:00,True,,False,data/raw/wta/stats/_httpcache/2025/4738f9b3346b198434042c95df8ede97646cd2c29abfc1444b03ddd561c1e233.json,b5ec450627d82f0a1b26c57a4c9f448fa526dfbc8ca9ef0526fa2d896a4ec320,1,138190.0,False,2025-05-25,fresh,False,False
2025,903,LS60762873,Leyre Romero Gormaz,Tiantsoa Sarah Rakotomanga Rajaonah,326891,330970,R128,7-6(3) 6-2,completed,present,2025-05-25,2025-06-08,2025-05-25T14:55:00+00:00,True,,False,data/raw/wta/stats/_httpcache/2025/4738f9b3346b198434042c95df8ede97646cd2c29abfc1444b03ddd561c1e233.json,b5ec450627d82f0a1b26c57a4c9f448fa526dfbc8ca9ef0526fa2d896a4ec320,1,138201.0,False,2025-05-25,fresh,False,False
2025,903,LS60762875,Diana Shnaider,Anastasiia Sobolieva,330482,329858,R128,7-6(3) 6-2,completed,present,2025-05-25,2025-06-08,2025-05-25T13:35:00+00:00,True,,False,data/raw/wta/stats/_httpcache/2025/4738f9b3346b198434042c95df8ede97646cd2c29abfc1444b03ddd561c1e233.json,b5ec450627d82f0a1b26c57a4c9f448fa526dfbc8ca9ef0526fa2d896a4ec320,1,138200.0,False,2025-05-25,fresh,False,False
2025,903,LS60762877,Amanda Anisimova,Nina Stojanovic,326384,319709,R128,,incomplete-or-invalid-score,score-conflict,2025-05-25,2025-06-08,2025-05-25T16:10:00+00:00,True,,False,data/raw/wta/stats/_httpcache/2025/4738f9b3346b198434042c95df8ede97646cd2c29abfc1444b03ddd561c1e233.json,b5ec450627d82f0a1b26c57a4c9f448fa526dfbc8ca9ef0526fa2d896a4ec320,1,138203.0,False,2025-05-25,fresh,False,False
2025,903,LS60762879,Jil Teichmann,Lucrezia Stefanini,320926,323149,R128,6-4 6-4,completed,present,2025-05-25,2025-06-08,2025-05-25T12:40:00+00:00,True,,False,data/raw/wta/stats/_httpcache/2025/4738f9b3346b198434042c95df8ede97646cd2c29abfc1444b03ddd561c1e233.json,b5ec450627d82f0a1b26c57a4c9f448fa526dfbc8ca9ef0526fa2d896a4ec320,1,138199.0,False,2025-05-25,fresh,False,False
2025,903,LS60796751,Yuliia Starodubtseva,Tamara Korpatsch,325338,319571,R128,2-6 6-1 6-4,completed,present,2025-05-25,2025-06-08,2025-05-26T09:00:00+00:00,True,,False,data/raw/wta/stats/_httpcache/2025/4738f9b3346b198434042c95df8ede97646cd2c29abfc1444b03ddd561c1e233.json,b5ec450627d82f0a1b26c57a4c9f448fa526dfbc8ca9ef0526fa2d896a4ec320,1,138210.0,False,2025-05-26,fresh,False,False
2025,904,LS61448653,Anastasia Pavlyuchenkova,Sonay Kartal,313796,329918,R16,7-6(3) 6-4,completed,present,2025-06-30,2025-07-13,2025-07-06T12:30:00+00:00,True,,False,data/raw/wta/stats/_httpcache/2025/55f1ec1e828306ebc825c1864da12d415e1124a453f92014afbcf3213c00f90a.json,14625dbb377d52bea34c3381fc4ee6659e54be7a9e299c8a8464442194afb28a,1,138776.0,True,2025-07-06,stats,False,False
2025,904,LS61448655,Mirra Andreeva,Emma Navarro,331809,325410,R16,6-2 6-3,completed,present,2025-06-30,2025-07-13,2025-07-07T16:15:00+00:00,True,,False,data/raw/wta/stats/_httpcache/2025/55f1ec1e828306ebc825c1864da12d415e1124a453f92014afbcf3213c00f90a.json,14625dbb377d52bea34c3381fc4ee6659e54be7a9e299c8a8464442194afb28a,1,138804.0,True,2025-07-07,stats,False,False
2025,904,LS61448657,Laura Siegemund,Solana Sierra,310926,329081,R16,6-3 6-2,completed,present,2025-06-30,2025-07-13,2025-07-06T12:20:00+00:00,True,,False,data/raw/wta/stats/_httpcache/2025/55f1ec1e828306ebc825c1864da12d415e1124a453f92014afbcf3213c00f90a.json,14625dbb377d52bea34c3381fc4ee6659e54be7a9e299c8a8464442194afb28a,1,138775.0,True,2025-07-06,stats,False,False
2025,904,LS61448659,Amanda Anisimova,Linda Noskova,326384,329668,R16,6-2 5-7 6-4,completed,present,2025-06-30,2025-07-13,2025-07-06T18:30:00+00:00,True,,False,data/raw/wta/stats/_httpcache/2025/55f1ec1e828306ebc825c1864da12d415e1124a453f92014afbcf3213c00f90a.json,14625dbb377d52bea34c3381fc4ee6659e54be7a9e299c8a8464442194afb28a,1,138778.0,True,2025-07-06,stats,False,False
2025,904,LS61448661,Liudmila Samsonova,Jessica Bouzas Maneiro,322222,328139,R16,7-5 7-5,completed,present,2025-06-30,2025-07-13,2025-07-07T13:55:00+00:00,True,,False,data/raw/wta/stats/_httpcache/2025/55f1ec1e828306ebc825c1864da12d415e1124a453f92014afbcf3213c00f90a.json,14625dbb377d52bea34c3381fc4ee6659e54be7a9e299c8a8464442194afb28a,1,138803.0,True,2025-07-07,stats,False,False
2025,904,LS61448663,Aryna Sabalenka,Laura Siegemund,320760,310926,QF,4-6 6-2 6-4,completed,present,2025-06-30,2025-07-13,2025-07-08T12:30:00+00:00,False,,False,data/raw/wta/stats/_httpcache/2025/55f1ec1e828306ebc825c1864da12d415e1124a453f92014afbcf3213c00f90a.json,14625dbb377d52bea34c3381fc4ee6659e54be7a9e299c8a8464442194afb28a,1,138831.0,True,2025-07-08,stats,False,False
2025,904,LS61448665,Belinda Bencic,Ekaterina Alexandrova,319001,319007,R16,7-6(4) 6-4,completed,present,2025-06-30,2025-07-13,2025-07-07T12:00:00+00:00,True,,False,data/raw/wta/stats/_httpcache/2025/55f1ec1e828306ebc825c1864da12d415e1124a453f92014afbcf3213c00f90a.json,14625dbb377d52bea34c3381fc4ee6659e54be7a9e299c8a8464442194afb28a,1,138802.0,True,2025-07-07,stats,False,False
2025,904,LS61448667,Iga Swiatek,Clara Tauson,326408,327793,R16,6-4 6-1,completed,present,2025-06-30,2025-07-13,2025-07-07T18:00:00+00:00,True,,False,data/raw/wta/stats/_httpcache/2025/55f1ec1e828306ebc825c1864da12d415e1124a453f92014afbcf3213c00f90a.json,14625dbb377d52bea34c3381fc4ee6659e54be7a9e299c8a8464442194afb28a,1,138805.0,True,2025-07-07,stats,False,False
2025,904,LS61448669,Iga Swiatek,Liudmila Samsonova,326408,322222,QF,6-2 7-5,completed,present,2025-06-30,2025-07-13,2025-07-09T12:00:00+00:00,False,,False,data/raw/wta/stats/_httpcache/2025/55f1ec1e828306ebc825c1864da12d415e1124a453f92014afbcf3213c00f90a.json,14625dbb377d52bea34c3381fc4ee6659e54be7a9e299c8a8464442194afb28a,1,138853.0,True,2025-07-09,stats,False,False
2025,904,LS61448671,Amanda Anisimova,Aryna Sabalenka,326384,320760,SF,6-4 4-6 6-4,completed,present,2025-06-30,2025-07-13,2025-07-10T12:30:00+00:00,False,,False,data/raw/wta/stats/_httpcache/2025/55f1ec1e828306ebc825c1864da12d415e1124a453f92014afbcf3213c00f90a.json,14625dbb377d52bea34c3381fc4ee6659e54be7a9e299c8a8464442194afb28a,1,138863.0,True,2025-07-10,stats,False,False
2025,904,LS61448673,Amanda Anisimova,Anastasia Pavlyuchenkova,326384,313796,QF,6-1 7-6(9),completed,present,2025-06-30,2025-07-13,2025-07-08T15:10:00+00:00,False,,False,data/raw/wta/stats/_httpcache/2025/55f1ec1e828306ebc825c1864da12d415e1124a453f92014afbcf3213c00f90a.json,14625dbb377d52bea34c3381fc4ee6659e54be7a9e299c8a8464442194afb28a,1,138832.0,True,2025-07-08,stats,False,False
2025,904,LS61448675,Belinda Bencic,Mirra Andreeva,319001,331809,QF,7-6(3) 7-6(2),completed,present,2025-06-30,2025-07-13,2025-07-09T12:30:00+00:00,False,,False,data/raw/wta/stats/_httpcache/2025/55f1ec1e828306ebc825c1864da12d415e1124a453f92014afbcf3213c00f90a.json,14625dbb377d52bea34c3381fc4ee6659e54be7a9e299c8a8464442194afb28a,1,138854.0,True,2025-07-09,stats,False,False
2025,904,LS61448677,Aryna Sabalenka,Marie Bouzkova,320760,320983,R64,7-6(4) 6-4,completed,present,2025-06-30,2025-07-13,2025-07-02T12:30:00+00:00,True,,False,data/raw/wta/stats/_httpcache/2025/55f1ec1e828306ebc825c1864da12d415e1124a453f92014afbcf3213c00f90a.json,14625dbb377d52bea34c3381fc4ee6659e54be7a9e299c8a8464442194afb28a,1,138718.0,True,2025-07-02,stats,False,False
2025,904,LS61448679,Iga Swiatek,Belinda Bencic,326408,319001,SF,6-2 6-0,completed,present,2025-06-30,2025-07-13,2025-07-10T15:50:00+00:00,False,,False,data/raw/wta/stats/_httpcache/2025/55f1ec1e828306ebc825c1864da12d415e1124a453f92014afbcf3213c00f90a.json,14625dbb377d52bea34c3381fc4ee6659e54be7a9e299c8a8464442194afb28a,1,138864.0,True,2025-07-10,stats,False,False
2025,904,LS61448681,Iga Swiatek,Amanda Anisimova,326408,326384,F,6-0 6-0,completed,present,2025-06-30,2025-07-13,2025-07-12T15:10:00+00:00,False,,False,data/raw/wta/stats/_httpcache/2025/55f1ec1e828306ebc825c1864da12d415e1124a453f92014afbcf3213c00f90a.json,14625dbb377d52bea34c3381fc4ee6659e54be7a9e299c8a8464442194afb28a,1,138882.0,True,2025-07-12,stats,False,False
2025,904,LS61448683,Laura Siegemund,Madison Keys,310926,316959,R32,6-3 6-3,completed,present,2025-06-30,2025-07-13,2025-07-04T12:50:00+00:00,True,,False,data/raw/wta/stats/_httpcache/2025/55f1ec1e828306ebc825c1864da12d415e1124a453f92014afbcf3213c00f90a.json,14625dbb377d52bea34c3381fc4ee6659e54be7a9e299c8a8464442194afb28a,1,138752.0,True,2025-07-04,stats,False,False
2025,904,LS61448685,Linda Noskova,Kamilla Rakhimova,329668,325936,R32,7-6(6) 7-5,completed,present,2025-06-30,2025-07-13,2025-07-04T12:30:00+00:00,True,,False,data/raw/wta/stats/_httpcache/2025/55f1ec1e828306ebc825c1864da12d415e1124a453f92014afbcf3213c00f90a.json,14625dbb377d52bea34c3381fc4ee6659e54be7a9e299c8a8464442194afb28a,1,138751.0,True,2025-07-04,stats,False,False
2025,904,LS61448687,Elise Mertens,Elina Svitolina,317964,316738,R32,6-1 7-6(4),completed,present,2025-06-30,2025-07-13,2025-07-04T16:50:00+00:00,True,,False,data/raw/wta/stats/_httpcache/2025/55f1ec1e828306ebc825c1864da12d415e1124a453f92014afbcf3213c00f90a.json,14625dbb377d52bea34c3381fc4ee6659e54be7a9e299c8a8464442194afb28a,1,138753.0,True,2025-07-04,stats,False,False
2025,904,LS61448689,Solana Sierra,Cristina Bucsa,329081,321158,R32,7-5 1-6 6-1,completed,present,2025-06-30,2025-07-13,2025-07-04T10:00:00+00:00,True,,False,data/raw/wta/stats/_httpcache/2025/55f1ec1e828306ebc825c1864da12d415e1124a453f92014afbcf3213c00f90a.json,14625dbb377d52bea34c3381fc4ee6659e54be7a9e299c8a8464442194afb28a,1,138747.0,True,2025-07-04,stats,False,False
2025,904,LS61448691,Anastasia Pavlyuchenkova,Naomi Osaka,313796,319998,R32,3-6 6-4 6-4,completed,present,2025-06-30,2025-07-13,2025-07-04T10:00:00+00:00,True,,False,data/raw/wta/stats/_httpcache/2025/55f1ec1e828306ebc825c1864da12d415e1124a453f92014afbcf3213c00f90a.json,14625dbb377d52bea34c3381fc4ee6659e54be7a9e299c8a8464442194afb28a,1,138748.0,True,2025-07-04,stats,False,False
2025,904,LS61448693,Mirra Andreeva,Hailey Baptiste,331809,327101,R32,6-1 6-3,completed,present,2025-06-30,2025-07-13,2025-07-05T12:00:00+00:00,True,,False,data/raw/wta/stats/_httpcache/2025/55f1ec1e828306ebc825c1864da12d415e1124a453f92014afbcf3213c00f90a.json,14625dbb377d52bea34c3381fc4ee6659e54be7a9e299c8a8464442194afb28a,1,138759.0,True,2025-07-05,stats,False,False
2025,904,LS61448695,Amanda Anisimova,Dalma Galfi,326384,321106,R32,6-3 5-7 6-3,completed,present,2025-06-30,2025-07-13,2025-07-04T10:00:00+00:00,True,,False,data/raw/wta/stats/_httpcache/2025/55f1ec1e828306ebc825c1864da12d415e1124a453f92014afbcf3213c00f90a.json,14625dbb377d52bea34c3381fc4ee6659e54be7a9e299c8a8464442194afb28a,1,138749.0,True,2025-07-04,stats,False,False
2025,904,LS61448697,Sonay Kartal,Diane Parry,329918,327077,R32,6-4 6-2,completed,present,2025-06-30,2025-07-13,2025-07-04T12:00:00+00:00,True,,False,data/raw/wta/stats/_httpcache/2025/55f1ec1e828306ebc825c1864da12d415e1124a453f92014afbcf3213c00f90a.json,14625dbb377d52bea34c3381fc4ee6659e54be7a9e299c8a8464442194afb28a,1,138750.0,True,2025-07-04,stats,False,False
2025,904,LS61448699,Belinda Bencic,Elisabetta Cocciaretto,319001,327909,R32,6-4 3-6 7-6(7),completed,present,2025-06-30,2025-07-13,2025-07-05T10:00:00+00:00,True,,False,data/raw/wta/stats/_httpcache/2025/55f1ec1e828306ebc825c1864da12d415e1124a453f92014afbcf3213c00f90a.json,14625dbb377d52bea34c3381fc4ee6659e54be7a9e299c8a8464442194afb28a,1,138755.0,True,2025-07-05,stats,False,False
2025,904,LS61448701,Iga Swiatek,Danielle Collins,326408,316925,R32,6-2 6-3,completed,present,2025-06-30,2025-07-13,2025-07-05T15:10:00+00:00,True,,False,data/raw/wta/stats/_httpcache/2025/55f1ec1e828306ebc825c1864da12d415e1124a453f92014afbcf3213c00f90a.json,14625dbb377d52bea34c3381fc4ee6659e54be7a9e299c8a8464442194afb28a,1,138762.0,True,2025-07-05,stats,False,False
2025,904,LS61448703,Emma Navarro,Barbora Krejcikova,325410,318314,R32,2-6 6-3 6-4,completed,present,2025-06-30,2025-07-13,2025-07-05T13:50:00+00:00,True,,False,data/raw/wta/stats/_httpcache/2025/55f1ec1e828306ebc825c1864da12d415e1124a453f92014afbcf3213c00f90a.json,14625dbb377d52bea34c3381fc4ee6659e54be7a9e299c8a8464442194afb28a,1,138760.0,True,2025-07-05,stats,False,False
2025,904,LS61448705,Ekaterina Alexandrova,Zeynep Sonmez,319007,326907,R32,6-3 7-6(1),completed,present,2025-06-30,2025-07-13,2025-07-05T14:20:00+00:00,True,,False,data/raw/wta/stats/_httpcache/2025/55f1ec1e828306ebc825c1864da12d415e1124a453f92014afbcf3213c00f90a.json,14625dbb377d52bea34c3381fc4ee6659e54be7a9e299c8a8464442194afb28a,1,138761.0,True,2025-07-05,stats,False,False
2025,904,LS61448707,Jessica Bouzas Maneiro,Dayana Yastremska,328139,324261,R32,6-1 2-6 6-3,completed,present,2025-06-30,2025-07-13,2025-07-05T10:00:00+00:00,True,,False,data/raw/wta/stats/_httpcache/2025/55f1ec1e828306ebc825c1864da12d415e1124a453f92014afbcf3213c00f90a.json,14625dbb377d52bea34c3381fc4ee6659e54be7a9e299c8a8464442194afb28a,1,138756.0,True,2025-07-05,stats,False,False
2025,904,LS61448709,Aryna Sabalenka,Elise Mertens,320760,317964,R16,6-4 7-6(4),completed,present,2025-06-30,2025-07-13,2025-07-06T15:05:00+00:00,True,,False,data/raw/wta/stats/_httpcache/2025/55f1ec1e828306ebc825c1864da12d415e1124a453f92014afbcf3213c00f90a.json,14625dbb377d52bea34c3381fc4ee6659e54be7a9e299c8a8464442194afb28a,1,138777.0,True,2025-07-06,stats,False,False
2025,904,LS61448711,Clara Tauson,Elena Rybakina,327793,324166,R32,7-6(6) 6-3,completed,present,2025-06-30,2025-07-13,2025-07-05T10:00:00+00:00,True,,False,data/raw/wta/stats/_httpcache/2025/55f1ec1e828306ebc825c1864da12d415e1124a453f92014afbcf3213c00f90a.json,14625dbb377d52bea34c3381fc4ee6659e54be7a9e299c8a8464442194afb28a,1,138757.0,True,2025-07-05,stats,False,False
2025,904,LS61448713,Liudmila Samsonova,Daria Kasatkina,322222,322082,R32,6-2 6-3,completed,present,2025-06-30,2025-07-13,2025-07-05T10:00:00+00:00,True,,False,data/raw/wta/stats/_httpcache/2025/55f1ec1e828306ebc825c1864da12d415e1124a453f92014afbcf3213c00f90a.json,14625dbb377d52bea34c3381fc4ee6659e54be7a9e299c8a8464442194afb28a,1,138758.0,True,2025-07-05,stats,False,False
2025,904,LS61448715,Emma Navarro,Veronika Kudermetova,325410,319526,R64,6-1 6-2,completed,present,2025-06-30,2025-07-13,2025-07-03T10:00:00+00:00,True,,False,data/raw/wta/stats/_httpcache/2025/55f1ec1e828306ebc825c1864da12d415e1124a453f92014afbcf3213c00f90a.json,14625dbb377d52bea34c3381fc4ee6659e54be7a9e299c8a8464442194afb28a,1,138731.0,True,2025-07-03,stats,False,False
2025,904,LS61448717,Zeynep Sonmez,Xinyu Wang,326907,326376,R64,7-5 7-5,completed,present,2025-06-30,2025-07-13,2025-07-03T10:00:00+00:00,True,,False,data/raw/wta/stats/_httpcache/2025/55f1ec1e828306ebc825c1864da12d415e1124a453f92014afbcf3213c00f90a.json,14625dbb377d52bea34c3381fc4ee6659e54be7a9e299c8a8464442194afb28a,1,138732.0,True,2025-07-03,stats,False,False
2025,904,LS61448719,Hailey Baptiste,Victoria Mboko,327101,331006,R64,7-6(6) 6-3,completed,present,2025-06-30,2025-07-13,2025-07-03T12:30:00+00:00,True,,False,data/raw/wta/stats/_httpcache/2025/55f1ec1e828306ebc825c1864da12d415e1124a453f92014afbcf3213c00f90a.json,14625dbb377d52bea34c3381fc4ee6659e54be7a9e299c8a8464442194afb28a,1,138735.0,True,2025-07-03,stats,False,False
2025,904,LS61448721,Barbora Krejcikova,Caroline Dolehide,318314,322052,R64,6-4 3-6 6-2,completed,present,2025-06-30,2025-07-13,2025-07-03T14:25:00+00:00,True,,False,data/raw/wta/stats/_httpcache/2025/55f1ec1e828306ebc825c1864da12d415e1124a453f92014afbcf3213c00f90a.json,14625dbb377d52bea34c3381fc4ee6659e54be7a9e299c8a8464442194afb28a,1,138740.0,True,2025-07-03,stats,False,False
2025,904,LS61448723,Elisabetta Cocciaretto,Katie Volynets,327909,327391,R64,6-0 6-4,completed,present,2025-06-30,2025-07-13,2025-07-03T12:00:40+00:00,True,,False,data/raw/wta/stats/_httpcache/2025/55f1ec1e828306ebc825c1864da12d415e1124a453f92014afbcf3213c00f90a.json,14625dbb377d52bea34c3381fc4ee6659e54be7a9e299c8a8464442194afb28a,1,138734.0,True,2025-07-03,stats,False,False
2025,904,LS61448725,Iga Swiatek,Caty McNally,326408,325725,R64,5-7 6-2 6-1,completed,present,2025-06-30,2025-07-13,2025-07-03T14:50:00+00:00,True,,False,data/raw/wta/stats/_httpcache/2025/55f1ec1e828306ebc825c1864da12d415e1124a453f92014afbcf3213c00f90a.json,14625dbb377d52bea34c3381fc4ee6659e54be7a9e299c8a8464442194afb28a,1,138742.0,True,2025-07-03,stats,False,False
2025,904,LS61448727,Ekaterina Alexandrova,Suzan Lamens,319007,324898,R64,6-4 6-0,completed,present,2025-06-30,2025-07-13,2025-07-03T14:05:00+00:00,True,,False,data/raw/wta/stats/_httpcache/2025/55f1ec1e828306ebc825c1864da12d415e1124a453f92014afbcf3213c00f90a.json,14625dbb377d52bea34c3381fc4ee6659e54be7a9e299c8a8464442194afb28a,1,138738.0,True,2025-07-03,stats,False,False
2025,904,LS61448729,Belinda Bencic,Elsa Jacquemot,319001,328142,R64,4-6 6-1 6-2,completed,present,2025-06-30,2025-07-13,2025-07-03T14:00:00+00:00,True,,False,data/raw/wta/stats/_httpcache/2025/55f1ec1e828306ebc825c1864da12d415e1124a453f92014afbcf3213c00f90a.json,14625dbb377d52bea34c3381fc4ee6659e54be7a9e299c8a8464442194afb28a,1,138737.0,True,2025-07-03,stats,False,False
2025,904,LS61448731,Elena Rybakina,Maria Sakkari,324166,318312,R64,6-3 6-1,completed,present,2025-06-30,2025-07-13,2025-07-03T14:05:00+00:00,True,,False,data/raw/wta/stats/_httpcache/2025/55f1ec1e828306ebc825c1864da12d415e1124a453f92014afbcf3213c00f90a.json,14625dbb377d52bea34c3381fc4ee6659e54be7a9e299c8a8464442194afb28a,1,138739.0,True,2025-07-03,stats,False,False
2025,904,LS61448733,Daria Kasatkina,Irina-Camelia Begu,322082,313169,R64,6-2 4-6 6-1,completed,present,2025-06-30,2025-07-13,2025-07-03T17:25:00+00:00,True,,False,data/raw/wta/stats/_httpcache/2025/55f1ec1e828306ebc825c1864da12d415e1124a453f92014afbcf3213c00f90a.json,14625dbb377d52bea34c3381fc4ee6659e54be7a9e299c8a8464442194afb28a,1,138746.0,True,2025-07-03,stats,False,False
2025,904,LS61448735,Danielle Collins,Veronika Erjavec,316925,327655,R64,6-4 6-1,completed,present,2025-06-30,2025-07-13,2025-07-03T13:25:00+00:00,True,,False,data/raw/wta/stats/_httpcache/2025/55f1ec1e828306ebc825c1864da12d415e1124a453f92014afbcf3213c00f90a.json,14625dbb377d52bea34c3381fc4ee6659e54be7a9e299c8a8464442194afb28a,1,138736.0,True,2025-07-03,stats,False,False
2025,904,LS61448737,Clara Tauson,Anna Kalinskaya,327793,323942,R64,6-3 7-6(10),completed,present,2025-06-30,2025-07-13,2025-07-03T17:15:00+00:00,True,,False,data/raw/wta/stats/_httpcache/2025/55f1ec1e828306ebc825c1864da12d415e1124a453f92014afbcf3213c00f90a.json,14625dbb377d52bea34c3381fc4ee6659e54be7a9e299c8a8464442194afb28a,1,138745.0,True,2025-07-03,stats,False,False
2025,904,LS61448739,Dayana Yastremska,Anastasia Zakharova,324261,327367,R64,5-7 7-5 7-6(8),completed,present,2025-06-30,2025-07-13,2025-07-03T14:25:00+00:00,True,,False,data/raw/wta/stats/_httpcache/2025/55f1ec1e828306ebc825c1864da12d415e1124a453f92014afbcf3213c00f90a.json,14625dbb377d52bea34c3381fc4ee6659e54be7a9e299c8a8464442194afb28a,1,138741.0,True,2025-07-03,stats,False,False
2025,904,LS61448741,Aryna Sabalenka,Emma Raducanu,320760,328366,R32,7-6(6) 6-4,completed,present,2025-06-30,2025-07-13,2025-07-04T19:00:00+00:00,True,,False,data/raw/wta/stats/_httpcache/2025/55f1ec1e828306ebc825c1864da12d415e1124a453f92014afbcf3213c00f90a.json,14625dbb377d52bea34c3381fc4ee6659e54be7a9e299c8a8464442194afb28a,1,138754.0,True,2025-07-04,stats,False,False
2025,904,LS61448743,Liudmila Samsonova,Yuliia Starodubtseva,322222,325338,R64,6-2 6-1,completed,present,2025-06-30,2025-07-13,2025-07-03T15:15:00+00:00,True,,False,data/raw/wta/stats/_httpcache/2025/55f1ec1e828306ebc825c1864da12d415e1124a453f92014afbcf3213c00f90a.json,14625dbb377d52bea34c3381fc4ee6659e54be7a9e299c8a8464442194afb28a,1,138743.0,True,2025-07-03,stats,False,False
2025,904,LS61448745,Jessica Bouzas Maneiro,Sofia Kenin,328139,320942,R64,6-1 7-6(4),completed,present,2025-06-30,2025-07-13,2025-07-03T16:40:00+00:00,True,,False,data/raw/wta/stats/_httpcache/2025/55f1ec1e828306ebc825c1864da12d415e1124a453f92014afbcf3213c00f90a.json,14625dbb377d52bea34c3381fc4ee6659e54be7a9e299c8a8464442194afb28a,1,138744.0,True,2025-07-03,stats,False,False
2025,904,LS61448747,Elina Svitolina,Aliaksandra Sasnovich,316738,317790,R64,6-2 6-4,completed,present,2025-06-30,2025-07-13,2025-07-02T17:30:00+00:00,True,,False,data/raw/wta/stats/_httpcache/2025/55f1ec1e828306ebc825c1864da12d415e1124a453f92014afbcf3213c00f90a.json,14625dbb377d52bea34c3381fc4ee6659e54be7a9e299c8a8464442194afb28a,1,138729.0,True,2025-07-02,stats,False,False
2025,904,LS61448749,Solana Sierra,Katie Boulter,329081,319125,R64,6-7(7) 6-2 6-1,completed,present,2025-06-30,2025-07-13,2025-07-02T15:35:39+00:00,True,,False,data/raw/wta/stats/_httpcache/2025/55f1ec1e828306ebc825c1864da12d415e1124a453f92014afbcf3213c00f90a.json,14625dbb377d52bea34c3381fc4ee6659e54be7a9e299c8a8464442194afb28a,1,138724.0,True,2025-07-02,stats,False,False
2025,904,LS61448751,Emma Raducanu,Marketa Vondrousova,328366,323027,R64,6-3 6-3,completed,present,2025-06-30,2025-07-13,2025-07-02T17:25:00+00:00,True,,False,data/raw/wta/stats/_httpcache/2025/55f1ec1e828306ebc825c1864da12d415e1124a453f92014afbcf3213c00f90a.json,14625dbb377d52bea34c3381fc4ee6659e54be7a9e299c8a8464442194afb28a,1,138728.0,True,2025-07-02,stats,False,False
2025,904,LS61448753,Elise Mertens,Ann Li,317964,326096,R64,6-7(5) 6-1 6-2,completed,present,2025-06-30,2025-07-13,2025-07-02T14:55:00+00:00,True,,False,data/raw/wta/stats/_httpcache/2025/55f1ec1e828306ebc825c1864da12d415e1124a453f92014afbcf3213c00f90a.json,14625dbb377d52bea34c3381fc4ee6659e54be7a9e299c8a8464442194afb28a,1,138720.0,True,2025-07-02,stats,False,False
2025,904,LS61448755,Madison Keys,Olga Danilovic,316959,324934,R64,6-4 6-2,completed,present,2025-06-30,2025-07-13,2025-07-02T12:00:00+00:00,True,,False,data/raw/wta/stats/_httpcache/2025/55f1ec1e828306ebc825c1864da12d415e1124a453f92014afbcf3213c00f90a.json,14625dbb377d52bea34c3381fc4ee6659e54be7a9e299c8a8464442194afb28a,1,138715.0,True,2025-07-02,stats,False,False
2025,904,LS61448757,Kamilla Rakhimova,Jasmine Paolini,325936,319280,R64,4-6 6-4 6-4,completed,present,2025-06-30,2025-07-13,2025-07-02T16:35:15+00:00,True,,False,data/raw/wta/stats/_httpcache/2025/55f1ec1e828306ebc825c1864da12d415e1124a453f92014afbcf3213c00f90a.json,14625dbb377d52bea34c3381fc4ee6659e54be7a9e299c8a8464442194afb28a,1,138727.0,True,2025-07-02,stats,False,False
2025,904,LS61448759,Cristina Bucsa,Donna Vekic,321158,318516,R64,6-1 6-3,completed,present,2025-06-30,2025-07-13,2025-07-02T13:30:00+00:00,True,,False,data/raw/wta/stats/_httpcache/2025/55f1ec1e828306ebc825c1864da12d415e1124a453f92014afbcf3213c00f90a.json,14625dbb377d52bea34c3381fc4ee6659e54be7a9e299c8a8464442194afb28a,1,138719.0,True,2025-07-02,stats,False,False
2025,904,LS61448761,Laura Siegemund,Leylah Fernandez,310926,326735,R64,6-2 6-3,completed,present,2025-06-30,2025-07-13,2025-07-02T12:05:00+00:00,True,,False,data/raw/wta/stats/_httpcache/2025/55f1ec1e828306ebc825c1864da12d415e1124a453f92014afbcf3213c00f90a.json,14625dbb377d52bea34c3381fc4ee6659e54be7a9e299c8a8464442194afb28a,1,138717.0,True,2025-07-02,stats,False,False
2025,904,LS61448763,Amanda Anisimova,Renata Zarazua,326384,320716,R64,6-4 6-3,completed,present,2025-06-30,2025-07-13,2025-07-02T15:30:00+00:00,True,,False,data/raw/wta/stats/_httpcache/2025/55f1ec1e828306ebc825c1864da12d415e1124a453f92014afbcf3213c00f90a.json,14625dbb377d52bea34c3381fc4ee6659e54be7a9e299c8a8464442194afb28a,1,138722.0,True,2025-07-02,stats,False,False
2025,904,LS61448765,Diane Parry,Diana Shnaider,327077,330482,R64,6-4 6-1,completed,present,2025-06-30,2025-07-13,2025-07-02T16:25:00+00:00,True,,False,data/raw/wta/stats/_httpcache/2025/55f1ec1e828306ebc825c1864da12d415e1124a453f92014afbcf3213c00f90a.json,14625dbb377d52bea34c3381fc4ee6659e54be7a9e299c8a8464442194afb28a,1,138725.0,True,2025-07-02,stats,False,False
2025,904,LS61448767,Linda Noskova,Eva Lys,329668,325826,R64,6-2 2-6 6-3,completed,present,2025-06-30,2025-07-13,2025-07-02T15:35:00+00:00,True,,False,data/raw/wta/stats/_httpcache/2025/55f1ec1e828306ebc825c1864da12d415e1124a453f92014afbcf3213c00f90a.json,14625dbb377d52bea34c3381fc4ee6659e54be7a9e299c8a8464442194afb28a,1,138723.0,True,2025-07-02,stats,False,False
2025,904,LS61448769,Dalma Galfi,Beatriz Haddad Maia,321106,318176,R64,7-6(7) 6-1,completed,present,2025-06-30,2025-07-13,2025-07-02T15:25:00+00:00,True,,False,data/raw/wta/stats/_httpcache/2025/55f1ec1e828306ebc825c1864da12d415e1124a453f92014afbcf3213c00f90a.json,14625dbb377d52bea34c3381fc4ee6659e54be7a9e299c8a8464442194afb28a,1,138721.0,True,2025-07-02,stats,False,False
2025,904,LS61448771,Naomi Osaka,Katerina Siniakova,319998,320301,R64,6-3 6-2,completed,present,2025-06-30,2025-07-13,2025-07-02T16:35:12+00:00,True,,False,data/raw/wta/stats/_httpcache/2025/55f1ec1e828306ebc825c1864da12d415e1124a453f92014afbcf3213c00f90a.json,14625dbb377d52bea34c3381fc4ee6659e54be7a9e299c8a8464442194afb28a,1,138726.0,True,2025-07-02,stats,False,False
2025,904,LS61448773,Mirra Andreeva,Lucia Bronzetti,331809,322280,R64,6-1 7-6(4),completed,present,2025-06-30,2025-07-13,2025-07-03T12:00:00+00:00,True,,False,data/raw/wta/stats/_httpcache/2025/55f1ec1e828306ebc825c1864da12d415e1124a453f92014afbcf3213c00f90a.json,14625dbb377d52bea34c3381fc4ee6659e54be7a9e299c8a8464442194afb28a,1,138733.0,True,2025-07-03,stats,False,False
2025,904,LS61448775,Sonay Kartal,Viktoriya Tomova,329918,317584,R64,6-2 6-2,completed,present,2025-06-30,2025-07-13,2025-07-02T12:00:00+00:00,True,,False,data/raw/wta/stats/_httpcache/2025/55f1ec1e828306ebc825c1864da12d415e1124a453f92014afbcf3213c00f90a.json,14625dbb377d52bea34c3381fc4ee6659e54be7a9e299c8a8464442194afb28a,1,138716.0,True,2025-07-02,stats,False,False
2025,904,LS61448777,Anastasia Pavlyuchenkova,Ashlyn Krueger,313796,329409,R64,7-6(4) 6-4,completed,present,2025-06-30,2025-07-13,2025-07-02T17:40:00+00:00,True,,False,data/raw/wta/stats/_httpcache/2025/55f1ec1e828306ebc825c1864da12d415e1124a453f92014afbcf3213c00f90a.json,14625dbb377d52bea34c3381fc4ee6659e54be7a9e299c8a8464442194afb28a,1,138730.0,True,2025-07-02,stats,False,False
2025,904,LS61511554,Dayana Yastremska,Coco Gauff,324261,328560,R128,7-6(3) 6-1,completed,present,2025-06-30,2025-07-13,2025-07-01T18:40:00+00:00,True,,False,data/raw/wta/stats/_httpcache/2025/55f1ec1e828306ebc825c1864da12d415e1124a453f92014afbcf3213c00f90a.json,14625dbb377d52bea34c3381fc4ee6659e54be7a9e299c8a8464442194afb28a,1,138714.0,False,2025-07-01,fresh,False,False
2025,904,LS61511556,Anastasia Zakharova,Victoria Azarenka,327367,312001,R128,6-2 2-6 6-1,completed,present,2025-06-30,2025-07-13,2025-07-01T17:15:00+00:00,True,,False,data/raw/wta/stats/_httpcache/2025/55f1ec1e828306ebc825c1864da12d415e1124a453f92014afbcf3213c00f90a.json,14625dbb377d52bea34c3381fc4ee6659e54be7a9e299c8a8464442194afb28a,1,138711.0,False,2025-07-01,fresh,False,False
2025,904,LS61511558,Jessica Bouzas Maneiro,Ella Seidel,328139,330548,R128,,incomplete-or-invalid-score,score-conflict,2025-06-30,2025-07-13,2025-07-01T15:45:00+00:00,True,,False,data/raw/wta/stats/_httpcache/2025/55f1ec1e828306ebc825c1864da12d415e1124a453f92014afbcf3213c00f90a.json,14625dbb377d52bea34c3381fc4ee6659e54be7a9e299c8a8464442194afb28a,1,138707.0,False,2025-07-01,fresh,False,False
2025,904,LS61511560,Sofia Kenin,Taylor Townsend,320942,318609,R128,7-6(5) 6-2,completed,present,2025-06-30,2025-07-13,2025-07-01T17:15:00+00:00,True,,False,data/raw/wta/stats/_httpcache/2025/55f1ec1e828306ebc825c1864da12d415e1124a453f92014afbcf3213c00f90a.json,14625dbb377d52bea34c3381fc4ee6659e54be7a9e299c8a8464442194afb28a,1,138710.0,False,2025-07-01,fresh,False,False
2025,904,LS61511562,Liudmila Samsonova,Maya Joint,322222,330544,R128,6-3 6-2,completed,present,2025-06-30,2025-07-13,2025-07-01T12:45:00+00:00,True,,False,data/raw/wta/stats/_httpcache/2025/55f1ec1e828306ebc825c1864da12d415e1124a453f92014afbcf3213c00f90a.json,14625dbb377d52bea34c3381fc4ee6659e54be7a9e299c8a8464442194afb28a,1,138694.0,False,2025-07-01,fresh,False,False
2025,904,LS61511564,Yuliia Starodubtseva,Francesca Jones,325338,324479,R128,1-6 6-3 6-1,completed,present,2025-06-30,2025-07-13,2025-07-01T14:25:00+00:00,True,,False,data/raw/wta/stats/_httpcache/2025/55f1ec1e828306ebc825c1864da12d415e1124a453f92014afbcf3213c00f90a.json,14625dbb377d52bea34c3381fc4ee6659e54be7a9e299c8a8464442194afb28a,1,138700.0,False,2025-07-01,fresh,False,False
2025,904,LS61511566,Irina-Camelia Begu,Kaja Juvan,313169,324702,R128,7-6(6) 1-6 6-3,completed,present,2025-06-30,2025-07-13,2025-07-01T10:00:00+00:00,True,,False,data/raw/wta/stats/_httpcache/2025/55f1ec1e828306ebc825c1864da12d415e1124a453f92014afbcf3213c00f90a.json,14625dbb377d52bea34c3381fc4ee6659e54be7a9e299c8a8464442194afb28a,1,138689.0,False,2025-07-01,fresh,False,False
2025,904,LS61511568,Daria Kasatkina,Emiliana Arango,322082,324789,R128,7-5 6-3,completed,present,2025-06-30,2025-07-13,2025-07-01T10:00:00+00:00,True,,False,data/raw/wta/stats/_httpcache/2025/55f1ec1e828306ebc825c1864da12d415e1124a453f92014afbcf3213c00f90a.json,14625dbb377d52bea34c3381fc4ee6659e54be7a9e299c8a8464442194afb28a,1,138688.0,False,2025-07-01,fresh,False,False
2025,904,LS61511570,Elena Rybakina,Elina Avanesyan,324166,327620,R128,6-2 6-1,completed,present,2025-06-30,2025-07-13,2025-07-01T17:50:00+00:00,True,,False,data/raw/wta/stats/_httpcache/2025/55f1ec1e828306ebc825c1864da12d415e1124a453f92014afbcf3213c00f90a.json,14625dbb377d52bea34c3381fc4ee6659e54be7a9e299c8a8464442194afb28a,1,138713.0,False,2025-07-01,fresh,False,False
2025,904,LS61511572,Maria Sakkari,Anna Blinkova,318312,324267,R128,6-4 6-4,completed,present,2025-06-30,2025-07-13,2025-07-01T14:15:00+00:00,True,,False,data/raw/wta/stats/_httpcache/2025/55f1ec1e828306ebc825c1864da12d415e1124a453f92014afbcf3213c00f90a.json,14625dbb377d52bea34c3381fc4ee6659e54be7a9e299c8a8464442194afb28a,1,138698.0,False,2025-07-01,fresh,False,False
2025,904,LS61511574,Anna Kalinskaya,Nina Stojanovic,323942,319709,R128,6-3 7-6(4),completed,present,2025-06-30,2025-07-13,2025-07-01T12:15:00+00:00,True,,False,data/raw/wta/stats/_httpcache/2025/55f1ec1e828306ebc825c1864da12d415e1124a453f92014afbcf3213c00f90a.json,14625dbb377d52bea34c3381fc4ee6659e54be7a9e299c8a8464442194afb28a,1,138691.0,False,2025-07-01,fresh,False,False
2025,904,LS61511576,Clara Tauson,Heather Watson,327793,316981,R128,2-6 6-4 6-3,completed,present,2025-06-30,2025-07-13,2025-07-01T10:00:00+00:00,True,,False,data/raw/wta/stats/_httpcache/2025/55f1ec1e828306ebc825c1864da12d415e1124a453f92014afbcf3213c00f90a.json,14625dbb377d52bea34c3381fc4ee6659e54be7a9e299c8a8464442194afb28a,1,138683.0,False,2025-07-01,fresh,False,False
2025,904,LS61511578,Veronika Erjavec,Marta Kostyuk,327655,326482,R128,3-6 6-3 6-4,completed,present,2025-06-30,2025-07-13,2025-07-01T10:00:00+00:00,True,,False,data/raw/wta/stats/_httpcache/2025/55f1ec1e828306ebc825c1864da12d415e1124a453f92014afbcf3213c00f90a.json,14625dbb377d52bea34c3381fc4ee6659e54be7a9e299c8a8464442194afb28a,1,138684.0,False,2025-07-01,fresh,False,False
2025,904,LS61511580,Danielle Collins,Camila Osorio,316925,325898,R128,6-3 6-2,completed,present,2025-06-30,2025-07-13,2025-07-01T14:30:00+00:00,True,,False,data/raw/wta/stats/_httpcache/2025/55f1ec1e828306ebc825c1864da12d415e1124a453f92014afbcf3213c00f90a.json,14625dbb377d52bea34c3381fc4ee6659e54be7a9e299c8a8464442194afb28a,1,138701.0,False,2025-07-01,fresh,False,False
2025,904,LS61511582,Caty McNally,Jodie Burrage,325725,323802,R128,6-3 6-1,completed,present,2025-06-30,2025-07-13,2025-07-01T14:05:00+00:00,True,,False,data/raw/wta/stats/_httpcache/2025/55f1ec1e828306ebc825c1864da12d415e1124a453f92014afbcf3213c00f90a.json,14625dbb377d52bea34c3381fc4ee6659e54be7a9e299c8a8464442194afb28a,1,138697.0,False,2025-07-01,fresh,False,False
2025,904,LS61511584,Iga Swiatek,Polina Kudermetova,326408,328897,R128,7-5 6-1,completed,present,2025-06-30,2025-07-13,2025-07-01T14:20:00+00:00,True,,False,data/raw/wta/stats/_httpcache/2025/55f1ec1e828306ebc825c1864da12d415e1124a453f92014afbcf3213c00f90a.json,14625dbb377d52bea34c3381fc4ee6659e54be7a9e299c8a8464442194afb28a,1,138699.0,False,2025-07-01,fresh,False,False
2025,904,LS61511586,Elisabetta Cocciaretto,Jessica Pegula,327909,316956,R128,6-2 6-3,completed,present,2025-06-30,2025-07-13,2025-07-01T10:00:00+00:00,True,,False,data/raw/wta/stats/_httpcache/2025/55f1ec1e828306ebc825c1864da12d415e1124a453f92014afbcf3213c00f90a.json,14625dbb377d52bea34c3381fc4ee6659e54be7a9e299c8a8464442194afb28a,1,138686.0,False,2025-07-01,fresh,False,False
2025,904,LS61511588,Katie Volynets,Tatjana Maria,327391,310440,R128,3-6 7-6(4) 6-1,completed,present,2025-06-30,2025-07-13,2025-07-01T10:00:00+00:00,True,,False,data/raw/wta/stats/_httpcache/2025/55f1ec1e828306ebc825c1864da12d415e1124a453f92014afbcf3213c00f90a.json,14625dbb377d52bea34c3381fc4ee6659e54be7a9e299c8a8464442194afb28a,1,138685.0,False,2025-07-01,fresh,False,False
2025,904,LS61511590,Belinda Bencic,Alycia Parks,319001,326007,R128,6-0 6-3,completed,present,2025-06-30,2025-07-13,2025-07-01T17:25:00+00:00,True,,False,data/raw/wta/stats/_httpcache/2025/55f1ec1e828306ebc825c1864da12d415e1124a453f92014afbcf3213c00f90a.json,14625dbb377d52bea34c3381fc4ee6659e54be7a9e299c8a8464442194afb28a,1,138712.0,False,2025-07-01,fresh,False,False
2025,904,LS61511592,Elsa Jacquemot,Magda Linette,328142,315130,R128,6-7(7) 6-1 6-4,completed,present,2025-06-30,2025-07-13,2025-07-01T16:50:00+00:00,True,,False,data/raw/wta/stats/_httpcache/2025/55f1ec1e828306ebc825c1864da12d415e1124a453f92014afbcf3213c00f90a.json,14625dbb377d52bea34c3381fc4ee6659e54be7a9e299c8a8464442194afb28a,1,138709.0,False,2025-07-01,fresh,False,False
2025,904,LS61511594,Ekaterina Alexandrova,Priscilla Hon,319007,320543,R128,6-2 7-5,completed,present,2025-06-30,2025-07-13,2025-07-01T10:00:00+00:00,True,,False,data/raw/wta/stats/_httpcache/2025/55f1ec1e828306ebc825c1864da12d415e1124a453f92014afbcf3213c00f90a.json,14625dbb377d52bea34c3381fc4ee6659e54be7a9e299c8a8464442194afb28a,1,138682.0,False,2025-07-01,fresh,False,False
2025,904,LS61511596,Suzan Lamens,Iva Jovic,324898,332285,R128,6-1 6-1,completed,present,2025-06-30,2025-07-13,2025-07-01T10:00:00+00:00,True,,False,data/raw/wta/stats/_httpcache/2025/55f1ec1e828306ebc825c1864da12d415e1124a453f92014afbcf3213c00f90a.json,14625dbb377d52bea34c3381fc4ee6659e54be7a9e299c8a8464442194afb28a,1,138687.0,False,2025-07-01,fresh,False,False
2025,904,LS61511598,Zeynep Sonmez,Jaqueline Cristian,326907,320319,R128,7-6(3) 6-3,completed,present,2025-06-30,2025-07-13,2025-07-01T12:25:00+00:00,True,,False,data/raw/wta/stats/_httpcache/2025/55f1ec1e828306ebc825c1864da12d415e1124a453f92014afbcf3213c00f90a.json,14625dbb377d52bea34c3381fc4ee6659e54be7a9e299c8a8464442194afb28a,1,138692.0,False,2025-07-01,fresh,False,False
2025,904,LS61511600,Xinyu Wang,Karolina Muchova,326376,322191,R128,7-5 6-2,completed,present,2025-06-30,2025-07-13,2025-07-01T12:50:00+00:00,True,,False,data/raw/wta/stats/_httpcache/2025/55f1ec1e828306ebc825c1864da12d415e1124a453f92014afbcf3213c00f90a.json,14625dbb377d52bea34c3381fc4ee6659e54be7a9e299c8a8464442194afb28a,1,138695.0,False,2025-07-01,fresh,False,False
2025,904,LS61511602,Emma Navarro,Petra Kvitova,325410,314206,R128,6-3 6-1,completed,present,2025-06-30,2025-07-13,2025-07-01T15:20:00+00:00,True,,False,data/raw/wta/stats/_httpcache/2025/55f1ec1e828306ebc825c1864da12d415e1124a453f92014afbcf3213c00f90a.json,14625dbb377d52bea34c3381fc4ee6659e54be7a9e299c8a8464442194afb28a,1,138706.0,False,2025-07-01,fresh,False,False
2025,904,LS61511604,Veronika Kudermetova,Lin Zhu,319526,317306,R128,6-3 6-2,completed,present,2025-06-30,2025-07-13,2025-07-01T16:30:00+00:00,True,,False,data/raw/wta/stats/_httpcache/2025/55f1ec1e828306ebc825c1864da12d415e1124a453f92014afbcf3213c00f90a.json,14625dbb377d52bea34c3381fc4ee6659e54be7a9e299c8a8464442194afb28a,1,138708.0,False,2025-07-01,fresh,False,False
2025,904,LS61511606,Caroline Dolehide,Arantxa Rus,322052,313349,R128,6-2 6-2,completed,present,2025-06-30,2025-07-13,2025-07-01T15:10:00+00:00,True,,False,data/raw/wta/stats/_httpcache/2025/55f1ec1e828306ebc825c1864da12d415e1124a453f92014afbcf3213c00f90a.json,14625dbb377d52bea34c3381fc4ee6659e54be7a9e299c8a8464442194afb28a,1,138705.0,False,2025-07-01,fresh,False,False
2025,904,LS61511608,Barbora Krejcikova,Alexandra Eala,318314,330332,R128,3-6 6-2 6-1,completed,present,2025-06-30,2025-07-13,2025-07-01T12:30:00+00:00,True,,False,data/raw/wta/stats/_httpcache/2025/55f1ec1e828306ebc825c1864da12d415e1124a453f92014afbcf3213c00f90a.json,14625dbb377d52bea34c3381fc4ee6659e54be7a9e299c8a8464442194afb28a,1,138693.0,False,2025-07-01,fresh,False,False
2025,904,LS61511612,Hailey Baptiste,Sorana Cirstea,327101,312469,R128,6-7(0) 6-1 6-2,completed,present,2025-06-30,2025-07-13,2025-07-01T14:25:00+00:00,True,,False,data/raw/wta/stats/_httpcache/2025/55f1ec1e828306ebc825c1864da12d415e1124a453f92014afbcf3213c00f90a.json,14625dbb377d52bea34c3381fc4ee6659e54be7a9e299c8a8464442194afb28a,1,138702.0,False,2025-07-01,fresh,False,False
2025,904,LS61511614,Lucia Bronzetti,Jil Teichmann,322280,320926,R128,6-4 7-5,completed,present,2025-06-30,2025-07-13,2025-07-01T13:20:00+00:00,True,,False,data/raw/wta/stats/_httpcache/2025/55f1ec1e828306ebc825c1864da12d415e1124a453f92014afbcf3213c00f90a.json,14625dbb377d52bea34c3381fc4ee6659e54be7a9e299c8a8464442194afb28a,1,138696.0,False,2025-07-01,fresh,False,False
2025,904,LS61511616,Mirra Andreeva,Mayar Sherif Ahmed Abdelaziz,331809,318711,R128,6-3 6-3,completed,present,2025-06-30,2025-07-13,2025-07-01T14:45:00+00:00,True,,False,data/raw/wta/stats/_httpcache/2025/55f1ec1e828306ebc825c1864da12d415e1124a453f92014afbcf3213c00f90a.json,14625dbb377d52bea34c3381fc4ee6659e54be7a9e299c8a8464442194afb28a,1,138703.0,False,2025-07-01,fresh,False,False
2025,904,LS61511618,Katerina Siniakova,Qinwen Zheng,320301,328120,R128,7-5 4-6 6-1,completed,present,2025-06-30,2025-07-13,2025-07-01T12:05:00+00:00,True,,False,data/raw/wta/stats/_httpcache/2025/55f1ec1e828306ebc825c1864da12d415e1124a453f92014afbcf3213c00f90a.json,14625dbb377d52bea34c3381fc4ee6659e54be7a9e299c8a8464442194afb28a,1,138690.0,False,2025-07-01,fresh,False,False
2025,904,LS61511620,Naomi Osaka,Talia Gibson,319998,329393,R128,6-4 7-6(4),completed,present,2025-06-30,2025-07-13,2025-06-30T17:20:00+00:00,True,,False,data/raw/wta/stats/_httpcache/2025/55f1ec1e828306ebc825c1864da12d415e1124a453f92014afbcf3213c00f90a.json,14625dbb377d52bea34c3381fc4ee6659e54be7a9e299c8a8464442194afb28a,1,138677.0,False,2025-06-30,fresh,False,False
2025,904,LS61511622,Anastasia Pavlyuchenkova,Ajla Tomljanovic,313796,315232,R128,4-6 6-3 6-2,completed,present,2025-06-30,2025-07-13,2025-06-30T17:25:00+00:00,True,,False,data/raw/wta/stats/_httpcache/2025/55f1ec1e828306ebc825c1864da12d415e1124a453f92014afbcf3213c00f90a.json,14625dbb377d52bea34c3381fc4ee6659e54be7a9e299c8a8464442194afb28a,1,138678.0,False,2025-06-30,fresh,False,False
2025,904,LS61511624,Ashlyn Krueger,Mika Stojsavljevic,329409,333132,R128,6-3 6-2,completed,present,2025-06-30,2025-07-13,2025-06-30T18:05:00+00:00,True,,False,data/raw/wta/stats/_httpcache/2025/55f1ec1e828306ebc825c1864da12d415e1124a453f92014afbcf3213c00f90a.json,14625dbb377d52bea34c3381fc4ee6659e54be7a9e299c8a8464442194afb28a,1,138680.0,False,2025-06-30,fresh,False,False
2025,904,LS61511626,Sonay Kartal,Jelena Ostapenko,329918,319939,R128,7-5 2-6 6-2,completed,present,2025-06-30,2025-07-13,2025-06-30T10:00:00+00:00,True,,False,data/raw/wta/stats/_httpcache/2025/55f1ec1e828306ebc825c1864da12d415e1124a453f92014afbcf3213c00f90a.json,14625dbb377d52bea34c3381fc4ee6659e54be7a9e299c8a8464442194afb28a,1,138656.0,False,2025-06-30,fresh,False,False
2025,904,LS61511628,Viktoriya Tomova,Ons Jabeur,317584,316847,R128,,incomplete-or-invalid-score,score-conflict,2025-06-30,2025-07-13,2025-06-30T10:00:00+00:00,True,,False,data/raw/wta/stats/_httpcache/2025/55f1ec1e828306ebc825c1864da12d415e1124a453f92014afbcf3213c00f90a.json,14625dbb377d52bea34c3381fc4ee6659e54be7a9e299c8a8464442194afb28a,1,138651.0,False,2025-06-30,fresh,False,False
2025,904,LS61511630,Diane Parry,Petra Martic,327077,313711,R128,4-6 6-3 6-2,completed,present,2025-06-30,2025-07-13,2025-06-30T10:00:00+00:00,True,,False,data/raw/wta/stats/_httpcache/2025/55f1ec1e828306ebc825c1864da12d415e1124a453f92014afbcf3213c00f90a.json,14625dbb377d52bea34c3381fc4ee6659e54be7a9e299c8a8464442194afb28a,1,138654.0,False,2025-06-30,fresh,False,False
2025,904,LS61511632,Diana Shnaider,Moyuka Uchijima,330482,327241,R128,7-6(5) 6-3,completed,present,2025-06-30,2025-07-13,2025-06-30T13:15:00+00:00,True,,False,data/raw/wta/stats/_httpcache/2025/55f1ec1e828306ebc825c1864da12d415e1124a453f92014afbcf3213c00f90a.json,14625dbb377d52bea34c3381fc4ee6659e54be7a9e299c8a8464442194afb28a,1,138664.0,False,2025-06-30,fresh,False,False
2025,904,LS61511634,Amanda Anisimova,Yulia Putintseva,326384,317683,R128,6-0 6-0,completed,present,2025-06-30,2025-07-13,2025-06-30T16:55:00+00:00,True,,False,data/raw/wta/stats/_httpcache/2025/55f1ec1e828306ebc825c1864da12d415e1124a453f92014afbcf3213c00f90a.json,14625dbb377d52bea34c3381fc4ee6659e54be7a9e299c8a8464442194afb28a,1,138676.0,False,2025-06-30,fresh,False,False
2025,904,LS61511636,Renata Zarazua,Yanina Wickmayer,320716,312536,R128,6-0 6-3,completed,present,2025-06-30,2025-07-13,2025-06-30T15:35:19+00:00,True,,False,data/raw/wta/stats/_httpcache/2025/55f1ec1e828306ebc825c1864da12d415e1124a453f92014afbcf3213c00f90a.json,14625dbb377d52bea34c3381fc4ee6659e54be7a9e299c8a8464442194afb28a,1,138668.0,False,2025-06-30,fresh,False,False
2025,904,LS61511638,Dalma Galfi,Harriet Dart,321106,319489,R128,3-6 6-3 7-5,completed,present,2025-06-30,2025-07-13,2025-06-30T15:30:00+00:00,True,,False,data/raw/wta/stats/_httpcache/2025/55f1ec1e828306ebc825c1864da12d415e1124a453f92014afbcf3213c00f90a.json,14625dbb377d52bea34c3381fc4ee6659e54be7a9e299c8a8464442194afb28a,1,138669.0,False,2025-06-30,fresh,False,False
2025,904,LS61511640,Beatriz Haddad Maia,Rebecca Sramkova,318176,320228,R128,7-6(7) 6-4,completed,present,2025-06-30,2025-07-13,2025-06-30T12:35:00+00:00,True,,False,data/raw/wta/stats/_httpcache/2025/55f1ec1e828306ebc825c1864da12d415e1124a453f92014afbcf3213c00f90a.json,14625dbb377d52bea34c3381fc4ee6659e54be7a9e299c8a8464442194afb28a,1,138661.0,False,2025-06-30,fresh,False,False
2025,904,LS61511642,Linda Noskova,Bernarda Pera,329668,317708,R128,6-2 6-4,completed,present,2025-06-30,2025-07-13,2025-06-30T11:50:00+00:00,True,,False,data/raw/wta/stats/_httpcache/2025/55f1ec1e828306ebc825c1864da12d415e1124a453f92014afbcf3213c00f90a.json,14625dbb377d52bea34c3381fc4ee6659e54be7a9e299c8a8464442194afb28a,1,138658.0,False,2025-06-30,fresh,False,False
2025,904,LS61511644,Eva Lys,Yue Yuan,325826,324325,R128,6-4 5-7 6-2,completed,present,2025-06-30,2025-07-13,2025-06-30T10:00:00+00:00,True,,False,data/raw/wta/stats/_httpcache/2025/55f1ec1e828306ebc825c1864da12d415e1124a453f92014afbcf3213c00f90a.json,14625dbb377d52bea34c3381fc4ee6659e54be7a9e299c8a8464442194afb28a,1,138655.0,False,2025-06-30,fresh,False,False
2025,904,LS61511646,Kamilla Rakhimova,Aoi Ito,325936,329009,R128,5-7 6-3 6-2,completed,present,2025-06-30,2025-07-13,2025-06-30T16:20:16+00:00,True,,False,data/raw/wta/stats/_httpcache/2025/55f1ec1e828306ebc825c1864da12d415e1124a453f92014afbcf3213c00f90a.json,14625dbb377d52bea34c3381fc4ee6659e54be7a9e299c8a8464442194afb28a,1,138673.0,False,2025-06-30,fresh,False,False
2025,904,LS61511648,Jasmine Paolini,Anastasija Sevastova,319280,313987,R128,2-6 6-3 6-2,completed,present,2025-06-30,2025-07-13,2025-06-30T16:45:00+00:00,True,,False,data/raw/wta/stats/_httpcache/2025/55f1ec1e828306ebc825c1864da12d415e1124a453f92014afbcf3213c00f90a.json,14625dbb377d52bea34c3381fc4ee6659e54be7a9e299c8a8464442194afb28a,1,138674.0,False,2025-06-30,fresh,False,False
2025,904,LS61511650,Madison Keys,Elena-Gabriela Ruse,316959,320408,R128,6-7(4) 7-5 7-5,completed,present,2025-06-30,2025-07-13,2025-06-30T13:40:00+00:00,True,,False,data/raw/wta/stats/_httpcache/2025/55f1ec1e828306ebc825c1864da12d415e1124a453f92014afbcf3213c00f90a.json,14625dbb377d52bea34c3381fc4ee6659e54be7a9e299c8a8464442194afb28a,1,138665.0,False,2025-06-30,fresh,False,False
2025,904,LS61511652,Olga Danilovic,Shuai Zhang,324934,311779,R128,6-2 6-4,completed,present,2025-06-30,2025-07-13,2025-06-30T13:55:40+00:00,True,,False,data/raw/wta/stats/_httpcache/2025/55f1ec1e828306ebc825c1864da12d415e1124a453f92014afbcf3213c00f90a.json,14625dbb377d52bea34c3381fc4ee6659e54be7a9e299c8a8464442194afb28a,1,138666.0,False,2025-06-30,fresh,False,False
2025,904,LS61511654,Laura Siegemund,Peyton Stearns,310926,327573,R128,6-4 6-2,completed,present,2025-06-30,2025-07-13,2025-06-30T12:45:00+00:00,True,,False,data/raw/wta/stats/_httpcache/2025/55f1ec1e828306ebc825c1864da12d415e1124a453f92014afbcf3213c00f90a.json,14625dbb377d52bea34c3381fc4ee6659e54be7a9e299c8a8464442194afb28a,1,138663.0,False,2025-06-30,fresh,False,False
2025,904,LS61511656,Leylah Fernandez,Hannah Klugman,326735,333440,R128,6-1 6-3,completed,present,2025-06-30,2025-07-13,2025-06-30T14:20:00+00:00,True,,False,data/raw/wta/stats/_httpcache/2025/55f1ec1e828306ebc825c1864da12d415e1124a453f92014afbcf3213c00f90a.json,14625dbb377d52bea34c3381fc4ee6659e54be7a9e299c8a8464442194afb28a,1,138667.0,False,2025-06-30,fresh,False,False
2025,904,LS61511658,Donna Vekic,Kimberly Birrell,318516,320728,R128,6-0 6-4,completed,present,2025-06-30,2025-07-13,2025-06-30T10:00:00+00:00,True,,False,data/raw/wta/stats/_httpcache/2025/55f1ec1e828306ebc825c1864da12d415e1124a453f92014afbcf3213c00f90a.json,14625dbb377d52bea34c3381fc4ee6659e54be7a9e299c8a8464442194afb28a,1,138652.0,False,2025-06-30,fresh,False,False
2025,904,LS61511660,Cristina Bucsa,Anca Alexia Todoni,321158,330442,R128,6-4 6-4,completed,present,2025-06-30,2025-07-13,2025-06-30T10:00:00+00:00,True,,False,data/raw/wta/stats/_httpcache/2025/55f1ec1e828306ebc825c1864da12d415e1124a453f92014afbcf3213c00f90a.json,14625dbb377d52bea34c3381fc4ee6659e54be7a9e299c8a8464442194afb28a,1,138657.0,False,2025-06-30,fresh,False,False
2025,904,LS61511664,Katie Boulter,Paula Badosa,319125,320124,R128,6-2 3-6 6-4,completed,present,2025-06-30,2025-07-13,2025-06-30T17:35:00+00:00,True,,False,data/raw/wta/stats/_httpcache/2025/55f1ec1e828306ebc825c1864da12d415e1124a453f92014afbcf3213c00f90a.json,14625dbb377d52bea34c3381fc4ee6659e54be7a9e299c8a8464442194afb28a,1,138679.0,False,2025-06-30,fresh,False,False
2025,904,LS61511666,Elina Svitolina,Anna Bondar,316738,322942,R128,6-3 6-1,completed,present,2025-06-30,2025-07-13,2025-06-30T10:00:00+00:00,True,,False,data/raw/wta/stats/_httpcache/2025/55f1ec1e828306ebc825c1864da12d415e1124a453f92014afbcf3213c00f90a.json,14625dbb377d52bea34c3381fc4ee6659e54be7a9e299c8a8464442194afb28a,1,138653.0,False,2025-06-30,fresh,False,False
2025,904,LS61511668,Aliaksandra Sasnovich,Varvara Gracheva,317790,325836,R128,6-4 6-7(5) 7-6(8),completed,present,2025-06-30,2025-07-13,2025-06-30T12:30:00+00:00,True,,False,data/raw/wta/stats/_httpcache/2025/55f1ec1e828306ebc825c1864da12d415e1124a453f92014afbcf3213c00f90a.json,14625dbb377d52bea34c3381fc4ee6659e54be7a9e299c8a8464442194afb28a,1,138662.0,False,2025-06-30,fresh,False,False
2025,904,LS61511670,Ann Li,Viktorija Golubic,326096,316296,R128,6-3 4-6 6-1,completed,present,2025-06-30,2025-07-13,2025-06-30T16:15:36+00:00,True,,False,data/raw/wta/stats/_httpcache/2025/55f1ec1e828306ebc825c1864da12d415e1124a453f92014afbcf3213c00f90a.json,14625dbb377d52bea34c3381fc4ee6659e54be7a9e299c8a8464442194afb28a,1,138671.0,False,2025-06-30,fresh,False,False
2025,904,LS61511672,Elise Mertens,Linda Fruhvirtova,317964,329627,R128,6-4 6-2,completed,present,2025-06-30,2025-07-13,2025-06-30T17:55:00+00:00,True,,False,data/raw/wta/stats/_httpcache/2025/55f1ec1e828306ebc825c1864da12d415e1124a453f92014afbcf3213c00f90a.json,14625dbb377d52bea34c3381fc4ee6659e54be7a9e299c8a8464442194afb28a,1,138681.0,False,2025-06-30,fresh,False,False
2025,904,LS61511674,Marketa Vondrousova,McCartney Kessler,323027,326678,R128,6-1 7-6(3),completed,present,2025-06-30,2025-07-13,2025-06-30T15:50:00+00:00,True,,False,data/raw/wta/stats/_httpcache/2025/55f1ec1e828306ebc825c1864da12d415e1124a453f92014afbcf3213c00f90a.json,14625dbb377d52bea34c3381fc4ee6659e54be7a9e299c8a8464442194afb28a,1,138670.0,False,2025-06-30,fresh,False,False
2025,904,LS61511676,Emma Raducanu,Mingge Xu,328366,331725,R128,6-3 6-3,completed,present,2025-06-30,2025-07-13,2025-06-30T16:25:00+00:00,True,,False,data/raw/wta/stats/_httpcache/2025/55f1ec1e828306ebc825c1864da12d415e1124a453f92014afbcf3213c00f90a.json,14625dbb377d52bea34c3381fc4ee6659e54be7a9e299c8a8464442194afb28a,1,138672.0,False,2025-06-30,fresh,False,False
2025,904,LS61511678,Marie Bouzkova,Lulu Sun,320983,324576,R128,6-4 6-4,completed,present,2025-06-30,2025-07-13,2025-06-30T16:45:00+00:00,True,,False,data/raw/wta/stats/_httpcache/2025/55f1ec1e828306ebc825c1864da12d415e1124a453f92014afbcf3213c00f90a.json,14625dbb377d52bea34c3381fc4ee6659e54be7a9e299c8a8464442194afb28a,1,138675.0,False,2025-06-30,fresh,False,False
2025,904,LS61511680,Aryna Sabalenka,Carson Branstine,320760,324361,R128,6-1 7-5,completed,present,2025-06-30,2025-07-13,2025-06-30T12:00:00+00:00,True,,False,data/raw/wta/stats/_httpcache/2025/55f1ec1e828306ebc825c1864da12d415e1124a453f92014afbcf3213c00f90a.json,14625dbb377d52bea34c3381fc4ee6659e54be7a9e299c8a8464442194afb28a,1,138659.0,False,2025-06-30,fresh,False,False
2025,904,LS61590496,Solana Sierra,Olivia Gadecki,329081,326653,R128,6-2 7-6(8),completed,present,2025-06-30,2025-07-13,2025-06-30T12:40:00+00:00,True,,False,data/raw/wta/stats/_httpcache/2025/55f1ec1e828306ebc825c1864da12d415e1124a453f92014afbcf3213c00f90a.json,14625dbb377d52bea34c3381fc4ee6659e54be7a9e299c8a8464442194afb28a,1,138660.0,False,2025-06-30,fresh,False,False
2025,904,LS61617984,Victoria Mboko,Magdalena Frech,331006,320277,R128,6-3 6-2,completed,present,2025-06-30,2025-07-13,2025-07-01T15:00:00+00:00,True,,False,data/raw/wta/stats/_httpcache/2025/55f1ec1e828306ebc825c1864da12d415e1124a453f92014afbcf3213c00f90a.json,14625dbb377d52bea34c3381fc4ee6659e54be7a9e299c8a8464442194afb28a,1,138704.0,False,2025-07-01,fresh,False,False
2025,905,LS63101291,Elise Mertens,Lulu Sun,317964,324576,R64,6-2 6-3,completed,present,2025-08-24,2025-09-07,2025-08-27T22:10:00+00:00,True,,False,data/raw/wta/stats/_httpcache/2025/7990ecc1a6a299329d5bf740fb8da98ccafa0f889c49cff7590c1ec5691aa284.json,f83bef8ce60587597bb09d76693b873dc6432375ed6a1fccfdc8a22c78952a48,1,139728.0,True,2025-08-27,stats,False,False
2025,905,LS63101293,Cristina Bucsa,Alexandra Eala,321158,330332,R64,6-4 6-3,completed,present,2025-08-24,2025-09-07,2025-08-27T17:00:00+00:00,False,,False,data/raw/wta/stats/_httpcache/2025/7990ecc1a6a299329d5bf740fb8da98ccafa0f889c49cff7590c1ec5691aa284.json,f83bef8ce60587597bb09d76693b873dc6432375ed6a1fccfdc8a22c78952a48,1,139722.0,True,2025-08-27,stats,False,False
2025,905,LS63101295,Aryna Sabalenka,Polina Kudermetova,320760,328897,R64,7-6(4) 6-2,completed,present,2025-08-24,2025-09-07,2025-08-28T01:20:00+00:00,True,,False,data/raw/wta/stats/_httpcache/2025/7990ecc1a6a299329d5bf740fb8da98ccafa0f889c49cff7590c1ec5691aa284.json,f83bef8ce60587597bb09d76693b873dc6432375ed6a1fccfdc8a22c78952a48,1,139734.0,True,2025-08-28,stats,False,False
2025,905,LS63101297,Leylah Fernandez,Elsa Jacquemot,326735,328142,R64,2-6 6-3 6-2,completed,present,2025-08-24,2025-09-07,2025-08-27T23:45:00+00:00,True,,False,data/raw/wta/stats/_httpcache/2025/7990ecc1a6a299329d5bf740fb8da98ccafa0f889c49cff7590c1ec5691aa284.json,f83bef8ce60587597bb09d76693b873dc6432375ed6a1fccfdc8a22c78952a48,1,139732.0,True,2025-08-27,stats,False,False
2025,905,LS63101299,Marketa Vondrousova,McCartney Kessler,323027,326678,R64,7-6(7) 6-2,completed,present,2025-08-24,2025-09-07,2025-08-27T23:20:00+00:00,True,,False,data/raw/wta/stats/_httpcache/2025/7990ecc1a6a299329d5bf740fb8da98ccafa0f889c49cff7590c1ec5691aa284.json,f83bef8ce60587597bb09d76693b873dc6432375ed6a1fccfdc8a22c78952a48,1,139731.0,True,2025-08-27,stats,False,False
2025,905,LS63101301,Jasmine Paolini,Iva Jovic,319280,332285,R64,6-3 6-3,completed,present,2025-08-24,2025-09-07,2025-08-27T23:05:00+00:00,True,,False,data/raw/wta/stats/_httpcache/2025/7990ecc1a6a299329d5bf740fb8da98ccafa0f889c49cff7590c1ec5691aa284.json,f83bef8ce60587597bb09d76693b873dc6432375ed6a1fccfdc8a22c78952a48,1,139730.0,True,2025-08-27,stats,False,False
2025,905,LS63101303,Elena Rybakina,Tereza Valentova,324166,330808,R64,6-3 7-6(7),completed,present,2025-08-24,2025-09-07,2025-08-27T20:50:00+00:00,True,,False,data/raw/wta/stats/_httpcache/2025/7990ecc1a6a299329d5bf740fb8da98ccafa0f889c49cff7590c1ec5691aa284.json,f83bef8ce60587597bb09d76693b873dc6432375ed6a1fccfdc8a22c78952a48,1,139725.0,True,2025-08-27,stats,False,False
2025,905,LS63101305,Emma Raducanu,Janice Tjen,328366,460837,R64,6-2 6-1,completed,present,2025-08-24,2025-09-07,2025-08-27T15:00:00+00:00,False,,False,data/raw/wta/stats/_httpcache/2025/7990ecc1a6a299329d5bf740fb8da98ccafa0f889c49cff7590c1ec5691aa284.json,f83bef8ce60587597bb09d76693b873dc6432375ed6a1fccfdc8a22c78952a48,1,139719.0,True,2025-08-27,stats,False,False
2025,905,LS63101307,Priscilla Hon,Liudmila Samsonova,320543,322222,R64,4-6 6-3 6-2,completed,present,2025-08-24,2025-09-07,2025-08-27T21:30:00+00:00,True,,False,data/raw/wta/stats/_httpcache/2025/7990ecc1a6a299329d5bf740fb8da98ccafa0f889c49cff7590c1ec5691aa284.json,f83bef8ce60587597bb09d76693b873dc6432375ed6a1fccfdc8a22c78952a48,1,139727.0,True,2025-08-27,stats,False,False
2025,905,LS63101309,Ann Li,Belinda Bencic,326096,319001,R64,6-3 6-3,completed,present,2025-08-24,2025-09-07,2025-08-27T23:55:00+00:00,True,,False,data/raw/wta/stats/_httpcache/2025/7990ecc1a6a299329d5bf740fb8da98ccafa0f889c49cff7590c1ec5691aa284.json,f83bef8ce60587597bb09d76693b873dc6432375ed6a1fccfdc8a22c78952a48,1,139733.0,True,2025-08-27,stats,False,False
2025,905,LS63101311,Jessica Pegula,Anna Blinkova,316956,324267,R64,6-1 6-3,completed,present,2025-08-24,2025-09-07,2025-08-27T18:40:00+00:00,True,,False,data/raw/wta/stats/_httpcache/2025/7990ecc1a6a299329d5bf740fb8da98ccafa0f889c49cff7590c1ec5691aa284.json,f83bef8ce60587597bb09d76693b873dc6432375ed6a1fccfdc8a22c78952a48,1,139723.0,True,2025-08-27,stats,False,False
2025,905,LS63101313,Victoria Azarenka,Anastasia Pavlyuchenkova,312001,313796,R64,6-3 6-3,completed,present,2025-08-24,2025-09-07,2025-08-27T15:00:00+00:00,False,,False,data/raw/wta/stats/_httpcache/2025/7990ecc1a6a299329d5bf740fb8da98ccafa0f889c49cff7590c1ec5691aa284.json,f83bef8ce60587597bb09d76693b873dc6432375ed6a1fccfdc8a22c78952a48,1,139720.0,True,2025-08-27,stats,False,False
2025,905,LS63101315,Taylor Townsend,Jelena Ostapenko,318609,319939,R64,7-5 6-1,completed,present,2025-08-24,2025-09-07,2025-08-27T21:00:00+00:00,True,,False,data/raw/wta/stats/_httpcache/2025/7990ecc1a6a299329d5bf740fb8da98ccafa0f889c49cff7590c1ec5691aa284.json,f83bef8ce60587597bb09d76693b873dc6432375ed6a1fccfdc8a22c78952a48,1,139726.0,True,2025-08-27,stats,False,False
2025,905,LS63101317,Mirra Andreeva,Anastasia Potapova,331809,325601,R64,6-1 6-3,completed,present,2025-08-24,2025-09-07,2025-08-27T22:30:00+00:00,True,,False,data/raw/wta/stats/_httpcache/2025/7990ecc1a6a299329d5bf740fb8da98ccafa0f889c49cff7590c1ec5691aa284.json,f83bef8ce60587597bb09d76693b873dc6432375ed6a1fccfdc8a22c78952a48,1,139729.0,True,2025-08-27,stats,False,False
2025,905,LS63101319,Emma Navarro,Caty McNally,325410,325725,R64,6-2 6-1,completed,present,2025-08-24,2025-09-07,2025-08-27T15:00:00+00:00,False,,False,data/raw/wta/stats/_httpcache/2025/7990ecc1a6a299329d5bf740fb8da98ccafa0f889c49cff7590c1ec5691aa284.json,f83bef8ce60587597bb09d76693b873dc6432375ed6a1fccfdc8a22c78952a48,1,139721.0,True,2025-08-27,stats,False,False
2025,905,LS63101321,Barbora Krejcikova,Moyuka Uchijima,318314,327241,R64,6-4 6-2,completed,present,2025-08-24,2025-09-07,2025-08-27T19:35:00+00:00,True,,False,data/raw/wta/stats/_httpcache/2025/7990ecc1a6a299329d5bf740fb8da98ccafa0f889c49cff7590c1ec5691aa284.json,f83bef8ce60587597bb09d76693b873dc6432375ed6a1fccfdc8a22c78952a48,1,139724.0,True,2025-08-27,stats,False,False
2025,905,LS63101323,Jessica Pegula,Ann Li,316956,326096,R16,6-1 6-2,completed,present,2025-08-24,2025-09-07,2025-08-31T15:30:00+00:00,False,,False,data/raw/wta/stats/_httpcache/2025/7990ecc1a6a299329d5bf740fb8da98ccafa0f889c49cff7590c1ec5691aa284.json,f83bef8ce60587597bb09d76693b873dc6432375ed6a1fccfdc8a22c78952a48,1,139781.0,True,2025-08-31,stats,False,False
2025,905,LS63101325,Barbora Krejcikova,Taylor Townsend,318314,318609,R16,1-6 7-6(13) 6-3,completed,present,2025-08-24,2025-09-07,2025-08-31T18:45:00+00:00,True,,False,data/raw/wta/stats/_httpcache/2025/7990ecc1a6a299329d5bf740fb8da98ccafa0f889c49cff7590c1ec5691aa284.json,f83bef8ce60587597bb09d76693b873dc6432375ed6a1fccfdc8a22c78952a48,1,139782.0,True,2025-08-31,stats,False,False
2025,905,LS63101327,Aryna Sabalenka,Cristina Bucsa,320760,321158,R16,6-1 6-4,completed,present,2025-08-24,2025-09-07,2025-09-01T00:15:00+00:00,True,,False,data/raw/wta/stats/_httpcache/2025/7990ecc1a6a299329d5bf740fb8da98ccafa0f889c49cff7590c1ec5691aa284.json,f83bef8ce60587597bb09d76693b873dc6432375ed6a1fccfdc8a22c78952a48,1,139807.0,True,2025-09-01,stats,False,False
2025,905,LS63101329,Marketa Vondrousova,Elena Rybakina,323027,324166,R16,6-4 5-7 6-2,completed,present,2025-08-24,2025-09-07,2025-09-01T01:35:00+00:00,True,,False,data/raw/wta/stats/_httpcache/2025/7990ecc1a6a299329d5bf740fb8da98ccafa0f889c49cff7590c1ec5691aa284.json,f83bef8ce60587597bb09d76693b873dc6432375ed6a1fccfdc8a22c78952a48,1,139808.0,True,2025-09-01,stats,False,False
2025,905,LS63101331,Amanda Anisimova,Beatriz Haddad Maia,326384,318176,R16,6-0 6-3,completed,present,2025-08-24,2025-09-07,2025-09-02T01:00:00+00:00,True,,False,data/raw/wta/stats/_httpcache/2025/7990ecc1a6a299329d5bf740fb8da98ccafa0f889c49cff7590c1ec5691aa284.json,f83bef8ce60587597bb09d76693b873dc6432375ed6a1fccfdc8a22c78952a48,1,139840.0,True,2025-09-02,stats,False,False
2025,905,LS63101333,Iga Swiatek,Ekaterina Alexandrova,326408,319007,R16,6-3 6-1,completed,present,2025-08-24,2025-09-07,2025-09-01T17:10:00+00:00,True,,False,data/raw/wta/stats/_httpcache/2025/7990ecc1a6a299329d5bf740fb8da98ccafa0f889c49cff7590c1ec5691aa284.json,f83bef8ce60587597bb09d76693b873dc6432375ed6a1fccfdc8a22c78952a48,1,139809.0,True,2025-09-01,stats,False,False
2025,905,LS63101335,Karolina Muchova,Marta Kostyuk,322191,326482,R16,6-3 6-7(0) 6-3,completed,present,2025-08-24,2025-09-07,2025-09-01T17:30:00+00:00,True,,False,data/raw/wta/stats/_httpcache/2025/7990ecc1a6a299329d5bf740fb8da98ccafa0f889c49cff7590c1ec5691aa284.json,f83bef8ce60587597bb09d76693b873dc6432375ed6a1fccfdc8a22c78952a48,1,139810.0,True,2025-09-01,stats,False,False
2025,905,LS63101337,Naomi Osaka,Coco Gauff,319998,328560,R16,6-3 6-2,completed,present,2025-08-24,2025-09-07,2025-09-01T18:25:00+00:00,True,,False,data/raw/wta/stats/_httpcache/2025/7990ecc1a6a299329d5bf740fb8da98ccafa0f889c49cff7590c1ec5691aa284.json,f83bef8ce60587597bb09d76693b873dc6432375ed6a1fccfdc8a22c78952a48,1,139811.0,True,2025-09-01,stats,False,False
2025,905,LS63101339,Naomi Osaka,Karolina Muchova,319998,322191,QF,6-4 7-6(3),completed,present,2025-08-24,2025-09-07,2025-09-03T23:25:00+00:00,False,,False,data/raw/wta/stats/_httpcache/2025/7990ecc1a6a299329d5bf740fb8da98ccafa0f889c49cff7590c1ec5691aa284.json,f83bef8ce60587597bb09d76693b873dc6432375ed6a1fccfdc8a22c78952a48,1,139863.0,True,2025-09-03,stats,False,False
2025,905,LS63101341,Amanda Anisimova,Iga Swiatek,326384,326408,QF,6-4 6-3,completed,present,2025-08-24,2025-09-07,2025-09-03T20:15:00+00:00,False,,False,data/raw/wta/stats/_httpcache/2025/7990ecc1a6a299329d5bf740fb8da98ccafa0f889c49cff7590c1ec5691aa284.json,f83bef8ce60587597bb09d76693b873dc6432375ed6a1fccfdc8a22c78952a48,1,139862.0,True,2025-09-03,stats,False,False
2025,905,LS63101343,Aryna Sabalenka,Marketa Vondrousova,320760,323027,QF,,incomplete-or-invalid-score,present,2025-08-24,2025-09-07,2025-09-02T23:00:00+00:00,False,,False,data/raw/wta/stats/_httpcache/2025/7990ecc1a6a299329d5bf740fb8da98ccafa0f889c49cff7590c1ec5691aa284.json,f83bef8ce60587597bb09d76693b873dc6432375ed6a1fccfdc8a22c78952a48,1,139864.0,False,2025-09-03,fresh,False,False
2025,905,LS63101345,Jessica Pegula,Barbora Krejcikova,316956,318314,QF,6-3 6-3,completed,present,2025-08-24,2025-09-07,2025-09-02T15:30:00+00:00,False,,False,data/raw/wta/stats/_httpcache/2025/7990ecc1a6a299329d5bf740fb8da98ccafa0f889c49cff7590c1ec5691aa284.json,f83bef8ce60587597bb09d76693b873dc6432375ed6a1fccfdc8a22c78952a48,1,139841.0,True,2025-09-02,stats,False,False
2025,905,LS63101347,Aryna Sabalenka,Amanda Anisimova,320760,326384,F,6-3 7-6(3),completed,present,2025-08-24,2025-09-07,2025-09-06T20:15:00+00:00,False,,False,data/raw/wta/stats/_httpcache/2025/7990ecc1a6a299329d5bf740fb8da98ccafa0f889c49cff7590c1ec5691aa284.json,f83bef8ce60587597bb09d76693b873dc6432375ed6a1fccfdc8a22c78952a48,1,139914.0,True,2025-09-06,stats,False,False
2025,905,LS63101349,Aryna Sabalenka,Jessica Pegula,320760,316956,SF,4-6 6-3 6-4,completed,present,2025-08-24,2025-09-07,2025-09-04T23:15:00+00:00,False,,False,data/raw/wta/stats/_httpcache/2025/7990ecc1a6a299329d5bf740fb8da98ccafa0f889c49cff7590c1ec5691aa284.json,f83bef8ce60587597bb09d76693b873dc6432375ed6a1fccfdc8a22c78952a48,1,139876.0,True,2025-09-04,stats,False,False
2025,905,LS63101351,Amanda Anisimova,Naomi Osaka,326384,319998,SF,6-7(4) 7-6(3) 6-3,completed,present,2025-08-24,2025-09-07,2025-09-05T01:55:00+00:00,False,,False,data/raw/wta/stats/_httpcache/2025/7990ecc1a6a299329d5bf740fb8da98ccafa0f889c49cff7590c1ec5691aa284.json,f83bef8ce60587597bb09d76693b873dc6432375ed6a1fccfdc8a22c78952a48,1,139885.0,True,2025-09-05,stats,False,False
2025,905,LS63101353,Elena Rybakina,Emma Raducanu,324166,328366,R32,6-1 6-2,completed,present,2025-08-24,2025-09-07,2025-08-29T15:00:00+00:00,False,,False,data/raw/wta/stats/_httpcache/2025/7990ecc1a6a299329d5bf740fb8da98ccafa0f889c49cff7590c1ec5691aa284.json,f83bef8ce60587597bb09d76693b873dc6432375ed6a1fccfdc8a22c78952a48,1,139751.0,True,2025-08-29,stats,False,False
2025,905,LS63101355,Marketa Vondrousova,Jasmine Paolini,323027,319280,R32,7-6(4) 6-1,completed,present,2025-08-24,2025-09-07,2025-08-29T17:40:00+00:00,True,,False,data/raw/wta/stats/_httpcache/2025/7990ecc1a6a299329d5bf740fb8da98ccafa0f889c49cff7590c1ec5691aa284.json,f83bef8ce60587597bb09d76693b873dc6432375ed6a1fccfdc8a22c78952a48,1,139752.0,True,2025-08-29,stats,False,False
2025,905,LS63101357,Aryna Sabalenka,Leylah Fernandez,320760,326735,R32,6-3 7-6(2),completed,present,2025-08-24,2025-09-07,2025-08-29T23:05:00+00:00,True,,False,data/raw/wta/stats/_httpcache/2025/7990ecc1a6a299329d5bf740fb8da98ccafa0f889c49cff7590c1ec5691aa284.json,f83bef8ce60587597bb09d76693b873dc6432375ed6a1fccfdc8a22c78952a48,1,139757.0,True,2025-08-29,stats,False,False
2025,905,LS63101359,Cristina Bucsa,Elise Mertens,321158,317964,R32,3-6 7-5 6-3,completed,present,2025-08-24,2025-09-07,2025-08-29T18:15:00+00:00,True,,False,data/raw/wta/stats/_httpcache/2025/7990ecc1a6a299329d5bf740fb8da98ccafa0f889c49cff7590c1ec5691aa284.json,f83bef8ce60587597bb09d76693b873dc6432375ed6a1fccfdc8a22c78952a48,1,139754.0,True,2025-08-29,stats,False,False
2025,905,LS63101361,Barbora Krejcikova,Emma Navarro,318314,325410,R32,4-6 6-4 6-4,completed,present,2025-08-24,2025-09-07,2025-08-29T22:00:00+00:00,True,,False,data/raw/wta/stats/_httpcache/2025/7990ecc1a6a299329d5bf740fb8da98ccafa0f889c49cff7590c1ec5691aa284.json,f83bef8ce60587597bb09d76693b873dc6432375ed6a1fccfdc8a22c78952a48,1,139756.0,True,2025-08-29,stats,False,False
2025,905,LS63101363,Taylor Townsend,Mirra Andreeva,318609,331809,R32,7-5 6-2,completed,present,2025-08-24,2025-09-07,2025-08-30T02:30:00+00:00,True,,False,data/raw/wta/stats/_httpcache/2025/7990ecc1a6a299329d5bf740fb8da98ccafa0f889c49cff7590c1ec5691aa284.json,f83bef8ce60587597bb09d76693b873dc6432375ed6a1fccfdc8a22c78952a48,1,139758.0,True,2025-08-30,stats,False,False
2025,905,LS63101365,Jessica Pegula,Victoria Azarenka,316956,312001,R32,6-1 7-5,completed,present,2025-08-24,2025-09-07,2025-08-29T17:55:00+00:00,True,,False,data/raw/wta/stats/_httpcache/2025/7990ecc1a6a299329d5bf740fb8da98ccafa0f889c49cff7590c1ec5691aa284.json,f83bef8ce60587597bb09d76693b873dc6432375ed6a1fccfdc8a22c78952a48,1,139753.0,True,2025-08-29,stats,False,False
2025,905,LS63101367,Ann Li,Priscilla Hon,326096,320543,R32,7-5 6-3,completed,present,2025-08-24,2025-09-07,2025-08-29T21:10:00+00:00,True,,False,data/raw/wta/stats/_httpcache/2025/7990ecc1a6a299329d5bf740fb8da98ccafa0f889c49cff7590c1ec5691aa284.json,f83bef8ce60587597bb09d76693b873dc6432375ed6a1fccfdc8a22c78952a48,1,139755.0,True,2025-08-29,stats,False,False
2025,905,LS63101369,Naomi Osaka,Daria Kasatkina,319998,322082,R32,6-0 4-6 6-3,completed,present,2025-08-24,2025-09-07,2025-08-30T17:20:00+00:00,True,,False,data/raw/wta/stats/_httpcache/2025/7990ecc1a6a299329d5bf740fb8da98ccafa0f889c49cff7590c1ec5691aa284.json,f83bef8ce60587597bb09d76693b873dc6432375ed6a1fccfdc8a22c78952a48,1,139762.0,True,2025-08-30,stats,False,False
2025,905,LS63101371,Coco Gauff,Magdalena Frech,328560,320277,R32,6-3 6-1,completed,present,2025-08-24,2025-09-07,2025-08-30T15:30:00+00:00,False,,False,data/raw/wta/stats/_httpcache/2025/7990ecc1a6a299329d5bf740fb8da98ccafa0f889c49cff7590c1ec5691aa284.json,f83bef8ce60587597bb09d76693b873dc6432375ed6a1fccfdc8a22c78952a48,1,139760.0,True,2025-08-30,stats,False,False
2025,905,LS63101373,Marta Kostyuk,Diane Parry,326482,327077,R32,3-6 6-4 6-2,completed,present,2025-08-24,2025-09-07,2025-08-30T16:35:00+00:00,True,,False,data/raw/wta/stats/_httpcache/2025/7990ecc1a6a299329d5bf740fb8da98ccafa0f889c49cff7590c1ec5691aa284.json,f83bef8ce60587597bb09d76693b873dc6432375ed6a1fccfdc8a22c78952a48,1,139761.0,True,2025-08-30,stats,False,False
2025,905,LS63101375,Karolina Muchova,Linda Noskova,322191,329668,R32,6-7(5) 6-4 6-2,completed,present,2025-08-24,2025-09-07,2025-08-30T15:00:00+00:00,False,,False,data/raw/wta/stats/_httpcache/2025/7990ecc1a6a299329d5bf740fb8da98ccafa0f889c49cff7590c1ec5691aa284.json,f83bef8ce60587597bb09d76693b873dc6432375ed6a1fccfdc8a22c78952a48,1,139759.0,True,2025-08-30,stats,False,False
2025,905,LS63101377,Ekaterina Alexandrova,Laura Siegemund,319007,310926,R32,6-0 6-1,completed,present,2025-08-24,2025-09-07,2025-08-30T20:45:00+00:00,True,,False,data/raw/wta/stats/_httpcache/2025/7990ecc1a6a299329d5bf740fb8da98ccafa0f889c49cff7590c1ec5691aa284.json,f83bef8ce60587597bb09d76693b873dc6432375ed6a1fccfdc8a22c78952a48,1,139763.0,True,2025-08-30,stats,False,False
2025,905,LS63101379,Iga Swiatek,Anna Kalinskaya,326408,323942,R32,7-6(2) 6-4,completed,present,2025-08-24,2025-09-07,2025-08-30T23:10:00+00:00,True,,False,data/raw/wta/stats/_httpcache/2025/7990ecc1a6a299329d5bf740fb8da98ccafa0f889c49cff7590c1ec5691aa284.json,f83bef8ce60587597bb09d76693b873dc6432375ed6a1fccfdc8a22c78952a48,1,139765.0,True,2025-08-30,stats,False,False
2025,905,LS63101381,Amanda Anisimova,Jaqueline Cristian,326384,320319,R32,6-4 4-6 6-2,completed,present,2025-08-24,2025-09-07,2025-08-30T21:30:00+00:00,True,,False,data/raw/wta/stats/_httpcache/2025/7990ecc1a6a299329d5bf740fb8da98ccafa0f889c49cff7590c1ec5691aa284.json,f83bef8ce60587597bb09d76693b873dc6432375ed6a1fccfdc8a22c78952a48,1,139764.0,True,2025-08-30,stats,False,False
2025,905,LS63101383,Beatriz Haddad Maia,Maria Sakkari,318176,318312,R32,6-1 6-2,completed,present,2025-08-24,2025-09-07,2025-08-31T03:25:00+00:00,True,,False,data/raw/wta/stats/_httpcache/2025/7990ecc1a6a299329d5bf740fb8da98ccafa0f889c49cff7590c1ec5691aa284.json,f83bef8ce60587597bb09d76693b873dc6432375ed6a1fccfdc8a22c78952a48,1,139780.0,True,2025-08-31,stats,False,False
2025,905,LS63101385,Linda Noskova,Eva Lys,329668,325826,R64,6-4 3-0,incomplete-or-invalid-score,present,2025-08-24,2025-09-07,2025-08-28T15:00:00+00:00,False,,False,data/raw/wta/stats/_httpcache/2025/7990ecc1a6a299329d5bf740fb8da98ccafa0f889c49cff7590c1ec5691aa284.json,f83bef8ce60587597bb09d76693b873dc6432375ed6a1fccfdc8a22c78952a48,1,139735.0,True,2025-08-28,stats,False,False
2025,905,LS63101387,Karolina Muchova,Sorana Cirstea,322191,312469,R64,7-6(0) 6-7(3) 6-4,completed,present,2025-08-24,2025-09-07,2025-08-28T18:20:00+00:00,True,,False,data/raw/wta/stats/_httpcache/2025/7990ecc1a6a299329d5bf740fb8da98ccafa0f889c49cff7590c1ec5691aa284.json,f83bef8ce60587597bb09d76693b873dc6432375ed6a1fccfdc8a22c78952a48,1,139745.0,True,2025-08-28,stats,False,False
2025,905,LS63101389,Diane Parry,Renata Zarazua,327077,320716,R64,6-2 2-6 7-6(7),completed,present,2025-08-24,2025-09-07,2025-08-28T20:30:00+00:00,True,,False,data/raw/wta/stats/_httpcache/2025/7990ecc1a6a299329d5bf740fb8da98ccafa0f889c49cff7590c1ec5691aa284.json,f83bef8ce60587597bb09d76693b873dc6432375ed6a1fccfdc8a22c78952a48,1,139746.0,True,2025-08-28,stats,False,False
2025,905,LS63101391,Marta Kostyuk,Zeynep Sonmez,326482,326907,R64,7-5 6-7(5) 6-3,completed,present,2025-08-24,2025-09-07,2025-08-28T16:35:00+00:00,True,,False,data/raw/wta/stats/_httpcache/2025/7990ecc1a6a299329d5bf740fb8da98ccafa0f889c49cff7590c1ec5691aa284.json,f83bef8ce60587597bb09d76693b873dc6432375ed6a1fccfdc8a22c78952a48,1,139741.0,True,2025-08-28,stats,False,False
2025,905,LS63101393,Magdalena Frech,Peyton Stearns,320277,327573,R64,6-7(6) 6-3 6-2,completed,present,2025-08-24,2025-09-07,2025-08-28T17:15:00+00:00,True,,False,data/raw/wta/stats/_httpcache/2025/7990ecc1a6a299329d5bf740fb8da98ccafa0f889c49cff7590c1ec5691aa284.json,f83bef8ce60587597bb09d76693b873dc6432375ed6a1fccfdc8a22c78952a48,1,139742.0,True,2025-08-28,stats,False,False
2025,905,LS63101395,Coco Gauff,Donna Vekic,328560,318516,R64,7-6(5) 6-2,completed,present,2025-08-24,2025-09-07,2025-08-28T23:15:00+00:00,True,,False,data/raw/wta/stats/_httpcache/2025/7990ecc1a6a299329d5bf740fb8da98ccafa0f889c49cff7590c1ec5691aa284.json,f83bef8ce60587597bb09d76693b873dc6432375ed6a1fccfdc8a22c78952a48,1,139749.0,True,2025-08-28,stats,False,False
2025,905,LS63101397,Daria Kasatkina,Kamilla Rakhimova,322082,325936,R64,6-2 4-6 7-5,completed,present,2025-08-24,2025-09-07,2025-08-28T22:00:00+00:00,True,,False,data/raw/wta/stats/_httpcache/2025/7990ecc1a6a299329d5bf740fb8da98ccafa0f889c49cff7590c1ec5691aa284.json,f83bef8ce60587597bb09d76693b873dc6432375ed6a1fccfdc8a22c78952a48,1,139748.0,True,2025-08-28,stats,False,False
2025,905,LS63101399,Naomi Osaka,Hailey Baptiste,319998,327101,R64,6-3 6-1,completed,present,2025-08-24,2025-09-07,2025-08-28T17:30:00+00:00,True,,False,data/raw/wta/stats/_httpcache/2025/7990ecc1a6a299329d5bf740fb8da98ccafa0f889c49cff7590c1ec5691aa284.json,f83bef8ce60587597bb09d76693b873dc6432375ed6a1fccfdc8a22c78952a48,1,139743.0,True,2025-08-28,stats,False,False
2025,905,LS63101401,Beatriz Haddad Maia,Viktorija Golubic,318176,316296,R64,6-1 6-4,completed,present,2025-08-24,2025-09-07,2025-08-28T15:00:00+00:00,False,,False,data/raw/wta/stats/_httpcache/2025/7990ecc1a6a299329d5bf740fb8da98ccafa0f889c49cff7590c1ec5691aa284.json,f83bef8ce60587597bb09d76693b873dc6432375ed6a1fccfdc8a22c78952a48,1,139736.0,True,2025-08-28,stats,False,False
2025,905,LS63101403,Maria Sakkari,Anna Bondar,318312,322942,R64,6-3 6-1,completed,present,2025-08-24,2025-09-07,2025-08-28T15:00:00+00:00,False,,False,data/raw/wta/stats/_httpcache/2025/7990ecc1a6a299329d5bf740fb8da98ccafa0f889c49cff7590c1ec5691aa284.json,f83bef8ce60587597bb09d76693b873dc6432375ed6a1fccfdc8a22c78952a48,1,139737.0,True,2025-08-28,stats,False,False
2025,905,LS63101405,Amanda Anisimova,Maya Joint,326384,330544,R64,7-6(2) 6-2,completed,present,2025-08-24,2025-09-07,2025-08-29T02:05:00+00:00,True,,False,data/raw/wta/stats/_httpcache/2025/7990ecc1a6a299329d5bf740fb8da98ccafa0f889c49cff7590c1ec5691aa284.json,f83bef8ce60587597bb09d76693b873dc6432375ed6a1fccfdc8a22c78952a48,1,139750.0,True,2025-08-29,stats,False,False
2025,905,LS63101407,Jaqueline Cristian,Ashlyn Krueger,320319,329409,R64,4-6 6-2 6-2,completed,present,2025-08-24,2025-09-07,2025-08-28T21:15:00+00:00,True,,False,data/raw/wta/stats/_httpcache/2025/7990ecc1a6a299329d5bf740fb8da98ccafa0f889c49cff7590c1ec5691aa284.json,f83bef8ce60587597bb09d76693b873dc6432375ed6a1fccfdc8a22c78952a48,1,139747.0,True,2025-08-28,stats,False,False
2025,905,LS63101409,Anna Kalinskaya,Yulia Putintseva,323942,317683,R64,6-1 7-5,completed,present,2025-08-24,2025-09-07,2025-08-28T15:00:00+00:00,False,,False,data/raw/wta/stats/_httpcache/2025/7990ecc1a6a299329d5bf740fb8da98ccafa0f889c49cff7590c1ec5691aa284.json,f83bef8ce60587597bb09d76693b873dc6432375ed6a1fccfdc8a22c78952a48,1,139738.0,True,2025-08-28,stats,False,False
2025,905,LS63101411,Iga Swiatek,Suzan Lamens,326408,324898,R64,6-1 4-6 6-4,completed,present,2025-08-24,2025-09-07,2025-08-28T15:30:00+00:00,False,,False,data/raw/wta/stats/_httpcache/2025/7990ecc1a6a299329d5bf740fb8da98ccafa0f889c49cff7590c1ec5691aa284.json,f83bef8ce60587597bb09d76693b873dc6432375ed6a1fccfdc8a22c78952a48,1,139740.0,True,2025-08-28,stats,False,False
2025,905,LS63101413,Ekaterina Alexandrova,Xinyu Wang,319007,326376,R64,6-2 6-2,completed,present,2025-08-24,2025-09-07,2025-08-28T15:00:00+00:00,False,,False,data/raw/wta/stats/_httpcache/2025/7990ecc1a6a299329d5bf740fb8da98ccafa0f889c49cff7590c1ec5691aa284.json,f83bef8ce60587597bb09d76693b873dc6432375ed6a1fccfdc8a22c78952a48,1,139739.0,True,2025-08-28,stats,False,False
2025,905,LS63101415,Laura Siegemund,Anastasia Zakharova,310926,327367,R64,6-4 6-2,completed,present,2025-08-24,2025-09-07,2025-08-28T18:15:00+00:00,True,,False,data/raw/wta/stats/_httpcache/2025/7990ecc1a6a299329d5bf740fb8da98ccafa0f889c49cff7590c1ec5691aa284.json,f83bef8ce60587597bb09d76693b873dc6432375ed6a1fccfdc8a22c78952a48,1,139744.0,True,2025-08-28,stats,False,False
2025,905,LS63131387,Iga Swiatek,Emiliana Arango,326408,324789,R128,6-1 6-2,completed,present,2025-08-24,2025-09-07,2025-08-26T15:30:00+00:00,False,,False,data/raw/wta/stats/_httpcache/2025/7990ecc1a6a299329d5bf740fb8da98ccafa0f889c49cff7590c1ec5691aa284.json,f83bef8ce60587597bb09d76693b873dc6432375ed6a1fccfdc8a22c78952a48,1,139703.0,True,2025-08-26,stats,False,False
2025,905,LS63131389,Suzan Lamens,Valerie Glozman,324898,934205,R128,6-4 6-2,completed,present,2025-08-24,2025-09-07,2025-08-26T15:00:00+00:00,False,,False,data/raw/wta/stats/_httpcache/2025/7990ecc1a6a299329d5bf740fb8da98ccafa0f889c49cff7590c1ec5691aa284.json,f83bef8ce60587597bb09d76693b873dc6432375ed6a1fccfdc8a22c78952a48,1,139699.0,True,2025-08-26,stats,False,False
2025,905,LS63131391,Yulia Putintseva,Elisabetta Cocciaretto,317683,327909,R128,6-4 7-6(4),completed,present,2025-08-24,2025-09-07,2025-08-25T15:00:00+00:00,False,,False,data/raw/wta/stats/_httpcache/2025/7990ecc1a6a299329d5bf740fb8da98ccafa0f889c49cff7590c1ec5691aa284.json,f83bef8ce60587597bb09d76693b873dc6432375ed6a1fccfdc8a22c78952a48,1,139675.0,True,2025-08-25,stats,False,False
2025,905,LS63131393,Anna Kalinskaya,Clervie Ngounoue,323942,789688,R128,6-0 5-7 6-4,completed,present,2025-08-24,2025-09-07,2025-08-25T17:40:00+00:00,True,,False,data/raw/wta/stats/_httpcache/2025/7990ecc1a6a299329d5bf740fb8da98ccafa0f889c49cff7590c1ec5691aa284.json,f83bef8ce60587597bb09d76693b873dc6432375ed6a1fccfdc8a22c78952a48,1,139685.0,True,2025-08-25,stats,False,False
2025,905,LS63131395,Laura Siegemund,Diana Shnaider,310926,330482,R128,7-6(3) 2-6 6-3,completed,present,2025-08-24,2025-09-07,2025-08-26T19:25:00+00:00,True,,False,data/raw/wta/stats/_httpcache/2025/7990ecc1a6a299329d5bf740fb8da98ccafa0f889c49cff7590c1ec5691aa284.json,f83bef8ce60587597bb09d76693b873dc6432375ed6a1fccfdc8a22c78952a48,1,139710.0,True,2025-08-26,stats,False,False
2025,905,LS63131397,Anastasia Zakharova,Elina Avanesyan,327367,327620,R128,6-3 6-4,completed,present,2025-08-24,2025-09-07,2025-08-26T23:05:00+00:00,True,,False,data/raw/wta/stats/_httpcache/2025/7990ecc1a6a299329d5bf740fb8da98ccafa0f889c49cff7590c1ec5691aa284.json,f83bef8ce60587597bb09d76693b873dc6432375ed6a1fccfdc8a22c78952a48,1,139716.0,True,2025-08-26,stats,False,False
2025,905,LS63131399,Xinyu Wang,Caroline Dolehide,326376,322052,R128,2-6 6-4 6-2,completed,present,2025-08-24,2025-09-07,2025-08-26T17:35:00+00:00,True,,False,data/raw/wta/stats/_httpcache/2025/7990ecc1a6a299329d5bf740fb8da98ccafa0f889c49cff7590c1ec5691aa284.json,f83bef8ce60587597bb09d76693b873dc6432375ed6a1fccfdc8a22c78952a48,1,139705.0,True,2025-08-26,stats,False,False
2025,905,LS63131401,Ekaterina Alexandrova,Anastasija Sevastova,319007,313987,R128,6-4 6-1,completed,present,2025-08-24,2025-09-07,2025-08-26T20:10:00+00:00,True,,False,data/raw/wta/stats/_httpcache/2025/7990ecc1a6a299329d5bf740fb8da98ccafa0f889c49cff7590c1ec5691aa284.json,f83bef8ce60587597bb09d76693b873dc6432375ed6a1fccfdc8a22c78952a48,1,139712.0,True,2025-08-26,stats,False,False
2025,905,LS63131403,Anna Bondar,Elina Svitolina,322942,316738,R128,6-2 6-4,completed,present,2025-08-24,2025-09-07,2025-08-25T22:40:00+00:00,True,,False,data/raw/wta/stats/_httpcache/2025/7990ecc1a6a299329d5bf740fb8da98ccafa0f889c49cff7590c1ec5691aa284.json,f83bef8ce60587597bb09d76693b873dc6432375ed6a1fccfdc8a22c78952a48,1,139694.0,True,2025-08-25,stats,False,False
2025,905,LS63131405,Maria Sakkari,Tatjana Maria,318312,310440,R128,6-3 6-2,completed,present,2025-08-24,2025-09-07,2025-08-25T20:30:00+00:00,True,,False,data/raw/wta/stats/_httpcache/2025/7990ecc1a6a299329d5bf740fb8da98ccafa0f889c49cff7590c1ec5691aa284.json,f83bef8ce60587597bb09d76693b873dc6432375ed6a1fccfdc8a22c78952a48,1,139691.0,True,2025-08-25,stats,False,False
2025,905,LS63131407,Viktorija Golubic,Lois Boisson,316296,328884,R128,3-6 7-6(3) 6-2,completed,present,2025-08-24,2025-09-07,2025-08-26T17:00:00+00:00,False,,False,data/raw/wta/stats/_httpcache/2025/7990ecc1a6a299329d5bf740fb8da98ccafa0f889c49cff7590c1ec5691aa284.json,f83bef8ce60587597bb09d76693b873dc6432375ed6a1fccfdc8a22c78952a48,1,139704.0,True,2025-08-26,stats,False,False
2025,905,LS63131409,Beatriz Haddad Maia,Sonay Kartal,318176,329918,R128,6-3 1-6 6-1,completed,present,2025-08-24,2025-09-07,2025-08-26T15:00:00+00:00,False,,False,data/raw/wta/stats/_httpcache/2025/7990ecc1a6a299329d5bf740fb8da98ccafa0f889c49cff7590c1ec5691aa284.json,f83bef8ce60587597bb09d76693b873dc6432375ed6a1fccfdc8a22c78952a48,1,139700.0,True,2025-08-26,stats,False,False
2025,905,LS63131411,Ashlyn Krueger,Sofia Kenin,329409,320942,R128,5-7 6-4 6-2,completed,present,2025-08-24,2025-09-07,2025-08-26T19:15:00+00:00,True,,False,data/raw/wta/stats/_httpcache/2025/7990ecc1a6a299329d5bf740fb8da98ccafa0f889c49cff7590c1ec5691aa284.json,f83bef8ce60587597bb09d76693b873dc6432375ed6a1fccfdc8a22c78952a48,1,139709.0,True,2025-08-26,stats,False,False
2025,905,LS63131413,Jaqueline Cristian,Danielle Collins,320319,316925,R128,6-2 6-0,completed,present,2025-08-24,2025-09-07,2025-08-26T17:35:00+00:00,True,,False,data/raw/wta/stats/_httpcache/2025/7990ecc1a6a299329d5bf740fb8da98ccafa0f889c49cff7590c1ec5691aa284.json,f83bef8ce60587597bb09d76693b873dc6432375ed6a1fccfdc8a22c78952a48,1,139706.0,True,2025-08-26,stats,False,False
2025,905,LS63131415,Amanda Anisimova,Kimberly Birrell,326384,320728,R128,6-3 6-2,completed,present,2025-08-24,2025-09-07,2025-08-26T18:00:00+00:00,True,,False,data/raw/wta/stats/_httpcache/2025/7990ecc1a6a299329d5bf740fb8da98ccafa0f889c49cff7590c1ec5691aa284.json,f83bef8ce60587597bb09d76693b873dc6432375ed6a1fccfdc8a22c78952a48,1,139707.0,True,2025-08-26,stats,False,False
2025,905,LS63131417,Coco Gauff,Ajla Tomljanovic,328560,315232,R128,6-4 6-7(2) 7-5,completed,present,2025-08-24,2025-09-07,2025-08-26T23:15:00+00:00,True,,False,data/raw/wta/stats/_httpcache/2025/7990ecc1a6a299329d5bf740fb8da98ccafa0f889c49cff7590c1ec5691aa284.json,f83bef8ce60587597bb09d76693b873dc6432375ed6a1fccfdc8a22c78952a48,1,139718.0,True,2025-08-26,stats,False,False
2025,905,LS63131419,Donna Vekic,Jessica Bouzas Maneiro,318516,328139,R128,3-6 7-5 6-3,completed,present,2025-08-24,2025-09-07,2025-08-26T22:30:00+00:00,True,,False,data/raw/wta/stats/_httpcache/2025/7990ecc1a6a299329d5bf740fb8da98ccafa0f889c49cff7590c1ec5691aa284.json,f83bef8ce60587597bb09d76693b873dc6432375ed6a1fccfdc8a22c78952a48,1,139715.0,True,2025-08-26,stats,False,False
2025,905,LS63131421,Magdalena Frech,Talia Gibson,320277,329393,R128,6-2 6-2,completed,present,2025-08-24,2025-09-07,2025-08-25T22:10:00+00:00,True,,False,data/raw/wta/stats/_httpcache/2025/7990ecc1a6a299329d5bf740fb8da98ccafa0f889c49cff7590c1ec5691aa284.json,f83bef8ce60587597bb09d76693b873dc6432375ed6a1fccfdc8a22c78952a48,1,139693.0,True,2025-08-25,stats,False,False
2025,905,LS63131423,Naomi Osaka,Greet Minnen,319998,321454,R128,6-3 6-4,completed,present,2025-08-24,2025-09-07,2025-08-26T23:05:00+00:00,True,,False,data/raw/wta/stats/_httpcache/2025/7990ecc1a6a299329d5bf740fb8da98ccafa0f889c49cff7590c1ec5691aa284.json,f83bef8ce60587597bb09d76693b873dc6432375ed6a1fccfdc8a22c78952a48,1,139717.0,True,2025-08-26,stats,False,False
2025,905,LS63131425,Hailey Baptiste,Katerina Siniakova,327101,320301,R128,7-5 6-3,completed,present,2025-08-24,2025-09-07,2025-08-26T22:20:00+00:00,True,,False,data/raw/wta/stats/_httpcache/2025/7990ecc1a6a299329d5bf740fb8da98ccafa0f889c49cff7590c1ec5691aa284.json,f83bef8ce60587597bb09d76693b873dc6432375ed6a1fccfdc8a22c78952a48,1,139714.0,True,2025-08-26,stats,False,False
2025,905,LS63131427,Kamilla Rakhimova,Caroline Garcia,325936,315391,R128,6-4 4-6 6-3,completed,present,2025-08-24,2025-09-07,2025-08-25T18:00:00+00:00,True,,False,data/raw/wta/stats/_httpcache/2025/7990ecc1a6a299329d5bf740fb8da98ccafa0f889c49cff7590c1ec5691aa284.json,f83bef8ce60587597bb09d76693b873dc6432375ed6a1fccfdc8a22c78952a48,1,139688.0,True,2025-08-25,stats,False,False
2025,905,LS63131429,Daria Kasatkina,Elena-Gabriela Ruse,322082,320408,R128,7-5 6-1,completed,present,2025-08-24,2025-09-07,2025-08-25T19:10:00+00:00,True,,False,data/raw/wta/stats/_httpcache/2025/7990ecc1a6a299329d5bf740fb8da98ccafa0f889c49cff7590c1ec5691aa284.json,f83bef8ce60587597bb09d76693b873dc6432375ed6a1fccfdc8a22c78952a48,1,139689.0,True,2025-08-25,stats,False,False
2025,905,LS63131431,Karolina Muchova,Venus Williams,322191,18251,R128,6-3 2-6 6-1,completed,present,2025-08-24,2025-09-07,2025-08-25T23:15:00+00:00,True,,False,data/raw/wta/stats/_httpcache/2025/7990ecc1a6a299329d5bf740fb8da98ccafa0f889c49cff7590c1ec5691aa284.json,f83bef8ce60587597bb09d76693b873dc6432375ed6a1fccfdc8a22c78952a48,1,139697.0,True,2025-08-25,stats,False,False
2025,905,LS63131433,Sorana Cirstea,Solana Sierra,312469,329081,R128,7-5 6-0,completed,present,2025-08-24,2025-09-07,2025-08-26T21:05:00+00:00,True,,False,data/raw/wta/stats/_httpcache/2025/7990ecc1a6a299329d5bf740fb8da98ccafa0f889c49cff7590c1ec5691aa284.json,f83bef8ce60587597bb09d76693b873dc6432375ed6a1fccfdc8a22c78952a48,1,139713.0,True,2025-08-26,stats,False,False
2025,905,LS63131435,Marta Kostyuk,Katie Boulter,326482,319125,R128,6-4 6-4,completed,present,2025-08-24,2025-09-07,2025-08-26T15:00:00+00:00,False,,False,data/raw/wta/stats/_httpcache/2025/7990ecc1a6a299329d5bf740fb8da98ccafa0f889c49cff7590c1ec5691aa284.json,f83bef8ce60587597bb09d76693b873dc6432375ed6a1fccfdc8a22c78952a48,1,139701.0,True,2025-08-26,stats,False,False
2025,905,LS63131437,Diane Parry,Petra Kvitova,327077,314206,R128,6-1 6-0,completed,present,2025-08-24,2025-09-07,2025-08-25T15:00:00+00:00,False,,False,data/raw/wta/stats/_httpcache/2025/7990ecc1a6a299329d5bf740fb8da98ccafa0f889c49cff7590c1ec5691aa284.json,f83bef8ce60587597bb09d76693b873dc6432375ed6a1fccfdc8a22c78952a48,1,139676.0,True,2025-08-25,stats,False,False
2025,905,LS63131439,Renata Zarazua,Madison Keys,320716,316959,R128,6-7(10) 7-6(3) 7-5,completed,present,2025-08-24,2025-09-07,2025-08-25T15:30:00+00:00,False,,False,data/raw/wta/stats/_httpcache/2025/7990ecc1a6a299329d5bf740fb8da98ccafa0f889c49cff7590c1ec5691aa284.json,f83bef8ce60587597bb09d76693b873dc6432375ed6a1fccfdc8a22c78952a48,1,139681.0,True,2025-08-25,stats,False,False
2025,905,LS63131441,Mirra Andreeva,Alycia Parks,331809,326007,R128,6-0 6-1,completed,present,2025-08-24,2025-09-07,2025-08-26T01:20:00+00:00,True,,False,data/raw/wta/stats/_httpcache/2025/7990ecc1a6a299329d5bf740fb8da98ccafa0f889c49cff7590c1ec5691aa284.json,f83bef8ce60587597bb09d76693b873dc6432375ed6a1fccfdc8a22c78952a48,1,139698.0,True,2025-08-26,stats,False,False
2025,905,LS63131443,Anastasia Potapova,Lin Zhu,325601,317306,R128,6-4 4-6 6-2,completed,present,2025-08-24,2025-09-07,2025-08-24T21:50:00+00:00,True,,False,data/raw/wta/stats/_httpcache/2025/7990ecc1a6a299329d5bf740fb8da98ccafa0f889c49cff7590c1ec5691aa284.json,f83bef8ce60587597bb09d76693b873dc6432375ed6a1fccfdc8a22c78952a48,1,139669.0,True,2025-08-24,stats,False,False
2025,905,LS63131445,Taylor Townsend,Antonia Ruzic,318609,329505,R128,6-4 6-4,completed,present,2025-08-24,2025-09-07,2025-08-25T16:55:00+00:00,True,,False,data/raw/wta/stats/_httpcache/2025/7990ecc1a6a299329d5bf740fb8da98ccafa0f889c49cff7590c1ec5691aa284.json,f83bef8ce60587597bb09d76693b873dc6432375ed6a1fccfdc8a22c78952a48,1,139683.0,True,2025-08-25,stats,False,False
2025,905,LS63131447,Barbora Krejcikova,Victoria Mboko,318314,331006,R128,6-3 6-2,completed,present,2025-08-24,2025-09-07,2025-08-25T15:00:00+00:00,False,,False,data/raw/wta/stats/_httpcache/2025/7990ecc1a6a299329d5bf740fb8da98ccafa0f889c49cff7590c1ec5691aa284.json,f83bef8ce60587597bb09d76693b873dc6432375ed6a1fccfdc8a22c78952a48,1,139677.0,True,2025-08-25,stats,False,False
2025,905,LS63131449,Caty McNally,Jil Teichmann,325725,320926,R128,6-2 6-2,completed,present,2025-08-24,2025-09-07,2025-08-24T19:30:00+00:00,True,,False,data/raw/wta/stats/_httpcache/2025/7990ecc1a6a299329d5bf740fb8da98ccafa0f889c49cff7590c1ec5691aa284.json,f83bef8ce60587597bb09d76693b873dc6432375ed6a1fccfdc8a22c78952a48,1,139665.0,True,2025-08-24,stats,False,False
2025,905,LS63131451,Emma Navarro,Yafan Wang,325410,317510,R128,7-6(9) 6-3,completed,present,2025-08-24,2025-09-07,2025-08-24T20:50:00+00:00,True,,False,data/raw/wta/stats/_httpcache/2025/7990ecc1a6a299329d5bf740fb8da98ccafa0f889c49cff7590c1ec5691aa284.json,f83bef8ce60587597bb09d76693b873dc6432375ed6a1fccfdc8a22c78952a48,1,139668.0,True,2025-08-24,stats,False,False
2025,905,LS63131453,Ann Li,Rebecca Sramkova,326096,320228,R128,4-6 6-2 6-4,completed,present,2025-08-24,2025-09-07,2025-08-25T19:45:00+00:00,True,,False,data/raw/wta/stats/_httpcache/2025/7990ecc1a6a299329d5bf740fb8da98ccafa0f889c49cff7590c1ec5691aa284.json,f83bef8ce60587597bb09d76693b873dc6432375ed6a1fccfdc8a22c78952a48,1,139690.0,True,2025-08-25,stats,False,False
2025,905,LS63131455,Liudmila Samsonova,Yue Yuan,322222,324325,R128,2-6 6-4 6-4,completed,present,2025-08-24,2025-09-07,2025-08-25T15:00:00+00:00,False,,False,data/raw/wta/stats/_httpcache/2025/7990ecc1a6a299329d5bf740fb8da98ccafa0f889c49cff7590c1ec5691aa284.json,f83bef8ce60587597bb09d76693b873dc6432375ed6a1fccfdc8a22c78952a48,1,139678.0,True,2025-08-25,stats,False,False
2025,905,LS63131457,Anastasia Pavlyuchenkova,Dayana Yastremska,313796,324261,R128,6-7(5) 7-6(5) 6-4,completed,present,2025-08-24,2025-09-07,2025-08-25T15:00:00+00:00,False,,False,data/raw/wta/stats/_httpcache/2025/7990ecc1a6a299329d5bf740fb8da98ccafa0f889c49cff7590c1ec5691aa284.json,f83bef8ce60587597bb09d76693b873dc6432375ed6a1fccfdc8a22c78952a48,1,139679.0,True,2025-08-25,stats,False,False
2025,905,LS63131459,Anna Blinkova,Yuliia Starodubtseva,324267,325338,R128,6-3 6-1,completed,present,2025-08-24,2025-09-07,2025-08-24T22:45:00+00:00,True,,False,data/raw/wta/stats/_httpcache/2025/7990ecc1a6a299329d5bf740fb8da98ccafa0f889c49cff7590c1ec5691aa284.json,f83bef8ce60587597bb09d76693b873dc6432375ed6a1fccfdc8a22c78952a48,1,139671.0,True,2025-08-24,stats,False,False
2025,905,LS63131461,Jessica Pegula,Mayar Sherif Ahmed Abdelaziz,316956,318711,R128,6-0 6-4,completed,present,2025-08-24,2025-09-07,2025-08-25T02:10:00+00:00,True,,False,data/raw/wta/stats/_httpcache/2025/7990ecc1a6a299329d5bf740fb8da98ccafa0f889c49cff7590c1ec5691aa284.json,f83bef8ce60587597bb09d76693b873dc6432375ed6a1fccfdc8a22c78952a48,1,139674.0,True,2025-08-25,stats,True,True
2025,905,LS63131463,Iva Jovic,Aliaksandra Sasnovich,332285,317790,R128,7-6(6) 6-3,completed,present,2025-08-24,2025-09-07,2025-08-25T17:10:00+00:00,True,,False,data/raw/wta/stats/_httpcache/2025/7990ecc1a6a299329d5bf740fb8da98ccafa0f889c49cff7590c1ec5691aa284.json,f83bef8ce60587597bb09d76693b873dc6432375ed6a1fccfdc8a22c78952a48,1,139684.0,True,2025-08-25,stats,False,False
2025,905,LS63131465,McCartney Kessler,Magda Linette,326678,315130,R128,7-5 7-5,completed,present,2025-08-24,2025-09-07,2025-08-24T15:00:00+00:00,False,,False,data/raw/wta/stats/_httpcache/2025/7990ecc1a6a299329d5bf740fb8da98ccafa0f889c49cff7590c1ec5691aa284.json,f83bef8ce60587597bb09d76693b873dc6432375ed6a1fccfdc8a22c78952a48,1,139655.0,True,2025-08-24,stats,False,False
2025,905,LS63131467,Elena Rybakina,Julieta Pareja,324166,938101,R128,6-3 6-0,completed,present,2025-08-24,2025-09-07,2025-08-25T17:45:00+00:00,True,,False,data/raw/wta/stats/_httpcache/2025/7990ecc1a6a299329d5bf740fb8da98ccafa0f889c49cff7590c1ec5691aa284.json,f83bef8ce60587597bb09d76693b873dc6432375ed6a1fccfdc8a22c78952a48,1,139686.0,True,2025-08-25,stats,False,False
2025,905,LS63131469,Alexandra Eala,Clara Tauson,330332,327793,R128,6-3 2-6 7-6(11),completed,present,2025-08-24,2025-09-07,2025-08-24T17:50:00+00:00,True,,False,data/raw/wta/stats/_httpcache/2025/7990ecc1a6a299329d5bf740fb8da98ccafa0f889c49cff7590c1ec5691aa284.json,f83bef8ce60587597bb09d76693b873dc6432375ed6a1fccfdc8a22c78952a48,1,139663.0,True,2025-08-24,stats,False,False
2025,905,LS63131471,Lulu Sun,Camila Osorio,324576,325898,R128,6-4 2-6 6-0,completed,present,2025-08-24,2025-09-07,2025-08-24T20:35:00+00:00,True,,False,data/raw/wta/stats/_httpcache/2025/7990ecc1a6a299329d5bf740fb8da98ccafa0f889c49cff7590c1ec5691aa284.json,f83bef8ce60587597bb09d76693b873dc6432375ed6a1fccfdc8a22c78952a48,1,139667.0,True,2025-08-24,stats,False,False
2025,905,LS63131473,Elise Mertens,Alyssa Ahn,317964,904523,R128,6-1 6-0,completed,present,2025-08-24,2025-09-07,2025-08-25T16:50:00+00:00,True,,False,data/raw/wta/stats/_httpcache/2025/7990ecc1a6a299329d5bf740fb8da98ccafa0f889c49cff7590c1ec5691aa284.json,f83bef8ce60587597bb09d76693b873dc6432375ed6a1fccfdc8a22c78952a48,1,139682.0,True,2025-08-25,stats,False,False
2025,905,LS63131475,Elsa Jacquemot,Marie Bouzkova,328142,320983,R128,6-4 6-3,completed,present,2025-08-24,2025-09-07,2025-08-25T21:50:00+00:00,True,,False,data/raw/wta/stats/_httpcache/2025/7990ecc1a6a299329d5bf740fb8da98ccafa0f889c49cff7590c1ec5691aa284.json,f83bef8ce60587597bb09d76693b873dc6432375ed6a1fccfdc8a22c78952a48,1,139692.0,True,2025-08-25,stats,False,False
2025,905,LS63131479,Aryna Sabalenka,Rebeka Masarova,320760,322087,R128,7-5 6-1,completed,present,2025-08-24,2025-09-07,2025-08-24T18:45:00+00:00,True,,False,data/raw/wta/stats/_httpcache/2025/7990ecc1a6a299329d5bf740fb8da98ccafa0f889c49cff7590c1ec5691aa284.json,f83bef8ce60587597bb09d76693b873dc6432375ed6a1fccfdc8a22c78952a48,1,139664.0,True,2025-08-24,stats,False,False
2025,905,LS63156439,Polina Kudermetova,Nuria Parrizas Diaz,328897,314359,R128,2-2,incomplete-or-invalid-score,present,2025-08-24,2025-09-07,2025-08-24T15:00:00+00:00,False,,False,data/raw/wta/stats/_httpcache/2025/7990ecc1a6a299329d5bf740fb8da98ccafa0f889c49cff7590c1ec5691aa284.json,f83bef8ce60587597bb09d76693b873dc6432375ed6a1fccfdc8a22c78952a48,1,139656.0,True,2025-08-24,stats,False,False
2025,905,LS63169625,Moyuka Uchijima,Olga Danilovic,327241,324934,R128,7-6(2) 4-6 7-6(9),completed,present,2025-08-24,2025-09-07,2025-08-24T17:00:00+00:00,False,,False,data/raw/wta/stats/_httpcache/2025/7990ecc1a6a299329d5bf740fb8da98ccafa0f889c49cff7590c1ec5691aa284.json,f83bef8ce60587597bb09d76693b873dc6432375ed6a1fccfdc8a22c78952a48,1,139661.0,True,2025-08-24,stats,False,False
2025,905,LS63173323,Maya Joint,Victoria Jimenez Kasintseva,330544,330352,R128,6-4 7-6(6),completed,present,2025-08-24,2025-09-07,2025-08-26T15:00:00+00:00,False,,False,data/raw/wta/stats/_httpcache/2025/7990ecc1a6a299329d5bf740fb8da98ccafa0f889c49cff7590c1ec5691aa284.json,f83bef8ce60587597bb09d76693b873dc6432375ed6a1fccfdc8a22c78952a48,1,139702.0,True,2025-08-26,stats,False,False
2025,905,LS63173325,Peyton Stearns,Darja Semenistaja,327573,329457,R128,7-5 6-0,completed,present,2025-08-24,2025-09-07,2025-08-25T22:55:00+00:00,True,,False,data/raw/wta/stats/_httpcache/2025/7990ecc1a6a299329d5bf740fb8da98ccafa0f889c49cff7590c1ec5691aa284.json,f83bef8ce60587597bb09d76693b873dc6432375ed6a1fccfdc8a22c78952a48,1,139695.0,True,2025-08-25,stats,False,False
2025,905,LS63173329,Eva Lys,Francesca Jones,325826,324479,R128,6-0 7-5,completed,present,2025-08-24,2025-09-07,2025-08-26T19:30:00+00:00,True,,False,data/raw/wta/stats/_httpcache/2025/7990ecc1a6a299329d5bf740fb8da98ccafa0f889c49cff7590c1ec5691aa284.json,f83bef8ce60587597bb09d76693b873dc6432375ed6a1fccfdc8a22c78952a48,1,139711.0,True,2025-08-26,stats,False,False
2025,905,LS63173331,Linda Noskova,Dalma Galfi,329668,321106,R128,6-4 7-5,completed,present,2025-08-24,2025-09-07,2025-08-26T19:10:00+00:00,True,,False,data/raw/wta/stats/_httpcache/2025/7990ecc1a6a299329d5bf740fb8da98ccafa0f889c49cff7590c1ec5691aa284.json,f83bef8ce60587597bb09d76693b873dc6432375ed6a1fccfdc8a22c78952a48,1,139708.0,True,2025-08-26,stats,False,False
2025,905,LS63173335,Zeynep Sonmez,Katie Volynets,326907,327391,R128,6-3 6-4,completed,present,2025-08-24,2025-09-07,2025-08-25T22:55:00+00:00,True,,False,data/raw/wta/stats/_httpcache/2025/7990ecc1a6a299329d5bf740fb8da98ccafa0f889c49cff7590c1ec5691aa284.json,f83bef8ce60587597bb09d76693b873dc6432375ed6a1fccfdc8a22c78952a48,1,139696.0,True,2025-08-25,stats,False,False
2025,905,LS63173337,Jelena Ostapenko,Xiyu Wang,319939,326160,R128,6-4 6-3,completed,present,2025-08-24,2025-09-07,2025-08-24T20:15:00+00:00,True,,False,data/raw/wta/stats/_httpcache/2025/7990ecc1a6a299329d5bf740fb8da98ccafa0f889c49cff7590c1ec5691aa284.json,f83bef8ce60587597bb09d76693b873dc6432375ed6a1fccfdc8a22c78952a48,1,139666.0,True,2025-08-24,stats,False,False
2025,905,LS63173339,Belinda Bencic,Shuai Zhang,319001,311779,R128,6-3 6-3,completed,present,2025-08-24,2025-09-07,2025-08-24T22:10:00+00:00,True,,False,data/raw/wta/stats/_httpcache/2025/7990ecc1a6a299329d5bf740fb8da98ccafa0f889c49cff7590c1ec5691aa284.json,f83bef8ce60587597bb09d76693b873dc6432375ed6a1fccfdc8a22c78952a48,1,139670.0,True,2025-08-24,stats,False,False
2025,905,LS63173343,Priscilla Hon,Leolia Jeanjean,320543,320313,R128,6-3 7-5,completed,present,2025-08-24,2025-09-07,2025-08-25T15:00:00+00:00,False,,False,data/raw/wta/stats/_httpcache/2025/7990ecc1a6a299329d5bf740fb8da98ccafa0f889c49cff7590c1ec5691aa284.json,f83bef8ce60587597bb09d76693b873dc6432375ed6a1fccfdc8a22c78952a48,1,139680.0,True,2025-08-25,stats,False,False
2025,905,LS63173347,Victoria Azarenka,Hina Inoue,312001,328320,R128,7-6(0) 6-4,completed,present,2025-08-24,2025-09-07,2025-08-24T23:10:00+00:00,True,,False,data/raw/wta/stats/_httpcache/2025/7990ecc1a6a299329d5bf740fb8da98ccafa0f889c49cff7590c1ec5691aa284.json,f83bef8ce60587597bb09d76693b873dc6432375ed6a1fccfdc8a22c78952a48,1,139673.0,True,2025-08-24,stats,False,False
2025,905,LS63173349,Jasmine Paolini,Destanee Aiava,319280,324219,R128,6-2 7-6(4),completed,present,2025-08-24,2025-09-07,2025-08-24T23:05:00+00:00,True,,False,data/raw/wta/stats/_httpcache/2025/7990ecc1a6a299329d5bf740fb8da98ccafa0f889c49cff7590c1ec5691aa284.json,f83bef8ce60587597bb09d76693b873dc6432375ed6a1fccfdc8a22c78952a48,1,139672.0,True,2025-08-24,stats,False,False
2025,905,LS63173353,Marketa Vondrousova,Oksana Selekhmeteva,323027,329199,R128,6-3 7-6(3),completed,present,2025-08-24,2025-09-07,2025-08-24T16:15:00+00:00,True,,False,data/raw/wta/stats/_httpcache/2025/7990ecc1a6a299329d5bf740fb8da98ccafa0f889c49cff7590c1ec5691aa284.json,f83bef8ce60587597bb09d76693b873dc6432375ed6a1fccfdc8a22c78952a48,1,139659.0,True,2025-08-24,stats,False,False
2025,905,LS63173355,Janice Tjen,Veronika Kudermetova,460837,319526,R128,6-4 4-6 6-4,completed,present,2025-08-24,2025-09-07,2025-08-24T17:00:00+00:00,False,,False,data/raw/wta/stats/_httpcache/2025/7990ecc1a6a299329d5bf740fb8da98ccafa0f889c49cff7590c1ec5691aa284.json,f83bef8ce60587597bb09d76693b873dc6432375ed6a1fccfdc8a22c78952a48,1,139662.0,True,2025-08-24,stats,False,False
2025,905,LS63173359,Emma Raducanu,Ena Shibahara,328366,322527,R128,6-1 6-2,completed,present,2025-08-24,2025-09-07,2025-08-24T15:00:00+00:00,False,,False,data/raw/wta/stats/_httpcache/2025/7990ecc1a6a299329d5bf740fb8da98ccafa0f889c49cff7590c1ec5691aa284.json,f83bef8ce60587597bb09d76693b873dc6432375ed6a1fccfdc8a22c78952a48,1,139657.0,True,2025-08-24,stats,False,False
2025,905,LS63173361,Tereza Valentova,Lucia Bronzetti,330808,322280,R128,6-3 3-6 6-4,completed,present,2025-08-24,2025-09-07,2025-08-24T15:00:00+00:00,False,,False,data/raw/wta/stats/_httpcache/2025/7990ecc1a6a299329d5bf740fb8da98ccafa0f889c49cff7590c1ec5691aa284.json,f83bef8ce60587597bb09d76693b873dc6432375ed6a1fccfdc8a22c78952a48,1,139658.0,True,2025-08-24,stats,False,False
2025,905,LS63173365,Cristina Bucsa,Claire Liu,321158,179300,R128,6-2 6-1,completed,present,2025-08-24,2025-09-07,2025-08-25T17:45:00+00:00,True,,False,data/raw/wta/stats/_httpcache/2025/7990ecc1a6a299329d5bf740fb8da98ccafa0f889c49cff7590c1ec5691aa284.json,f83bef8ce60587597bb09d76693b873dc6432375ed6a1fccfdc8a22c78952a48,1,139687.0,True,2025-08-25,stats,False,False
2025,905,LS63173367,Leylah Fernandez,Rebecca Marino,326735,313485,R128,6-2 6-1,completed,present,2025-08-24,2025-09-07,2025-08-24T16:50:00+00:00,True,,False,data/raw/wta/stats/_httpcache/2025/7990ecc1a6a299329d5bf740fb8da98ccafa0f889c49cff7590c1ec5691aa284.json,f83bef8ce60587597bb09d76693b873dc6432375ed6a1fccfdc8a22c78952a48,1,139660.0,True,2025-08-24,stats,False,False
