slice,window,n,years,meanProbabilityA,observedWinRateA,calibrationResidualA,meanFavoriteProbability,accuracy,favoriteResidual,favoriteResidualNaiveSE,logloss,brier,lossContribution
all,tune,26794,10,0.5035838876791845,0.5055982682690154,0.0020143805898309333,0.6803232824836034,0.6795924460700157,-0.000730836413587638,0.0027529366607246188,0.5906491562188603,0.20305557841342903,0.5906491562188603
all,2010,2702,1,0.5044862647670838,0.5151739452257587,0.010687680458674936,0.6949115233169953,0.7031828275351591,0.008271304218163706,0.00849058131704699,0.5721081910444517,0.19478342641831686,0.057693376584388605
all,2011,2702,1,0.48974757497701876,0.48038490007401924,-0.009362674902999557,0.6999810063783727,0.695040710584752,-0.0049402957936206734,0.008569423813864756,0.580587250224393,0.19837240770143752,0.05854843435494177
all,2012,2808,1,0.4899953054216378,0.48753561253561256,-0.002459692886025289,0.6897734041509829,0.6969373219373219,0.007163917786339094,0.008315022716587203,0.5692361933799149,0.1941261867141024,0.0596557151231918
all,2013,2633,1,0.4923705558690796,0.4891758450436764,-0.0031947108254031685,0.6966435792558479,0.6889479680972275,-0.007695611158620384,0.008599673236371971,0.5693790428865422,0.19470714999198874,0.055951892958134866
all,2014,2611,1,0.5038558577857227,0.5170432784373803,0.013187420651657558,0.6954388010578113,0.6836461126005362,-0.01179268845727504,0.008830308325065626,0.5939187263987731,0.20365210825308813,0.05787571077954753
all,2015,2547,1,0.5029261553010687,0.5072634471927758,0.00433729189170719,0.6688455103993306,0.6584216725559482,-0.01042383784338245,0.009068434732513227,0.6049483051705123,0.20948280703091696,0.05750553606289822
all,2016,2812,1,0.5134959055448908,0.5106685633001422,-0.002827342244748564,0.6634399775545903,0.6703413940256046,0.006901416471014241,0.008599487448449893,0.6022044565303308,0.20792440883037513,0.06320067670983393
all,2017,2708,1,0.5162477987319998,0.517725258493353,0.0014774597613532818,0.6671139866868441,0.6650664697193501,-0.00204751696749402,0.008825480862402677,0.6085697150575647,0.21085001973501757,0.061506560736578536
all,2018,2746,1,0.5110607409162002,0.5214857975236707,0.010425056607470581,0.6631909271140585,0.65877640203933,-0.004414525074728508,0.008757180099960736,0.6072707497557661,0.21052860609877758,0.06223652604423877
all,2019,2525,1,0.5118595952932837,0.5100990099009901,-0.0017605853922935985,0.6636973264778014,0.6744554455445545,0.010758119066753013,0.009043613691900152,0.5992807253955075,0.20654599541326396,0.056474726865106226
"favorite_probability:[0.5,0.6)",tune,8465,10,0.5018511397644398,0.5104548139397519,0.008603674175312001,0.549297655914193,0.5410513880685174,-0.0082462678456755,0.005413751076035829,0.6894218927880112,0.24813684377057688,0.21780832732889885
"favorite_probability:[0.5,0.6)",2010,724,1,0.5031046145824772,0.5124309392265194,0.009326324644042093,0.5524519820921299,0.56353591160221,0.011083929510080078,0.018355855941922024,0.6805180394175112,0.24372862793509398,0.01838826082474726
"favorite_probability:[0.5,0.6)",2011,732,1,0.5006363256633559,0.4959016393442623,-0.0047346863190936605,0.5504490811197873,0.5532786885245902,0.002829607404802903,0.018482799798671283,0.6926451009184437,0.2497277590968302,0.018922751879984354
"favorite_probability:[0.5,0.6)",2012,833,1,0.49847636593491795,0.4921968787515006,-0.006279487183417322,0.5482490604728617,0.5306122448979592,-0.017636815574902504,0.017262361457500645,0.689623909401138,0.24823800767400706,0.021439752053860863
"favorite_probability:[0.5,0.6)",2013,721,1,0.5009488121839676,0.5090152565880721,0.008066444404104528,0.5478646377127425,0.5048543689320388,-0.04301026878070365,0.01856098364160561,0.692949259147899,0.24989716511623303,0.01864657818338565
"favorite_probability:[0.5,0.6)",2014,733,1,0.5024460723696669,0.5170532060027285,0.014607133633061646,0.547024666529928,0.548431105047749,0.001406438517820922,0.018401287149233756,0.6888690264215794,0.2478625719932469,0.018845301051243477
"favorite_probability:[0.5,0.6)",2015,911,1,0.5016259311657298,0.4961580680570801,-0.0054678631086497505,0.5500648845412588,0.5246981339187706,-0.025366750622488256,0.016567201729891925,0.694012198708325,0.2504131496117734,0.023596518363188924
"favorite_probability:[0.5,0.6)",2016,991,1,0.5025457606824311,0.5186680121089808,0.016122251426549748,0.5490900181661111,0.5438950554994955,-0.005194962666615632,0.015838138163159324,0.689881410009836,0.24836514190767814,0.02551587957452219
"favorite_probability:[0.5,0.6)",2017,943,1,0.5006874536211582,0.5121951219512195,0.011507668330061392,0.5491128316567345,0.5577942735949099,0.008681441938175235,0.016168608747824345,0.6858054876833495,0.24633668956161503,0.02413654455793829
"favorite_probability:[0.5,0.6)",2018,1007,1,0.5044618966411993,0.5342601787487586,0.029798282107559384,0.5494382527490307,0.5372393247269116,-0.012198928022119113,0.01571162832458843,0.6901327084006899,0.24848521004255833,0.0259372858609948
"favorite_probability:[0.5,0.6)",2019,870,1,0.5029919752834388,0.5103448275862069,0.0073528523027680676,0.5492812696296102,0.5459770114942529,-0.003304258135357295,0.016894566973178034,0.6892357663312775,0.24804645382235618,0.022379454979033046
"favorite_probability:[0.6,0.7)",tune,7382,10,0.5030767150479571,0.5021674342996478,-0.0009092807483092869,0.6485783339210275,0.6547006231373611,0.006122289216333699,0.005523384465495581,0.6426048792721574,0.22521537673934505,0.17704371197981136
"favorite_probability:[0.6,0.7)",2010,726,1,0.5020532989664839,0.5206611570247934,0.018607858058309546,0.6481433534513735,0.6652892561983471,0.01714590274697354,0.017477531054830908,0.6353357254590151,0.22175544851612825,0.017214814386924123
"favorite_probability:[0.6,0.7)",2011,697,1,0.4934895792838117,0.4935437589670014,5.417968318967434e-05,0.6495238224145521,0.6398852223816356,-0.009638600032916517,0.018134949452754425,0.6503394152730989,0.22899087120174932,0.01691746556861051
"favorite_probability:[0.6,0.7)",2012,733,1,0.487270524889606,0.48840381991814463,0.001133295028538658,0.6489150020027497,0.6821282401091405,0.03321323810639085,0.01722317386646212,0.6283342422744292,0.2182419287866807,0.01718925877387313
"favorite_probability:[0.6,0.7)",2013,697,1,0.5067778198672866,0.49784791965566716,-0.008929900211619485,0.6500468279687168,0.6685796269727403,0.018532799004023447,0.01782034138498304,0.6346866006129579,0.22136840332475155,0.016510284415437473
"favorite_probability:[0.6,0.7)",2014,702,1,0.4992346796887231,0.50997150997151,0.010736830282786863,0.649215877506101,0.6353276353276354,-0.013888242178465607,0.01814571139198353,0.6545933154774858,0.23100893945754147,0.017150276459849033
"favorite_probability:[0.6,0.7)",2015,711,1,0.5022848921848552,0.5260196905766527,0.023734798391797502,0.6485118928568787,0.6469760900140648,-0.0015358028428140477,0.017852129700620976,0.6446359702261814,0.22627831843230548,0.017105925760648462
"favorite_probability:[0.6,0.7)",2016,800,1,0.5075654426757907,0.48,-0.02756544267579077,0.6485588850491522,0.66625,0.017691114950847825,0.016662255551242244,0.6363129928015718,0.22213995283207166,0.01899867112940425
"favorite_probability:[0.6,0.7)",2017,775,1,0.5133956738438832,0.5032258064516129,-0.010169867392270236,0.6479783054328199,0.632258064516129,-0.015720240916690824,0.01730565936056408,0.65674802245089,0.23204917070408124,0.0189960333432649
"favorite_probability:[0.6,0.7)",2018,790,1,0.5063895362883192,0.5164556962025316,0.010066159914212475,0.6481005784569247,0.6468354430379747,-0.0012651354189499278,0.01700303523015507,0.6486610414527896,0.2281040309205269,0.019125260235414786
"favorite_probability:[0.6,0.7)",2019,751,1,0.510382030572071,0.4873501997336884,-0.023031830838382623,0.6470392717082852,0.6631158455392809,0.0160765738309957,0.017202235261944,0.6363386588011608,0.2221961297315956,0.017835721906384706
"favorite_probability:[0.7,0.8)",tune,5656,10,0.5066848905458812,0.5037128712871287,-0.002972019258752468,0.7468109609956064,0.748939179632249,0.0021282186366425263,0.005754883951551683,0.5614758101087399,0.18729071728246766,0.11852307165690204
"favorite_probability:[0.7,0.8)",2010,611,1,0.5073898050989647,0.5008183306055647,-0.006571474493400027,0.747084026521447,0.7397708674304418,-0.007313159091005108,0.017732114915656454,0.5715480910778559,0.19185450091893846,0.013033361336439873
"favorite_probability:[0.7,0.8)",2011,571,1,0.5081821781477137,0.5026269702276708,-0.0055552079200430066,0.7483806187897888,0.7548161120840631,0.006435493294274271,0.01792948653904994,0.552178978081285,0.18327731347970533,0.011767343303889444
"favorite_probability:[0.7,0.8)",2012,601,1,0.5000204973549942,0.4891846921797005,-0.01083580517529374,0.7474485660746116,0.7487520798668885,0.0013035137922768364,0.017699213861811565,0.5632821497118388,0.18795900194389215,0.01263464103817329
"favorite_probability:[0.7,0.8)",2013,579,1,0.49478549000279515,0.4835924006908463,-0.01119308931194881,0.7478763174652913,0.7271157167530224,-0.020760600712268776,0.018552904352307574,0.5888597688230816,0.1993845327675291,0.012724856540589842
"favorite_probability:[0.7,0.8)",2014,538,1,0.4938296652784015,0.5037174721189591,0.009887806840557543,0.7473735759623946,0.7434944237918215,-0.003879152170573124,0.01888184454842539,0.571317702361425,0.19146846457839667,0.011471557955902314
"favorite_probability:[0.7,0.8)",2015,483,1,0.5035746255485687,0.4968944099378882,-0.006680215610680454,0.7442708426503546,0.7412008281573499,-0.0030700144930046205,0.019962398899134162,0.572497145382143,0.1920851572365169,0.010320076181965182
"favorite_probability:[0.7,0.8)",2016,627,1,0.5258001762252362,0.5087719298245614,-0.017028246400674903,0.7451176274054756,0.7527910685805422,0.007673441175066646,0.01713791639689306,0.5532883326437991,0.18392020139470414,0.01294736823795111
"favorite_probability:[0.7,0.8)",2017,561,1,0.5128872063376029,0.5115864527629234,-0.0013007535746794097,0.745864212877788,0.750445632798574,0.004581419920786042,0.018257514805816766,0.560156480927714,0.18668962366387684,0.011728289385700065
"favorite_probability:[0.7,0.8)",2018,533,1,0.5031210550246256,0.5028142589118199,-0.00030679611280562543,0.7476416785965051,0.7485928705440901,0.0009511919475849163,0.01865818056107809,0.555770249166421,0.18520484215021063,0.011055667045073613
"favorite_probability:[0.7,0.8)",2019,552,1,0.5147691467957239,0.5380434782608695,0.023274331465145508,0.7468310769326668,0.782608695652174,0.03577761871950716,0.01755903667524386,0.5261676910377469,0.17116423069960843,0.010839910631217298
"favorite_probability:[0.8,0.9)",tune,4104,10,0.5171322837855316,0.5187621832358674,0.0016298994503360154,0.8450896742766087,0.8399122807017544,-0.005177393574854324,0.00570917129019297,0.43717248798304853,0.13376260027982217,0.06696110661649739
"favorite_probability:[0.8,0.9)",2010,530,1,0.519019086272186,0.539622641509434,0.020603555237248026,0.8468382719737004,0.8547169811320755,0.007878709158375088,0.015235093488074268,0.4091141504699366,0.12284724498730427,0.008092502043333075
"favorite_probability:[0.8,0.9)",2011,518,1,0.4880710348077784,0.4555984555984556,-0.03247257920932282,0.8464353395882539,0.8223938223938224,-0.024041517194431452,0.01681773749954958,0.47102066906381823,0.1468043588591521,0.009106094893448453
"favorite_probability:[0.8,0.9)",2012,478,1,0.4918935400779071,0.5083682008368201,0.01647466075891304,0.8454987182919389,0.8535564853556485,0.00805776706370963,0.016142664154354305,0.4138615174424176,0.12436426167218437,0.007383212858754782
"favorite_probability:[0.8,0.9)",2013,452,1,0.5002556680572128,0.5022123893805309,0.0019567213233182045,0.843994815746155,0.8495575221238938,0.005562706377738759,0.016805744787604212,0.4214080419409944,0.12740825279984977,0.0071089212121120205
"favorite_probability:[0.8,0.9)",2014,454,1,0.5284643832728826,0.539647577092511,0.011183193819628488,0.8491779545957361,0.8171806167400881,-0.03199733785564804,0.018179609685978912,0.4814915502447166,0.15073951800539434,0.00815843710573641
"favorite_probability:[0.8,0.9)",2015,330,1,0.5224845946406436,0.5272727272727272,0.004788132632083758,0.8423623505767375,0.8393939393939394,-0.002968411182798036,0.020208904883123775,0.4390422584799079,0.1343723576981725,0.005407327957690887
"favorite_probability:[0.8,0.9)",2016,331,1,0.5259583979110413,0.5558912386706949,0.029932840759653558,0.8386928527468639,0.851963746223565,0.013270893476700978,0.019537794634564277,0.41908582116449644,0.12614550494386478,0.005177181712526995
"favorite_probability:[0.8,0.9)",2017,358,1,0.566128244767303,0.5670391061452514,0.0009108613779484028,0.8454913388648891,0.8324022346368715,-0.013089104228017737,0.01966777209655046,0.44756730698191094,0.138266514198832,0.005980036422315598
"favorite_probability:[0.8,0.9)",2018,344,1,0.5238149336999454,0.5058139534883721,-0.018000980211573255,0.8464877027227332,0.8459302325581395,-0.0005574701645936454,0.019378068092077528,0.42367955749765074,0.12880007715553365,0.005439492714010295
"favorite_probability:[0.8,0.9)",2019,309,1,0.5303174175297803,0.5080906148867314,-0.02222680264304895,0.8425398664445516,0.8317152103559871,-0.010824656088564616,0.021106525927138235,0.44291606624552265,0.13732668768702697,0.005107899696568877
"favorite_probability:[0.9,1.000000001)",tune,1187,10,0.4574758587217708,0.45577085088458297,-0.0017050078371878602,0.92566242116651,0.9376579612468408,0.011995540080330745,0.007011292708591893,0.2327926519234169,0.058445548360245694,0.010312938636750611
"favorite_probability:[0.9,1.000000001)",2010,111,1,0.4440375203022844,0.4594594594594595,0.015421939157175086,0.9173964145176315,0.9369369369369369,0.01954052241930539,0.02303064346855585,0.2328031674139544,0.05872699125975015,0.0009644379929442762
"favorite_probability:[0.9,1.000000001)",2011,184,1,0.37976685156922646,0.3695652173913043,-0.010201634177922117,0.9234946108481037,0.9239130434782609,0.0004184326301571366,0.019572264849763623,0.26717967787601854,0.07010263498278654,0.00183477870900901
"favorite_probability:[0.9,1.000000001)",2012,163,1,0.4163759447147246,0.39263803680981596,-0.02373790790490869,0.9274391377893382,0.9631901840490797,0.03575104625974153,0.01473711735238683,0.16583519986629291,0.03646172302166558,0.0010088503985297358
"favorite_probability:[0.9,1.000000001)",2013,184,1,0.3772123853134163,0.3641304347826087,-0.013081950530807579,0.9329535693798847,0.9728260869565217,0.03987251757663704,0.012025740063891031,0.13997718663861497,0.028054989265321347,0.000961252606609881
"favorite_probability:[0.9,1.000000001)",2014,184,1,0.49569966611089106,0.5271739130434783,0.031474246932587144,0.93183862897822,0.9021739130434783,-0.02966471593474165,0.021985937164883142,0.32766414735563015,0.08933879761381766,0.0022501382068163002
"favorite_probability:[0.9,1.000000001)",2015,112,1,0.4571488887949898,0.4642857142857143,0.007136825490724437,0.9275540773064547,0.9285714285714286,0.0010173512649738381,0.024434269672498003,0.25733909729688453,0.06627175732514383,0.0010756877994047573
"favorite_probability:[0.9,1.000000001)",2016,63,1,0.5731165589449733,0.5555555555555556,-0.01756100338941764,0.9174891142718244,0.9365079365079365,0.019018822236112114,0.03097123535897931,0.23883918776468094,0.05983319561824884,0.0005615760554293835
"favorite_probability:[0.9,1.000000001)",2017,71,1,0.5290913885972416,0.5492957746478874,0.02020438605064572,0.9215826231995534,0.9295774647887324,0.007994841589179048,0.03046064449581883,0.25120583649401795,0.06501347790908212,0.0006656570273596803
"favorite_probability:[0.9,1.000000001)",2018,72,1,0.6524454367988798,0.6111111111111112,-0.0413343256877687,0.9188017212139256,0.9305555555555556,0.011753834341630057,0.03017102726647861,0.2526153907950139,0.06476880555006677,0.0006788201887452787
"favorite_probability:[0.9,1.000000001)",2019,43,1,0.547090781660056,0.5581395348837209,0.011048753223665043,0.9171855471527222,0.9534883720930233,0.03630282494030121,0.03231265822319024,0.19425005193186978,0.045170426119491715,0.0003117396519023065
favorite_probability:missing,tune,0,0,,,,,,,,,,
favorite_probability:missing,2010,0,0,,,,,,,,,,
favorite_probability:missing,2011,0,0,,,,,,,,,,
favorite_probability:missing,2012,0,0,,,,,,,,,,
favorite_probability:missing,2013,0,0,,,,,,,,,,
favorite_probability:missing,2014,0,0,,,,,,,,,,
favorite_probability:missing,2015,0,0,,,,,,,,,,
favorite_probability:missing,2016,0,0,,,,,,,,,,
favorite_probability:missing,2017,0,0,,,,,,,,,,
favorite_probability:missing,2018,0,0,,,,,,,,,,
favorite_probability:missing,2019,0,0,,,,,,,,,,
"player_a_probability:[0,0.1)",tune,652,10,0.0738209742163302,0.06134969325153374,-0.012471280964796463,0.9261790257836697,0.9386503067484663,0.012471280964796463,0.009407045421438706,0.2315070408063326,0.057764152667120996,0.0056334474362069445
"player_a_probability:[0,0.1)",2010,63,1,0.08299335509600368,0.07936507936507936,-0.003628275730924313,0.9170066449039964,0.9206349206349206,0.003628275730924313,0.03412752578568535,0.2714407856288496,0.07222382139244195,0.0006382313015830979
"player_a_probability:[0,0.1)",2011,118,1,0.07607666225714653,0.06779661016949153,-0.008280052087655006,0.9239233377428534,0.9322033898305084,0.008280052087655006,0.023278535506999067,0.2493430626570961,0.06346971445859638,0.0010980996265409174
"player_a_probability:[0,0.1)",2012,97,1,0.0706015439630824,0.020618556701030927,-0.04998298726205147,0.9293984560369175,0.979381443298969,0.04998298726205147,0.014416250334886914,0.12291232242289925,0.022449813292578596,0.0004449688465709199
"player_a_probability:[0,0.1)",2013,118,1,0.06671026327021107,0.025423728813559324,-0.041286534456651744,0.9332897367297889,0.9745762711864406,0.041286534456651744,0.0143319107355281,0.1289765693969105,0.025736806771184322,0.000568009076242272
"player_a_probability:[0,0.1)",2014,93,1,0.06855070340006185,0.12903225806451613,0.06048155466445428,0.9314492965999384,0.8709677419354839,-0.06048155466445428,0.03505877908207086,0.41386370728050215,0.11673687360137071,0.0014364904373026313
"player_a_probability:[0,0.1)",2015,62,1,0.07511789424770915,0.08064516129032258,0.00552726704261344,0.9248821057522909,0.9193548387096774,-0.00552726704261344,0.03500042036733336,0.2860551008905412,0.07475734566025304,0.0006619174537289526
"player_a_probability:[0,0.1)",2016,26,1,0.08277940412323795,0.038461538461538464,-0.0443178656616995,0.9172205958767621,0.9615384615384616,0.0443178656616995,0.03913734447141241,0.18755950136793761,0.040257366523658314,0.00018200145687715077
"player_a_probability:[0,0.1)",2017,33,1,0.07777458095811919,0.09090909090909091,0.013134509950971722,0.9222254190418808,0.9090909090909091,-0.013134509950971722,0.051070959036938826,0.3106711126318215,0.08363628677413806,0.00038262845102821937
"player_a_probability:[0,0.1)",2018,23,1,0.08309451135036325,0.0,-0.08309451135036325,0.9169054886496368,1.0,0.08309451135036325,0.0022193346353186027,0.08681526818711831,0.0070130576334731945,7.452232471089502e-05
"player_a_probability:[0,0.1)",2019,19,1,0.0812085548372462,0.05263157894736842,-0.028576975889877777,0.9187914451627538,0.9473684210526315,0.028576975889877777,0.05223471473113929,0.20670648951036125,0.04992902116579368,0.00014657846162188787
"player_a_probability:[0.1,0.2)",tune,1950,10,0.15488791523708176,0.16205128205128205,0.007163366814200293,0.8451120847629182,0.837948717948718,-0.007163366814200293,0.008337372344523671,0.4420881413309388,0.13552976838839845,0.032174064178373166
"player_a_probability:[0.1,0.2)",2010,251,1,0.15389607884103057,0.16733067729083664,0.01343459844980609,0.8461039211589694,0.8326693227091634,-0.01343459844980609,0.023555075965756067,0.4498000514366931,0.13889088937364227,0.004213622934634992
"player_a_probability:[0.1,0.2)",2011,268,1,0.1536703173949883,0.1455223880597015,-0.008147929335286802,0.8463296826050116,0.8544776119402985,0.008147929335286802,0.021582927398217648,0.4151350990924093,0.12444106435794078,0.004152280605985134
"player_a_probability:[0.1,0.2)",2012,245,1,0.15505454043610772,0.16326530612244897,0.008210765686341291,0.8449454595638924,0.8367346938775511,-0.008210765686341291,0.023526569104667504,0.438890014309573,0.13512128340930973,0.004013139266471799
"player_a_probability:[0.1,0.2)",2013,227,1,0.15777512168413677,0.15418502202643172,-0.0035900996577050482,0.8422248783158631,0.8458149779735683,0.0035900996577050482,0.023969930803562838,0.42735147736788237,0.12986290251198773,0.0036205413660711093
"player_a_probability:[0.1,0.2)",2014,208,1,0.14999047745053956,0.1971153846153846,0.04712490716484505,0.8500095225494604,0.8028846153846154,-0.04712490716484505,0.027787820602832428,0.5114844102949377,0.1620584924633213,0.003970618696026986
"player_a_probability:[0.1,0.2)",2015,155,1,0.15948496948738386,0.16774193548387098,0.008256965996487073,0.840515030512616,0.832258064516129,-0.008256965996487073,0.030236097021842507,0.45785697887089344,0.14085829820706522,0.0026486464031122074
"player_a_probability:[0.1,0.2)",2016,152,1,0.1594897876623115,0.17763157894736842,0.018141791285056916,0.8405102123376885,0.8223684210526315,-0.018141791285056916,0.031059684166847783,0.4672361314163604,0.1459994256532251,0.0026505893847610204
"player_a_probability:[0.1,0.2)",2017,145,1,0.15513107694160042,0.1724137931034483,0.017282716161847858,0.8448689230583996,0.8275862068965517,-0.017282716161847858,0.031387102481636675,0.45830671564246805,0.14216032139368887,0.0024801998122026526
"player_a_probability:[0.1,0.2)",2018,159,1,0.15094518067975154,0.1320754716981132,-0.01886970898163832,0.8490548193202483,0.8679245283018868,0.01886970898163832,0.027004455320017377,0.3937662439472588,0.11557608184372047,0.0023366736130332965
"player_a_probability:[0.1,0.2)",2019,140,1,0.1554402260190559,0.14285714285714285,-0.012583083161913068,0.8445597739809441,0.8571428571428571,0.012583083161913068,0.029331810901582028,0.3995659261586145,0.11974769715835672,0.002087752096073973
"player_a_probability:[0.2,0.3)",tune,2749,10,0.2529732530986457,0.24772644598035648,-0.005246807118289214,0.7470267469013544,0.7522735540196435,0.005246807118289214,0.008207269063863229,0.5564693515353608,0.18513079054224085,0.05709241798054441
"player_a_probability:[0.2,0.3)",2010,298,1,0.25427320589071023,0.2550335570469799,0.0007603511562696388,0.7457267941092897,0.7449664429530202,-0.0007603511562696388,0.025175448753776853,0.5631041705418062,0.18824013446023202,0.006262784310720991
"player_a_probability:[0.2,0.3)",2011,276,1,0.2515338594082883,0.2391304347826087,-0.012403424625679655,0.7484661405917116,0.7608695652173914,0.012403424625679655,0.025574187678166573,0.5448108989144107,0.18001459067691883,0.005611995525131647
"player_a_probability:[0.2,0.3)",2012,298,1,0.2504961924488422,0.23825503355704697,-0.012241158891795176,0.7495038075511579,0.761744966442953,0.012241158891795176,0.02462848018532356,0.545839107664097,0.1802987707339601,0.006070764129428264
"player_a_probability:[0.2,0.3)",2013,295,1,0.2516278150834148,0.26101694915254237,0.00938913406912756,0.7483721849165852,0.7389830508474576,-0.00938913406912756,0.025600795391267275,0.5738607896295317,0.19277596889023432,0.006318165743849811
"player_a_probability:[0.2,0.3)",2014,277,1,0.25377865713359515,0.26714801444043323,0.01336935730683809,0.7462213428664048,0.7328519855595668,-0.01336935730683809,0.026698796621404893,0.5833490148552655,0.19691864423939293,0.006030741103042044
"player_a_probability:[0.2,0.3)",2015,234,1,0.2515891605552082,0.24786324786324787,-0.0037259126919603042,0.748410839444792,0.7521367521367521,0.0037259126919603042,0.028266873723303367,0.5592764459832886,0.18618464539616666,0.004884328146603326
"player_a_probability:[0.2,0.3)",2016,279,1,0.25356264894263436,0.22580645161290322,-0.02775619732973109,0.7464373510573657,0.7741935483870968,0.02775619732973109,0.024886661141463155,0.5288066172253911,0.17294856746027035,0.00550634642852445
"player_a_probability:[0.2,0.3)",2017,264,1,0.25246193055105326,0.24621212121212122,-0.006249809338932046,0.7475380694489467,0.7537878787878788,0.006249809338932046,0.026586796755423404,0.5589331999289116,0.18594265144760566,0.005507142075883879
"player_a_probability:[0.2,0.3)",2018,265,1,0.2540952974267701,0.2528301886792453,-0.0012651087475248346,0.7459047025732298,0.7471698113207547,0.0012651087475248346,0.026437129258257506,0.5537886081012142,0.18451695660244627,0.005477121040039627
"player_a_probability:[0.2,0.3)",2019,263,1,0.256467328069216,0.24334600760456274,-0.013121320464653282,0.743532671930784,0.7566539923954373,0.013121320464653282,0.026434288337309927,0.5524891704004641,0.1832503282245465,0.005423029477320372
"player_a_probability:[0.3,0.4)",tune,3616,10,0.3514805101602592,0.34430309734513276,-0.007177412815126454,0.6485194898397408,0.6556969026548672,0.007177412815126454,0.00788797946837239,0.6421366285916186,0.22497761089259244,0.08665992569184491
"player_a_probability:[0.3,0.4)",2010,359,1,0.3522822011754458,0.35376044568245124,0.0014782445070054874,0.6477177988245542,0.6462395543175488,-0.0014782445070054874,0.025228167948908135,0.648062056640458,0.22785502919169948,0.008683073760316655
"player_a_probability:[0.3,0.4)",2011,366,1,0.35142641057086604,0.36065573770491804,0.009229327134051942,0.6485735894291339,0.639344262295082,-0.009229327134051942,0.025046222752580113,0.6504871616062722,0.2290545255520769,0.00888550799238246
"player_a_probability:[0.3,0.4)",2012,394,1,0.34963781507114927,0.3197969543147208,-0.029840860756428497,0.6503621849288508,0.6802030456852792,0.029840860756428497,0.023485076844834724,0.6270055606762777,0.2176491688929469,0.009219981746154116
"player_a_probability:[0.3,0.4)",2013,335,1,0.3509574647064226,0.32238805970149254,-0.028569405004930052,0.6490425352935774,0.6776119402985075,0.028569405004930052,0.025489627686595327,0.6272398703734237,0.21782306484915226,0.007842254108199482
"player_a_probability:[0.3,0.4)",2014,352,1,0.350444885130967,0.375,0.024555114869033005,0.649555114869033,0.625,-0.024555114869033005,0.02582143482934288,0.6622001897360675,0.234630973988978,0.008699502380648495
"player_a_probability:[0.3,0.4)",2015,350,1,0.35147514646027317,0.37714285714285717,0.025667710682584013,0.6485248535397269,0.6228571428571429,-0.025667710682584013,0.025786925109409827,0.6578597800418695,0.23273179317449538,0.008593376241496392
"player_a_probability:[0.3,0.4)",2016,381,1,0.3519753885843975,0.30446194225721784,-0.04751344632717963,0.6480246114156025,0.6955380577427821,0.04751344632717963,0.023619521972618036,0.6200861600791484,0.21425261850358052,0.0088173780320279
"player_a_probability:[0.3,0.4)",2017,350,1,0.3509978007408201,0.35714285714285715,0.006145056402037076,0.6490021992591799,0.6428571428571429,-0.006145056402037076,0.025639523386071277,0.6514642171210782,0.22946518237143296,0.008509833395251822
"player_a_probability:[0.3,0.4)",2018,379,1,0.35230643362374897,0.3641160949868074,0.011809661363058435,0.647693566376251,0.6358839050131926,-0.011809661363058435,0.024781162417911565,0.6574175079811666,0.232271540177451,0.009299142924716808
"player_a_probability:[0.3,0.4)",2019,350,1,0.35338630272386157,0.31142857142857144,-0.04195773129529017,0.6466136972761384,0.6885714285714286,0.04195773129529017,0.024700293789772634,0.6208456963279346,0.214686926357525,0.008109875110650784
"player_a_probability:[0.4,0.5)",tune,4059,10,0.45052540536983754,0.46809559004680956,0.017570184676972068,0.5494745946301625,0.5319044099531904,-0.017570184676972068,0.007827428930677076,0.6910360043138681,0.24893686738134324,0.10468444955997577
"player_a_probability:[0.4,0.5)",2010,345,1,0.4482210230768283,0.4463768115942029,-0.0018442114826253608,0.5517789769231717,0.553623188405797,0.0018442114826253608,0.02668740028028833,0.6830881439877683,0.24500616391578742,0.008795454567282977
"player_a_probability:[0.4,0.5)",2011,350,1,0.4479100900084175,0.44,-0.00791009000841754,0.5520899099915824,0.56,0.00791009000841754,0.026762762981940993,0.6932681880440698,0.25003224289115655,0.00905590303110489
"player_a_probability:[0.4,0.5)",2012,428,1,0.45156465589940753,0.46261682242990654,0.011052166530499017,0.5484353441005925,0.5373831775700935,-0.011052166530499017,0.024074124165630654,0.6883214410386412,0.24759574538913803,0.010995057728018901
"player_a_probability:[0.4,0.5)",2013,355,1,0.4523573095686666,0.504225352112676,0.05186804254400942,0.5476426904313334,0.49577464788732395,-0.05186804254400942,0.026426934594212366,0.6930061820146829,0.24991783054190675,0.00918180169497695
"player_a_probability:[0.4,0.5)",2014,355,1,0.45397731053595575,0.4676056338028169,0.013628323266861185,0.5460226894640443,0.532394366197183,-0.013628323266861185,0.026641167189346546,0.6960889853314945,0.2514378645756592,0.009222646480282174
"player_a_probability:[0.4,0.5)",2015,442,1,0.45008157632906465,0.47058823529411764,0.020506658965053024,0.5499184236709354,0.5294117647058824,-0.020506658965053024,0.02375003973779189,0.6915299886080475,0.249172917970001,0.011407638089301972
"player_a_probability:[0.4,0.5)",2016,463,1,0.45018859701260594,0.47300215982721383,0.022813562814607877,0.5498114029873941,0.5269978401727862,-0.022813562814607877,0.023232820620190418,0.6929722675028336,0.24989140538241064,0.011974552506300364
"player_a_probability:[0.4,0.5)",2017,451,1,0.4493734684173519,0.4523281596452328,0.002954691227880986,0.5506265315826481,0.5476718403547672,-0.002954691227880986,0.023415263433394194,0.686600524741131,0.2467322829451134,0.01155694695298388
"player_a_probability:[0.4,0.5)",2018,461,1,0.4508772336219238,0.4967462039045553,0.045868970282631503,0.5491227663780762,0.5032537960954447,-0.045868970282631503,0.023247722343118855,0.6946106682117189,0.25071399574045283,0.011951015826140271
"player_a_probability:[0.4,0.5)",2019,409,1,0.4507681099252212,0.4621026894865526,0.01133457956133137,0.5492318900747788,0.5378973105134475,-0.01133457956133137,0.024687263794458954,0.6907108443127962,0.24878855810597134,0.0105434326835834
"player_a_probability:[0.5,0.6)",tune,4406,10,0.549134652226467,0.5494779845665002,0.0003433323400332499,0.549134652226467,0.5494779845665002,0.0003433323400332499,0.007494223414986682,0.6879349026192747,0.24739982701249685,0.11312387776892306
"player_a_probability:[0.5,0.6)",2010,379,1,0.5530646121271973,0.5725593667546174,0.01949475462742012,0.5530646121271973,0.5725593667546174,0.01949475462742012,0.025312107541976707,0.6781784983179366,0.24256569940385592,0.009592806257464283
"player_a_probability:[0.5,0.6)",2011,382,1,0.5489457038812314,0.5471204188481675,-0.0018252850330639267,0.5489457038812314,0.5471204188481675,-0.0018252850330639267,0.025587349756089447,0.6920742095729748,0.24944878179836363,0.009866848848879464
"player_a_probability:[0.5,0.6)",2012,405,1,0.5480521977749141,0.5234567901234568,-0.0245954076514573,0.5480521977749141,0.5234567901234568,-0.0245954076514573,0.024791796892477985,0.6910003451027397,0.24891674411332537,0.010444694325841964
"player_a_probability:[0.5,0.6)",2013,366,1,0.5480799144474425,0.5136612021857924,-0.034418712261650226,0.5480799144474425,0.5136612021857924,-0.034418712261650226,0.026102667319162942,0.692894047077658,0.2498771207825878,0.009464776488408704
"player_a_probability:[0.5,0.6)",2014,378,1,0.5479656767373057,0.5634920634920635,0.015526386754757815,0.5479656767373057,0.5634920634920635,0.015526386754757815,0.025454164088622007,0.682088377180786,0.24450482366849463,0.0096226545709613
"player_a_probability:[0.5,0.6)",2015,469,1,0.5502029137623312,0.5202558635394456,-0.029947050222885633,0.5502029137623312,0.5202558635394456,-0.029947050222885633,0.023144157861236674,0.6963515097196737,0.2515819819905867,0.01218888027388695
"player_a_probability:[0.5,0.6)",2016,528,1,0.5484574401883573,0.5587121212121212,0.010254681023763933,0.5484574401883573,0.5587121212121212,0.010254681023763933,0.02164583005333917,0.687171055806696,0.24702677071676687,0.013541327068221823
"player_a_probability:[0.5,0.6)",2017,492,1,0.5477252733913138,0.5670731707317073,0.01934789734039344,0.5477252733913138,0.5670731707317073,0.01934789734039344,0.022365220725256377,0.6850767037137163,0.24597406229340818,0.01257959760495441
"player_a_probability:[0.5,0.6)",2018,546,1,0.5497046249413569,0.5659340659340659,0.016229440992709114,0.5497046249413569,0.5659340659340659,0.016229440992709114,0.02126029169978556,0.6863518668752604,0.2466033964771199,0.013986270034854526
"player_a_probability:[0.5,0.6)",2019,461,1,0.5493250792563478,0.5531453362255966,0.00382025696924877,0.5493250792563478,0.5531453362255966,0.00382025696924877,0.023189833944453238,0.6879270745862858,0.2473880576141162,0.011836022295449642
"player_a_probability:[0.6,0.7)",tune,3766,10,0.6486348342391188,0.6537440254912373,0.005109191252118457,0.6486348342391188,0.6537440254912373,0.005109191252118457,0.007737691138163235,0.6430544795007365,0.22544367235853183,0.09038378628796646
"player_a_probability:[0.6,0.7)",2010,367,1,0.648559631683058,0.6839237057220708,0.03536407403901297,0.648559631683058,0.6839237057220708,0.03536407403901297,0.02421094742869495,0.6228868074913365,0.21578882872721802,0.008531740626607469
"player_a_probability:[0.6,0.7)",2011,331,1,0.6505745332080961,0.6404833836858006,-0.010091149522295477,0.6505745332080961,0.6404833836858006,-0.010091149522295477,0.0263322969529584,0.6501760462158743,0.22892048602887952,0.008031957576228052
"player_a_probability:[0.6,0.7)",2012,339,1,0.6472330253865733,0.6843657817109144,0.03713275632434119,0.6472330253865733,0.6843657817109144,0.03713275632434119,0.02537016007839854,0.6298784916834904,0.2189308591646485,0.007969277027719015
"player_a_probability:[0.6,0.7)",2013,362,1,0.6509762148365945,0.6602209944751382,0.009244779638543593,0.6509762148365945,0.6602209944751382,0.009244779638543593,0.02494114093531368,0.6415779117462284,0.2246493104775851,0.008668030307237989
"player_a_probability:[0.6,0.7)",2014,350,1,0.6488747016439521,0.6457142857142857,-0.0031604159296664035,0.6488747016439521,0.6457142857142857,-0.0031604159296664035,0.02552352807242429,0.6469429733659979,0.22736620758592538,0.00845077407920054
"player_a_probability:[0.6,0.7)",2015,361,1,0.6484993270978847,0.6703601108033241,0.021860783705439386,0.6484993270978847,0.6703601108033241,0.021860783705439386,0.02469500585479404,0.6318151019838243,0.22002148696480828,0.00851254951915207
"player_a_probability:[0.6,0.7)",2016,419,1,0.6490447042720219,0.639618138424821,-0.00942656584720091,0.6490447042720219,0.639618138424821,-0.00942656584720091,0.023417528497697272,0.651068179596902,0.22931196805678555,0.010181293097376351
"player_a_probability:[0.6,0.7)",2017,425,1,0.647135098752288,0.6235294117647059,-0.02360568698758214,0.647135098752288,0.6235294117647059,-0.02360568698758214,0.023473184853444115,0.6610993915460294,0.234177161095674,0.010486199948013081
"player_a_probability:[0.6,0.7)",2018,411,1,0.6484759010325335,0.656934306569343,0.008458405536809514,0.6484759010325335,0.656934306569343,0.008458405536809514,0.02338383090762672,0.640586343607887,0.2242609992699814,0.009826117310697977
"player_a_probability:[0.6,0.7)",2019,401,1,0.6474107207138996,0.6408977556109726,-0.006512965102927164,0.6474107207138996,0.6408977556109726,-0.006512965102927164,0.023911706262343645,0.6498611946256724,0.22875029726507376,0.00972584679573392
"player_a_probability:[0.7,0.8)",tune,2907,10,0.7466069033915813,0.7457860337117304,-0.0008208696798510177,0.7466069033915813,0.7457860337117304,-0.0008208696798510177,0.008071697275158659,0.5662101598226096,0.18933324862367293,0.061430653676357624
"player_a_probability:[0.7,0.8)",2010,313,1,0.7483762158467597,0.7348242811501597,-0.013551934696599896,0.7483762158467597,0.7348242811501597,-0.013551934696599896,0.025007178456159847,0.579587350885341,0.19529565492754714,0.006770577025718882
"player_a_probability:[0.7,0.8)",2011,295,1,0.7483006051717186,0.7491525423728813,0.0008519372011628004,0.7483006051717186,0.7491525423728813,0.0008519372011628004,0.02517484227817046,0.5590725029967335,0.1863298948138378,0.006155347778757796
"player_a_probability:[0.7,0.8)",2012,303,1,0.745427239473916,0.735973597359736,-0.009453642114180125,0.745427239473916,0.735973597359736,-0.009453642114180125,0.025436810120426295,0.5804373527818951,0.19549282669821474,0.006563876908745026
"player_a_probability:[0.7,0.8)",2013,284,1,0.7473612438803204,0.7147887323943662,-0.032572511485954206,0.7473612438803204,0.7147887323943662,-0.032572511485954206,0.026926683183941858,0.6044396943938464,0.20624906214711344,0.00640669079674003
"player_a_probability:[0.7,0.8)",2014,261,1,0.748596444037449,0.7547892720306514,0.006192827993202336,0.748596444037449,0.7547892720306514,0.006192827993202336,0.026721197518096138,0.5585488381438242,0.18568417428684122,0.005440816852860271
"player_a_probability:[0.7,0.8)",2015,249,1,0.7403802432531724,0.7309236947791165,-0.009456548474056001,0.7403802432531724,0.7309236947791165,-0.009456548474056001,0.028222959528469954,0.5849214171063678,0.1976302165563641,0.005435748035361857
"player_a_probability:[0.7,0.8)",2016,348,1,0.7440595730983569,0.735632183908046,-0.008427389190310889,0.7440595730983569,0.735632183908046,-0.008427389190310889,0.023562132239857328,0.5729159148326952,0.19271642515248288,0.00744102180942666
"player_a_probability:[0.7,0.8)",2017,297,1,0.7443763403700911,0.7474747474747475,0.0030984071046562625,0.7443763403700911,0.7474747474747475,0.0030984071046562625,0.025157879779547632,0.5612438418155383,0.187353598967229,0.0062211473098161855
"player_a_probability:[0.7,0.8)",2018,268,1,0.7493592108583258,0.75,0.0006407891416741863,0.7493592108583258,0.75,0.0006407891416741863,0.026385546553954857,0.5577297076823905,0.18588502748661945,0.005578546005033987
"player_a_probability:[0.7,0.8)",2019,289,1,0.749832739616041,0.8062283737024222,0.05639563408638109,0.749832739616041,0.8062283737024222,0.05639563408638109,0.023347093874280272,0.5022142340398417,0.16016546374784818,0.005416881153896927
"player_a_probability:[0.8,0.9)",tune,2154,10,0.8450693862318995,0.8416898792943361,-0.003379506937563401,0.8450693862318995,0.8416898792943361,-0.003379506937563401,0.007834545886631144,0.43272238397729823,0.13216279628180747,0.03478704243812422
"player_a_probability:[0.8,0.9)",2010,279,1,0.847498924498781,0.8745519713261649,0.02705304682738396,0.847498924498781,0.8745519713261649,0.02705304682738396,0.01968107663121548,0.3725114223600589,0.10841371544977443,0.003878879108698083
"player_a_probability:[0.8,0.9)",2011,250,1,0.8465486038742894,0.788,-0.05854860387428941,0.8465486038742894,0.788,-0.05854860387428941,0.025924656941712282,0.5309300000731687,0.1707778105644507,0.004953814287463319
"player_a_probability:[0.8,0.9)",2012,233,1,0.8460804710317303,0.871244635193133,0.02516416416140265,0.8460804710317303,0.871244635193133,0.02516416416140265,0.02201292675416258,0.38754399927738303,0.11305323023185943,0.003370073592282983
"player_a_probability:[0.8,0.9)",2013,225,1,0.8457804859536049,0.8533333333333334,0.007552847379728334,0.8457804859536049,0.8533333333333334,0.007552847379728334,0.023610940494860986,0.4154117759769786,0.12493178397915948,0.0034883798460409116
"player_a_probability:[0.8,0.9)",2014,246,1,0.8484748402283596,0.8292682926829268,-0.019206547545432672,0.8484748402283596,0.8292682926829268,-0.019206547545432672,0.023972783168602452,0.45613173361688736,0.14116900301657812,0.004187818409709424
"player_a_probability:[0.8,0.9)",2015,175,1,0.8439985483478163,0.8457142857142858,0.001715737366469398,0.8439985483478163,0.8457142857142858,0.001715737366469398,0.02718864745534097,0.422377791847892,0.12862766753315322,0.002758681554578678
"player_a_probability:[0.8,0.9)",2016,179,1,0.8371496200216945,0.8770949720670391,0.03994535204534455,0.8371496200216945,0.8770949720670391,0.03994535204534455,0.024596825244419696,0.37819840687241085,0.10928630970463145,0.002526592327765975
"player_a_probability:[0.8,0.9)",2017,213,1,0.845915049155692,0.8356807511737089,-0.01023429798198314,0.845915049155692,0.8356807511737089,-0.01023429798198314,0.0252824664732219,0.44025644193129676,0.135615800380737,0.0034998366101129438
"player_a_probability:[0.8,0.9)",2018,185,1,0.8442813700794632,0.827027027027027,-0.01725434305243626,0.8442813700794632,0.827027027027027,-0.01725434305243626,0.0275708428085474,0.449388837792312,0.14016556501811908,0.003102819100976999
"player_a_probability:[0.8,0.9)",2019,169,1,0.840866570260558,0.8106508875739645,-0.03021568268659347,0.840866570260558,0.8106508875739645,-0.03021568268659347,0.029977787170137944,0.47882742489739927,0.15188916504805552,0.0030201476004949046
"player_a_probability:[0.9,1.000000001)",tune,535,10,0.9250328394648498,0.9364485981308411,0.011415758665991219,0.9250328394648498,0.9364485981308411,0.011415758665991219,0.010524239901042835,0.234359415378256,0.0592759595600911,0.004679491200543665
"player_a_probability:[0.9,1.000000001)",2010,48,1,0.9179079871355279,0.9583333333333334,0.04042534619780555,0.9179079871355279,0.9583333333333334,0.04042534619780555,0.028945360520234973,0.18209129350690453,0.04101240171059216,0.00032620669136117854
"player_a_probability:[0.9,1.000000001)",2011,66,1,0.9227280991271876,0.9090909090909091,-0.013637190036278463,0.9227280991271876,0.9090909090909091,-0.013637190036278463,0.035469492837038326,0.299069383873486,0.08196149288967196,0.0007366790824680928
"player_a_probability:[0.9,1.000000001)",2012,66,1,0.9245595336981989,0.9393939393939394,0.014834405695740556,0.9245595336981989,0.9393939393939394,0.014834405695740556,0.029569975598394343,0.228918822775523,0.05705498429017222,0.000563881551958816
"player_a_probability:[0.9,1.000000001)",2013,66,1,0.9323525429058134,0.9696969696969697,0.037344426791156224,0.9323525429058134,0.9696969696969697,0.037344426791156224,0.02176977875604366,0.15964495685863203,0.03219961857302087,0.000393243530367609
"player_a_probability:[0.9,1.000000001)",2014,91,1,0.9322365181120684,0.9340659340659341,0.0018294159538657687,0.9322365181120684,0.9340659340659341,0.0018294159538657687,0.02610560164394744,0.23957009160823345,0.06133856611005469,0.0008136477695136688
"player_a_probability:[0.9,1.000000001)",2015,50,1,0.9308673220336178,0.94,0.009132677966382063,0.9308673220336178,0.94,0.009132677966382063,0.0337052717922161,0.22173125284075026,0.05574962778960839,0.0004137703456758048
"player_a_probability:[0.9,1.000000001)",2016,37,1,0.91767780287376,0.918918918918919,0.0012411160451588031,0.91767780287376,0.918918918918919,0.0012411160451588031,0.04521173743301446,0.2748735619894194,0.07358918363066382,0.00037957459855223255
"player_a_probability:[0.9,1.000000001)",2017,38,1,0.9210244057575322,0.9473684210526315,0.02634401529509945,0.9210244057575322,0.9473684210526315,0.02634401529509945,0.03607313572926949,0.19956493879539908,0.0488410386315335,0.00028302857633146096
"player_a_probability:[0.9,1.000000001)",2018,49,1,0.9196917895604285,0.8979591836734694,-0.021732605886959012,0.9196917895604285,0.8979591836734694,-0.021732605886959012,0.04363827167995192,0.33043993814157707,0.091878646408876,0.0006042978640343837
"player_a_probability:[0.9,1.000000001)",2019,24,1,0.9159142112281135,0.9583333333333334,0.042419122105219774,0.9159142112281135,0.9583333333333334,0.042419122105219774,0.04149584741979129,0.18438870551556405,0.041403205041169316,0.00016516119028041863
player_a_probability:missing,tune,0,0,,,,,,,,,,
player_a_probability:missing,2010,0,0,,,,,,,,,,
player_a_probability:missing,2011,0,0,,,,,,,,,,
player_a_probability:missing,2012,0,0,,,,,,,,,,
player_a_probability:missing,2013,0,0,,,,,,,,,,
player_a_probability:missing,2014,0,0,,,,,,,,,,
player_a_probability:missing,2015,0,0,,,,,,,,,,
player_a_probability:missing,2016,0,0,,,,,,,,,,
player_a_probability:missing,2017,0,0,,,,,,,,,,
player_a_probability:missing,2018,0,0,,,,,,,,,,
player_a_probability:missing,2019,0,0,,,,,,,,,,
"experience:[0,32)",tune,7405,10,0.5045038337470712,0.5097906819716408,0.005286848224569664,0.691611068789768,0.7070898041863606,0.01547873539659257,0.00507990760904456,0.5633641275038269,0.19130322683631673,0.15569572905000514
"experience:[0,32)",2010,713,1,0.5039743845633299,0.4992987377279102,-0.004675646835419584,0.7078977154072443,0.7349228611500701,0.027025145742825885,0.015979243077580144,0.5436156904891913,0.1825297395470848,0.014465850090273697
"experience:[0,32)",2011,767,1,0.506864361284492,0.49674054758800523,-0.010123813696486818,0.7055728306985407,0.7353324641460235,0.029759633447482794,0.015505236357395973,0.5495353080319968,0.18504149932894343,0.015730894277097167
"experience:[0,32)",2012,877,1,0.4963059535428235,0.5017103762827823,0.005404422739958709,0.693933166546038,0.7206385404789054,0.026705373932867357,0.01436719558197845,0.5409236596824033,0.18153386358525359,0.01770508507656444
"experience:[0,32)",2013,855,1,0.5056867249573289,0.5087719298245614,0.003085204867232522,0.7002015749687978,0.6842105263157895,-0.015991048653008367,0.015240028246197218,0.5791320323105178,0.1986044392839581,0.018480177936310096
"experience:[0,32)",2014,794,1,0.5026153140035442,0.49622166246851385,-0.006393651535030329,0.6990126349852281,0.7153652392947103,0.016352604309482134,0.015469538887348502,0.5611960540542462,0.19003756794374219,0.016630203288761344
"experience:[0,32)",2015,672,1,0.5119821506995291,0.5133928571428571,0.0014107064433280293,0.6705316369966655,0.6696428571428571,-0.0008887798538084802,0.017473706427997716,0.5949550811312866,0.20487749928829901,0.01492161732179684
"experience:[0,32)",2016,800,1,0.5149881865435489,0.5175,0.002511813456451115,0.681616168761009,0.71125,0.02963383123899101,0.015427717604778068,0.562488223775384,0.1910517258776315,0.016794453199235174
"experience:[0,32)",2017,702,1,0.49624224492241303,0.5113960113960114,0.01515376647359841,0.6888948125225676,0.6951566951566952,0.006261882634127569,0.016631201097051605,0.5685064013699764,0.19393360297545353,0.014894808306401561
"experience:[0,32)",2018,704,1,0.5068630311425149,0.5269886363636364,0.02012560522112148,0.6785504413064604,0.6832386363636364,0.004688195057176001,0.0169888905838226,0.5901843871166061,0.2029235286710688,0.015506822741288749
"experience:[0,32)",2019,521,1,0.4986890073301891,0.5374280230326296,0.03873901570244046,0.6833261078281391,0.7197696737044146,0.036443565876275466,0.018668337229230912,0.5433790703802791,0.18255167724400864,0.010565816812276084
"experience:[32,128)",tune,9811,10,0.507119508082805,0.5104474569360922,0.0033279488532870836,0.6721244208941228,0.6672102741820406,-0.004914146712082237,0.0046089639726994425,0.603372508155163,0.20841355356301033,0.22093333124991804
"experience:[32,128)",2010,1118,1,0.507468818330259,0.5322003577817531,0.02473153945149414,0.6882194671312007,0.7012522361359571,0.013032769004756257,0.01318260322567106,0.5697186995970742,0.1942832611266447,0.02377194544112596
"experience:[32,128)",2011,959,1,0.48934177895723135,0.4765380604796663,-0.012803718477565042,0.6909698764480662,0.6611053180396246,-0.029864558408441603,0.01482398415119306,0.6131507137594809,0.21141287670693165,0.021945642102535724
"experience:[32,128)",2012,886,1,0.49048514279280553,0.4853273137697517,-0.005157829023053863,0.6796934292833469,0.6670428893905191,-0.012650539892827706,0.015283236135770865,0.5981459733473914,0.20687595266141315,0.019778955452182903
"experience:[32,128)",2013,828,1,0.5004060792739156,0.49879227053140096,-0.001613808742514574,0.6864654219008728,0.6714975845410628,-0.01496783735980996,0.01563048240661118,0.5888226844782548,0.20227004383304645,0.01819605817526293
"experience:[32,128)",2014,952,1,0.5038775979451653,0.5304621848739496,0.026584586928784334,0.683239909390483,0.6502100840336135,-0.03302982535686948,0.014895410942537166,0.6145133246107164,0.21209244641995548,0.02183386896429805
"experience:[32,128)",2015,967,1,0.4994323893085728,0.5180972078593589,0.018664818550786094,0.6644610764955498,0.6432264736297828,-0.021234602865767074,0.014825848975196478,0.61114830000852,0.21278330906779996,0.02205644570083746
"experience:[32,128)",2016,992,1,0.5114831483324611,0.5050403225806451,-0.006442825751815973,0.6562069270007146,0.6622983870967742,0.00609146009605955,0.014669434852167469,0.6148777767422808,0.21329269389814962,0.022764751605894702
"experience:[32,128)",2017,1053,1,0.521946867048952,0.5194681861348528,-0.002478680914099125,0.6587927453345789,0.6799620132953467,0.021169267960767825,0.014173437239573067,0.6117618619939698,0.21178054989568545,0.024042145281766448
"experience:[32,128)",2018,959,1,0.5258633553426745,0.5255474452554745,-0.0003159100872000462,0.6602464520963731,0.6684045881126173,0.008158136016244044,0.01466913777600302,0.5975826033747115,0.20621244694478127,0.02138843459865449
"experience:[32,128)",2019,1097,1,0.515831935375386,0.5059252506836828,-0.009906684691703157,0.6569925572046618,0.6618049225159526,0.0048123653112908315,0.013949977517508337,0.6144077654965061,0.21330681138182028,0.025155083927359382
"experience:[128,512)",tune,9132,10,0.5010342470298179,0.5010950503723172,6.0803342499199405e-05,0.67971754213508,0.6706088480070084,-0.009108694128071627,0.004765997039964321,0.600625854112493,0.20749114771308502,0.20470684853904927
"experience:[128,512)",2010,829,1,0.501799166572115,0.5090470446320868,0.007247878059971854,0.6932140722368781,0.6815440289505428,-0.011670043286335474,0.015763955825630397,0.5996018601880824,0.20589609701987416,0.018551539228779588
"experience:[128,512)",2011,949,1,0.4786745529956592,0.4731296101159115,-0.005544942879747672,0.7054905756224964,0.6986301369863014,-0.006860438636195018,0.014338060885146789,0.5704402148478098,0.19493689608725617,0.0202040667272737
"experience:[128,512)",2012,1023,1,0.4862495731671603,0.4809384164222874,-0.005311156744872885,0.6946276389764278,0.6999022482893451,0.005274609312917385,0.013833687465410237,0.5723422979975121,0.1956088903896465,0.02185213745060293
"experience:[128,512)",2013,911,1,0.4784223221352054,0.47091108671789245,-0.007511235417313032,0.7014916443215725,0.7058177826564215,0.004326138334848976,0.014340736161093609,0.549943889064569,0.18716632488720128,0.01869817432775332
"experience:[128,512)",2014,795,1,0.5108231161671271,0.5308176100628931,0.019994493895766068,0.7036084004489418,0.6855345911949685,-0.0180738092539733,0.016293891062787263,0.6120123480270698,0.2111264260379361,0.018158909333489605
"experience:[128,512)",2015,836,1,0.5021094060161903,0.4892344497607656,-0.012874956255424695,0.6701412675042681,0.6650717703349283,-0.005069497169339872,0.01581419824984366,0.6033863353843227,0.20884990314982416,0.018826266193225864
"experience:[128,512)",2016,977,1,0.5143091433484446,0.5168884339815762,0.002579290633131704,0.6557877627430294,0.6499488229273286,-0.005838939815700868,0.014846494651528909,0.6191532771004701,0.21516245497353884,0.022576425756779848
"experience:[128,512)",2017,916,1,0.5249443397684337,0.5262008733624454,0.0012565335940117244,0.6606346449956604,0.6255458515283843,-0.035088793467276135,0.015584088868265945,0.6373087573931779,0.2234516240834088,0.021787520406514556
"experience:[128,512)",2018,1026,1,0.5006397518031713,0.51364522417154,0.013005472368368567,0.6558223835717615,0.6354775828460039,-0.02034480072575773,0.01463134997921899,0.6282411839409691,0.21984222318632213,0.024056708767762718
"experience:[128,512)",2019,870,1,0.5161629434117079,0.5045977011494253,-0.011565242262282581,0.6609265372718642,0.6620689655172414,0.0011424282453772394,0.015668680623096516,0.6158031249355843,0.21334736823750944,0.019995100346867148
"experience:[512,inf)",tune,446,10,0.46273892354778173,0.42152466367713004,-0.041214259870651616,0.6856699065193861,0.679372197309417,-0.0062977092099690294,0.020633703810304407,0.5595048212930779,0.18949829229575327,0.009313247379887764
"experience:[512,inf)",2010,42,1,0.48682150536888746,0.4523809523809524,-0.034440552987935136,0.6860960661929024,0.6428571428571429,-0.04323892333575959,0.06894779172289418,0.5767356342348915,0.19677532181324314,0.0009040418242093545
"experience:[512,inf)",2011,27,1,0.4071135433271851,0.4074074074074074,0.000293864080222386,0.6675426040421404,0.6296296296296297,-0.037912974412510674,0.09470709717516786,0.6627359429575703,0.23464268426781748,0.000667831248035172
"experience:[512,inf)",2012,22,1,0.3928793864760054,0.3181818181818182,-0.07469756829418722,0.7041763080524384,0.8181818181818182,0.1140055101293798,0.06924461569445572,0.3891671923677195,0.11368840919599026,0.0003195371438415253
"experience:[512,inf)",2013,39,1,0.3556552477127208,0.28205128205128205,-0.07360396566143869,0.7214856479858995,0.7692307692307693,0.04774512124486968,0.05679299133508642,0.3967452976655291,0.12484646346460093,0.0005774825188085256
"experience:[512,inf)",2014,70,1,0.43850335375778204,0.4142857142857143,-0.02421763947206775,0.7280229326717919,0.7571428571428571,0.029119924471065227,0.047785212395612155,0.47950894281718043,0.15840440013607038,0.0012527291929985307
"experience:[512,inf)",2015,72,1,0.4748101165390739,0.5138888888888888,0.03907877234981502,0.6969485322301515,0.6805555555555556,-0.016392976674595865,0.055056704562818054,0.6330852258269087,0.21548682061379132,0.001701206847038047
"experience:[512,inf)",2016,43,1,0.5136888595386531,0.37209302325581395,-0.1415958362828391,0.6660085137221415,0.5581395348837209,-0.10786897883842074,0.07268635216705986,0.6636475927321197,0.23353455983250526,0.001065046147924205
"experience:[512,inf)",2017,37,1,0.5183220756835071,0.3783783783783784,-0.13994369730512868,0.6510924838863499,0.6486486486486487,-0.0024438352377012485,0.07328436365012984,0.5663576260097496,0.19334749873242998,0.0007820867418959742
"experience:[512,inf)",2018,57,1,0.5014364475066072,0.5263157894736842,0.024879341967076973,0.6556607380773157,0.6140350877192983,-0.04162565035801745,0.0609006312748375,0.603833314727373,0.20943036058945602,0.0012845599365328157
"experience:[512,inf)",2019,37,1,0.4783543627440164,0.3783783783783784,-0.0999759843656381,0.6512412026473622,0.7027027027027027,0.05146150005534055,0.07098325702598611,0.5494405003217632,0.18403870599656527,0.0007587257786036141
experience:missing,tune,0,0,,,,,,,,,,
experience:missing,2010,0,0,,,,,,,,,,
experience:missing,2011,0,0,,,,,,,,,,
experience:missing,2012,0,0,,,,,,,,,,
experience:missing,2013,0,0,,,,,,,,,,
experience:missing,2014,0,0,,,,,,,,,,
experience:missing,2015,0,0,,,,,,,,,,
experience:missing,2016,0,0,,,,,,,,,,
experience:missing,2017,0,0,,,,,,,,,,
experience:missing,2018,0,0,,,,,,,,,,
experience:missing,2019,0,0,,,,,,,,,,
"inactivity_days:[0,14)",tune,15021,10,0.5018243200496681,0.5042939884162173,0.0024696683665491976,0.6784735074642937,0.6762532454563611,-0.002220262007932497,0.0036888653028217698,0.5939716985544756,0.20439299244326634,0.33298682107885264
"inactivity_days:[0,14)",2010,1547,1,0.4964074904522734,0.513251454427925,0.016843963975651608,0.6906356213680742,0.6910148674854557,0.0003792461173815375,0.0113542397034539,0.5828685497089213,0.19930854561805145,0.033652968813902416
"inactivity_days:[0,14)",2011,1532,1,0.4836887197121033,0.48433420365535246,0.0006454839432491491,0.6989233673080045,0.7036553524804178,0.004731985172413185,0.01134997664870746,0.5794845202000282,0.1972488276406912,0.033133174775936525
"inactivity_days:[0,14)",2012,1594,1,0.4954937379881341,0.4905897114178168,-0.004904026570317316,0.6933838510260866,0.6969887076537014,0.00360485662761493,0.011013475953673553,0.5666961930051065,0.1932385625546636,0.03371328400575277
"inactivity_days:[0,14)",2013,1491,1,0.48674694909446814,0.4875922199865862,0.0008452708921180185,0.7012477467499567,0.7008718980549966,-0.0003758486949601041,0.011308280636383068,0.5608204889600438,0.19053718557952393,0.031207858066709906
"inactivity_days:[0,14)",2014,1459,1,0.499482999687817,0.5044551062371487,0.0049721065493316926,0.6970535287104807,0.6895133653187114,-0.0075401633917692125,0.011769682957286504,0.5907202759296588,0.20202694108610347,0.03216618954173965
"inactivity_days:[0,14)",2015,1421,1,0.4969968831018649,0.49472202674173116,-0.0022748563601337757,0.6671472331390588,0.6544686840253343,-0.012678549113724511,0.012165185002000513,0.606416315544625,0.21030899671634454,0.03216084139691394
"inactivity_days:[0,14)",2016,1568,1,0.519979778471043,0.5261479591836735,0.006168180712630471,0.6576632168458807,0.6619897959183674,0.004326579072486531,0.011652329694813746,0.6128305970988513,0.21278094501164255,0.03586319236586545
"inactivity_days:[0,14)",2017,1509,1,0.5202546911214183,0.5195493704440026,-0.0007053206774157675,0.6616562037824846,0.6600397614314115,-0.0016164423510730969,0.011848092934236387,0.6108540181645719,0.21169159060275405,0.034402430148926584
"inactivity_days:[0,14)",2018,1493,1,0.5032934537415887,0.5010046885465506,-0.002288765195038205,0.6585312298329971,0.6470194239785666,-0.011511805854430448,0.01196161660366763,0.6143825098455665,0.21360828715955066,0.03423427212060278
"inactivity_days:[0,14)",2019,1407,1,0.5164213719056392,0.5216773276474769,0.00525595574183768,0.6563701658615098,0.6531627576403696,-0.0032074082211400747,0.012354313735471271,0.618006558720694,0.21460675689897948,0.032452609842502665
"inactivity_days:[14,60)",tune,7606,10,0.506161436493953,0.5042072048382855,-0.0019542316556674074,0.6738107854185281,0.6655272153562977,-0.008283570062230454,0.005243797385155793,0.6044879381323955,0.20918642831396586,0.17159570267354635
"inactivity_days:[14,60)",2010,734,1,0.5145154123777527,0.5122615803814714,-0.002253831996281359,0.6953299102432151,0.7070844686648501,0.01175455842163505,0.0162751383869104,0.5711128655199103,0.19429530457677846,0.015645175908472572
"inactivity_days:[14,60)",2011,745,1,0.49573077563688966,0.4657718120805369,-0.02995896355635272,0.6957521489490529,0.6577181208053692,-0.03803402814368372,0.01663014087287695,0.5986387278730576,0.20720840687292347,0.01664498963444905
"inactivity_days:[14,60)",2012,751,1,0.4815416078806149,0.47536617842876167,-0.006175429451853255,0.6755275392647838,0.6684420772303595,-0.007085462034424231,0.016702623163256082,0.6042900356898131,0.2092834191725452,0.016937441845303037
"inactivity_days:[14,60)",2013,756,1,0.49695452226328907,0.5066137566137566,0.009659234350467498,0.6842070182518639,0.6693121693121693,-0.014894848939694609,0.016418738238199202,0.5893909333944917,0.20375095535248725,0.016629825544757622
"inactivity_days:[14,60)",2014,766,1,0.5015444705112747,0.5352480417754569,0.03370357126418212,0.6849465832050657,0.660574412532637,-0.02437217067242856,0.01668767967833843,0.6169774595486598,0.21363017228411044,0.01763845390812396
"inactivity_days:[14,60)",2015,754,1,0.5062519717793865,0.5119363395225465,0.005684367743159983,0.662254529561968,0.636604774535809,-0.025649755026158932,0.016940132787528383,0.6217914741262187,0.21674488837379985,0.017497602877180298
"inactivity_days:[14,60)",2016,792,1,0.5069986350924449,0.48863636363636365,-0.018362271456081308,0.6606439524752786,0.6578282828282829,-0.002815669646995845,0.016336287230899194,0.6108635362038652,0.21110548386349912,0.018056427583543377
"inactivity_days:[14,60)",2017,783,1,0.5164416044463807,0.51213282247765,-0.004308781968730591,0.6597773098466687,0.648786717752235,-0.01099059209443365,0.016808622477131697,0.6316587022972918,0.22105908856515843,0.018458937220974077
"inactivity_days:[14,60)",2018,763,1,0.5275693480328487,0.5530799475753604,0.025510599542511773,0.6583378398936531,0.6631716906946264,0.004833850800973371,0.016642410472798498,0.6074895645326521,0.21107437378854227,0.017299191525655504
"inactivity_days:[14,60)",2019,762,1,0.5133932022726704,0.48031496062992124,-0.033078241642749084,0.6634635527394688,0.6876640419947506,0.024200489255281926,0.01629816686884503,0.5902998315125677,0.20273027881986522,0.01678765662508683
"inactivity_days:[60,120)",tune,1445,10,0.5013334150379553,0.5252595155709343,0.023926100532978986,0.6788313164934736,0.6865051903114187,0.007673873817945017,0.01167731627556702,0.5749692306010741,0.19696231737642853,0.031008081593586322
"inactivity_days:[60,120)",2010,147,1,0.49677125992900284,0.54421768707483,0.04744642714582697,0.7087455372404893,0.7482993197278912,0.03955378248740173,0.03382065034987156,0.5070736524597506,0.16856461466194778,0.0027819596518468066
"inactivity_days:[60,120)",2011,129,1,0.4801177299571382,0.5271317829457365,0.04701405298859823,0.7008942620514228,0.7364341085271318,0.035539846475708986,0.03790658572884219,0.5462686699099455,0.18518746361462893,0.0026300163625581465
"inactivity_days:[60,120)",2012,166,1,0.46539918152953796,0.4939759036144578,0.028576722084919876,0.6778634791322472,0.6566265060240963,-0.021236973108150793,0.03478566752130186,0.5815016665593538,0.20010804873571786,0.0036026452432952427
"inactivity_days:[60,120)",2013,129,1,0.5009790738628644,0.5038759689922481,0.0028968951293835985,0.6757982777800946,0.6511627906976745,-0.024635487082420197,0.039067151223712245,0.5680049783889866,0.19596592223004747,0.0027346660525557685
"inactivity_days:[60,120)",2014,100,1,0.5129186694889839,0.53,0.01708133051101612,0.7016869115227395,0.7,-0.0016869115227396137,0.04460498201652725,0.5776292788980395,0.19697368331926268,0.002155815775539447
"inactivity_days:[60,120)",2015,158,1,0.54016789901367,0.6012658227848101,0.06109792377114012,0.6703450313168061,0.7151898734177216,0.04484484210091534,0.03552182615512078,0.5829322335462467,0.2001136808060118,0.0034374596141041646
"inactivity_days:[60,120)",2016,163,1,0.4992689612893901,0.5030674846625767,0.0037985233731865366,0.6695344037722699,0.6503067484662577,-0.019227655306012212,0.03597821583851945,0.6072644557418017,0.21006768914610766,0.0036942638757152223
"inactivity_days:[60,120)",2017,135,1,0.5084294069726977,0.48148148148148145,-0.02694792549121615,0.6807470589644257,0.6814814814814815,0.0007344225170559038,0.03824846453260164,0.5730784309122267,0.1960351746160594,0.0028874221158897736
"inactivity_days:[60,120)",2018,200,1,0.5159714576970943,0.535,0.019028542302905634,0.6581204346816719,0.655,-0.003120434681671824,0.03232792776762428,0.6001438485765856,0.20798362494860043,0.004479688352441484
"inactivity_days:[60,120)",2019,118,1,0.48925559770878313,0.5254237288135594,0.0361681311047763,0.6598705879047253,0.6949152542372882,0.035044666332562854,0.04141673971876495,0.5913173649411978,0.20192364912339553,0.0026041445496402683
"inactivity_days:[120,365)",tune,1358,10,0.5062117529106605,0.5036818851251841,-0.0025298677854763488,0.7011132575145019,0.7083946980854198,0.007281440570917806,0.011879281099408057,0.5629646544437398,0.19154922185517628,0.028532731235896044
"inactivity_days:[120,365)",2010,152,1,0.5137839939407909,0.4934210526315789,-0.02036294130921203,0.7103394328000753,0.75,0.0396605671999247,0.035157135879337865,0.55924932934452,0.18821261527959185,0.003172572145270099
"inactivity_days:[120,365)",2011,146,1,0.5403268585091096,0.4794520547945205,-0.060874803714589004,0.7204899610488,0.678082191780822,-0.04240776926797812,0.03752938471918637,0.5970732251975335,0.20602435291738744,0.0032534407284780134
"inactivity_days:[120,365)",2012,152,1,0.49954652326589755,0.5197368421052632,0.02019031883936564,0.7038957311422703,0.7631578947368421,0.0592621635945718,0.03337979153911611,0.5157282048267229,0.1717577869963317,0.0029256806424446473
"inactivity_days:[120,365)",2013,125,1,0.5082363523336882,0.432,-0.07623635233368839,0.706133351229823,0.68,-0.026133351229823024,0.04012450636706796,0.5809485242472524,0.20031997743541002,0.002710254741020622
"inactivity_days:[120,365)",2014,137,1,0.5223346931772788,0.48175182481751827,-0.04058286835976052,0.7040120541633407,0.6715328467153284,-0.03247920744801228,0.03709849757527916,0.5478728894058713,0.1882314979550981,0.0028013206631560933
"inactivity_days:[120,365)",2015,104,1,0.4691440701423024,0.5288461538461539,0.0597020837038514,0.6817547635367612,0.7115384615384616,0.029783698001700238,0.04190145276355219,0.5399996339136092,0.18172743826736457,0.002095990218967506
"inactivity_days:[120,365)",2016,125,1,0.5281131521304281,0.472,-0.056113152130428154,0.6804122962904481,0.736,0.055587703709551885,0.037945878692140306,0.5391268479974681,0.18163631680881073,0.0025151472717654514
"inactivity_days:[120,365)",2017,121,1,0.49543802774584134,0.5371900826446281,0.04175205489878674,0.6896546685146991,0.6694214876033058,-0.020233180911393252,0.04261915775719156,0.6293036192621446,0.2183764945616789,0.0028418951231887553
"inactivity_days:[120,365)",2018,163,1,0.4847071237697051,0.5521472392638037,0.06744011549409858,0.6974745358646824,0.6993865030674846,0.0019119672028021736,0.0349299891882763,0.5826578269432185,0.19766052705886664,0.0035445706423730917
"inactivity_days:[120,365)",2019,133,1,0.4937730349257164,0.5338345864661654,0.040061551540449,0.7078917854727497,0.7142857142857143,0.0063939288129646185,0.03716516951217625,0.5382691100229764,0.1823658592083462,0.0026718590592317635
"inactivity_days:[365,inf)",tune,1364,10,0.5083558239402324,0.5087976539589443,0.0004418300187119129,0.7178911915787575,0.7587976539589443,0.040906462380186824,0.011180429586584759,0.5210651109627651,0.17205107248887191,0.02652581963697886
"inactivity_days:[365,inf)",2010,122,1,0.5443003663701572,0.5491803278688525,0.004879961498695222,0.7107236710461281,0.7213114754098361,0.01058780436370792,0.03857012141889709,0.5360337503183804,0.1801182678197283,0.0024407000648967083
"inactivity_days:[365,inf)",2011,150,1,0.4809632842178594,0.47333333333333333,-0.00762995088452599,0.7110389028913157,0.7733333333333333,0.062294430442017774,0.03337533202145872,0.515661757314772,0.16985360140794384,0.002886812853520035
"inactivity_days:[365,inf)",2012,145,1,0.4914808005669772,0.47586206896551725,-0.015618731601459955,0.7226978597444642,0.8206896551724138,0.09799179542794952,0.030319775005333286,0.4576532329317043,0.14197997288905384,0.0024766633863961005
"inactivity_days:[365,inf)",2013,132,1,0.5062008265330863,0.44696969696969696,-0.05923112956338923,0.7272500093991875,0.7121212121212122,-0.015128797277975366,0.037400068568413075,0.5418251325115069,0.18346711239586005,0.00266928855309095
"inactivity_days:[365,inf)",2014,149,1,0.5354843208602349,0.5704697986577181,0.0349854777974833,0.7214911803061874,0.7449664429530202,0.023475262646832657,0.035486844897363895,0.5599641898868639,0.18692987975023295,0.003113930890988383
"inactivity_days:[365,inf)",2015,110,1,0.5351713509405,0.4818181818181818,-0.05335316912231817,0.7216033731899107,0.7272727272727273,0.00566935408281651,0.04160743163101945,0.5635611141990119,0.18873058357108177,0.0023136419557323023
"inactivity_days:[365,inf)",2016,164,1,0.48587981737772584,0.5060975609756098,0.020217743597883968,0.713180717424147,0.7804878048780488,0.06730708745390171,0.03128192798498922,0.5018394667880053,0.16403536403018967,0.0030716456129444227
"inactivity_days:[365,inf)",2017,160,1,0.4998435155247368,0.54375,0.0439064844752632,0.7259422686236683,0.775,0.04905773137633179,0.031458647297347014,0.48829990601810486,0.15976045288263405,0.002915876127599342
"inactivity_days:[365,inf)",2018,127,1,0.5292811248562946,0.5118110236220472,-0.017470101234247432,0.7111098550661802,0.7244094488188977,0.013299593752717333,0.03897414198216722,0.5651642392474596,0.19156883084299955,0.002678803403165909
"inactivity_days:[365,inf)",2019,105,1,0.4879144146454807,0.5238095238095238,0.035895109164043114,0.7118986853447247,0.7904761904761904,0.07857750513146579,0.03871386366190466,0.4997608685232977,0.1620458012344699,0.0019584567886447063
inactivity_days:missing,tune,0,0,,,,,,,,,,
inactivity_days:missing,2010,0,0,,,,,,,,,,
inactivity_days:missing,2011,0,0,,,,,,,,,,
inactivity_days:missing,2012,0,0,,,,,,,,,,
inactivity_days:missing,2013,0,0,,,,,,,,,,
inactivity_days:missing,2014,0,0,,,,,,,,,,
inactivity_days:missing,2015,0,0,,,,,,,,,,
inactivity_days:missing,2016,0,0,,,,,,,,,,
inactivity_days:missing,2017,0,0,,,,,,,,,,
inactivity_days:missing,2018,0,0,,,,,,,,,,
inactivity_days:missing,2019,0,0,,,,,,,,,,
"prior_serve_points:[0,1)",tune,2530,10,0.5046966697869628,0.5217391304347826,0.017042460647819817,0.6996434041318716,0.7292490118577075,0.02960560772583585,0.008502548732915744,0.5468119261816162,0.1837063361115465,0.0516322375621217
"prior_serve_points:[0,1)",2010,416,1,0.5289422337976316,0.5456730769230769,0.016730843125445323,0.6849028254052012,0.6875,0.0025971745947987947,0.02185503908133672,0.580756280264308,0.1982284796132793,0.009016743024182733
"prior_serve_points:[0,1)",2011,508,1,0.4939650096959019,0.5019685039370079,0.008003494241105922,0.6958792137270167,0.7224409448818898,0.026561731154873095,0.01928290401921221,0.5584817701591059,0.18922353198091804,0.010588517550228627
"prior_serve_points:[0,1)",2012,513,1,0.49537021011901267,0.5107212475633528,0.015351037444340146,0.694676329414455,0.7446393762183235,0.04996304680386864,0.018601398095078842,0.5398766610216245,0.17965445572482616,0.01033652038158145
"prior_serve_points:[0,1)",2013,345,1,0.4882127037721926,0.4927536231884058,0.004540919416213177,0.7067933662419407,0.7014492753623188,-0.005344090879621751,0.023401155519771694,0.5528614367673252,0.1884078027105559,0.007118653268818662
"prior_serve_points:[0,1)",2014,270,1,0.5086955148590562,0.5703703703703704,0.061674855511314304,0.7162158228244195,0.7666666666666667,0.05045084384224706,0.025138217913514276,0.5223489146682928,0.17253445760870656,0.005263648837815894
"prior_serve_points:[0,1)",2015,91,1,0.5622229182825274,0.43956043956043955,-0.12266247872208765,0.6914681252359238,0.6263736263736264,-0.06509449886229743,0.048379003616146256,0.6160755987541269,0.21488481296233194,0.002092366928664087
"prior_serve_points:[0,1)",2016,182,1,0.4958346761646318,0.521978021978022,0.026143345813390187,0.7079641152340469,0.7802197802197802,0.0722556649857333,0.02973086991928107,0.5054474367350225,0.16521123845698593,0.0034332848206976973
"prior_serve_points:[0,1)",2017,94,1,0.49760044365821277,0.574468085106383,0.07686764144817024,0.7309043605752288,0.8404255319148937,0.10952117133966476,0.036799828760270104,0.44367471482585163,0.13793803487263606,0.0015565209820717345
"prior_serve_points:[0,1)",2018,60,1,0.5197886185255466,0.5333333333333333,0.01354471480778676,0.6869491623924762,0.75,0.06305083760752388,0.055171183535527926,0.544105167215466,0.18356311819295396,0.0012184186770518757
"prior_serve_points:[0,1)",2019,51,1,0.5222810849058837,0.6078431372549019,0.08556205234901822,0.713443686262417,0.7450980392156863,0.03165435295326932,0.05870053502445035,0.5293459894214432,0.17328963866872632,0.0010075630910089425
"prior_serve_points:[1,100)",tune,1302,10,0.5004023986157717,0.4877112135176651,-0.0126911850981066,0.7236348817985749,0.7626728110599078,0.039037929261332885,0.011383334055138175,0.5150061512580159,0.1701079226893528,0.02502567772404033
"prior_serve_points:[1,100)",2010,127,1,0.5017311295232402,0.5433070866141733,0.041575957090932994,0.7301005446283712,0.7716535433070866,0.04155299867871539,0.037055950451637766,0.5250554713086998,0.1747427281473467,0.002488693172210378
"prior_serve_points:[1,100)",2011,130,1,0.5120764323406252,0.47692307692307695,-0.035153355417548236,0.7421003853519608,0.8,0.057899614648039145,0.03437243403555967,0.4835630968576351,0.15576124995361962,0.002346167149044285
"prior_serve_points:[1,100)",2012,130,1,0.5177047194189238,0.5538461538461539,0.03614143442723002,0.7322376516152426,0.7846153846153846,0.05237773300014212,0.03472974057713377,0.4891731153167636,0.15833740650583072,0.0023733860189288376
"prior_serve_points:[1,100)",2013,143,1,0.529301231907567,0.4825174825174825,-0.04678374939008439,0.7180701150280134,0.7342657342657343,0.016195619237720896,0.03674376414720749,0.5665168728022428,0.1919770950086899,0.003023509472670028
"prior_serve_points:[1,100)",2014,178,1,0.4960895359165348,0.4044943820224719,-0.09159515389406293,0.7163060354095959,0.7471910112359551,0.030884975826359184,0.03144090122841783,0.5258516297181065,0.175923739531552,0.003493378744861647
"prior_serve_points:[1,100)",2015,134,1,0.45212685459655366,0.48507462686567165,0.03294777226911796,0.718181709384079,0.7910447761194029,0.0728630667353239,0.03427976126825811,0.4976112573490594,0.16159759683104252,0.0024886134390077613
"prior_serve_points:[1,100)",2016,151,1,0.49342036044583515,0.46357615894039733,-0.029844201505437803,0.7211664442068659,0.7880794701986755,0.06691302599180958,0.03147551181473754,0.4743860212329025,0.15308352964733296,0.0026734451446655326
"prior_serve_points:[1,100)",2017,131,1,0.5008314133590386,0.5267175572519084,0.025886143892869803,0.7127093686249416,0.6564885496183206,-0.05622081900662098,0.03950768045814244,0.5920672898618534,0.2060721664635249,0.0028947083291745467
"prior_serve_points:[1,100)",2018,108,1,0.5005573125218722,0.4722222222222222,-0.028335090299649937,0.7308736596175484,0.75,0.01912634038245147,0.04039190004416309,0.53077874358107,0.17493691493843525,0.002139438094601611
"prior_serve_points:[1,100)",2019,70,1,0.5025418345423014,0.5142857142857142,0.011743879743412943,0.7166805245003584,0.8428571428571429,0.12617661835678462,0.04048219709588663,0.42270909469879486,0.12899831045795826,0.001104338158875705
"prior_serve_points:[100,1000)",tune,8198,10,0.5066330272851707,0.5134179068065382,0.006784879521367518,0.6885355621981951,0.6758965601366187,-0.012639002061576343,0.00497930970781414,0.5906908350833747,0.203392270161537,0.18073014354010247
"prior_serve_points:[100,1000)",2010,835,1,0.5070020380810728,0.5101796407185629,0.0031776026374900432,0.713442757494124,0.718562874251497,0.00512011675737293,0.014906992350410929,0.5477119702653553,0.18535637865557425,0.0170687278932437
"prior_serve_points:[100,1000)",2011,760,1,0.513028077023168,0.5105263157894737,-0.002501761233694281,0.7075896861241487,0.6605263157894737,-0.047063370334675066,0.01656265489302558,0.6087337509757162,0.21042500749030615,0.017266464534654937
"prior_serve_points:[100,1000)",2012,792,1,0.485874532261298,0.4898989898989899,0.004024457637691924,0.686239097101039,0.6414141414141414,-0.04482495568689763,0.016153886953494668,0.5982974672148742,0.20841919504400397,0.017684988954026287
"prior_serve_points:[100,1000)",2013,832,1,0.4950322236014642,0.515625,0.020592776398535774,0.6965779187989474,0.6778846153846154,-0.018693303414331862,0.01554744776186501,0.5853645487001601,0.20122136220802286,0.018176580746381028
"prior_serve_points:[100,1000)",2014,786,1,0.5057120201065891,0.5216284987277354,0.015916478621146205,0.69423814475244,0.6692111959287532,-0.02502694882368675,0.016163551072846886,0.5980407224065992,0.20571574904577933,0.017543480175098415
"prior_serve_points:[100,1000)",2015,890,1,0.5150074997209786,0.5303370786516854,0.01532957893070676,0.6697367208598899,0.6539325842696629,-0.015804136590227044,0.015449705989367726,0.6112266113610725,0.21244821680874015,0.020302742558459153
"prior_serve_points:[100,1000)",2016,938,1,0.5246428626949244,0.5298507462686567,0.005207883573732299,0.6686501746556507,0.6695095948827292,0.0008594202270786683,0.014983315005310511,0.60812351147485,0.21035698425294297,0.021289089115600852
"prior_serve_points:[100,1000)",2017,838,1,0.5028885874085822,0.48687350835322196,-0.016015079055360225,0.6844349921975468,0.6670644391408115,-0.01737055305673543,0.015773235363322896,0.6020303909245727,0.20854311246651172,0.018828897051384335
"prior_serve_points:[100,1000)",2018,848,1,0.5094351338046199,0.527122641509434,0.017687507704814087,0.683832655860727,0.6851415094339622,0.001308853573235352,0.015347553989398167,0.5822036247095536,0.19951037229617152,0.018426090682753655
"prior_serve_points:[100,1000)",2019,679,1,0.5037807367940511,0.5066273932253313,0.0028466564312802883,0.6858470379896148,0.7231222385861561,0.03727520059654139,0.016626086728040973,0.5580997562781033,0.18880678378380703,0.014143081828500118
"prior_serve_points:[1000,10000)",tune,14764,10,0.5019806713108568,0.500067732321864,-0.001912938988992837,0.6686329628426906,0.6658087239230561,-0.0028242389196345458,0.003763318448377924,0.6048088487901119,0.2090899344026949,0.3332610973925958
"prior_serve_points:[1000,10000)",2010,1324,1,0.49547988133965126,0.5060422960725075,0.010562414732856303,0.6829938738357713,0.6918429003021148,0.008849026466343498,0.012340909793927764,0.5892901658492292,0.20156863142828582,0.02911921249475179
"prior_serve_points:[1000,10000)",2011,1304,1,0.47231015944823446,0.45475460122699385,-0.017555558221240556,0.6929454195635971,0.6940184049079755,0.0010729853443783518,0.012363108059723646,0.5824671453469686,0.19916006378556336,0.028347285121013924
"prior_serve_points:[1000,10000)",2012,1373,1,0.48774046377093766,0.4712308812818645,-0.016509582489073134,0.6859595792078222,0.7028404952658412,0.01688091605801893,0.01190316210278792,0.5710228731837933,0.19467715308503616,0.02926081976865523
"prior_serve_points:[1000,10000)",2013,1313,1,0.48775430662808816,0.4722010662604722,-0.01555324036761599,0.6916846747429154,0.6877380045696877,-0.003946670173227683,0.012113421261194884,0.5639014523277109,0.19253186294778898,0.027633149470265152
"prior_serve_points:[1000,10000)",2014,1377,1,0.5028513220549417,0.5185185185185185,0.015667196463576838,0.6893527823682105,0.6673928830791576,-0.02195989928905301,0.012403047913428687,0.6143979591614724,0.21216001939568874,0.031575203021771574
"prior_serve_points:[1000,10000)",2015,1432,1,0.49640290413442917,0.4993016759776536,0.0028987718432244205,0.6622373498378892,0.6508379888268156,-0.011399361011073583,0.01216148705933208,0.6103832829514948,0.21177737471580643,0.03262181313676721
"prior_serve_points:[1000,10000)",2016,1541,1,0.510763851846275,0.5022712524334848,-0.008492599412790243,0.6493535048725987,0.6463335496430889,-0.003019955229509705,0.011866492183685459,0.6225537672342236,0.21686212071760905,0.03580485762886985
"prior_serve_points:[1000,10000)",2017,1645,1,0.5253465324400957,0.5294832826747721,0.00413675023467636,0.6510141126458909,0.6547112462006079,0.0036971335547169256,0.0114772181542124,0.6226377401918302,0.21657209490014662,0.038226434373947925
"prior_serve_points:[1000,10000)",2018,1730,1,0.5122105746969209,0.5213872832369942,0.009176708540073327,0.6480236350884765,0.6369942196531792,-0.01102941543529725,0.011253556255877364,0.6265239252808952,0.21908657961570027,0.04045257858983163
"prior_serve_points:[1000,10000)",2019,1725,1,0.5151096197589679,0.5084057971014493,-0.0067038226575185465,0.6513578816504881,0.6463768115942029,-0.004981070056285164,0.011235556425238186,0.6247233710269072,0.21765865444934748,0.04021974378672147
"prior_serve_points:[10000,inf)",tune,0,0,,,,,,,,,,
"prior_serve_points:[10000,inf)",2010,0,0,,,,,,,,,,
"prior_serve_points:[10000,inf)",2011,0,0,,,,,,,,,,
"prior_serve_points:[10000,inf)",2012,0,0,,,,,,,,,,
"prior_serve_points:[10000,inf)",2013,0,0,,,,,,,,,,
"prior_serve_points:[10000,inf)",2014,0,0,,,,,,,,,,
"prior_serve_points:[10000,inf)",2015,0,0,,,,,,,,,,
"prior_serve_points:[10000,inf)",2016,0,0,,,,,,,,,,
"prior_serve_points:[10000,inf)",2017,0,0,,,,,,,,,,
"prior_serve_points:[10000,inf)",2018,0,0,,,,,,,,,,
"prior_serve_points:[10000,inf)",2019,0,0,,,,,,,,,,
prior_serve_points:missing,tune,0,0,,,,,,,,,,
prior_serve_points:missing,2010,0,0,,,,,,,,,,
prior_serve_points:missing,2011,0,0,,,,,,,,,,
prior_serve_points:missing,2012,0,0,,,,,,,,,,
prior_serve_points:missing,2013,0,0,,,,,,,,,,
prior_serve_points:missing,2014,0,0,,,,,,,,,,
prior_serve_points:missing,2015,0,0,,,,,,,,,,
prior_serve_points:missing,2016,0,0,,,,,,,,,,
prior_serve_points:missing,2017,0,0,,,,,,,,,,
prior_serve_points:missing,2018,0,0,,,,,,,,,,
prior_serve_points:missing,2019,0,0,,,,,,,,,,
"tier_k:[0,0.9)",tune,2852,10,0.4978536274650215,0.5070126227208976,0.009158995255876106,0.7043515259115304,0.735273492286115,0.030921966374584605,0.007941896886479108,0.5385481240530046,0.18077936127370606,0.0573239997685739
"tier_k:[0,0.9)",2010,328,1,0.5158216111412671,0.5,-0.01582161114126713,0.6928800715040158,0.7225609756097561,0.029680904105740404,0.02408932587208836,0.5655259822510085,0.19063762412626886,0.006922912673670627
"tier_k:[0,0.9)",2011,331,1,0.48235001649403925,0.48338368580060426,0.0010336693065650122,0.7010332761999646,0.7613293051359517,0.06029602893598715,0.022797051869870858,0.5258924386106335,0.17513845051145158,0.006496618540722539
"tier_k:[0,0.9)",2012,374,1,0.5043587127805738,0.5,-0.004358712780573679,0.7097979834925792,0.7914438502673797,0.08164586677480043,0.019897439298396047,0.4806124249793882,0.15433976536765,0.006708555905885317
"tier_k:[0,0.9)",2013,268,1,0.49145843198566785,0.4962686567164179,0.004810224730750074,0.7263601473619553,0.7238805970149254,-0.0024795503470299526,0.026294596399431325,0.5441444082518802,0.18461149671892294,0.0054426625890685925
"tier_k:[0,0.9)",2014,306,1,0.49727252109977127,0.5359477124183006,0.03867519131852932,0.7051003783982227,0.7418300653594772,0.036729686961254344,0.023773766005386204,0.5198634150047784,0.17373261467832302,0.005937083115304255
"tier_k:[0,0.9)",2015,126,1,0.47222294111513125,0.40476190476190477,-0.06746103635322652,0.7001226304281123,0.6507936507936508,-0.04932897963446155,0.04149237043923564,0.6186332634024193,0.2176354488151217,0.0029091509736771225
"tier_k:[0,0.9)",2016,303,1,0.4883030204528288,0.5412541254125413,0.05295110495971237,0.6853856310543417,0.6831683168316832,-0.0022173142226585125,0.026003899529048694,0.592704585317965,0.2042181592788534,0.006702600931228759
"tier_k:[0,0.9)",2017,297,1,0.4811485897528285,0.5218855218855218,0.04073693213269336,0.7077210333840549,0.7272727272727273,0.01955169388867241,0.024731774169785663,0.5383253637946589,0.1814338221951584,0.005967105809024919
"tier_k:[0,0.9)",2018,282,1,0.5122033455274594,0.5177304964539007,0.005527150926441255,0.7074760207623688,0.7021276595744681,-0.005348361187900818,0.02599796426893156,0.5572256852597491,0.18995486002954462,0.005864657880243684
"tier_k:[0,0.9)",2019,237,1,0.5220523689228179,0.5147679324894515,-0.007284436433366419,0.7089683987410736,0.7932489451476793,0.08428054640660564,0.025470222610666168,0.49434945259557045,0.16020401910410204,0.0043726513497480855
"tier_k:[0.9,1.1)",tune,9583,10,0.5090297352939608,0.5152874882604612,0.006257752966500394,0.659158011373385,0.6531357612438694,-0.006022250129515727,0.004718048914716042,0.6139530946571454,0.21333144914838365,0.21958320915501325
"tier_k:[0.9,1.1)",2010,987,1,0.5232361855847968,0.547112462006079,0.023876276421282216,0.6806127880135873,0.6980749746707193,0.01746218665713206,0.01415541379462713,0.5790183252431228,0.19787540730420888,0.02132906945640674
"tier_k:[0.9,1.1)",2011,945,1,0.4981182982372327,0.4783068783068783,-0.01981141993035436,0.6769706664940668,0.6708994708994709,-0.006071195594595935,0.014948935087000228,0.610748366571769,0.2109931626781149,0.021540539165870034
"tier_k:[0.9,1.1)",2012,935,1,0.4864957973359786,0.49732620320855614,0.010830405872577543,0.6572435814368993,0.6481283422459893,-0.009115239190910032,0.015072506978826427,0.6112210636180685,0.212269643414912,0.02132909212819639
"tier_k:[0.9,1.1)",2013,924,1,0.5194473082050296,0.5140692640692641,-0.0053780441357655,0.6680062253464415,0.6493506493506493,-0.018655575995792092,0.01513288093360053,0.6096223861230203,0.21171880129427434,0.02102303070753418
"tier_k:[0.9,1.1)",2014,864,1,0.51202744081257,0.5069444444444444,-0.0050829963681255416,0.6734615101527287,0.6446759259259259,-0.028785584226802823,0.0157935409033187,0.6203368214641232,0.21609182112980144,0.020003396795737944
"tier_k:[0.9,1.1)",2015,962,1,0.5124825368619241,0.5332640332640333,0.02078149640210906,0.6494130090714879,0.6392931392931392,-0.010119869778348525,0.015050434697688915,0.6228229808605958,0.2177838885547427,0.022361562573258685
"tier_k:[0.9,1.1)",2016,1040,1,0.5102207864312049,0.5076923076923077,-0.002528478738897256,0.6466109823846882,0.6615384615384615,0.014927479153773415,0.014322348299075907,0.6142960309897927,0.21335254720513053,0.023843691581301202
"tier_k:[0.9,1.1)",2017,1036,1,0.5193651568060258,0.5395752895752896,0.020210132769263766,0.6542316601228982,0.640926640926641,-0.013305019196257279,0.014455732616299318,0.6205574440956672,0.21645911620134062,0.023994084947492396
"tier_k:[0.9,1.1)",2018,978,1,0.5100934364135147,0.5153374233128835,0.005243986899368812,0.6467439101735294,0.6349693251533742,-0.011774585020155154,0.014962457469705606,0.6265576722959183,0.21886464631389269,0.022869799339606183
"tier_k:[0.9,1.1)",2019,912,1,0.4967872286731528,0.5087719298245614,0.011984701151408605,0.6404249948524054,0.6414473684210527,0.001022373568647153,0.015482741043030029,0.6254560573056763,0.21838165640494858,0.021288942459609494
"tier_k:[1.1,1.4)",tune,14359,10,0.5010875539817398,0.4988508949091162,-0.002236659072623575,0.689676179119356,0.6861898460895606,-0.003486333029795474,0.0037379138439425025,0.585444789736719,0.20062212915020874,0.3137419472952731
"tier_k:[1.1,1.4)",2010,1387,1,0.4884630740981473,0.4960346070656092,0.0075715329674619644,0.7055670157028073,0.7022350396539293,-0.00333197604887805,0.011817285401987166,0.5687474571080139,0.1935635547654086,0.029441394454311237
"tier_k:[1.1,1.4)",2011,1426,1,0.48591746163688143,0.48106591865357645,-0.0048515429833050116,0.7149855434609268,0.6956521739130435,-0.019333369547883342,0.011698791654006172,0.5732953341626005,0.1954017389615534,0.030511276648349194
"tier_k:[1.1,1.4)",2012,1499,1,0.48859445532680756,0.4783188792528352,-0.010275576073972292,0.7050677280762071,0.7038025350233489,-0.0012651930528581178,0.011342887376565462,0.5651597662345671,0.19273591958155825,0.0316180670891101
"tier_k:[1.1,1.4)",2013,1441,1,0.4751780021163638,0.4718945176960444,-0.0032834844203193905,0.7094797171877387,0.7078417765440667,-0.001637940643672139,0.011355182433837568,0.5482673377731374,0.18567652492180814,0.029486199661532098
"tier_k:[1.1,1.4)",2014,1441,1,0.5003542986536652,0.5190839694656488,0.018729670811983613,0.7065643643304174,0.6946564885496184,-0.011907875780798976,0.011855763450854524,0.5938047022142483,0.2025469403893808,0.03193523086850533
"tier_k:[1.1,1.4)",2015,1459,1,0.4992766459973572,0.498971898560658,-0.00030474743669921576,0.6789573329858681,0.6716929403701165,-0.00726439261575166,0.011806992755770693,0.5919806953342678,0.2033053750290457,0.03223482251596241
"tier_k:[1.1,1.4)",2016,1469,1,0.5210109280507642,0.5064669843430906,-0.0145439437076737,0.6708277392743137,0.673927842069435,0.003100102795121324,0.011812463100470674,0.5956035195252298,0.20484594028331277,0.03265438419730397
"tier_k:[1.1,1.4)",2017,1375,1,0.5214804402608164,0.5003636363636363,-0.021116803897180004,0.6680491121058815,0.6698181818181819,0.0017690697123003852,0.012450033746805892,0.6147102859969166,0.21297771917518302,0.031545369980061216
"tier_k:[1.1,1.4)",2018,1486,1,0.5114805318335968,0.5262449528936743,0.014764421060077443,0.6656113754041082,0.6662180349932705,0.0006066595891623807,0.011861894363759031,0.6040743149937257,0.2089466068128698,0.03350206882438891
"tier_k:[1.1,1.4)",2019,1376,1,0.5200938329439813,0.5101744186046512,-0.009919414339330046,0.6713245956027765,0.6758720930232558,0.004547497420479371,0.012259693492636654,0.6000051505056171,0.2066832959662109,0.030813133055748645
"tier_k:[1.4,inf)",tune,0,0,,,,,,,,,,
"tier_k:[1.4,inf)",2010,0,0,,,,,,,,,,
"tier_k:[1.4,inf)",2011,0,0,,,,,,,,,,
"tier_k:[1.4,inf)",2012,0,0,,,,,,,,,,
"tier_k:[1.4,inf)",2013,0,0,,,,,,,,,,
"tier_k:[1.4,inf)",2014,0,0,,,,,,,,,,
"tier_k:[1.4,inf)",2015,0,0,,,,,,,,,,
"tier_k:[1.4,inf)",2016,0,0,,,,,,,,,,
"tier_k:[1.4,inf)",2017,0,0,,,,,,,,,,
"tier_k:[1.4,inf)",2018,0,0,,,,,,,,,,
"tier_k:[1.4,inf)",2019,0,0,,,,,,,,,,
tier_k:missing,tune,0,0,,,,,,,,,,
tier_k:missing,2010,0,0,,,,,,,,,,
tier_k:missing,2011,0,0,,,,,,,,,,
tier_k:missing,2012,0,0,,,,,,,,,,
tier_k:missing,2013,0,0,,,,,,,,,,
tier_k:missing,2014,0,0,,,,,,,,,,
tier_k:missing,2015,0,0,,,,,,,,,,
tier_k:missing,2016,0,0,,,,,,,,,,
tier_k:missing,2017,0,0,,,,,,,,,,
tier_k:missing,2018,0,0,,,,,,,,,,
tier_k:missing,2019,0,0,,,,,,,,,,
surface:hard,tune,16755,10,0.503982555971227,0.5076096687555953,0.0036271127843683568,0.6833743289969383,0.6814085347657416,-0.001965794231196784,0.0034713096427353325,0.5878002923268976,0.2018894074582697,0.36756713808827235
surface:hard,2010,1570,1,0.5043809078326351,0.5121019108280255,0.007721002995390449,0.6946931933562254,0.7210191082802547,0.026325914924029418,0.010961617767476185,0.5595961774895575,0.1892194873384988,0.03278965435017561
surface:hard,2011,1678,1,0.4873710173785277,0.4922526817640048,0.004881664385477012,0.7032066781129118,0.7020262216924911,-0.0011804564204208386,0.01079517461974898,0.57344956898691,0.19543192181121374,0.03591283036351552
surface:hard,2012,1679,1,0.4872595359097089,0.4871947587849911,-6.477712471783729e-05,0.693820154250823,0.6974389517569982,0.003618797506175214,0.010720117391386595,0.5652593173064461,0.19285039422860417,0.035421004469564935
surface:hard,2013,1624,1,0.49267010548620643,0.4883004926108374,-0.004369612875368953,0.7031211700284504,0.687807881773399,-0.015313288255051554,0.010851430453440784,0.5606314151807983,0.19134849690093644,0.03398019774030068
surface:hard,2014,1738,1,0.5001619999947381,0.5276179516685846,0.027455951673846554,0.6986480262825344,0.6904487917146145,-0.008199234567919874,0.010814416028256585,0.5939220942776187,0.20321214628145365,0.03852491602054569
surface:hard,2015,1615,1,0.5040772144054403,0.508359133126935,0.0042819187214946965,0.670371851480805,0.6569659442724458,-0.01340590720835914,0.011435588468962499,0.6095770514338463,0.2112468297292686,0.03674206680845196
surface:hard,2016,1820,1,0.517795015970999,0.5164835164835165,-0.0013114994874824392,0.6685004752235912,0.6703296703296703,0.0018291951060791247,0.010687469851402924,0.6019128590999315,0.20777318546376797,0.040885325205713044
surface:hard,2017,1760,1,0.518138755996808,0.509090909090909,-0.009047846905898979,0.6690426565163807,0.6573863636363636,-0.011656292880016971,0.010950864828841382,0.608188124644507,0.21107768300242233,0.03994965661619513
surface:hard,2018,1744,1,0.5103798507705699,0.5235091743119266,0.013129323541356677,0.6658959660385103,0.6536697247706422,-0.012226241267868173,0.01097331924285922,0.6058299198109685,0.210030621439083,0.03943298425581582
surface:hard,2019,1527,1,0.5164088173650205,0.5088408644400786,-0.007567952924941875,0.6680325008645409,0.6817288801571709,0.013696379292630068,0.011581113151457902,0.5953374521942963,0.20485804027353294,0.03392850225799397
surface:clay,tune,7341,10,0.5032706106477152,0.5017027652908324,-0.0015678453568828583,0.6760181535339148,0.6798801253235254,0.0038619717896106044,0.0052642422289758545,0.5915345701686272,0.20342280226684561,0.16206819734298322
surface:clay,2010,897,1,0.5102449989466834,0.5317725752508361,0.021527576304152696,0.6908395247875199,0.6845039018952063,-0.006335622892313626,0.014998679145828465,0.5884680454016341,0.2016046371205142,0.019700523875691045
surface:clay,2011,786,1,0.5020038692639984,0.4758269720101781,-0.02617689725382032,0.6923644846596211,0.683206106870229,-0.009158377789392061,0.01611217196456683,0.5930973099993395,0.20387151293511538,0.01739846553928047
surface:clay,2012,832,1,0.4998383975599689,0.4951923076923077,-0.0046460898676612275,0.6834994426167756,0.6959134615384616,0.01241401892168595,0.015293282658801782,0.572078247248313,0.19451212278033608,0.017764018127588134
surface:clay,2013,772,1,0.49540477501257774,0.49222797927461137,-0.0031767957379663296,0.6934533765715405,0.7020725388601037,0.008619162288563168,0.0159270441314451,0.5724196324934488,0.19565442646237136,0.016492795263303075
surface:clay,2014,635,1,0.5121183226068179,0.4881889763779528,-0.023929346228865125,0.6898415917150191,0.6787401574803149,-0.01110143423470427,0.017750519438769333,0.5832889045866932,0.1998845580215125,0.013823559543649706
surface:clay,2015,648,1,0.4972404967323858,0.49537037037037035,-0.0018701263620154178,0.6710977797184613,0.6635802469135802,-0.007517532804880996,0.017801528630936297,0.5932799231428127,0.2050872040734074,0.014348189527377125
surface:clay,2016,703,1,0.5035560567463838,0.48933143669985774,-0.014224620046526077,0.6542313584018833,0.6799431009957326,0.025711742593849292,0.017186110733569255,0.6020928206664019,0.20800550001405843,0.015797240163039506
surface:clay,2017,661,1,0.5029418058039943,0.5249621785173979,0.022020372713403638,0.66746165013638,0.6717095310136157,0.004247880877235712,0.018039221225749864,0.6188522579286461,0.21479095609676652,0.015266900891648692
surface:clay,2018,705,1,0.5078428735890022,0.5163120567375886,0.008469183148586457,0.6560185165834399,0.6695035460992907,0.013485029515850839,0.017087717993626027,0.5962907631322358,0.20574288080674555,0.01568951959424596
surface:clay,2019,702,1,0.5014901285488392,0.5042735042735043,0.002783375724664981,0.6527344181775188,0.6609686609686609,0.00823424279114226,0.017238793217677028,0.6025590757706157,0.20838817286722447,0.01578698481715952
surface:grass,tune,2698,10,0.5019604923696385,0.5037064492216456,0.0017459568520071427,0.6730896528648986,0.667531504818384,-0.005558148046514634,0.008808673877400737,0.6059319177846846,0.20929850059495753,0.06101382078760465
surface:grass,2010,235,1,0.4832089278648864,0.4723404255319149,-0.010868502332971482,0.7119130582929469,0.6553191489361702,-0.05659390935677667,0.029433083439721657,0.5932531779499455,0.20591856835637345,0.005203198358521952
surface:grass,2011,238,1,0.4660266352320691,0.4117647058823529,-0.05426192934971621,0.702392388312751,0.6848739495798319,-0.01751843873291907,0.029095815993127577,0.5895961667512357,0.20094315816414646,0.005237138452145783
surface:grass,2012,297,1,0.47788723926486065,0.468013468013468,-0.009873771251392665,0.6844718640123594,0.696969696969697,0.0124978329573376,0.02600033513827564,0.5837566853288952,0.20025735431021421,0.006470692526038736
surface:grass,2013,237,1,0.480434329046318,0.48523206751054854,0.0047977384642305665,0.6626487651528038,0.6540084388185654,-0.008640326334238448,0.030152256259768886,0.619416225239269,0.2146360748220883,0.005478899954531117
surface:grass,2014,238,1,0.5087855203039414,0.5168067226890757,0.008021202385134206,0.6869370972431225,0.6470588235294118,-0.03987827371371085,0.030142190483847184,0.6222552115972485,0.21691701709237873,0.005527235215352136
surface:grass,2015,284,1,0.5093534310015835,0.528169014084507,0.018815583082923512,0.6550268084085641,0.6549295774647887,-9.723094377536712e-05,0.027206894473357404,0.605250017630599,0.20948088470214324,0.006415279727069126
surface:grass,2016,289,1,0.5106008630875678,0.5259515570934256,0.015350694005857804,0.6539713045676402,0.6470588235294118,-0.0069124810382284255,0.026914970983234938,0.604312371186624,0.2086794933462769,0.006518111341081374
surface:grass,2017,287,1,0.5352971943394874,0.554006968641115,0.018709774301627468,0.6544858875923231,0.6968641114982579,0.042378223905934695,0.026350347374444607,0.5872276881906547,0.20037738459303683,0.006290003228734713
surface:grass,2018,297,1,0.5226973364705901,0.5218855218855218,-0.0008118145850683117,0.6643322117599907,0.6632996632996633,-0.0010325484603273566,0.027559014545066415,0.6417949854234954,0.2248128538340969,0.0071140221941769855
surface:grass,2019,296,1,0.5129835937765876,0.5304054054054054,0.01742181162881786,0.667332969512421,0.668918918918919,0.0015859494064979249,0.026736778953576807,0.6118482126080862,0.21088484313518616,0.006759239789952733
surface:other,tune,0,0,,,,,,,,,,
surface:other,2010,0,0,,,,,,,,,,
surface:other,2011,0,0,,,,,,,,,,
surface:other,2012,0,0,,,,,,,,,,
surface:other,2013,0,0,,,,,,,,,,
surface:other,2014,0,0,,,,,,,,,,
surface:other,2015,0,0,,,,,,,,,,
surface:other,2016,0,0,,,,,,,,,,
surface:other,2017,0,0,,,,,,,,,,
surface:other,2018,0,0,,,,,,,,,,
surface:other,2019,0,0,,,,,,,,,,
round:R128,tune,3139,10,0.5117888428677431,0.5004778591908251,-0.011310983676917966,0.6956302898896963,0.7037273016884358,0.008097011798739472,0.007867085103835075,0.5695432237378034,0.19427960756129595,0.06672375081409886
round:R128,2010,318,1,0.501086758015921,0.4937106918238994,-0.0073760661920215555,0.7112363669036398,0.7264150943396226,0.015178727435982886,0.023720924320879144,0.5303738516287908,0.17860066721846538,0.006294651221092613
round:R128,2011,313,1,0.5058191969136422,0.46006389776357826,-0.04575529915006394,0.7110203105866789,0.7028753993610224,-0.008144911225656503,0.024659650472653647,0.5567047879563867,0.18979302834610937,0.006503269337551281
round:R128,2012,307,1,0.4906466098570543,0.4820846905537459,-0.008561919303308421,0.6969599826690327,0.6872964169381107,-0.009663565730922037,0.02561484136026306,0.5839731902090515,0.20086613446353746,0.0066910416285055905
round:R128,2013,318,1,0.4947185478302574,0.5062893081761006,0.011570760345843232,0.7083982805100074,0.720125786163522,0.011727505653514617,0.024176044208322353,0.5459601425984572,0.18541804738824705,0.006479634446006918
round:R128,2014,312,1,0.5034231629196839,0.5256410256410257,0.022217862721341682,0.6981630511300736,0.7243589743589743,0.026195923228900842,0.02484968712280706,0.5687199672866158,0.19273088787535086,0.006622401649377627
round:R128,2015,314,1,0.5102243342224723,0.5031847133757962,-0.007039620846675999,0.6789861827104828,0.6496815286624203,-0.029304654048062397,0.026133271160031314,0.6189269751800511,0.2146214434058023,0.0072532309549352865
round:R128,2016,313,1,0.5201757426814579,0.4728434504792332,-0.047332292202224735,0.6903158660839237,0.7188498402555911,0.02853397417166734,0.024423560631719674,0.5567529356853689,0.18692540562859095,0.00650383178582968
round:R128,2017,313,1,0.5262416205897243,0.4696485623003195,-0.05659305828940488,0.6884294932644788,0.7060702875399361,0.017640794275457457,0.02543206371502666,0.5886531109896005,0.2021096354418838,0.006876480694922183
round:R128,2018,317,1,0.5515536226676347,0.5741324921135647,0.022578869445929867,0.6865229495690137,0.7034700315457413,0.016947081976727594,0.02515042561527235,0.5840804121336252,0.20017107871439982,0.006910259410553078
round:R128,2019,314,1,0.5135018209438126,0.5159235668789809,0.0024217459351683884,0.6860509056690817,0.697452229299363,0.011401323630281417,0.024755048066608283,0.5622430505369024,0.1919402728766894,0.0065889496853246
round:R64,tune,4132,10,0.5059856976027425,0.5137947725072604,0.00780907490451793,0.6911471008115219,0.6844143272023233,-0.006732773609198567,0.006963353292256031,0.5849865338644915,0.20035045240009763,0.09021289683989248
round:R64,2010,401,1,0.5040834398014096,0.5411471321695761,0.03706369236816639,0.7091785146793725,0.6932668329177057,-0.015911681761666827,0.022221673173150356,0.5783657265254746,0.19777428506220868,0.008655842962480977
round:R64,2011,430,1,0.48594510898527277,0.5069767441860465,0.02103163520077376,0.7152399006987953,0.6767441860465117,-0.03849571465228376,0.02127406359723398,0.5722068928721004,0.19564122049848792,0.009182987382809702
round:R64,2012,424,1,0.47306972443488254,0.46462264150943394,-0.00844708292544861,0.6992053665841707,0.6933962264150944,-0.00580914016907635,0.021644520671427768,0.5770765820177124,0.1982030174750545,0.009131912770602001
round:R64,2013,406,1,0.4855516085636432,0.5098522167487685,0.024300608185125267,0.701073040417797,0.6847290640394089,-0.016343976378388213,0.022059908242128314,0.5796595653767733,0.19735614398256124,0.008783376261214075
round:R64,2014,407,1,0.5080728043196354,0.5356265356265356,0.027553731306900163,0.7125904338821383,0.7076167076167076,-0.0049737262654306995,0.02169377441719643,0.5636613451686705,0.19109639642943116,0.008561997741421546
round:R64,2015,421,1,0.49937358433553564,0.5130641330166271,0.013690548681091451,0.6871885451575234,0.6864608076009501,-0.0007277375565734206,0.021591236158560824,0.5765924559269044,0.19579675072094388,0.009059693362141777
round:R64,2016,440,1,0.5203786325394768,0.5204545454545455,7.59129150686463e-05,0.6722394015892501,0.6772727272727272,0.005033325683477093,0.021539198327123393,0.5912593071054979,0.20369370571592907,0.009709416105337727
round:R64,2017,399,1,0.531488276399339,0.5137844611528822,-0.017703815246456842,0.6700748015584298,0.6541353383458647,-0.01593946321256515,0.023334936577361038,0.6265772220196332,0.21697273398515057,0.009330608031120163
round:R64,2018,401,1,0.5237287006133635,0.5361596009975063,0.012430900384142692,0.6747090389178082,0.6932668329177057,0.0185577939998975,0.022251507242058544,0.5798215040511571,0.19839622153549613,0.008677630183045234
round:R64,2019,403,1,0.5306600251197345,0.4987593052109181,-0.0319007199088164,0.6693626744330314,0.6774193548387096,0.008056680405678187,0.022806215473562746,0.6063177718914108,0.2091545427182415,0.009119432039719287
round:R32,tune,8385,10,0.5058893246825117,0.5086463923673226,0.0027570676848108684,0.675627772502079,0.6684555754323196,-0.0071721970697593874,0.0049764922992923954,0.6016635535609235,0.2076851878824275,0.18828651551124667
round:R32,2010,839,1,0.5109268051402259,0.5280095351609059,0.017082730020679882,0.6954132557654438,0.7032181168057211,0.007804861040277315,0.015211462066752477,0.5695634917289941,0.1939645443943712,0.0178347305202891
round:R32,2011,823,1,0.5010319048202718,0.47023086269744835,-0.030801042122823485,0.7039714659944213,0.6865127582017011,-0.017458707792720206,0.015635899346031715,0.5865062071178554,0.20126847482908275,0.01801502606770154
round:R32,2012,848,1,0.49115007643195574,0.49410377358490565,0.00295369715294988,0.6833760505289873,0.6780660377358491,-0.005310012793138326,0.015531963553761586,0.5935393321714605,0.20436007862042865,0.018784853089549844
round:R32,2013,825,1,0.4972233025524748,0.4860606060606061,-0.011162696491868811,0.6862376369573875,0.6606060606060606,-0.025631576351326932,0.01574568108331675,0.5934135864548313,0.2049483912749295,0.018271486482990065
round:R32,2014,799,1,0.5085947414944584,0.5181476846057572,0.009552943111298796,0.6913485646594959,0.6458072590738423,-0.04554130558565364,0.01665473606640016,0.6424037324777445,0.22342343680072327,0.019156549311402475
round:R32,2015,845,1,0.5140221380478339,0.5349112426035503,0.02088910455571636,0.6608787896467094,0.6627218934911243,0.0018431038444147979,0.015713418169681075,0.6013877205300961,0.20839671195730358,0.018965911168467985
round:R32,2016,881,1,0.5111198192526485,0.49375709421112374,-0.017362725041524776,0.6600031829069091,0.6640181611804767,0.004014978273567583,0.01535884512357038,0.6014234225768789,0.20760294875678026,0.01977510021983393
round:R32,2017,859,1,0.5141993008733482,0.5331781140861467,0.018978813212798422,0.666518464993439,0.6682188591385332,0.0017003941450941251,0.015616498340463032,0.6051651065365274,0.20924765885862212,0.01940124007295951
round:R32,2018,878,1,0.5081101653792068,0.5330296127562643,0.024919447377057407,0.6540361570714991,0.6457858769931663,-0.008250280078332785,0.015676735396871963,0.6198245688558517,0.2155996158023741,0.020310740145384705
round:R32,2019,788,1,0.5016881476444318,0.49238578680203043,-0.009302360842401367,0.656844798346899,0.6700507614213198,0.013205963074420898,0.016261606201717252,0.6042549704630633,0.20828854859712967,0.017770878432667534
round:R16,tune,4274,10,0.4994254051031921,0.5063172671970051,0.006891862093812928,0.6748039930546644,0.6698642957416939,-0.004939697312970527,0.0069575836027200655,0.5997343284033718,0.20687165466265334,0.09566561616764989
round:R16,2010,423,1,0.4799217029378298,0.48936170212765956,0.00943999918982973,0.6880065208369027,0.6808510638297872,-0.007155457007115424,0.021891974397371033,0.5917434290140873,0.20229830571737353,0.009341922462975253
round:R16,2011,422,1,0.478662761149858,0.504739336492891,0.026076575343032964,0.6967924796600168,0.7037914691943128,0.006998989534295897,0.021956728966984772,0.5981450989859518,0.2030122215118747,0.00942066252788205
round:R16,2012,442,1,0.4894362108087738,0.497737556561086,0.008301345752312157,0.6919566965502645,0.6877828054298643,-0.004173891120400294,0.0208659490026079,0.5632244272159855,0.1920234534178153,0.009291079974228022
round:R16,2013,413,1,0.49676434396713465,0.48426150121065376,-0.012502842756480908,0.6934642141214333,0.6924939467312349,-0.0009702673901984627,0.02153468620635045,0.5578853336089463,0.19106293794127244,0.008599187981656148
round:R16,2014,403,1,0.5006690941172887,0.47146401985111663,-0.02920507426617194,0.6903387070775516,0.674937965260546,-0.015400741817005681,0.022445226888088594,0.592306181410841,0.20276004329173966,0.008908688180509402
round:R16,2015,436,1,0.508536220054347,0.5298165137614679,0.021280293707120906,0.6667596192868053,0.6513761467889908,-0.015383472497814441,0.02204819791946389,0.6084418405056458,0.21170016992678656,0.009900748020469566
round:R16,2016,444,1,0.5210134314320398,0.5563063063063063,0.03529287487426648,0.6552162388205521,0.6531531531531531,-0.0020630856673990545,0.022477829143086034,0.6395798971084248,0.22383124804516616,0.010598397936707494
round:R16,2017,430,1,0.523384615616688,0.5116279069767442,-0.011756708639943856,0.6565511886940992,0.6488372093023256,-0.007713979391773593,0.022476016265431848,0.621668909748581,0.21677799625139424,0.009976772082999547
round:R16,2018,464,1,0.4935759789169367,0.5129310344827587,0.019355055565821865,0.6525535026364031,0.646551724137931,-0.0060017784984720615,0.021286205460426925,0.6047490320947244,0.20982249870946942,0.010472626367543186
round:R16,2019,397,1,0.5016400434906146,0.4987405541561713,-0.002899489334443369,0.6596019191898008,0.6624685138539043,0.0028665946641034455,0.02327594238839648,0.6179176014408234,0.21454893701587724,0.009155530632679215
round:QF,tune,2145,10,0.5014144627704235,0.4937062937062937,-0.0077081690641297475,0.6599104724223015,0.6582750582750583,-0.0016354141472433336,0.00995743683187202,0.6121201096309048,0.2125814500504199,0.04900341998799324
round:QF,2010,217,1,0.5062274143097593,0.511520737327189,0.0052933230174297035,0.6809865732699328,0.7004608294930875,0.019474256223154757,0.03068722758760784,0.5946000774077949,0.20378772905039116,0.004815563812700287
round:QF,2011,209,1,0.46621730778734294,0.4449760765550239,-0.02124123123231908,0.6710760476804832,0.6650717703349283,-0.006004277345555022,0.03183541540160588,0.6114581349144225,0.2108427354953457,0.004769528633168407
round:QF,2012,219,1,0.4860083473962004,0.45662100456621,-0.02938734282999036,0.6711683677194685,0.634703196347032,-0.03646517137243655,0.03112299708420654,0.6091874296389159,0.21249343527899048,0.004979176199556713
round:QF,2013,214,1,0.49925146745995524,0.5093457943925234,0.010094326932568084,0.6915185236171775,0.7149532710280374,0.023434747410859883,0.029930551592011564,0.5623368839542396,0.19136266404845081,0.004491307500418276
round:QF,2014,198,1,0.5086600470692545,0.5454545454545454,0.036794498385290926,0.6820644621040144,0.6414141414141414,-0.040650320689873135,0.03231075295539399,0.5946408484665142,0.2073174456114563,0.004394225871328275
round:QF,2015,215,1,0.4838247014667631,0.4558139534883721,-0.02801074797839095,0.6555350991452874,0.6697674418604651,0.014232342715177811,0.03087044967471534,0.5910385338876449,0.20414127748665659,0.004742602253707684
round:QF,2016,229,1,0.5251794535647575,0.4759825327510917,-0.04919692081366569,0.6401857821825115,0.6855895196506551,0.045403737468143565,0.029761952460277786,0.593928426356359,0.20401792902458254,0.005076121879361283
round:QF,2017,220,1,0.5170672784107009,0.5,-0.017067278410701006,0.6368011109511085,0.6454545454545455,0.008653434503436986,0.03183483699898337,0.6347324611581568,0.2220219313673582,0.005211657141703161
round:QF,2018,219,1,0.4970149508889822,0.4292237442922374,-0.06779120659674474,0.6399937132112502,0.6073059360730594,-0.032687777138190884,0.0328948349914006,0.6696267530183174,0.23695978764053724,0.005473175297119187
round:QF,2019,205,1,0.5237241160836601,0.6195121951219512,0.0957880790382911,0.6324971944452025,0.6146341463414634,-0.017863048103739045,0.03378969151670431,0.6600553420630704,0.2332347120575404,0.005050061398929963
round:SF,tune,1099,10,0.49614676211937164,0.49226569608735216,-0.003881066032019556,0.6529502206586698,0.6478616924476797,-0.005088528210989981,0.014007829059258774,0.6199356104596568,0.21547465701820323,0.025427679177993687
round:SF,2010,107,1,0.4955417020749413,0.4953271028037383,-0.0002145992712029735,0.6657722409829062,0.7383177570093458,0.07254551602643955,0.041734205538405754,0.5621680251643952,0.18988770655926354,0.0022449794242214785
round:SF,2011,107,1,0.47792912314200664,0.4672897196261682,-0.010639403515838452,0.6628674905430713,0.6915887850467289,0.028721294503657527,0.04398982291284574,0.598959383193454,0.20594599186773987,0.0023919031873441657
round:SF,2012,112,1,0.5078218360712421,0.5803571428571429,0.07253530678590078,0.6565817368789639,0.7053571428571429,0.048775405978178844,0.042010308082480796,0.58045726067869,0.19827916458386577,0.0024263347464362644
round:SF,2013,110,1,0.44255820563761206,0.35454545454545455,-0.0880127510921575,0.6820512926652477,0.7,0.017948707334752453,0.04026449504100592,0.5307088606611177,0.17703617823387227,0.0021787704214646167
round:SF,2014,107,1,0.48556996388798945,0.4953271028037383,0.009757138915748838,0.6813655647561095,0.6822429906542056,0.0008774258980959493,0.045297141513744955,0.6349238441245413,0.2174948589837278,0.0025355247936599953
round:SF,2015,111,1,0.48942002155758374,0.44144144144144143,-0.04797858011614227,0.6546407441191672,0.5585585585585585,-0.09608218556060853,0.04712867948711676,0.7127525649497394,0.25355415370403506,0.0029527332503329505
round:SF,2016,116,1,0.5162575478873954,0.5258620689655172,0.009604521078121809,0.6281910677129605,0.5775862068965517,-0.050604860816408755,0.04419174922817853,0.6411415062461094,0.22714558242056307,0.0027757115296166562
round:SF,2017,109,1,0.5414162763585405,0.5963302752293578,0.054913998870817264,0.6366268704931223,0.6146788990825688,-0.02194797141055355,0.045499989643129034,0.6354950191993929,0.2240686116617223,0.002585241363466964
round:SF,2018,114,1,0.5011299645386181,0.4824561403508772,-0.018673824187741054,0.6301683182985438,0.5877192982456141,-0.042449020052929755,0.04584651321154219,0.6704595368873791,0.2393169327265948,0.0028525933867717106
round:SF,2019,106,1,0.5022244419484122,0.4811320754716981,-0.02109236647671403,0.6338879760033787,0.6320754716981132,-0.0018125043052655558,0.04575403058048728,0.627861040367415,0.21981357317967398,0.002483887074678883
round:F,tune,570,10,0.48872047607903574,0.48947368421052634,0.0007532081314906119,0.6499927668527499,0.6228070175438597,-0.027185749308890284,0.01976828190183774,0.635070330508474,0.2230957125259348,0.01351011750353923
round:F,2010,57,1,0.5477019033540208,0.6140350877192983,0.0663331843652774,0.6665822753248197,0.631578947368421,-0.035003327956398704,0.06211475655310906,0.6174599976405597,0.21728683994053546,0.0013135485506274502
round:F,2011,55,1,0.5001863194958122,0.5454545454545454,0.045268225958733276,0.6727264380720762,0.6363636363636364,-0.036362801708439633,0.0668934030594684,0.681778345227092,0.2429575314834181,0.0013994852947484533
round:F,2012,58,1,0.4667592096926734,0.3793103448275862,-0.08744886486508711,0.6589917903121583,0.6551724137931034,-0.0038193765190546814,0.05967803969731239,0.5877696019194056,0.20301828769749197,0.0012723235392746706
round:F,2013,56,1,0.5129400393957496,0.5357142857142857,0.02277424631853611,0.6679428964003257,0.6428571428571429,-0.025085753543182827,0.06127074626283158,0.5992378861708573,0.20710503414906528,0.0012524192589970892
round:F,2014,55,1,0.499409126331693,0.4909090909090909,-0.008500035422602095,0.6865201451217542,0.7454545454545455,0.0589344003327913,0.05871119202918264,0.5660808214669275,0.18961148329491395,0.0011619931768560503
round:F,2015,56,1,0.4597390565437025,0.48214285714285715,0.022403800599154665,0.6310037766269252,0.6785714285714286,0.047567651944503374,0.059667457710096315,0.5783086222666486,0.19807398453875066,0.0012086766756338105
round:F,2016,61,1,0.477747866048036,0.45901639344262296,-0.018731472605412938,0.6384629081969675,0.6557377049180327,0.017274796721065185,0.0625660730487687,0.6652738520501551,0.23516922840638582,0.001514581808429479
round:F,2017,59,1,0.476595486697004,0.4576271186440678,-0.01896836805293613,0.6169173615842398,0.4745762711864407,-0.14234109039779924,0.06516485892062153,0.7283817017797168,0.26655559862801587,0.0016038859597299134
round:F,2018,60,1,0.45476185536486824,0.48333333333333334,0.028571477968465077,0.6415692327900284,0.65,0.008430767209971485,0.06022569003578066,0.6171891967827392,0.21407196851261864,0.0013820762785311767
round:F,2019,53,1,0.49593179155902817,0.4528301886792453,-0.04310160287978287,0.62152966242215,0.4528301886792453,-0.1686994737429049,0.06625490971048587,0.7083357695338527,0.256724591599854,0.0014011269607111364
round:RR,tune,3048,10,0.498418930904415,0.5068897637795275,0.008470832875112487,0.7004034224061289,0.7296587926509186,0.02925537024478977,0.007725867638836902,0.5430266424225006,0.18272835345296443,0.06177297925295895
round:RR,2010,340,1,0.5172677929925439,0.4970588235294118,-0.020208969463132127,0.6929758857684046,0.7235294117647059,0.030553525996301324,0.023683671793285548,0.5667827519360554,0.19108414690929826,0.007192137630001449
round:RR,2011,343,1,0.4827612773817045,0.4752186588921283,-0.007542618489576149,0.698686741233297,0.749271137026239,0.050584395792942036,0.022768788772717014,0.536315259838446,0.17985764892213568,0.006865571923736172
round:RR,2012,397,1,0.507133263864794,0.4987405541561713,-0.008392709708622687,0.7091095434040271,0.7959697732997482,0.08686022989572102,0.019156615718090818,0.4773458142135341,0.15286716614269677,0.007072713601656081
round:RR,2013,291,1,0.4891356178332559,0.4845360824742268,-0.0045995353590289785,0.7264400591105545,0.7216494845360825,-0.0047905745744720694,0.025191017202362612,0.5428510995215032,0.18405328043477498,0.005895710605387678
round:RR,2014,330,1,0.49526959303690654,0.5333333333333333,0.038063740296426826,0.701915278778625,0.7333333333333333,0.03141805455470828,0.02321743556431629,0.5305479984650302,0.1783343185182685,0.006534330054992161
round:RR,2015,149,1,0.47209650088521393,0.40939597315436244,-0.06270052773085148,0.6909417747623984,0.6442953020134228,-0.04664647274897565,0.038024052479263465,0.6153521507848458,0.21615852132789667,0.0034219403772091524
round:RR,2016,327,1,0.49110421188091363,0.5474006116207951,0.056296399739881424,0.6797693143279587,0.6819571865443425,0.0021878722163837885,0.024962056629797568,0.59058351981438,0.2031367791925212,0.0072076140546130565
round:RR,2017,319,1,0.4814441886658148,0.5329153605015674,0.05147117183575261,0.6989446035739416,0.7178683385579937,0.018923734984052195,0.02413337313222345,0.547695850755511,0.18556757194478826,0.006520675389677092
round:RR,2018,293,1,0.5123355163136616,0.515358361774744,0.0030228454610824406,0.7010773025836836,0.689419795221843,-0.011657507361840602,0.02567201280889696,0.5630786511533564,0.1925791520426609,0.0061574249752904915
round:RR,2019,259,1,0.5250383745561173,0.528957528957529,0.003919154401411577,0.7004317441627006,0.7837837837837838,0.0833520396210832,0.02481370260816235,0.5074163552075679,0.16580328048758597,0.004904860640395614
round:other,tune,2,2,0.4057751861664349,0.0,-0.4057751861664349,0.7509135767351063,0.5,-0.25091357673510634,0.4057751861664348,0.6186863678385639,0.227611124698409,4.6180963487240716e-05
round:other,2010,0,0,,,,,,,,,,
round:other,2011,0,0,,,,,,,,,,
round:other,2012,1,1,0.15486160943132854,0.0,-0.15486160943132854,0.8451383905686715,1.0,0.15486160943132854,,0.16825488921384588,0.023982118075661345,6.279573382617223e-06
round:other,2013,0,0,,,,,,,,,,
round:other,2014,0,0,,,,,,,,,,
round:other,2015,0,0,,,,,,,,,,
round:other,2016,1,1,0.6566887629015412,0.0,-0.6566887629015412,0.6566887629015412,0.0,-0.6566887629015412,,1.069117846463282,0.43124013132115663,3.99013901046235e-05
round:other,2017,0,0,,,,,,,,,,
round:other,2018,0,0,,,,,,,,,,
round:other,2019,0,0,,,,,,,,,,
state:enriched,tune,8095,10,0.5048706662958677,0.5098208770846201,0.0049502107887524,0.6879568364582652,0.7033971587399629,0.015440322281697772,0.004880398082500534,0.5673147019823842,0.19302360593326728,0.17139704831482422
state:enriched,2010,713,1,0.5039743845633299,0.4992987377279102,-0.004675646835419584,0.7078977154072443,0.7349228611500701,0.027025145742825885,0.015979243077580144,0.5436156904891913,0.1825297395470848,0.014465850090273697
state:enriched,2011,767,1,0.506864361284492,0.49674054758800523,-0.010123813696486818,0.7055728306985407,0.7353324641460235,0.029759633447482794,0.015505236357395973,0.5495353080319968,0.18504149932894343,0.015730894277097167
state:enriched,2012,877,1,0.4963059535428235,0.5017103762827823,0.005404422739958709,0.693933166546038,0.7206385404789054,0.026705373932867357,0.01436719558197845,0.5409236596824033,0.18153386358525359,0.01770508507656444
state:enriched,2013,855,1,0.5056867249573289,0.5087719298245614,0.003085204867232522,0.7002015749687978,0.6842105263157895,-0.015991048653008367,0.015240028246197218,0.5791320323105178,0.1986044392839581,0.018480177936310096
state:enriched,2014,794,1,0.5026153140035442,0.49622166246851385,-0.006393651535030329,0.6990126349852281,0.7153652392947103,0.016352604309482134,0.015469538887348502,0.5611960540542462,0.19003756794374219,0.016630203288761344
state:enriched,2015,672,1,0.5119821506995291,0.5133928571428571,0.0014107064433280293,0.6705316369966655,0.6696428571428571,-0.0008887798538084802,0.017473706427997716,0.5949550811312866,0.20487749928829901,0.01492161732179684
state:enriched,2016,880,1,0.5148008892563098,0.5238636363636363,0.009062747107326512,0.6780038951240906,0.7045454545454546,0.02654155942136394,0.014815492455907147,0.5683224778624528,0.19364391426552335,0.018665513940395555
state:enriched,2017,832,1,0.5026483209223048,0.5108173076923077,0.008168986770002853,0.6820754770243121,0.6935096153846154,0.011434138360303235,0.015404444650660803,0.5765707360323196,0.1973244758811137,0.017903517667346786
state:enriched,2018,895,1,0.5058956263997932,0.5139664804469274,0.008070854047134207,0.6720962556118022,0.6793296089385474,0.00723335332674532,0.01507669544052345,0.5905704404310893,0.2032645517935823,0.019726824818460286
state:enriched,2019,810,1,0.49885621666789454,0.5308641975308642,0.03200798086296969,0.6723256291769042,0.6987654320987654,0.026439802921861294,0.01541974925273334,0.567879442318685,0.19305391479543774,0.017167363897817978
state:main,tune,18699,10,0.5030268272533837,0.5037702550938553,0.0007434278404716483,0.677018634137441,0.6692871276538852,-0.007731506483555836,0.0033299879526569854,0.6007508946564384,0.20739852815549598,0.419252107904036
state:main,2010,1989,1,0.5046697592795406,0.5208647561588738,0.016194996879333252,0.6902563423414563,0.6918049270990447,0.0015485847575884802,0.010009392645394577,0.5823219431288661,0.19917602508055335,0.043227526494114904
state:main,2011,1935,1,0.48296278164480594,0.47390180878552973,-0.009060972859276175,0.6977645054721356,0.6790697674418604,-0.018694738030275125,0.010252929873895195,0.5928956944939371,0.20365654554211093,0.0428175400778446
state:main,2012,1931,1,0.48712920578296365,0.4810978767477991,-0.00603132903516458,0.6878841697540573,0.6861729673744174,-0.0017112023796398308,0.01017571779731787,0.5820948635263249,0.1998452273065418,0.04195063004662736
state:main,2013,1778,1,0.4859671112287797,0.4797525309336333,-0.006214580295146428,0.6949326195626127,0.6912260967379078,-0.0037065228247049014,0.010416732929110521,0.5646890507844619,0.19283303168792026,0.03747171502182478
state:main,2014,1817,1,0.5043979556189918,0.5261419922949917,0.02174403667599998,0.693877092671257,0.6697853604843148,-0.02409173218694218,0.010728452267643804,0.6082180119472346,0.20960144507511377,0.04124550749078619
state:main,2015,1875,1,0.49968048655026037,0.5050666666666667,0.005386180116406286,0.6682412026268458,0.6544,-0.01384120262684576,0.010609538670372983,0.6085298766661708,0.21113334932587122,0.042583918741101366
state:main,2016,1932,1,0.512901503026232,0.5046583850931677,-0.008243117933064337,0.6568063090964328,0.6547619047619048,-0.0020444043345280616,0.01053771314910149,0.6176372418448922,0.2144289819240964,0.04453516276943837
state:main,2017,1876,1,0.5222791236454678,0.5207889125799574,-0.0014902110655104926,0.6604786135734254,0.652452025586354,-0.00802658798707148,0.010752590486286627,0.6227611599131105,0.21684855517555487,0.043603043069231746
state:main,2018,1851,1,0.513558189588369,0.5251215559157212,0.011563366327352295,0.6588850011251439,0.6488384656942193,-0.010046535430924661,0.010753755003355259,0.6153457237404152,0.21404093921771314,0.042509701225778476
state:main,2019,1715,1,0.5180011327198524,0.5002915451895044,-0.017709587530347983,0.6596221514420737,0.6629737609329446,0.003351609490870963,0.011145246514932528,0.614111652096514,0.21291834835812648,0.039307362967288255
