year,event,match,winner,loser,winnerId,loserId,round,score,outcome,status,start,end,timestamp,estimatedStartTime,sourceLastUpdated,historicalPublicationTimeKnown,sourceFile,sourceSHA256,duplicateRecords,observedIndex,observedHasStats,observedDate,observedSource,cachedPositiveDenominators,cachedValidStats,corroboration,espnEvent,espnCompetition,espnStatus,espnScore,espnDate,espnRound,espnSourceFile,espnSourceSHA256,espnStatisticsLengths
2024,1038,LS001,Iga Swiatek,Aryna Sabalenka,326408,320760,F,7-5 4-6 7-6(7),completed,absent,2024-04-23,2024-05-05,2024-05-04T16:19:20.83+00:00,False,2024-05-04T19:51:34.46+00:00,False,data/raw/wta/stats/_httpcache/2024/8815ecc3f352917f318fe45e8c277164df4c53c2aa6b770b3d3052224e9c6e95.json,202d5417c92eb8eb0c61ced05cf12ebfe19d3bf9c493214b952570ffb5ce9f37,1,,,,,False,False,corroborated,413-2024,144373,STATUS_FINAL,7-5 4-6 7-6,2024-05-04T16:30Z,F,/Users/varma/Projects/DEUCE/.research/2026-09-06-model-foundation/runs/phase4/staging/espn-results-001/20240505.json,e61372313b018ec91d46420cfd4d091a1f97af9209f61545e6a6af1540d0e7bb,"[0, 0]"
2024,1038,LS002,Iga Swiatek,Madison Keys,326408,316959,SF,6-1 6-3,completed,absent,2024-04-23,2024-05-05,2024-05-02T13:48:34.977+00:00,False,2024-05-02T15:19:07.51+00:00,False,data/raw/wta/stats/_httpcache/2024/8815ecc3f352917f318fe45e8c277164df4c53c2aa6b770b3d3052224e9c6e95.json,202d5417c92eb8eb0c61ced05cf12ebfe19d3bf9c493214b952570ffb5ce9f37,1,,,,,False,False,corroborated,413-2024,144371,STATUS_FINAL,6-1 6-3,2024-05-02T14:10Z,SF,/Users/varma/Projects/DEUCE/.research/2026-09-06-model-foundation/runs/phase4/staging/espn-results-001/20240505.json,e61372313b018ec91d46420cfd4d091a1f97af9209f61545e6a6af1540d0e7bb,"[0, 0]"
2024,1038,LS003,Aryna Sabalenka,Elena Rybakina,320760,324166,SF,1-6 7-5 7-6(5),completed,absent,2024-04-23,2024-05-05,2024-05-02T19:22:05.843+00:00,False,2024-05-02T21:55:33.36+00:00,False,data/raw/wta/stats/_httpcache/2024/8815ecc3f352917f318fe45e8c277164df4c53c2aa6b770b3d3052224e9c6e95.json,202d5417c92eb8eb0c61ced05cf12ebfe19d3bf9c493214b952570ffb5ce9f37,1,,,,,False,False,corroborated,413-2024,144372,STATUS_FINAL,1-6 7-5 7-6,2024-05-02T19:30Z,SF,/Users/varma/Projects/DEUCE/.research/2026-09-06-model-foundation/runs/phase4/staging/espn-results-001/20240505.json,e61372313b018ec91d46420cfd4d091a1f97af9209f61545e6a6af1540d0e7bb,"[0, 0]"
2024,1038,LS004,Iga Swiatek,Beatriz Haddad Maia,326408,318176,QF,4-6 6-0 6-2,completed,absent,2024-04-23,2024-05-05,2024-04-30T11:04:25.517+00:00,False,2024-04-30T13:45:02.937+00:00,False,data/raw/wta/stats/_httpcache/2024/8815ecc3f352917f318fe45e8c277164df4c53c2aa6b770b3d3052224e9c6e95.json,202d5417c92eb8eb0c61ced05cf12ebfe19d3bf9c493214b952570ffb5ce9f37,1,,,,,False,False,corroborated,413-2024,144368,STATUS_FINAL,4-6 6-0 6-2,2024-04-30T11:15Z,QF,/Users/varma/Projects/DEUCE/.research/2026-09-06-model-foundation/runs/phase4/staging/espn-results-001/20240505.json,e61372313b018ec91d46420cfd4d091a1f97af9209f61545e6a6af1540d0e7bb,"[0, 0]"
2024,1038,LS005,Madison Keys,Ons Jabeur,316959,316847,QF,0-6 7-5 6-1,completed,absent,2024-04-23,2024-05-05,2024-04-30T17:39:20.4+00:00,False,2024-04-30T19:35:25.1+00:00,False,data/raw/wta/stats/_httpcache/2024/8815ecc3f352917f318fe45e8c277164df4c53c2aa6b770b3d3052224e9c6e95.json,202d5417c92eb8eb0c61ced05cf12ebfe19d3bf9c493214b952570ffb5ce9f37,1,,,,,False,False,corroborated,413-2024,144369,STATUS_FINAL,0-6 7-5 6-1,2024-04-30T17:55Z,QF,/Users/varma/Projects/DEUCE/.research/2026-09-06-model-foundation/runs/phase4/staging/espn-results-001/20240505.json,e61372313b018ec91d46420cfd4d091a1f97af9209f61545e6a6af1540d0e7bb,"[0, 0]"
2024,1038,LS006,Elena Rybakina,Yulia Putintseva,324166,317683,QF,4-6 7-6(4) 7-5,completed,absent,2024-04-23,2024-05-05,2024-05-01T09:47:12.723+00:00,False,2024-05-01T12:56:13.08+00:00,False,data/raw/wta/stats/_httpcache/2024/8815ecc3f352917f318fe45e8c277164df4c53c2aa6b770b3d3052224e9c6e95.json,202d5417c92eb8eb0c61ced05cf12ebfe19d3bf9c493214b952570ffb5ce9f37,1,,,,,False,False,corroborated,413-2024,144367,STATUS_FINAL,4-6 7-6 7-5,2024-05-01T10:10Z,QF,/Users/varma/Projects/DEUCE/.research/2026-09-06-model-foundation/runs/phase4/staging/espn-results-001/20240505.json,e61372313b018ec91d46420cfd4d091a1f97af9209f61545e6a6af1540d0e7bb,"[0, 0]"
2024,1038,LS007,Aryna Sabalenka,Mirra Andreeva,320760,331809,QF,6-1 6-4,completed,absent,2024-04-23,2024-05-05,2024-05-01T17:45:27.38+00:00,False,2024-05-01T19:22:54.01+00:00,False,data/raw/wta/stats/_httpcache/2024/8815ecc3f352917f318fe45e8c277164df4c53c2aa6b770b3d3052224e9c6e95.json,202d5417c92eb8eb0c61ced05cf12ebfe19d3bf9c493214b952570ffb5ce9f37,1,,,,,False,False,corroborated,413-2024,144370,STATUS_FINAL,6-1 6-4,2024-05-01T18:00Z,QF,/Users/varma/Projects/DEUCE/.research/2026-09-06-model-foundation/runs/phase4/staging/espn-results-001/20240505.json,e61372313b018ec91d46420cfd4d091a1f97af9209f61545e6a6af1540d0e7bb,"[0, 0]"
2024,1038,LS008,Iga Swiatek,Sara Sorribes Tormo,326408,318872,R16,6-1 6-0,completed,absent,2024-04-23,2024-05-05,2024-04-29T10:18:18.477+00:00,False,2024-04-29T11:44:28.787+00:00,False,data/raw/wta/stats/_httpcache/2024/8815ecc3f352917f318fe45e8c277164df4c53c2aa6b770b3d3052224e9c6e95.json,202d5417c92eb8eb0c61ced05cf12ebfe19d3bf9c493214b952570ffb5ce9f37,1,,,,,False,False,corroborated,413-2024,144359,STATUS_FINAL,6-1 6-0,2024-04-29T10:35Z,R16,/Users/varma/Projects/DEUCE/.research/2026-09-06-model-foundation/runs/phase4/staging/espn-results-001/20240505.json,e61372313b018ec91d46420cfd4d091a1f97af9209f61545e6a6af1540d0e7bb,"[0, 0]"
2024,1038,LS009,Beatriz Haddad Maia,Maria Sakkari,318176,318312,R16,6-4 6-4,completed,absent,2024-04-23,2024-05-05,2024-04-29T08:48:42.51+00:00,False,2024-04-29T10:58:11.997+00:00,False,data/raw/wta/stats/_httpcache/2024/8815ecc3f352917f318fe45e8c277164df4c53c2aa6b770b3d3052224e9c6e95.json,202d5417c92eb8eb0c61ced05cf12ebfe19d3bf9c493214b952570ffb5ce9f37,1,,,,,False,False,corroborated,413-2024,144363,STATUS_FINAL,6-4 6-4,2024-04-29T09:05Z,R16,/Users/varma/Projects/DEUCE/.research/2026-09-06-model-foundation/runs/phase4/staging/espn-results-001/20240505.json,e61372313b018ec91d46420cfd4d091a1f97af9209f61545e6a6af1540d0e7bb,"[0, 0]"
2024,1038,LS010,Madison Keys,Coco Gauff,316959,328560,R16,7-6(4) 4-6 6-4,completed,absent,2024-04-23,2024-05-05,2024-04-29T14:10:01.927+00:00,False,2024-04-29T16:54:54.41+00:00,False,data/raw/wta/stats/_httpcache/2024/8815ecc3f352917f318fe45e8c277164df4c53c2aa6b770b3d3052224e9c6e95.json,202d5417c92eb8eb0c61ced05cf12ebfe19d3bf9c493214b952570ffb5ce9f37,1,,,,,False,False,corroborated,413-2024,144364,STATUS_FINAL,7-6 4-6 6-4,2024-04-29T14:20Z,R16,/Users/varma/Projects/DEUCE/.research/2026-09-06-model-foundation/runs/phase4/staging/espn-results-001/20240505.json,e61372313b018ec91d46420cfd4d091a1f97af9209f61545e6a6af1540d0e7bb,"[0, 0]"
2024,1038,LS011,Ons Jabeur,Jelena Ostapenko,316847,319939,R16,6-0 6-4,completed,absent,2024-04-23,2024-05-05,2024-04-29T08:40:29.733+00:00,False,2024-04-29T10:15:29.86+00:00,False,data/raw/wta/stats/_httpcache/2024/8815ecc3f352917f318fe45e8c277164df4c53c2aa6b770b3d3052224e9c6e95.json,202d5417c92eb8eb0c61ced05cf12ebfe19d3bf9c493214b952570ffb5ce9f37,1,,,,,False,False,corroborated,413-2024,144362,STATUS_FINAL,6-0 6-4,2024-04-29T09:05Z,R16,/Users/varma/Projects/DEUCE/.research/2026-09-06-model-foundation/runs/phase4/staging/espn-results-001/20240505.json,e61372313b018ec91d46420cfd4d091a1f97af9209f61545e6a6af1540d0e7bb,"[0, 0]"
2024,1038,LS012,Yulia Putintseva,Daria Kasatkina,317683,322082,R16,3-6 6-2 6-2,completed,absent,2024-04-23,2024-05-05,2024-04-29T17:02:10.35+00:00,False,2024-04-29T19:07:31.63+00:00,False,data/raw/wta/stats/_httpcache/2024/8815ecc3f352917f318fe45e8c277164df4c53c2aa6b770b3d3052224e9c6e95.json,202d5417c92eb8eb0c61ced05cf12ebfe19d3bf9c493214b952570ffb5ce9f37,1,,,,,False,False,corroborated,413-2024,144361,STATUS_FINAL,3-6 6-2 6-2,2024-04-29T17:10Z,R16,/Users/varma/Projects/DEUCE/.research/2026-09-06-model-foundation/runs/phase4/staging/espn-results-001/20240505.json,e61372313b018ec91d46420cfd4d091a1f97af9209f61545e6a6af1540d0e7bb,"[0, 0]"
2024,1038,LS013,Elena Rybakina,Sara Bejlek,324166,330375,R16,6-1 6-3,completed,absent,2024-04-23,2024-05-05,2024-04-29T16:59:59.447+00:00,False,2024-04-29T18:29:01.23+00:00,False,data/raw/wta/stats/_httpcache/2024/8815ecc3f352917f318fe45e8c277164df4c53c2aa6b770b3d3052224e9c6e95.json,202d5417c92eb8eb0c61ced05cf12ebfe19d3bf9c493214b952570ffb5ce9f37,1,,,,,False,False,corroborated,413-2024,144360,STATUS_FINAL,6-1 6-3,2024-04-29T17:10Z,R16,/Users/varma/Projects/DEUCE/.research/2026-09-06-model-foundation/runs/phase4/staging/espn-results-001/20240505.json,e61372313b018ec91d46420cfd4d091a1f97af9209f61545e6a6af1540d0e7bb,"[0, 0]"
2024,1038,LS014,Mirra Andreeva,Jasmine Paolini,331809,319280,R16,7-6(2) 6-4,completed,absent,2024-04-23,2024-05-05,2024-04-29T13:32:43.847+00:00,False,2024-04-29T15:18:26.44+00:00,False,data/raw/wta/stats/_httpcache/2024/8815ecc3f352917f318fe45e8c277164df4c53c2aa6b770b3d3052224e9c6e95.json,202d5417c92eb8eb0c61ced05cf12ebfe19d3bf9c493214b952570ffb5ce9f37,1,,,,,False,False,corroborated,413-2024,144365,STATUS_FINAL,7-6 6-4,2024-04-29T13:35Z,R16,/Users/varma/Projects/DEUCE/.research/2026-09-06-model-foundation/runs/phase4/staging/espn-results-001/20240505.json,e61372313b018ec91d46420cfd4d091a1f97af9209f61545e6a6af1540d0e7bb,"[0, 0]"
2024,1038,LS015,Aryna Sabalenka,Danielle Collins,320760,316925,R16,4-6 6-4 6-3,completed,absent,2024-04-23,2024-05-05,2024-04-29T19:55:24.943+00:00,False,2024-04-29T22:34:26.98+00:00,False,data/raw/wta/stats/_httpcache/2024/8815ecc3f352917f318fe45e8c277164df4c53c2aa6b770b3d3052224e9c6e95.json,202d5417c92eb8eb0c61ced05cf12ebfe19d3bf9c493214b952570ffb5ce9f37,1,,,,,False,False,corroborated,413-2024,144366,STATUS_FINAL,4-6 6-4 6-3,2024-04-29T20:05Z,R16,/Users/varma/Projects/DEUCE/.research/2026-09-06-model-foundation/runs/phase4/staging/espn-results-001/20240505.json,e61372313b018ec91d46420cfd4d091a1f97af9209f61545e6a6af1540d0e7bb,"[0, 0]"
2024,1038,LS016,Iga Swiatek,Sorana Cirstea,326408,312469,R32,6-1 6-1,completed,absent,2024-04-23,2024-05-05,2024-04-27T08:50:27.073+00:00,False,2024-04-27T10:28:56.85+00:00,False,data/raw/wta/stats/_httpcache/2024/8815ecc3f352917f318fe45e8c277164df4c53c2aa6b770b3d3052224e9c6e95.json,202d5417c92eb8eb0c61ced05cf12ebfe19d3bf9c493214b952570ffb5ce9f37,1,,,,,False,False,corroborated,413-2024,144348,STATUS_FINAL,6-1 6-1,2024-04-27T09:05Z,R32,/Users/varma/Projects/DEUCE/.research/2026-09-06-model-foundation/runs/phase4/staging/espn-results-001/20240505.json,e61372313b018ec91d46420cfd4d091a1f97af9209f61545e6a6af1540d0e7bb,"[0, 0]"
2024,1038,LS017,Sara Sorribes Tormo,Victoria Azarenka,318872,312001,R32,7-6(0) 6-3,completed,absent,2024-04-23,2024-05-05,2024-04-27T08:48:14.98+00:00,False,2024-04-27T12:02:18.917+00:00,False,data/raw/wta/stats/_httpcache/2024/8815ecc3f352917f318fe45e8c277164df4c53c2aa6b770b3d3052224e9c6e95.json,202d5417c92eb8eb0c61ced05cf12ebfe19d3bf9c493214b952570ffb5ce9f37,1,,,,,False,False,corroborated,413-2024,144343,STATUS_FINAL,7-6 6-3,2024-04-27T09:10Z,R32,/Users/varma/Projects/DEUCE/.research/2026-09-06-model-foundation/runs/phase4/staging/espn-results-001/20240505.json,e61372313b018ec91d46420cfd4d091a1f97af9209f61545e6a6af1540d0e7bb,"[0, 0]"
2024,1038,LS018,Beatriz Haddad Maia,Emma Navarro,318176,325410,R32,6-4 6-4,completed,absent,2024-04-23,2024-05-05,2024-04-27T17:33:09.093+00:00,False,2024-04-27T19:38:35.577+00:00,False,data/raw/wta/stats/_httpcache/2024/8815ecc3f352917f318fe45e8c277164df4c53c2aa6b770b3d3052224e9c6e95.json,202d5417c92eb8eb0c61ced05cf12ebfe19d3bf9c493214b952570ffb5ce9f37,1,,,,,False,False,corroborated,413-2024,144344,STATUS_FINAL,6-4 6-4,2024-04-27T17:45Z,R32,/Users/varma/Projects/DEUCE/.research/2026-09-06-model-foundation/runs/phase4/staging/espn-results-001/20240505.json,e61372313b018ec91d46420cfd4d091a1f97af9209f61545e6a6af1540d0e7bb,"[0, 0]"
2024,1038,LS019,Maria Sakkari,Sloane Stephens,318312,315683,R32,6-1 6-3,completed,absent,2024-04-23,2024-05-05,2024-04-27T10:55:10.37+00:00,False,2024-04-27T12:14:03.25+00:00,False,data/raw/wta/stats/_httpcache/2024/8815ecc3f352917f318fe45e8c277164df4c53c2aa6b770b3d3052224e9c6e95.json,202d5417c92eb8eb0c61ced05cf12ebfe19d3bf9c493214b952570ffb5ce9f37,1,,,,,False,False,corroborated,413-2024,144347,STATUS_FINAL,6-1 6-3,2024-04-27T11:15Z,R32,/Users/varma/Projects/DEUCE/.research/2026-09-06-model-foundation/runs/phase4/staging/espn-results-001/20240505.json,e61372313b018ec91d46420cfd4d091a1f97af9209f61545e6a6af1540d0e7bb,"[0, 0]"
2024,1038,LS020,Coco Gauff,Dayana Yastremska,328560,324261,R32,6-4 6-1,completed,absent,2024-04-23,2024-05-05,2024-04-27T17:41:53.843+00:00,False,2024-04-27T19:26:04.753+00:00,False,data/raw/wta/stats/_httpcache/2024/8815ecc3f352917f318fe45e8c277164df4c53c2aa6b770b3d3052224e9c6e95.json,202d5417c92eb8eb0c61ced05cf12ebfe19d3bf9c493214b952570ffb5ce9f37,1,,,,,False,False,corroborated,413-2024,144345,STATUS_FINAL,6-4 6-1,2024-04-27T18:10Z,R32,/Users/varma/Projects/DEUCE/.research/2026-09-06-model-foundation/runs/phase4/staging/espn-results-001/20240505.json,e61372313b018ec91d46420cfd4d091a1f97af9209f61545e6a6af1540d0e7bb,"[0, 0]"
2024,1038,LS021,Madison Keys,Liudmila Samsonova,316959,322222,R32,6-2 6-3,completed,absent,2024-04-23,2024-05-05,2024-04-27T15:02:19.56+00:00,False,2024-04-27T16:38:00.547+00:00,False,data/raw/wta/stats/_httpcache/2024/8815ecc3f352917f318fe45e8c277164df4c53c2aa6b770b3d3052224e9c6e95.json,202d5417c92eb8eb0c61ced05cf12ebfe19d3bf9c493214b952570ffb5ce9f37,1,,,,,False,False,corroborated,413-2024,144346,STATUS_FINAL,6-2 6-3,2024-04-27T15:20Z,R32,/Users/varma/Projects/DEUCE/.research/2026-09-06-model-foundation/runs/phase4/staging/espn-results-001/20240505.json,e61372313b018ec91d46420cfd4d091a1f97af9209f61545e6a6af1540d0e7bb,"[0, 0]"
2024,1038,LS022,Jelena Ostapenko,Maria Lourdes Carle,319939,322638,R32,6-3 6-3,completed,absent,2024-04-23,2024-05-05,2024-04-27T12:05:44.77+00:00,False,2024-04-27T13:50:38.997+00:00,False,data/raw/wta/stats/_httpcache/2024/8815ecc3f352917f318fe45e8c277164df4c53c2aa6b770b3d3052224e9c6e95.json,202d5417c92eb8eb0c61ced05cf12ebfe19d3bf9c493214b952570ffb5ce9f37,1,,,,,False,False,corroborated,413-2024,144351,STATUS_FINAL,6-3 6-3,2024-04-27T12:20Z,R32,/Users/varma/Projects/DEUCE/.research/2026-09-06-model-foundation/runs/phase4/staging/espn-results-001/20240505.json,e61372313b018ec91d46420cfd4d091a1f97af9209f61545e6a6af1540d0e7bb,"[0, 0]"
2024,1038,LS023,Ons Jabeur,Leylah Fernandez,316847,326735,R32,7-5 2-6 6-4,completed,absent,2024-04-23,2024-05-05,2024-04-27T12:16:58.13+00:00,False,2024-04-27T14:59:33.473+00:00,False,data/raw/wta/stats/_httpcache/2024/8815ecc3f352917f318fe45e8c277164df4c53c2aa6b770b3d3052224e9c6e95.json,202d5417c92eb8eb0c61ced05cf12ebfe19d3bf9c493214b952570ffb5ce9f37,1,,,,,False,False,corroborated,413-2024,144352,STATUS_FINAL,7-5 2-6 6-4,2024-04-27T12:30Z,R32,/Users/varma/Projects/DEUCE/.research/2026-09-06-model-foundation/runs/phase4/staging/espn-results-001/20240505.json,e61372313b018ec91d46420cfd4d091a1f97af9209f61545e6a6af1540d0e7bb,"[0, 0]"
2024,1038,LS024,Yulia Putintseva,Caroline Dolehide,317683,322052,R32,6-2 6-2,completed,absent,2024-04-23,2024-05-05,2024-04-28T10:54:43.967+00:00,False,2024-04-28T12:15:56.737+00:00,False,data/raw/wta/stats/_httpcache/2024/8815ecc3f352917f318fe45e8c277164df4c53c2aa6b770b3d3052224e9c6e95.json,202d5417c92eb8eb0c61ced05cf12ebfe19d3bf9c493214b952570ffb5ce9f37,1,,,,,False,False,corroborated,413-2024,144353,STATUS_FINAL,6-2 6-2,2024-04-28T11:05Z,R32,/Users/varma/Projects/DEUCE/.research/2026-09-06-model-foundation/runs/phase4/staging/espn-results-001/20240505.json,e61372313b018ec91d46420cfd4d091a1f97af9209f61545e6a6af1540d0e7bb,"[0, 0]"
2024,1038,LS025,Daria Kasatkina,Anastasia Pavlyuchenkova,322082,313796,R32,7-6(5) 7-5,completed,absent,2024-04-23,2024-05-05,2024-04-28T11:33:36.167+00:00,False,2024-04-28T13:40:10.067+00:00,False,data/raw/wta/stats/_httpcache/2024/8815ecc3f352917f318fe45e8c277164df4c53c2aa6b770b3d3052224e9c6e95.json,202d5417c92eb8eb0c61ced05cf12ebfe19d3bf9c493214b952570ffb5ce9f37,1,,,,,False,False,corroborated,413-2024,144354,STATUS_FINAL,7-6 7-5,2024-04-28T11:45Z,R32,/Users/varma/Projects/DEUCE/.research/2026-09-06-model-foundation/runs/phase4/staging/espn-results-001/20240505.json,e61372313b018ec91d46420cfd4d091a1f97af9209f61545e6a6af1540d0e7bb,"[0, 0]"
2024,1038,LS026,Sara Bejlek,Ashlyn Krueger,330375,329409,R32,6-3 6-1,completed,absent,2024-04-23,2024-05-05,2024-04-28T08:47:06.973+00:00,False,2024-04-28T10:20:18.433+00:00,False,data/raw/wta/stats/_httpcache/2024/8815ecc3f352917f318fe45e8c277164df4c53c2aa6b770b3d3052224e9c6e95.json,202d5417c92eb8eb0c61ced05cf12ebfe19d3bf9c493214b952570ffb5ce9f37,1,,,,,False,False,corroborated,413-2024,144355,STATUS_FINAL,6-3 6-1,2024-04-28T09:05Z,R32,/Users/varma/Projects/DEUCE/.research/2026-09-06-model-foundation/runs/phase4/staging/espn-results-001/20240505.json,e61372313b018ec91d46420cfd4d091a1f97af9209f61545e6a6af1540d0e7bb,"[0, 0]"
2024,1038,LS027,Elena Rybakina,Mayar Sherif,324166,318711,R32,6-1 6-4,completed,absent,2024-04-23,2024-05-05,2024-04-28T08:43:37.68+00:00,False,2024-04-28T10:38:15.83+00:00,False,data/raw/wta/stats/_httpcache/2024/8815ecc3f352917f318fe45e8c277164df4c53c2aa6b770b3d3052224e9c6e95.json,202d5417c92eb8eb0c61ced05cf12ebfe19d3bf9c493214b952570ffb5ce9f37,1,,,,,False,False,corroborated,413-2024,144356,STATUS_FINAL,6-1 6-4,2024-04-28T09:05Z,R32,/Users/varma/Projects/DEUCE/.research/2026-09-06-model-foundation/runs/phase4/staging/espn-results-001/20240505.json,e61372313b018ec91d46420cfd4d091a1f97af9209f61545e6a6af1540d0e7bb,"[0, 0]"
2024,1038,LS028,Mirra Andreeva,Marketa Vondrousova,331809,323027,R32,7-5 6-1,completed,absent,2024-04-23,2024-05-05,2024-04-28T13:44:29.563+00:00,False,2024-04-28T15:13:07.84+00:00,False,data/raw/wta/stats/_httpcache/2024/8815ecc3f352917f318fe45e8c277164df4c53c2aa6b770b3d3052224e9c6e95.json,202d5417c92eb8eb0c61ced05cf12ebfe19d3bf9c493214b952570ffb5ce9f37,1,,,,,False,False,corroborated,413-2024,144357,STATUS_FINAL,7-5 6-1,2024-04-28T13:55Z,R32,/Users/varma/Projects/DEUCE/.research/2026-09-06-model-foundation/runs/phase4/staging/espn-results-001/20240505.json,e61372313b018ec91d46420cfd4d091a1f97af9209f61545e6a6af1540d0e7bb,"[0, 0]"
2024,1038,LS029,Jasmine Paolini,Caroline Garcia,319280,315391,R32,6-3 6-2,completed,absent,2024-04-23,2024-05-05,2024-04-28T15:16:31.25+00:00,False,2024-04-28T16:36:38.98+00:00,False,data/raw/wta/stats/_httpcache/2024/8815ecc3f352917f318fe45e8c277164df4c53c2aa6b770b3d3052224e9c6e95.json,202d5417c92eb8eb0c61ced05cf12ebfe19d3bf9c493214b952570ffb5ce9f37,1,,,,,False,False,corroborated,413-2024,144358,STATUS_FINAL,6-3 6-2,2024-04-28T15:25Z,R32,/Users/varma/Projects/DEUCE/.research/2026-09-06-model-foundation/runs/phase4/staging/espn-results-001/20240505.json,e61372313b018ec91d46420cfd4d091a1f97af9209f61545e6a6af1540d0e7bb,"[0, 0]"
2024,1038,LS030,Danielle Collins,Jaqueline Cristian,316925,320319,R32,3-6 6-4 6-1,completed,absent,2024-04-23,2024-05-05,2024-04-28T15:48:18.85+00:00,False,2024-04-28T18:03:54.023+00:00,False,data/raw/wta/stats/_httpcache/2024/8815ecc3f352917f318fe45e8c277164df4c53c2aa6b770b3d3052224e9c6e95.json,202d5417c92eb8eb0c61ced05cf12ebfe19d3bf9c493214b952570ffb5ce9f37,1,,,,,False,False,corroborated,413-2024,144349,STATUS_FINAL,3-6 6-4 6-1,2024-04-28T15:55Z,R32,/Users/varma/Projects/DEUCE/.research/2026-09-06-model-foundation/runs/phase4/staging/espn-results-001/20240505.json,e61372313b018ec91d46420cfd4d091a1f97af9209f61545e6a6af1540d0e7bb,"[0, 0]"
2024,1038,LS031,Aryna Sabalenka,Robin Montgomery,320760,329408,R32,6-1 6-7(5) 6-4,completed,absent,2024-04-23,2024-05-05,2024-04-28T17:46:52.68+00:00,False,2024-04-28T20:36:52.1+00:00,False,data/raw/wta/stats/_httpcache/2024/8815ecc3f352917f318fe45e8c277164df4c53c2aa6b770b3d3052224e9c6e95.json,202d5417c92eb8eb0c61ced05cf12ebfe19d3bf9c493214b952570ffb5ce9f37,1,,,,,False,False,corroborated,413-2024,144350,STATUS_FINAL,6-1 6-7 6-4,2024-04-28T18:05Z,R32,/Users/varma/Projects/DEUCE/.research/2026-09-06-model-foundation/runs/phase4/staging/espn-results-001/20240505.json,e61372313b018ec91d46420cfd4d091a1f97af9209f61545e6a6af1540d0e7bb,"[0, 0]"
2024,1038,LS032,Iga Swiatek,Xiyu Wang,326408,326160,R64,6-1 6-4,completed,absent,2024-04-23,2024-05-05,2024-04-25T17:06:02.903+00:00,False,2024-04-25T18:38:25.59+00:00,False,data/raw/wta/stats/_httpcache/2024/8815ecc3f352917f318fe45e8c277164df4c53c2aa6b770b3d3052224e9c6e95.json,202d5417c92eb8eb0c61ced05cf12ebfe19d3bf9c493214b952570ffb5ce9f37,1,,,,,False,False,corroborated,413-2024,144333,STATUS_FINAL,6-1 6-4,2024-04-25T17:20Z,R64,/Users/varma/Projects/DEUCE/.research/2026-09-06-model-foundation/runs/phase4/staging/espn-results-001/20240505.json,e61372313b018ec91d46420cfd4d091a1f97af9209f61545e6a6af1540d0e7bb,"[0, 0]"
2024,1038,LS033,Sorana Cirstea,Alexandra Eala,312469,330332,R64,6-3 6-7(6) 6-4,completed,absent,2024-04-23,2024-05-05,2024-04-25T13:25:16.073+00:00,False,2024-04-25T15:55:48.887+00:00,False,data/raw/wta/stats/_httpcache/2024/8815ecc3f352917f318fe45e8c277164df4c53c2aa6b770b3d3052224e9c6e95.json,202d5417c92eb8eb0c61ced05cf12ebfe19d3bf9c493214b952570ffb5ce9f37,1,,,,,False,False,corroborated,413-2024,144334,STATUS_FINAL,6-3 6-7 6-4,2024-04-25T13:35Z,R64,/Users/varma/Projects/DEUCE/.research/2026-09-06-model-foundation/runs/phase4/staging/espn-results-001/20240505.json,e61372313b018ec91d46420cfd4d091a1f97af9209f61545e6a6af1540d0e7bb,"[0, 0]"
2024,1038,LS034,Victoria Azarenka,Tatjana Maria,312001,310440,R64,6-3 6-1,completed,absent,2024-04-23,2024-05-05,2024-04-25T08:48:06.4+00:00,False,2024-04-25T10:31:52.443+00:00,False,data/raw/wta/stats/_httpcache/2024/8815ecc3f352917f318fe45e8c277164df4c53c2aa6b770b3d3052224e9c6e95.json,202d5417c92eb8eb0c61ced05cf12ebfe19d3bf9c493214b952570ffb5ce9f37,1,,,,,False,False,corroborated,413-2024,144335,STATUS_FINAL,6-3 6-1,2024-04-25T09:05Z,R64,/Users/varma/Projects/DEUCE/.research/2026-09-06-model-foundation/runs/phase4/staging/espn-results-001/20240505.json,e61372313b018ec91d46420cfd4d091a1f97af9209f61545e6a6af1540d0e7bb,"[0, 0]"
2024,1038,LS035,Sara Sorribes Tormo,Elina Svitolina,318872,316738,R64,6-3 7-5,completed,absent,2024-04-23,2024-05-05,2024-04-25T08:49:30.3+00:00,False,2024-04-25T11:20:07.66+00:00,False,data/raw/wta/stats/_httpcache/2024/8815ecc3f352917f318fe45e8c277164df4c53c2aa6b770b3d3052224e9c6e95.json,202d5417c92eb8eb0c61ced05cf12ebfe19d3bf9c493214b952570ffb5ce9f37,1,,,,,False,False,corroborated,413-2024,144336,STATUS_FINAL,6-3 7-5,2024-04-25T09:00Z,R64,/Users/varma/Projects/DEUCE/.research/2026-09-06-model-foundation/runs/phase4/staging/espn-results-001/20240505.json,e61372313b018ec91d46420cfd4d091a1f97af9209f61545e6a6af1540d0e7bb,"[0, 0]"
2024,1038,LS036,Beatriz Haddad Maia,Sara Errani,318176,310761,R64,6-3 6-2,completed,absent,2024-04-23,2024-05-05,2024-04-25T12:38:35.523+00:00,False,2024-04-25T14:11:58.4+00:00,False,data/raw/wta/stats/_httpcache/2024/8815ecc3f352917f318fe45e8c277164df4c53c2aa6b770b3d3052224e9c6e95.json,202d5417c92eb8eb0c61ced05cf12ebfe19d3bf9c493214b952570ffb5ce9f37,1,,,,,False,False,corroborated,413-2024,144337,STATUS_FINAL,6-3 6-2,2024-04-25T12:50Z,R64,/Users/varma/Projects/DEUCE/.research/2026-09-06-model-foundation/runs/phase4/staging/espn-results-001/20240505.json,e61372313b018ec91d46420cfd4d091a1f97af9209f61545e6a6af1540d0e7bb,"[0, 0]"
2024,1038,LS037,Emma Navarro,Nadia Podoroska,325410,319112,R64,6-2 6-1,completed,absent,2024-04-23,2024-05-05,2024-04-25T11:22:07.84+00:00,False,2024-04-25T12:47:17.28+00:00,False,data/raw/wta/stats/_httpcache/2024/8815ecc3f352917f318fe45e8c277164df4c53c2aa6b770b3d3052224e9c6e95.json,202d5417c92eb8eb0c61ced05cf12ebfe19d3bf9c493214b952570ffb5ce9f37,1,,,,,False,False,corroborated,413-2024,144321,STATUS_FINAL,6-2 6-1,2024-04-25T11:30Z,R64,/Users/varma/Projects/DEUCE/.research/2026-09-06-model-foundation/runs/phase4/staging/espn-results-001/20240505.json,e61372313b018ec91d46420cfd4d091a1f97af9209f61545e6a6af1540d0e7bb,"[0, 0]"
2024,1038,LS038,Sloane Stephens,Elise Mertens,315683,317964,R64,3-6 6-3 6-1,completed,absent,2024-04-23,2024-05-05,2024-04-25T15:58:33.433+00:00,False,2024-04-25T18:32:33.793+00:00,False,data/raw/wta/stats/_httpcache/2024/8815ecc3f352917f318fe45e8c277164df4c53c2aa6b770b3d3052224e9c6e95.json,202d5417c92eb8eb0c61ced05cf12ebfe19d3bf9c493214b952570ffb5ce9f37,1,,,,,False,False,corroborated,413-2024,144319,STATUS_FINAL,3-6 6-3 6-1,2024-04-25T16:15Z,R64,/Users/varma/Projects/DEUCE/.research/2026-09-06-model-foundation/runs/phase4/staging/espn-results-001/20240505.json,e61372313b018ec91d46420cfd4d091a1f97af9209f61545e6a6af1540d0e7bb,"[0, 0]"
2024,1038,LS039,Maria Sakkari,Donna Vekic,318312,318516,R64,6-3 6-2,completed,absent,2024-04-23,2024-05-05,2024-04-25T08:46:05.53+00:00,False,2024-04-25T10:33:09.19+00:00,False,data/raw/wta/stats/_httpcache/2024/8815ecc3f352917f318fe45e8c277164df4c53c2aa6b770b3d3052224e9c6e95.json,202d5417c92eb8eb0c61ced05cf12ebfe19d3bf9c493214b952570ffb5ce9f37,1,,,,,False,False,corroborated,413-2024,144320,STATUS_FINAL,6-3 6-2,2024-04-25T09:05Z,R64,/Users/varma/Projects/DEUCE/.research/2026-09-06-model-foundation/runs/phase4/staging/espn-results-001/20240505.json,e61372313b018ec91d46420cfd4d091a1f97af9209f61545e6a6af1540d0e7bb,"[0, 0]"
2024,1038,LS040,Coco Gauff,Arantxa Rus,328560,313349,R64,6-0 6-0,completed,absent,2024-04-23,2024-05-05,2024-04-25T14:18:17.17+00:00,False,2024-04-25T15:23:02.403+00:00,False,data/raw/wta/stats/_httpcache/2024/8815ecc3f352917f318fe45e8c277164df4c53c2aa6b770b3d3052224e9c6e95.json,202d5417c92eb8eb0c61ced05cf12ebfe19d3bf9c493214b952570ffb5ce9f37,1,,,,,False,False,corroborated,413-2024,144311,STATUS_FINAL,6-0 6-0,2024-04-25T14:30Z,R64,/Users/varma/Projects/DEUCE/.research/2026-09-06-model-foundation/runs/phase4/staging/espn-results-001/20240505.json,e61372313b018ec91d46420cfd4d091a1f97af9209f61545e6a6af1540d0e7bb,"[0, 0]"
2024,1038,LS041,Dayana Yastremska,Emiliana Arango,324261,324789,R64,0-6 7-5 6-4,completed,absent,2024-04-23,2024-05-05,2024-04-25T10:35:15.793+00:00,False,2024-04-25T13:22:56.593+00:00,False,data/raw/wta/stats/_httpcache/2024/8815ecc3f352917f318fe45e8c277164df4c53c2aa6b770b3d3052224e9c6e95.json,202d5417c92eb8eb0c61ced05cf12ebfe19d3bf9c493214b952570ffb5ce9f37,1,,,,,False,False,corroborated,413-2024,144312,STATUS_FINAL,0-6 7-5 6-4,2024-04-25T10:45Z,R64,/Users/varma/Projects/DEUCE/.research/2026-09-06-model-foundation/runs/phase4/staging/espn-results-001/20240505.json,e61372313b018ec91d46420cfd4d091a1f97af9209f61545e6a6af1540d0e7bb,"[0, 0]"
2024,1038,LS042,Madison Keys,Irina-Camelia Begu,316959,313169,R64,7-6(3) 7-6(6),completed,absent,2024-04-23,2024-05-05,2024-04-25T08:47:10.823+00:00,False,2024-04-25T11:19:41.547+00:00,False,data/raw/wta/stats/_httpcache/2024/8815ecc3f352917f318fe45e8c277164df4c53c2aa6b770b3d3052224e9c6e95.json,202d5417c92eb8eb0c61ced05cf12ebfe19d3bf9c493214b952570ffb5ce9f37,1,,,,,False,False,corroborated,413-2024,144313,STATUS_FINAL,7-6 7-6,2024-04-25T09:00Z,R64,/Users/varma/Projects/DEUCE/.research/2026-09-06-model-foundation/runs/phase4/staging/espn-results-001/20240505.json,e61372313b018ec91d46420cfd4d091a1f97af9209f61545e6a6af1540d0e7bb,"[0, 0]"
2024,1038,LS043,Liudmila Samsonova,Naomi Osaka,322222,319998,R64,6-2 4-6 7-5,completed,absent,2024-04-23,2024-05-05,2024-04-25T11:37:38.133+00:00,False,2024-04-25T14:14:10.183+00:00,False,data/raw/wta/stats/_httpcache/2024/8815ecc3f352917f318fe45e8c277164df4c53c2aa6b770b3d3052224e9c6e95.json,202d5417c92eb8eb0c61ced05cf12ebfe19d3bf9c493214b952570ffb5ce9f37,1,,,,,False,False,corroborated,413-2024,144314,STATUS_FINAL,6-2 4-6 7-5,2024-04-25T11:50Z,R64,/Users/varma/Projects/DEUCE/.research/2026-09-06-model-foundation/runs/phase4/staging/espn-results-001/20240505.json,e61372313b018ec91d46420cfd4d091a1f97af9209f61545e6a6af1540d0e7bb,"[0, 0]"
2024,1038,LS044,Jelena Ostapenko,Jessica Bouzas Maneiro,319939,328139,R64,6-3 6-1,completed,absent,2024-04-23,2024-05-05,2024-04-25T11:23:36.77+00:00,False,2024-04-25T12:45:54.763+00:00,False,data/raw/wta/stats/_httpcache/2024/8815ecc3f352917f318fe45e8c277164df4c53c2aa6b770b3d3052224e9c6e95.json,202d5417c92eb8eb0c61ced05cf12ebfe19d3bf9c493214b952570ffb5ce9f37,1,,,,,False,False,corroborated,413-2024,144315,STATUS_FINAL,6-3 6-1,2024-04-25T11:35Z,R64,/Users/varma/Projects/DEUCE/.research/2026-09-06-model-foundation/runs/phase4/staging/espn-results-001/20240505.json,e61372313b018ec91d46420cfd4d091a1f97af9209f61545e6a6af1540d0e7bb,"[0, 0]"
2024,1038,LS045,Maria Lourdes Carle,Veronika Kudermetova,322638,319526,R64,6-4 6-4,completed,absent,2024-04-23,2024-05-05,2024-04-25T14:14:30.3+00:00,False,2024-04-25T16:45:01.04+00:00,False,data/raw/wta/stats/_httpcache/2024/8815ecc3f352917f318fe45e8c277164df4c53c2aa6b770b3d3052224e9c6e95.json,202d5417c92eb8eb0c61ced05cf12ebfe19d3bf9c493214b952570ffb5ce9f37,1,,,,,False,False,corroborated,413-2024,144316,STATUS_FINAL,6-4 6-4,2024-04-25T14:25Z,R64,/Users/varma/Projects/DEUCE/.research/2026-09-06-model-foundation/runs/phase4/staging/espn-results-001/20240505.json,e61372313b018ec91d46420cfd4d091a1f97af9209f61545e6a6af1540d0e7bb,"[0, 0]"
2024,1038,LS046,Leylah Fernandez,Anastasia Potapova,326735,325601,R64,7-5 6-3,completed,absent,2024-04-23,2024-05-05,2024-04-25T16:47:15.213+00:00,False,2024-04-25T18:34:38.193+00:00,False,data/raw/wta/stats/_httpcache/2024/8815ecc3f352917f318fe45e8c277164df4c53c2aa6b770b3d3052224e9c6e95.json,202d5417c92eb8eb0c61ced05cf12ebfe19d3bf9c493214b952570ffb5ce9f37,1,,,,,False,False,corroborated,413-2024,144317,STATUS_FINAL,7-5 6-3,2024-04-25T17:05Z,R64,/Users/varma/Projects/DEUCE/.research/2026-09-06-model-foundation/runs/phase4/staging/espn-results-001/20240505.json,e61372313b018ec91d46420cfd4d091a1f97af9209f61545e6a6af1540d0e7bb,"[0, 0]"
2024,1038,LS047,Ons Jabeur,Anna Karolina Schmiedlova,316847,318203,R64,6-4 5-7 6-3,completed,absent,2024-04-23,2024-05-05,2024-04-25T15:25:17.693+00:00,False,2024-04-25T18:12:06.883+00:00,False,data/raw/wta/stats/_httpcache/2024/8815ecc3f352917f318fe45e8c277164df4c53c2aa6b770b3d3052224e9c6e95.json,202d5417c92eb8eb0c61ced05cf12ebfe19d3bf9c493214b952570ffb5ce9f37,1,,,,,False,False,corroborated,413-2024,144318,STATUS_FINAL,6-4 5-7 6-3,2024-04-25T15:40Z,R64,/Users/varma/Projects/DEUCE/.research/2026-09-06-model-foundation/runs/phase4/staging/espn-results-001/20240505.json,e61372313b018ec91d46420cfd4d091a1f97af9209f61545e6a6af1540d0e7bb,"[0, 0]"
2024,1038,LS049,Caroline Dolehide,Anhelina Kalinina,322052,320567,R64,6-7(6) 6-2 6-3,completed,absent,2024-04-23,2024-05-05,2024-04-26T11:03:54.237+00:00,False,2024-04-26T14:04:52.86+00:00,False,data/raw/wta/stats/_httpcache/2024/8815ecc3f352917f318fe45e8c277164df4c53c2aa6b770b3d3052224e9c6e95.json,202d5417c92eb8eb0c61ced05cf12ebfe19d3bf9c493214b952570ffb5ce9f37,1,,,,,False,False,corroborated,413-2024,144326,STATUS_FINAL,6-7 6-2 6-3,2024-04-26T11:10Z,R64,/Users/varma/Projects/DEUCE/.research/2026-09-06-model-foundation/runs/phase4/staging/espn-results-001/20240505.json,e61372313b018ec91d46420cfd4d091a1f97af9209f61545e6a6af1540d0e7bb,"[0, 0]"
2024,1038,LS050,Anastasia Pavlyuchenkova,Daria Saville,313796,315997,R64,6-1 6-4,completed,absent,2024-04-23,2024-05-05,2024-04-26T08:51:59.703+00:00,False,2024-04-26T10:37:00.357+00:00,False,data/raw/wta/stats/_httpcache/2024/8815ecc3f352917f318fe45e8c277164df4c53c2aa6b770b3d3052224e9c6e95.json,202d5417c92eb8eb0c61ced05cf12ebfe19d3bf9c493214b952570ffb5ce9f37,1,,,,,False,False,corroborated,413-2024,144327,STATUS_FINAL,6-1 6-4,2024-04-26T09:05Z,R64,/Users/varma/Projects/DEUCE/.research/2026-09-06-model-foundation/runs/phase4/staging/espn-results-001/20240505.json,e61372313b018ec91d46420cfd4d091a1f97af9209f61545e6a6af1540d0e7bb,"[0, 0]"
2024,1038,LS051,Daria Kasatkina,Cristina Bucsa,322082,321158,R64,5-7 7-6(5) 6-3,completed,absent,2024-04-23,2024-05-05,2024-04-26T10:39:21.14+00:00,False,2024-04-26T13:25:04.45+00:00,False,data/raw/wta/stats/_httpcache/2024/8815ecc3f352917f318fe45e8c277164df4c53c2aa6b770b3d3052224e9c6e95.json,202d5417c92eb8eb0c61ced05cf12ebfe19d3bf9c493214b952570ffb5ce9f37,1,,,,,False,False,corroborated,413-2024,144328,STATUS_FINAL,5-7 7-6 6-3,2024-04-26T10:50Z,R64,/Users/varma/Projects/DEUCE/.research/2026-09-06-model-foundation/runs/phase4/staging/espn-results-001/20240505.json,e61372313b018ec91d46420cfd4d091a1f97af9209f61545e6a6af1540d0e7bb,"[0, 0]"
2024,1038,LS052,Ashlyn Krueger,Ekaterina Alexandrova,329409,319007,R64,6-3 6-3,completed,absent,2024-04-23,2024-05-05,2024-04-26T10:43:00.52+00:00,False,2024-04-26T12:15:06.557+00:00,False,data/raw/wta/stats/_httpcache/2024/8815ecc3f352917f318fe45e8c277164df4c53c2aa6b770b3d3052224e9c6e95.json,202d5417c92eb8eb0c61ced05cf12ebfe19d3bf9c493214b952570ffb5ce9f37,1,,,,,False,False,corroborated,413-2024,144329,STATUS_FINAL,6-3 6-3,2024-04-26T10:50Z,R64,/Users/varma/Projects/DEUCE/.research/2026-09-06-model-foundation/runs/phase4/staging/espn-results-001/20240505.json,e61372313b018ec91d46420cfd4d091a1f97af9209f61545e6a6af1540d0e7bb,"[0, 0]"
2024,1038,LS053,Sara Bejlek,Anna Kalinskaya,330375,323942,R64,6-1 6-4,completed,absent,2024-04-23,2024-05-05,2024-04-26T14:06:51.2+00:00,False,2024-04-26T15:41:19.197+00:00,False,data/raw/wta/stats/_httpcache/2024/8815ecc3f352917f318fe45e8c277164df4c53c2aa6b770b3d3052224e9c6e95.json,202d5417c92eb8eb0c61ced05cf12ebfe19d3bf9c493214b952570ffb5ce9f37,1,,,,,False,False,corroborated,413-2024,144330,STATUS_FINAL,6-1 6-4,2024-04-26T14:20Z,R64,/Users/varma/Projects/DEUCE/.research/2026-09-06-model-foundation/runs/phase4/staging/espn-results-001/20240505.json,e61372313b018ec91d46420cfd4d091a1f97af9209f61545e6a6af1540d0e7bb,"[0, 0]"
2024,1038,LS054,Mayar Sherif,Marta Kostyuk,318711,326482,R64,6-2 7-5,completed,absent,2024-04-23,2024-05-05,2024-04-26T12:17:28.853+00:00,False,2024-04-26T14:03:49.95+00:00,False,data/raw/wta/stats/_httpcache/2024/8815ecc3f352917f318fe45e8c277164df4c53c2aa6b770b3d3052224e9c6e95.json,202d5417c92eb8eb0c61ced05cf12ebfe19d3bf9c493214b952570ffb5ce9f37,1,,,,,False,False,corroborated,413-2024,144331,STATUS_FINAL,6-2 7-5,2024-04-26T12:25Z,R64,/Users/varma/Projects/DEUCE/.research/2026-09-06-model-foundation/runs/phase4/staging/espn-results-001/20240505.json,e61372313b018ec91d46420cfd4d091a1f97af9209f61545e6a6af1540d0e7bb,"[0, 0]"
2024,1038,LS055,Elena Rybakina,Lucia Bronzetti,324166,322280,R64,6-4 6-3,completed,absent,2024-04-23,2024-05-05,2024-04-26T08:39:22.307+00:00,False,2024-04-26T10:24:39.853+00:00,False,data/raw/wta/stats/_httpcache/2024/8815ecc3f352917f318fe45e8c277164df4c53c2aa6b770b3d3052224e9c6e95.json,202d5417c92eb8eb0c61ced05cf12ebfe19d3bf9c493214b952570ffb5ce9f37,1,,,,,False,False,corroborated,413-2024,144332,STATUS_FINAL,6-4 6-3,2024-04-26T09:05Z,R64,/Users/varma/Projects/DEUCE/.research/2026-09-06-model-foundation/runs/phase4/staging/espn-results-001/20240505.json,e61372313b018ec91d46420cfd4d091a1f97af9209f61545e6a6af1540d0e7bb,"[0, 0]"
2024,1038,LS056,Marketa Vondrousova,Shelby Rogers,323027,317421,R64,6-1 6-3,completed,absent,2024-04-23,2024-05-05,2024-04-26T14:48:34.623+00:00,False,2024-04-26T16:31:04.883+00:00,False,data/raw/wta/stats/_httpcache/2024/8815ecc3f352917f318fe45e8c277164df4c53c2aa6b770b3d3052224e9c6e95.json,202d5417c92eb8eb0c61ced05cf12ebfe19d3bf9c493214b952570ffb5ce9f37,1,,,,,False,False,corroborated,413-2024,144323,STATUS_FINAL,6-1 6-3,2024-04-26T15:10Z,R64,/Users/varma/Projects/DEUCE/.research/2026-09-06-model-foundation/runs/phase4/staging/espn-results-001/20240505.json,e61372313b018ec91d46420cfd4d091a1f97af9209f61545e6a6af1540d0e7bb,"[0, 0]"
2024,1038,LS057,Mirra Andreeva,Linda Noskova,331809,329668,R64,4-6 6-3 6-3,completed,absent,2024-04-23,2024-05-05,2024-04-26T08:44:08.86+00:00,False,2024-04-26T11:00:56.203+00:00,False,data/raw/wta/stats/_httpcache/2024/8815ecc3f352917f318fe45e8c277164df4c53c2aa6b770b3d3052224e9c6e95.json,202d5417c92eb8eb0c61ced05cf12ebfe19d3bf9c493214b952570ffb5ce9f37,1,,,,,False,False,corroborated,413-2024,144324,STATUS_FINAL,4-6 6-3 6-3,2024-04-26T09:05Z,R64,/Users/varma/Projects/DEUCE/.research/2026-09-06-model-foundation/runs/phase4/staging/espn-results-001/20240505.json,e61372313b018ec91d46420cfd4d091a1f97af9209f61545e6a6af1540d0e7bb,"[0, 0]"
2024,1038,LS058,Caroline Garcia,Xinyu Wang,315391,326376,R64,6-1 6-4,completed,absent,2024-04-23,2024-05-05,2024-04-26T08:43:00.69+00:00,False,2024-04-26T10:25:47.747+00:00,False,data/raw/wta/stats/_httpcache/2024/8815ecc3f352917f318fe45e8c277164df4c53c2aa6b770b3d3052224e9c6e95.json,202d5417c92eb8eb0c61ced05cf12ebfe19d3bf9c493214b952570ffb5ce9f37,1,,,,,False,False,corroborated,413-2024,144322,STATUS_FINAL,6-1 6-4,2024-04-26T09:05Z,R64,/Users/varma/Projects/DEUCE/.research/2026-09-06-model-foundation/runs/phase4/staging/espn-results-001/20240505.json,e61372313b018ec91d46420cfd4d091a1f97af9209f61545e6a6af1540d0e7bb,"[0, 0]"
2024,1038,LS059,Jasmine Paolini,Victoria Jimenez Kasintseva,319280,330352,R64,6-0 6-1,completed,absent,2024-04-23,2024-05-05,2024-04-26T10:27:51.89+00:00,False,2024-04-26T11:40:22.71+00:00,False,data/raw/wta/stats/_httpcache/2024/8815ecc3f352917f318fe45e8c277164df4c53c2aa6b770b3d3052224e9c6e95.json,202d5417c92eb8eb0c61ced05cf12ebfe19d3bf9c493214b952570ffb5ce9f37,1,,,,,False,False,corroborated,413-2024,144338,STATUS_FINAL,6-0 6-1,2024-04-26T10:40Z,R64,/Users/varma/Projects/DEUCE/.research/2026-09-06-model-foundation/runs/phase4/staging/espn-results-001/20240505.json,e61372313b018ec91d46420cfd4d091a1f97af9209f61545e6a6af1540d0e7bb,"[0, 0]"
2024,1038,LS060,Danielle Collins,Olga Danilovic,316925,324934,R64,4-6 6-4 7-6(8),completed,absent,2024-04-23,2024-05-05,2024-04-26T19:41:18.123+00:00,False,2024-04-26T22:39:19.217+00:00,False,data/raw/wta/stats/_httpcache/2024/8815ecc3f352917f318fe45e8c277164df4c53c2aa6b770b3d3052224e9c6e95.json,202d5417c92eb8eb0c61ced05cf12ebfe19d3bf9c493214b952570ffb5ce9f37,1,,,,,False,False,corroborated,413-2024,144339,STATUS_FINAL,4-6 6-4 7-6,2024-04-26T19:55Z,R64,/Users/varma/Projects/DEUCE/.research/2026-09-06-model-foundation/runs/phase4/staging/espn-results-001/20240505.json,e61372313b018ec91d46420cfd4d091a1f97af9209f61545e6a6af1540d0e7bb,"[0, 0]"
2024,1038,LS061,Jaqueline Cristian,Barbora Krejcikova,320319,318314,R64,2-6 6-0 6-2,completed,absent,2024-04-23,2024-05-05,2024-04-26T13:58:22.197+00:00,False,2024-04-26T16:22:01.173+00:00,False,data/raw/wta/stats/_httpcache/2024/8815ecc3f352917f318fe45e8c277164df4c53c2aa6b770b3d3052224e9c6e95.json,202d5417c92eb8eb0c61ced05cf12ebfe19d3bf9c493214b952570ffb5ce9f37,1,,,,,False,False,corroborated,413-2024,144340,STATUS_FINAL,2-6 6-0 6-2,2024-04-26T14:15Z,R64,/Users/varma/Projects/DEUCE/.research/2026-09-06-model-foundation/runs/phase4/staging/espn-results-001/20240505.json,e61372313b018ec91d46420cfd4d091a1f97af9209f61545e6a6af1540d0e7bb,"[0, 0]"
2024,1038,LS062,Robin Montgomery,Katie Boulter,329408,319125,R64,1-6 6-3 6-4,completed,absent,2024-04-23,2024-05-05,2024-04-26T16:24:07.357+00:00,False,2024-04-26T18:44:26.843+00:00,False,data/raw/wta/stats/_httpcache/2024/8815ecc3f352917f318fe45e8c277164df4c53c2aa6b770b3d3052224e9c6e95.json,202d5417c92eb8eb0c61ced05cf12ebfe19d3bf9c493214b952570ffb5ce9f37,1,,,,,False,False,corroborated,413-2024,144341,STATUS_FINAL,1-6 6-3 6-4,2024-04-26T16:40Z,R64,/Users/varma/Projects/DEUCE/.research/2026-09-06-model-foundation/runs/phase4/staging/espn-results-001/20240505.json,e61372313b018ec91d46420cfd4d091a1f97af9209f61545e6a6af1540d0e7bb,"[0, 0]"
2024,1038,LS063,Aryna Sabalenka,Magda Linette,320760,315130,R64,6-4 3-6 6-3,completed,absent,2024-04-23,2024-05-05,2024-04-26T10:25:34.763+00:00,False,2024-04-26T12:53:01.33+00:00,False,data/raw/wta/stats/_httpcache/2024/8815ecc3f352917f318fe45e8c277164df4c53c2aa6b770b3d3052224e9c6e95.json,202d5417c92eb8eb0c61ced05cf12ebfe19d3bf9c493214b952570ffb5ce9f37,1,,,,,False,False,corroborated,413-2024,144342,STATUS_FINAL,6-4 3-6 6-3,2024-04-26T10:40Z,R64,/Users/varma/Projects/DEUCE/.research/2026-09-06-model-foundation/runs/phase4/staging/espn-results-001/20240505.json,e61372313b018ec91d46420cfd4d091a1f97af9209f61545e6a6af1540d0e7bb,"[0, 0]"
2024,1038,LS065,Xiyu Wang,Ana Bogdan,326160,315427,R128,6-7(5) 7-6(4) 6-2,completed,absent,2024-04-23,2024-05-05,2024-04-23T15:30:13.62+00:00,False,2024-04-23T19:06:25.013+00:00,False,data/raw/wta/stats/_httpcache/2024/8815ecc3f352917f318fe45e8c277164df4c53c2aa6b770b3d3052224e9c6e95.json,202d5417c92eb8eb0c61ced05cf12ebfe19d3bf9c493214b952570ffb5ce9f37,1,,,,,False,False,corroborated,413-2024,144268,STATUS_FINAL,6-7 7-6 6-2,2024-04-23T15:40Z,R128,/Users/varma/Projects/DEUCE/.research/2026-09-06-model-foundation/runs/phase4/staging/espn-results-001/20240505.json,e61372313b018ec91d46420cfd4d091a1f97af9209f61545e6a6af1540d0e7bb,"[0, 0]"
2024,1038,LS066,Alexandra Eala,Lesia Tsurenko,330332,315295,R128,2-6 6-4 6-4,completed,absent,2024-04-23,2024-05-05,2024-04-23T08:55:06.62+00:00,False,2024-04-23T11:33:49.787+00:00,False,data/raw/wta/stats/_httpcache/2024/8815ecc3f352917f318fe45e8c277164df4c53c2aa6b770b3d3052224e9c6e95.json,202d5417c92eb8eb0c61ced05cf12ebfe19d3bf9c493214b952570ffb5ce9f37,1,,,,,False,False,corroborated,413-2024,144247,STATUS_FINAL,2-6 6-4 6-4,2024-04-23T09:10Z,R128,/Users/varma/Projects/DEUCE/.research/2026-09-06-model-foundation/runs/phase4/staging/espn-results-001/20240505.json,e61372313b018ec91d46420cfd4d091a1f97af9209f61545e6a6af1540d0e7bb,"[0, 0]"
2024,1038,LS069,Tatjana Maria,Peyton Stearns,310440,327573,R128,6-7(4) 6-2 7-6(5),completed,absent,2024-04-23,2024-05-05,2024-04-23T11:36:13+00:00,False,2024-04-23T14:37:28.807+00:00,False,data/raw/wta/stats/_httpcache/2024/8815ecc3f352917f318fe45e8c277164df4c53c2aa6b770b3d3052224e9c6e95.json,202d5417c92eb8eb0c61ced05cf12ebfe19d3bf9c493214b952570ffb5ce9f37,1,,,,,False,False,corroborated,413-2024,144267,STATUS_FINAL,6-7 6-2 7-6,2024-04-23T11:55Z,R128,/Users/varma/Projects/DEUCE/.research/2026-09-06-model-foundation/runs/phase4/staging/espn-results-001/20240505.json,e61372313b018ec91d46420cfd4d091a1f97af9209f61545e6a6af1540d0e7bb,"[0, 0]"
2024,1038,LS070,Sara Sorribes Tormo,Bernarda Pera,318872,317708,R128,7-5 6-2,completed,absent,2024-04-23,2024-05-05,2024-04-24T10:42:24.873+00:00,False,2024-04-24T12:48:12.403+00:00,False,data/raw/wta/stats/_httpcache/2024/8815ecc3f352917f318fe45e8c277164df4c53c2aa6b770b3d3052224e9c6e95.json,202d5417c92eb8eb0c61ced05cf12ebfe19d3bf9c493214b952570ffb5ce9f37,1,,,,,False,False,corroborated,413-2024,144290,STATUS_FINAL,7-5 6-2,2024-04-24T10:50Z,R128,/Users/varma/Projects/DEUCE/.research/2026-09-06-model-foundation/runs/phase4/staging/espn-results-001/20240505.json,e61372313b018ec91d46420cfd4d091a1f97af9209f61545e6a6af1540d0e7bb,"[0, 0]"
2024,1038,LS073,Sara Errani,Caroline Wozniacki,310761,313402,R128,3-6 7-5 7-5,completed,absent,2024-04-23,2024-05-05,2024-04-24T14:52:28.94+00:00,False,2024-04-24T17:59:18.213+00:00,False,data/raw/wta/stats/_httpcache/2024/8815ecc3f352917f318fe45e8c277164df4c53c2aa6b770b3d3052224e9c6e95.json,202d5417c92eb8eb0c61ced05cf12ebfe19d3bf9c493214b952570ffb5ce9f37,1,,,,,False,False,corroborated,413-2024,144293,STATUS_FINAL,3-6 7-5 7-5,2024-04-24T15:05Z,R128,/Users/varma/Projects/DEUCE/.research/2026-09-06-model-foundation/runs/phase4/staging/espn-results-001/20240505.json,e61372313b018ec91d46420cfd4d091a1f97af9209f61545e6a6af1540d0e7bb,"[0, 0]"
2024,1038,LS074,Nadia Podoroska,Katerina Siniakova,319112,320301,R128,6-2 7-6(2),completed,absent,2024-04-23,2024-05-05,2024-04-23T11:22:29+00:00,False,2024-04-23T13:06:36.53+00:00,False,data/raw/wta/stats/_httpcache/2024/8815ecc3f352917f318fe45e8c277164df4c53c2aa6b770b3d3052224e9c6e95.json,202d5417c92eb8eb0c61ced05cf12ebfe19d3bf9c493214b952570ffb5ce9f37,1,,,,,False,False,corroborated,413-2024,144279,STATUS_FINAL,6-2 7-6,2024-04-23T11:30Z,R128,/Users/varma/Projects/DEUCE/.research/2026-09-06-model-foundation/runs/phase4/staging/espn-results-001/20240505.json,e61372313b018ec91d46420cfd4d091a1f97af9209f61545e6a6af1540d0e7bb,"[0, 0]"
2024,1038,LS077,Sloane Stephens,Martina Trevisan,315683,316266,R128,6-3 5-7 6-4,completed,absent,2024-04-23,2024-05-05,2024-04-24T08:48:14.03+00:00,False,2024-04-24T12:26:17.093+00:00,False,data/raw/wta/stats/_httpcache/2024/8815ecc3f352917f318fe45e8c277164df4c53c2aa6b770b3d3052224e9c6e95.json,202d5417c92eb8eb0c61ced05cf12ebfe19d3bf9c493214b952570ffb5ce9f37,1,,,,,False,False,corroborated,413-2024,144285,STATUS_FINAL,6-3 5-7 6-4,2024-04-24T09:05Z,R128,/Users/varma/Projects/DEUCE/.research/2026-09-06-model-foundation/runs/phase4/staging/espn-results-001/20240505.json,e61372313b018ec91d46420cfd4d091a1f97af9209f61545e6a6af1540d0e7bb,"[0, 0]"
2024,1038,LS078,Donna Vekic,Laura Siegemund,318516,310926,R128,6-1 6-2,completed,absent,2024-04-23,2024-05-05,2024-04-24T11:00:05.63+00:00,False,2024-04-24T12:39:39.217+00:00,False,data/raw/wta/stats/_httpcache/2024/8815ecc3f352917f318fe45e8c277164df4c53c2aa6b770b3d3052224e9c6e95.json,202d5417c92eb8eb0c61ced05cf12ebfe19d3bf9c493214b952570ffb5ce9f37,1,,,,,False,False,corroborated,413-2024,144303,STATUS_FINAL,6-1 6-2,2024-04-24T11:20Z,R128,/Users/varma/Projects/DEUCE/.research/2026-09-06-model-foundation/runs/phase4/staging/espn-results-001/20240505.json,e61372313b018ec91d46420cfd4d091a1f97af9209f61545e6a6af1540d0e7bb,"[0, 0]"
2024,1038,LS081,Arantxa Rus,Brenda Fruhvirtova,313349,331545,R128,7-5 6-3,completed,absent,2024-04-23,2024-05-05,2024-04-23T08:35:59.23+00:00,False,2024-04-23T11:10:50.55+00:00,False,data/raw/wta/stats/_httpcache/2024/8815ecc3f352917f318fe45e8c277164df4c53c2aa6b770b3d3052224e9c6e95.json,202d5417c92eb8eb0c61ced05cf12ebfe19d3bf9c493214b952570ffb5ce9f37,1,,,,,False,False,corroborated,413-2024,144308,STATUS_FINAL,7-5 6-3,2024-04-23T09:10Z,R128,/Users/varma/Projects/DEUCE/.research/2026-09-06-model-foundation/runs/phase4/staging/espn-results-001/20240505.json,e61372313b018ec91d46420cfd4d091a1f97af9209f61545e6a6af1540d0e7bb,"[0, 0]"
2024,1038,LS082,Emiliana Arango,Amanda Anisimova,324789,326384,R128,1-6 6-4 7-6(2),completed,absent,2024-04-23,2024-05-05,2024-04-24T12:27:49.33+00:00,False,2024-04-24T14:50:39.177+00:00,False,data/raw/wta/stats/_httpcache/2024/8815ecc3f352917f318fe45e8c277164df4c53c2aa6b770b3d3052224e9c6e95.json,202d5417c92eb8eb0c61ced05cf12ebfe19d3bf9c493214b952570ffb5ce9f37,1,,,,,False,False,corroborated,413-2024,144309,STATUS_FINAL,1-6 6-4 7-6,2024-04-24T12:40Z,R128,/Users/varma/Projects/DEUCE/.research/2026-09-06-model-foundation/runs/phase4/staging/espn-results-001/20240505.json,e61372313b018ec91d46420cfd4d091a1f97af9209f61545e6a6af1540d0e7bb,"[0, 0]"
2024,1038,LS085,Irina-Camelia Begu,Linda Fruhvirtova,313169,329627,R128,6-4 7-6(0),completed,absent,2024-04-23,2024-05-05,2024-04-23T13:08:47.947+00:00,False,2024-04-23T15:27:16.37+00:00,False,data/raw/wta/stats/_httpcache/2024/8815ecc3f352917f318fe45e8c277164df4c53c2aa6b770b3d3052224e9c6e95.json,202d5417c92eb8eb0c61ced05cf12ebfe19d3bf9c493214b952570ffb5ce9f37,1,,,,,False,False,corroborated,413-2024,144298,STATUS_FINAL,6-4 7-6,2024-04-23T13:25Z,R128,/Users/varma/Projects/DEUCE/.research/2026-09-06-model-foundation/runs/phase4/staging/espn-results-001/20240505.json,e61372313b018ec91d46420cfd4d091a1f97af9209f61545e6a6af1540d0e7bb,"[0, 0]"
2024,1038,LS086,Naomi Osaka,Greet Minnen,319998,321454,R128,6-4 6-1,completed,absent,2024-04-23,2024-05-05,2024-04-24T11:14:32.773+00:00,False,2024-04-24T12:47:40.037+00:00,False,data/raw/wta/stats/_httpcache/2024/8815ecc3f352917f318fe45e8c277164df4c53c2aa6b770b3d3052224e9c6e95.json,202d5417c92eb8eb0c61ced05cf12ebfe19d3bf9c493214b952570ffb5ce9f37,1,,,,,False,False,corroborated,413-2024,144299,STATUS_FINAL,6-4 6-1,2024-04-24T11:25Z,R128,/Users/varma/Projects/DEUCE/.research/2026-09-06-model-foundation/runs/phase4/staging/espn-results-001/20240505.json,e61372313b018ec91d46420cfd4d091a1f97af9209f61545e6a6af1540d0e7bb,"[0, 0]"
2024,1038,LS089,Jessica Bouzas Maneiro,Paula Badosa,328139,320124,R128,2-6 6-3 6-3,completed,absent,2024-04-23,2024-05-05,2024-04-24T08:43:14.37+00:00,False,2024-04-24T11:13:25.68+00:00,False,data/raw/wta/stats/_httpcache/2024/8815ecc3f352917f318fe45e8c277164df4c53c2aa6b770b3d3052224e9c6e95.json,202d5417c92eb8eb0c61ced05cf12ebfe19d3bf9c493214b952570ffb5ce9f37,1,,,,,False,False,corroborated,413-2024,144254,STATUS_FINAL,2-6 6-3 6-3,2024-04-24T09:05Z,R128,/Users/varma/Projects/DEUCE/.research/2026-09-06-model-foundation/runs/phase4/staging/espn-results-001/20240505.json,e61372313b018ec91d46420cfd4d091a1f97af9209f61545e6a6af1540d0e7bb,"[0, 0]"
2024,1038,LS090,Maria Lourdes Carle,Emma Raducanu,322638,328366,R128,6-2 6-2,completed,absent,2024-04-23,2024-05-05,2024-04-24T12:52:36.44+00:00,False,2024-04-24T14:34:08.053+00:00,False,data/raw/wta/stats/_httpcache/2024/8815ecc3f352917f318fe45e8c277164df4c53c2aa6b770b3d3052224e9c6e95.json,202d5417c92eb8eb0c61ced05cf12ebfe19d3bf9c493214b952570ffb5ce9f37,1,,,,,False,False,corroborated,413-2024,144256,STATUS_FINAL,6-2 6-2,2024-04-24T13:05Z,R128,/Users/varma/Projects/DEUCE/.research/2026-09-06-model-foundation/runs/phase4/staging/espn-results-001/20240505.json,e61372313b018ec91d46420cfd4d091a1f97af9209f61545e6a6af1540d0e7bb,"[0, 0]"
2024,1038,LS093,Anastasia Potapova,Diana Shnaider,325601,330482,R128,7-5 6-4,completed,absent,2024-04-23,2024-05-05,2024-04-23T14:40:03.917+00:00,False,2024-04-23T16:35:19.777+00:00,False,data/raw/wta/stats/_httpcache/2024/8815ecc3f352917f318fe45e8c277164df4c53c2aa6b770b3d3052224e9c6e95.json,202d5417c92eb8eb0c61ced05cf12ebfe19d3bf9c493214b952570ffb5ce9f37,1,,,,,False,False,corroborated,413-2024,144259,STATUS_FINAL,7-5 6-4,2024-04-23T14:55Z,R128,/Users/varma/Projects/DEUCE/.research/2026-09-06-model-foundation/runs/phase4/staging/espn-results-001/20240505.json,e61372313b018ec91d46420cfd4d091a1f97af9209f61545e6a6af1540d0e7bb,"[0, 0]"
2024,1038,LS094,Anna Karolina Schmiedlova,Sofia Kenin,318203,320942,R128,6-3 6-4,completed,absent,2024-04-23,2024-05-05,2024-04-23T16:37:49.12+00:00,False,2024-04-23T18:13:42.963+00:00,False,data/raw/wta/stats/_httpcache/2024/8815ecc3f352917f318fe45e8c277164df4c53c2aa6b770b3d3052224e9c6e95.json,202d5417c92eb8eb0c61ced05cf12ebfe19d3bf9c493214b952570ffb5ce9f37,1,,,,,False,False,corroborated,413-2024,144248,STATUS_FINAL,6-3 6-4,2024-04-23T16:45Z,R128,/Users/varma/Projects/DEUCE/.research/2026-09-06-model-foundation/runs/phase4/staging/espn-results-001/20240505.json,e61372313b018ec91d46420cfd4d091a1f97af9209f61545e6a6af1540d0e7bb,"[0, 0]"
2024,1038,LS097,Yulia Putintseva,Yue Yuan,317683,324325,R128,6-2 6-4,completed,absent,2024-04-23,2024-05-05,2024-04-24T08:45:18.663+00:00,False,2024-04-24T10:38:03.51+00:00,False,data/raw/wta/stats/_httpcache/2024/8815ecc3f352917f318fe45e8c277164df4c53c2aa6b770b3d3052224e9c6e95.json,202d5417c92eb8eb0c61ced05cf12ebfe19d3bf9c493214b952570ffb5ce9f37,1,,,,,False,False,unmatched,,,,,,,,,
2024,1038,LS098,Caroline Dolehide,Zhuoxuan Bai,322052,327196,R128,6-3 6-3,completed,absent,2024-04-23,2024-05-05,2024-04-24T14:51:48.33+00:00,False,2024-04-24T16:21:29.883+00:00,False,data/raw/wta/stats/_httpcache/2024/8815ecc3f352917f318fe45e8c277164df4c53c2aa6b770b3d3052224e9c6e95.json,202d5417c92eb8eb0c61ced05cf12ebfe19d3bf9c493214b952570ffb5ce9f37,1,,,,,False,False,unmatched,,,,,,,,,
2024,1038,LS101,Daria Saville,Hailey Baptiste,315997,327101,R128,6-4 7-6(5),completed,absent,2024-04-23,2024-05-05,2024-04-24T18:12:41.517+00:00,False,2024-04-24T20:45:41.923+00:00,False,data/raw/wta/stats/_httpcache/2024/8815ecc3f352917f318fe45e8c277164df4c53c2aa6b770b3d3052224e9c6e95.json,202d5417c92eb8eb0c61ced05cf12ebfe19d3bf9c493214b952570ffb5ce9f37,1,,,,,False,False,corroborated,413-2024,144272,STATUS_FINAL,6-4 7-6,2024-04-24T18:25Z,R128,/Users/varma/Projects/DEUCE/.research/2026-09-06-model-foundation/runs/phase4/staging/espn-results-001/20240505.json,e61372313b018ec91d46420cfd4d091a1f97af9209f61545e6a6af1540d0e7bb,"[0, 0]"
2024,1038,LS102,Cristina Bucsa,Harriet Dart,321158,319489,R128,6-4 6-4,completed,absent,2024-04-23,2024-05-05,2024-04-24T12:42:17.407+00:00,False,2024-04-24T14:38:21.62+00:00,False,data/raw/wta/stats/_httpcache/2024/8815ecc3f352917f318fe45e8c277164df4c53c2aa6b770b3d3052224e9c6e95.json,202d5417c92eb8eb0c61ced05cf12ebfe19d3bf9c493214b952570ffb5ce9f37,1,,,,,False,False,corroborated,413-2024,144273,STATUS_FINAL,6-4 6-4,2024-04-24T12:55Z,R128,/Users/varma/Projects/DEUCE/.research/2026-09-06-model-foundation/runs/phase4/staging/espn-results-001/20240505.json,e61372313b018ec91d46420cfd4d091a1f97af9209f61545e6a6af1540d0e7bb,"[0, 0]"
2024,1038,LS105,Ashlyn Krueger,Nao Hibino,329409,320238,R128,6-4 6-4,completed,absent,2024-04-23,2024-05-05,2024-04-24T16:23:56.843+00:00,False,2024-04-24T18:04:42.707+00:00,False,data/raw/wta/stats/_httpcache/2024/8815ecc3f352917f318fe45e8c277164df4c53c2aa6b770b3d3052224e9c6e95.json,202d5417c92eb8eb0c61ced05cf12ebfe19d3bf9c493214b952570ffb5ce9f37,1,,,,,False,False,corroborated,413-2024,144261,STATUS_FINAL,6-4 6-4,2024-04-24T16:35Z,R128,/Users/varma/Projects/DEUCE/.research/2026-09-06-model-foundation/runs/phase4/staging/espn-results-001/20240505.json,e61372313b018ec91d46420cfd4d091a1f97af9209f61545e6a6af1540d0e7bb,"[0, 0]"
2024,1038,LS106,Sara Bejlek,Anna Blinkova,330375,324267,R128,4-6 6-3 6-3,completed,absent,2024-04-23,2024-05-05,2024-04-24T17:24:36.207+00:00,False,2024-04-24T19:41:32.187+00:00,False,data/raw/wta/stats/_httpcache/2024/8815ecc3f352917f318fe45e8c277164df4c53c2aa6b770b3d3052224e9c6e95.json,202d5417c92eb8eb0c61ced05cf12ebfe19d3bf9c493214b952570ffb5ce9f37,1,,,,,False,False,corroborated,413-2024,144262,STATUS_FINAL,4-6 6-3 6-3,2024-04-24T17:40Z,R128,/Users/varma/Projects/DEUCE/.research/2026-09-06-model-foundation/runs/phase4/staging/espn-results-001/20240505.json,e61372313b018ec91d46420cfd4d091a1f97af9209f61545e6a6af1540d0e7bb,"[0, 0]"
2024,1038,LS109,Mayar Sherif,Lauren Davis,318711,317414,R128,4-6 7-6(4) 6-4,completed,absent,2024-04-23,2024-05-05,2024-04-24T08:48:39.583+00:00,False,2024-04-24T12:25:11.393+00:00,False,data/raw/wta/stats/_httpcache/2024/8815ecc3f352917f318fe45e8c277164df4c53c2aa6b770b3d3052224e9c6e95.json,202d5417c92eb8eb0c61ced05cf12ebfe19d3bf9c493214b952570ffb5ce9f37,1,,,,,False,False,corroborated,413-2024,144269,STATUS_FINAL,4-6 7-6 6-4,2024-04-24T09:05Z,R128,/Users/varma/Projects/DEUCE/.research/2026-09-06-model-foundation/runs/phase4/staging/espn-results-001/20240505.json,e61372313b018ec91d46420cfd4d091a1f97af9209f61545e6a6af1540d0e7bb,"[0, 0]"
2024,1038,LS110,Lucia Bronzetti,Varvara Gracheva,322280,325836,R128,6-3 6-3,completed,absent,2024-04-23,2024-05-05,2024-04-24T15:57:39.727+00:00,False,2024-04-24T17:21:14.103+00:00,False,data/raw/wta/stats/_httpcache/2024/8815ecc3f352917f318fe45e8c277164df4c53c2aa6b770b3d3052224e9c6e95.json,202d5417c92eb8eb0c61ced05cf12ebfe19d3bf9c493214b952570ffb5ce9f37,1,,,,,False,False,corroborated,413-2024,144270,STATUS_FINAL,6-3 6-3,2024-04-24T16:10Z,R128,/Users/varma/Projects/DEUCE/.research/2026-09-06-model-foundation/runs/phase4/staging/espn-results-001/20240505.json,e61372313b018ec91d46420cfd4d091a1f97af9209f61545e6a6af1540d0e7bb,"[0, 0]"
2024,1038,LS113,Shelby Rogers,Shuai Zhang,317421,311779,R128,6-3 6-2,completed,absent,2024-04-23,2024-05-05,2024-04-24T12:30:03.837+00:00,False,2024-04-24T13:49:30.87+00:00,False,data/raw/wta/stats/_httpcache/2024/8815ecc3f352917f318fe45e8c277164df4c53c2aa6b770b3d3052224e9c6e95.json,202d5417c92eb8eb0c61ced05cf12ebfe19d3bf9c493214b952570ffb5ce9f37,1,,,,,False,False,corroborated,413-2024,144289,STATUS_FINAL,6-3 6-2,2024-04-24T12:45Z,R128,/Users/varma/Projects/DEUCE/.research/2026-09-06-model-foundation/runs/phase4/staging/espn-results-001/20240505.json,e61372313b018ec91d46420cfd4d091a1f97af9209f61545e6a6af1540d0e7bb,"[0, 0]"
2024,1038,LS114,Mirra Andreeva,Taylor Townsend,331809,318609,R128,4-6 6-1 7-5,completed,absent,2024-04-23,2024-05-05,2024-04-24T17:10:37.38+00:00,False,2024-04-24T19:33:58.787+00:00,False,data/raw/wta/stats/_httpcache/2024/8815ecc3f352917f318fe45e8c277164df4c53c2aa6b770b3d3052224e9c6e95.json,202d5417c92eb8eb0c61ced05cf12ebfe19d3bf9c493214b952570ffb5ce9f37,1,,,,,False,False,corroborated,413-2024,144275,STATUS_FINAL,4-6 6-1 7-5,2024-04-24T17:20Z,R128,/Users/varma/Projects/DEUCE/.research/2026-09-06-model-foundation/runs/phase4/staging/espn-results-001/20240505.json,e61372313b018ec91d46420cfd4d091a1f97af9209f61545e6a6af1540d0e7bb,"[0, 0]"
2024,1038,LS117,Xinyu Wang,Viktoriya Tomova,326376,317584,R128,5-7 7-5 6-4,completed,present,2024-04-23,2024-05-05,2024-04-24T12:52:03.8+00:00,False,2024-04-24T15:54:35.843+00:00,False,data/raw/wta/stats/_httpcache/2024/8815ecc3f352917f318fe45e8c277164df4c53c2aa6b770b3d3052224e9c6e95.json,202d5417c92eb8eb0c61ced05cf12ebfe19d3bf9c493214b952570ffb5ce9f37,1,133723.0,True,2024-04-24,stats,False,False,corroborated,413-2024,144278,STATUS_FINAL,5-7 7-5 6-4,2024-04-24T13:00Z,R128,/Users/varma/Projects/DEUCE/.research/2026-09-06-model-foundation/runs/phase4/staging/espn-results-001/20240505.json,e61372313b018ec91d46420cfd4d091a1f97af9209f61545e6a6af1540d0e7bb,"[0, 0]"
2024,1038,LS118,Victoria Jimenez Kasintseva,Lin Zhu,330352,317306,R128,6-4 6-3,completed,absent,2024-04-23,2024-05-05,2024-04-24T08:47:04.867+00:00,False,2024-04-24T10:57:31.163+00:00,False,data/raw/wta/stats/_httpcache/2024/8815ecc3f352917f318fe45e8c277164df4c53c2aa6b770b3d3052224e9c6e95.json,202d5417c92eb8eb0c61ced05cf12ebfe19d3bf9c493214b952570ffb5ce9f37,1,,,,,False,False,unmatched,,,,,,,,,
2024,1038,LS121,Olga Danilovic,Clara Burel,324934,325320,R128,3-6 7-6(8) 6-4,completed,absent,2024-04-23,2024-05-05,2024-04-24T17:42:00.48+00:00,False,2024-04-24T20:33:50+00:00,False,data/raw/wta/stats/_httpcache/2024/8815ecc3f352917f318fe45e8c277164df4c53c2aa6b770b3d3052224e9c6e95.json,202d5417c92eb8eb0c61ced05cf12ebfe19d3bf9c493214b952570ffb5ce9f37,1,,,,,False,False,corroborated,413-2024,144286,STATUS_FINAL,3-6 7-6 6-4,2024-04-24T18:00Z,R128,/Users/varma/Projects/DEUCE/.research/2026-09-06-model-foundation/runs/phase4/staging/espn-results-001/20240505.json,e61372313b018ec91d46420cfd4d091a1f97af9209f61545e6a6af1540d0e7bb,"[0, 0]"
2024,1038,LS122,Jaqueline Cristian,Magdalena Frech,320319,320277,R128,7-5 6-2,completed,absent,2024-04-23,2024-05-05,2024-04-24T16:18:11.757+00:00,False,2024-04-24T18:10:40.89+00:00,False,data/raw/wta/stats/_httpcache/2024/8815ecc3f352917f318fe45e8c277164df4c53c2aa6b770b3d3052224e9c6e95.json,202d5417c92eb8eb0c61ced05cf12ebfe19d3bf9c493214b952570ffb5ce9f37,1,,,,,False,False,corroborated,413-2024,144304,STATUS_FINAL,7-5 6-2,2024-04-24T16:30Z,R128,/Users/varma/Projects/DEUCE/.research/2026-09-06-model-foundation/runs/phase4/staging/espn-results-001/20240505.json,e61372313b018ec91d46420cfd4d091a1f97af9209f61545e6a6af1540d0e7bb,"[0, 0]"
2024,1038,LS125,Robin Montgomery,Elina Avanesyan,329408,327620,R128,6-2 6-2,completed,absent,2024-04-23,2024-05-05,2024-04-24T18:06:13.417+00:00,False,2024-04-24T19:27:23.12+00:00,False,data/raw/wta/stats/_httpcache/2024/8815ecc3f352917f318fe45e8c277164df4c53c2aa6b770b3d3052224e9c6e95.json,202d5417c92eb8eb0c61ced05cf12ebfe19d3bf9c493214b952570ffb5ce9f37,1,,,,,False,False,corroborated,413-2024,144294,STATUS_FINAL,6-2 6-2,2024-04-24T18:20Z,R128,/Users/varma/Projects/DEUCE/.research/2026-09-06-model-foundation/runs/phase4/staging/espn-results-001/20240505.json,e61372313b018ec91d46420cfd4d091a1f97af9209f61545e6a6af1540d0e7bb,"[0, 0]"
2024,1038,LS126,Magda Linette,Elisabetta Cocciaretto,315130,327909,R128,3-6 6-4 6-4,completed,absent,2024-04-23,2024-05-05,2024-04-24T13:52:18.53+00:00,False,2024-04-24T16:16:31.093+00:00,False,data/raw/wta/stats/_httpcache/2024/8815ecc3f352917f318fe45e8c277164df4c53c2aa6b770b3d3052224e9c6e95.json,202d5417c92eb8eb0c61ced05cf12ebfe19d3bf9c493214b952570ffb5ce9f37,1,,,,,False,False,corroborated,413-2024,144295,STATUS_FINAL,3-6 6-4 6-4,2024-04-24T14:05Z,R128,/Users/varma/Projects/DEUCE/.research/2026-09-06-model-foundation/runs/phase4/staging/espn-results-001/20240505.json,e61372313b018ec91d46420cfd4d091a1f97af9209f61545e6a6af1540d0e7bb,"[0, 0]"
2024,1049,LS001,Coco Gauff,Elina Svitolina,328560,316738,F,6-7(4) 6-3 6-3,completed,present,2024-01-01,2024-01-07,2024-01-07T03:49:21.287+00:00,False,2024-01-07T06:45:50.99+00:00,False,data/raw/wta/stats/_httpcache/2024/0b1cfd9029663a2da6bae1c9ad6f3deb1797ef3fd5de6059fe4377f6cdbcd479.json,1106fb85666f6b87cd82b59cc3c8b6d22e9eae1d57f178753631ec75f9da7328,0,132051.0,True,2024-01-01,historical,False,False,unmatched,,,,,,,,,
2024,1049,LS002,Coco Gauff,Emma Navarro,328560,325410,SF,6-3 6-1,completed,present,2024-01-01,2024-01-07,2024-01-06T01:49:40.897+00:00,False,2024-01-06T03:26:44.1+00:00,False,data/raw/wta/stats/_httpcache/2024/0b1cfd9029663a2da6bae1c9ad6f3deb1797ef3fd5de6059fe4377f6cdbcd479.json,1106fb85666f6b87cd82b59cc3c8b6d22e9eae1d57f178753631ec75f9da7328,0,132050.0,True,2024-01-01,historical,False,False,unmatched,,,,,,,,,
2024,1049,LS003,Elina Svitolina,Xiyu Wang,316738,326160,SF,2-6 6-4 6-3,completed,present,2024-01-01,2024-01-07,2024-01-06T04:17:25.68+00:00,False,2024-01-06T07:00:55.29+00:00,False,data/raw/wta/stats/_httpcache/2024/0b1cfd9029663a2da6bae1c9ad6f3deb1797ef3fd5de6059fe4377f6cdbcd479.json,1106fb85666f6b87cd82b59cc3c8b6d22e9eae1d57f178753631ec75f9da7328,0,132049.0,True,2024-01-01,historical,False,False,unmatched,,,,,,,,,
2024,1049,LS004,Coco Gauff,Varvara Gracheva,328560,325836,QF,6-1 6-1,completed,present,2024-01-01,2024-01-07,2024-01-05T02:16:38.35+00:00,False,2024-01-05T03:29:24.317+00:00,False,data/raw/wta/stats/_httpcache/2024/0b1cfd9029663a2da6bae1c9ad6f3deb1797ef3fd5de6059fe4377f6cdbcd479.json,1106fb85666f6b87cd82b59cc3c8b6d22e9eae1d57f178753631ec75f9da7328,0,132048.0,True,2024-01-01,historical,False,False,unmatched,,,,,,,,,
2024,1049,LS005,Emma Navarro,Petra Martic,325410,313711,QF,6-4 6-3,completed,present,2024-01-01,2024-01-07,2024-01-04T22:46:53.13+00:00,False,2024-01-05T02:13:51.497+00:00,False,data/raw/wta/stats/_httpcache/2024/0b1cfd9029663a2da6bae1c9ad6f3deb1797ef3fd5de6059fe4377f6cdbcd479.json,1106fb85666f6b87cd82b59cc3c8b6d22e9eae1d57f178753631ec75f9da7328,0,132047.0,True,2024-01-01,historical,False,False,unmatched,,,,,,,,,
2024,1049,LS006,Xiyu Wang,Diane Parry,326160,327077,QF,6-7(3) 6-3 6-4,completed,present,2024-01-01,2024-01-07,2024-01-05T03:51:10.893+00:00,False,2024-01-05T08:35:56.92+00:00,False,data/raw/wta/stats/_httpcache/2024/0b1cfd9029663a2da6bae1c9ad6f3deb1797ef3fd5de6059fe4377f6cdbcd479.json,1106fb85666f6b87cd82b59cc3c8b6d22e9eae1d57f178753631ec75f9da7328,0,132046.0,True,2024-01-01,historical,False,False,unmatched,,,,,,,,,
2024,1049,LS007,Elina Svitolina,Marie Bouzkova,316738,320983,QF,6-0 6-3,completed,present,2024-01-01,2024-01-07,2024-01-05T08:41:46.957+00:00,False,2024-01-05T09:58:02.737+00:00,False,data/raw/wta/stats/_httpcache/2024/0b1cfd9029663a2da6bae1c9ad6f3deb1797ef3fd5de6059fe4377f6cdbcd479.json,1106fb85666f6b87cd82b59cc3c8b6d22e9eae1d57f178753631ec75f9da7328,0,132045.0,True,2024-01-01,historical,False,False,unmatched,,,,,,,,,
2024,1049,LS008,Coco Gauff,Brenda Fruhvirtova,328560,331545,R16,6-3 6-0,completed,present,2024-01-01,2024-01-07,2024-01-04T00:26:02.2+00:00,False,2024-01-04T01:47:55.473+00:00,False,data/raw/wta/stats/_httpcache/2024/0b1cfd9029663a2da6bae1c9ad6f3deb1797ef3fd5de6059fe4377f6cdbcd479.json,1106fb85666f6b87cd82b59cc3c8b6d22e9eae1d57f178753631ec75f9da7328,0,132044.0,True,2024-01-01,historical,False,False,unmatched,,,,,,,,,
2024,1049,LS009,Varvara Gracheva,Lulu Sun,325836,324576,R16,6-3 6-4,completed,present,2024-01-01,2024-01-07,2024-01-04T02:17:55.627+00:00,False,2024-01-04T03:56:53.037+00:00,False,data/raw/wta/stats/_httpcache/2024/0b1cfd9029663a2da6bae1c9ad6f3deb1797ef3fd5de6059fe4377f6cdbcd479.json,1106fb85666f6b87cd82b59cc3c8b6d22e9eae1d57f178753631ec75f9da7328,0,132043.0,True,2024-01-01,historical,False,False,unmatched,,,,,,,,,
2024,1049,LS010,Emma Navarro,Elina Avanesyan,325410,327620,R16,6-1 6-2,completed,present,2024-01-01,2024-01-07,2024-01-03T01:47:00.527+00:00,False,2024-01-03T03:10:32.733+00:00,False,data/raw/wta/stats/_httpcache/2024/0b1cfd9029663a2da6bae1c9ad6f3deb1797ef3fd5de6059fe4377f6cdbcd479.json,1106fb85666f6b87cd82b59cc3c8b6d22e9eae1d57f178753631ec75f9da7328,0,132042.0,True,2024-01-01,historical,False,False,unmatched,,,,,,,,,
2024,1049,LS011,Petra Martic,Yue Yuan,313711,324325,R16,6-2 6-2,completed,present,2024-01-01,2024-01-07,2024-01-03T22:48:46.59+00:00,False,2024-01-04T00:22:41.607+00:00,False,data/raw/wta/stats/_httpcache/2024/0b1cfd9029663a2da6bae1c9ad6f3deb1797ef3fd5de6059fe4377f6cdbcd479.json,1106fb85666f6b87cd82b59cc3c8b6d22e9eae1d57f178753631ec75f9da7328,0,132041.0,True,2024-01-01,historical,False,False,unmatched,,,,,,,,,
2024,1049,LS012,Xiyu Wang,Xinyu Wang,326160,326376,R16,6-3 3-6 7-6(2),completed,present,2024-01-01,2024-01-07,2024-01-02T22:47:03.183+00:00,False,2024-01-03T01:42:54.347+00:00,False,data/raw/wta/stats/_httpcache/2024/0b1cfd9029663a2da6bae1c9ad6f3deb1797ef3fd5de6059fe4377f6cdbcd479.json,1106fb85666f6b87cd82b59cc3c8b6d22e9eae1d57f178753631ec75f9da7328,0,132136.0,True,2024-01-02,stats,False,False,unmatched,,,,,,,,,
2024,1049,LS013,Diane Parry,Lesia Tsurenko,327077,315295,R16,2-6 6-4 6-1,completed,present,2024-01-01,2024-01-07,2024-01-03T05:15:34.057+00:00,False,2024-01-03T07:27:33.277+00:00,False,data/raw/wta/stats/_httpcache/2024/0b1cfd9029663a2da6bae1c9ad6f3deb1797ef3fd5de6059fe4377f6cdbcd479.json,1106fb85666f6b87cd82b59cc3c8b6d22e9eae1d57f178753631ec75f9da7328,0,132039.0,True,2024-01-01,historical,False,False,unmatched,,,,,,,,,
2024,1049,LS014,Marie Bouzkova,Amanda Anisimova,320983,326384,R16,6-0 6-1,completed,present,2024-01-01,2024-01-07,2024-01-03T03:15:20.763+00:00,False,2024-01-03T04:18:44.957+00:00,False,data/raw/wta/stats/_httpcache/2024/0b1cfd9029663a2da6bae1c9ad6f3deb1797ef3fd5de6059fe4377f6cdbcd479.json,1106fb85666f6b87cd82b59cc3c8b6d22e9eae1d57f178753631ec75f9da7328,0,132038.0,True,2024-01-01,historical,False,False,unmatched,,,,,,,,,
2024,1049,LS015,Elina Svitolina,Emma Raducanu,316738,328366,R16,6-7(5) 7-6(3) 6-1,completed,present,2024-01-01,2024-01-07,2024-01-04T05:17:32.863+00:00,False,2024-01-04T08:26:44.673+00:00,False,data/raw/wta/stats/_httpcache/2024/0b1cfd9029663a2da6bae1c9ad6f3deb1797ef3fd5de6059fe4377f6cdbcd479.json,1106fb85666f6b87cd82b59cc3c8b6d22e9eae1d57f178753631ec75f9da7328,0,132037.0,True,2024-01-01,historical,False,False,unmatched,,,,,,,,,
2024,1049,LS016,Coco Gauff,Claire Liu,328560,323966,R32,6-4 6-2,completed,present,2024-01-01,2024-01-07,2024-01-02T02:28:53.58+00:00,False,2024-01-02T04:03:16.41+00:00,False,data/raw/wta/stats/_httpcache/2024/0b1cfd9029663a2da6bae1c9ad6f3deb1797ef3fd5de6059fe4377f6cdbcd479.json,1106fb85666f6b87cd82b59cc3c8b6d22e9eae1d57f178753631ec75f9da7328,0,132036.0,True,2024-01-01,historical,False,False,unmatched,,,,,,,,,
2024,1049,LS017,Brenda Fruhvirtova,Anna Blinkova,331545,324267,R32,7-5 6-4,completed,present,2024-01-01,2024-01-07,2024-01-02T00:21:11.113+00:00,False,2024-01-02T02:12:44.363+00:00,False,data/raw/wta/stats/_httpcache/2024/0b1cfd9029663a2da6bae1c9ad6f3deb1797ef3fd5de6059fe4377f6cdbcd479.json,1106fb85666f6b87cd82b59cc3c8b6d22e9eae1d57f178753631ec75f9da7328,0,132035.0,True,2024-01-01,historical,False,False,unmatched,,,,,,,,,
2024,1049,LS018,Lulu Sun,McCartney Kessler,324576,326678,R32,6-4 6-3,completed,present,2024-01-01,2024-01-07,2024-01-01T22:52:24.343+00:00,False,2024-01-02T00:18:32.123+00:00,False,data/raw/wta/stats/_httpcache/2024/0b1cfd9029663a2da6bae1c9ad6f3deb1797ef3fd5de6059fe4377f6cdbcd479.json,1106fb85666f6b87cd82b59cc3c8b6d22e9eae1d57f178753631ec75f9da7328,0,132034.0,True,2024-01-01,historical,False,False,unmatched,,,,,,,,,
2024,1049,LS019,Varvara Gracheva,Tereza Martincova,325836,318060,R32,6-7(3) 7-5 6-2,completed,present,2024-01-01,2024-01-07,2024-01-02T02:16:35.73+00:00,False,2024-01-02T05:07:22.07+00:00,False,data/raw/wta/stats/_httpcache/2024/0b1cfd9029663a2da6bae1c9ad6f3deb1797ef3fd5de6059fe4377f6cdbcd479.json,1106fb85666f6b87cd82b59cc3c8b6d22e9eae1d57f178753631ec75f9da7328,0,132033.0,True,2024-01-01,historical,False,False,unmatched,,,,,,,,,
2024,1049,LS020,Emma Navarro,Linda Fruhvirtova,325410,329627,R32,2-6 6-4 6-2,completed,present,2024-01-01,2024-01-07,2024-01-01T01:51:16.037+00:00,False,2024-01-01T04:16:59.343+00:00,False,data/raw/wta/stats/_httpcache/2024/0b1cfd9029663a2da6bae1c9ad6f3deb1797ef3fd5de6059fe4377f6cdbcd479.json,1106fb85666f6b87cd82b59cc3c8b6d22e9eae1d57f178753631ec75f9da7328,0,132032.0,True,2024-01-01,historical,False,False,unmatched,,,,,,,,,
2024,1049,LS021,Elina Avanesyan,Monique Barry,327620,327063,R32,7-6(6) 6-2,completed,present,2024-01-01,2024-01-07,2023-12-31T23:43:57.447+00:00,False,2024-01-01T01:46:55.043+00:00,False,data/raw/wta/stats/_httpcache/2024/0b1cfd9029663a2da6bae1c9ad6f3deb1797ef3fd5de6059fe4377f6cdbcd479.json,1106fb85666f6b87cd82b59cc3c8b6d22e9eae1d57f178753631ec75f9da7328,0,132031.0,True,2024-01-01,historical,False,False,unmatched,,,,,,,,,
2024,1049,LS022,Yue Yuan,Kayla Day,324325,322534,R32,7-6(1) 6-7(5) 6-1,completed,present,2024-01-01,2024-01-07,2024-01-02T05:09:03.467+00:00,False,2024-01-02T08:17:40.94+00:00,False,data/raw/wta/stats/_httpcache/2024/0b1cfd9029663a2da6bae1c9ad6f3deb1797ef3fd5de6059fe4377f6cdbcd479.json,1106fb85666f6b87cd82b59cc3c8b6d22e9eae1d57f178753631ec75f9da7328,0,132030.0,True,2024-01-01,historical,False,False,unmatched,,,,,,,,,
2024,1049,LS023,Petra Martic,Rebeka Masarova,313711,322087,R32,3-6 6-3 6-3,completed,present,2024-01-01,2024-01-07,2024-01-01T23:46:41.77+00:00,False,2024-01-02T02:25:10.53+00:00,False,data/raw/wta/stats/_httpcache/2024/0b1cfd9029663a2da6bae1c9ad6f3deb1797ef3fd5de6059fe4377f6cdbcd479.json,1106fb85666f6b87cd82b59cc3c8b6d22e9eae1d57f178753631ec75f9da7328,0,132029.0,True,2024-01-01,historical,False,False,unmatched,,,,,,,,,
2024,1049,LS024,Xinyu Wang,Yulia Putintseva,326376,317683,R32,6-4 7-5,completed,present,2024-01-01,2024-01-07,2024-01-01T06:39:17.56+00:00,False,2024-01-01T08:32:48.323+00:00,False,data/raw/wta/stats/_httpcache/2024/0b1cfd9029663a2da6bae1c9ad6f3deb1797ef3fd5de6059fe4377f6cdbcd479.json,1106fb85666f6b87cd82b59cc3c8b6d22e9eae1d57f178753631ec75f9da7328,0,132124.0,True,2024-01-01,stats,False,False,unmatched,,,,,,,,,
2024,1049,LS025,Xiyu Wang,Jaqueline Cristian,326160,320319,R32,6-1 5-7 7-6(3),completed,present,2024-01-01,2024-01-07,2023-12-31T22:46:52.58+00:00,False,2024-01-01T01:56:05.483+00:00,False,data/raw/wta/stats/_httpcache/2024/0b1cfd9029663a2da6bae1c9ad6f3deb1797ef3fd5de6059fe4377f6cdbcd479.json,1106fb85666f6b87cd82b59cc3c8b6d22e9eae1d57f178753631ec75f9da7328,0,132027.0,True,2024-01-01,historical,False,False,unmatched,,,,,,,,,
2024,1049,LS026,Diane Parry,Emina Bektas,327077,316464,R32,6-7(4) 7-5 6-3,completed,present,2024-01-01,2024-01-07,2024-01-01T03:39:57.7+00:00,False,2024-01-01T06:36:04.78+00:00,False,data/raw/wta/stats/_httpcache/2024/0b1cfd9029663a2da6bae1c9ad6f3deb1797ef3fd5de6059fe4377f6cdbcd479.json,1106fb85666f6b87cd82b59cc3c8b6d22e9eae1d57f178753631ec75f9da7328,0,132026.0,True,2024-01-01,historical,False,False,unmatched,,,,,,,,,
2024,1049,LS027,Lesia Tsurenko,Sachia Vickery,315295,317443,R32,7-5 6-4,completed,present,2024-01-01,2024-01-07,2024-01-01T01:59:53.183+00:00,False,2024-01-01T03:36:31.487+00:00,False,data/raw/wta/stats/_httpcache/2024/0b1cfd9029663a2da6bae1c9ad6f3deb1797ef3fd5de6059fe4377f6cdbcd479.json,1106fb85666f6b87cd82b59cc3c8b6d22e9eae1d57f178753631ec75f9da7328,0,132025.0,True,2024-01-01,historical,False,False,unmatched,,,,,,,,,
2024,1049,LS028,Marie Bouzkova,Magdalena Frech,320983,320277,R32,6-0 3-6 6-4,completed,present,2024-01-01,2024-01-07,2024-01-01T04:19:35.13+00:00,False,2024-01-01T06:46:59.273+00:00,False,data/raw/wta/stats/_httpcache/2024/0b1cfd9029663a2da6bae1c9ad6f3deb1797ef3fd5de6059fe4377f6cdbcd479.json,1106fb85666f6b87cd82b59cc3c8b6d22e9eae1d57f178753631ec75f9da7328,0,132024.0,True,2024-01-01,historical,False,False,unmatched,,,,,,,,,
2024,1049,LS029,Amanda Anisimova,Anastasia Pavlyuchenkova,326384,313796,R32,7-5 6-4,completed,present,2024-01-01,2024-01-07,2024-01-01T06:49:29.697+00:00,False,2024-01-01T08:59:27.67+00:00,False,data/raw/wta/stats/_httpcache/2024/0b1cfd9029663a2da6bae1c9ad6f3deb1797ef3fd5de6059fe4377f6cdbcd479.json,1106fb85666f6b87cd82b59cc3c8b6d22e9eae1d57f178753631ec75f9da7328,0,132023.0,True,2024-01-01,historical,False,False,unmatched,,,,,,,,,
2024,1049,LS030,Emma Raducanu,Elena-Gabriela Ruse,328366,320408,R32,6-3 4-6 7-5,completed,present,2024-01-01,2024-01-07,2024-01-02T06:08:24.463+00:00,False,2024-01-02T08:46:49.457+00:00,False,data/raw/wta/stats/_httpcache/2024/0b1cfd9029663a2da6bae1c9ad6f3deb1797ef3fd5de6059fe4377f6cdbcd479.json,1106fb85666f6b87cd82b59cc3c8b6d22e9eae1d57f178753631ec75f9da7328,0,132022.0,True,2024-01-01,historical,False,False,unmatched,,,,,,,,,
2024,1049,LS031,Elina Svitolina,Caroline Wozniacki,316738,313402,R32,6-4 6-3,completed,present,2024-01-01,2024-01-07,2024-01-02T04:06:46.54+00:00,False,2024-01-02T06:03:28.873+00:00,False,data/raw/wta/stats/_httpcache/2024/0b1cfd9029663a2da6bae1c9ad6f3deb1797ef3fd5de6059fe4377f6cdbcd479.json,1106fb85666f6b87cd82b59cc3c8b6d22e9eae1d57f178753631ec75f9da7328,0,132021.0,True,2024-01-01,historical,False,False,unmatched,,,,,,,,,
2024,709,LS001,Iga Swiatek,Aryna Sabalenka,326408,320760,F,6-2 6-3,completed,absent,2024-05-07,2024-05-19,2024-05-18T14:47:03.573+00:00,False,2024-05-18T16:37:16.56+00:00,False,data/raw/wta/stats/_httpcache/2024/798d9cad4927c02506e5eb48c1f0525c863cc74a40e04060fef3642115497546.json,55c4d88d35a1280679fb2a529e208286333082feca4b0608d7abd7edba09d460,1,,,,,False,False,corroborated,414-2024,145228,STATUS_FINAL,6-2 6-3,2024-05-18T15:10Z,F,/Users/varma/Projects/DEUCE/.research/2026-09-06-model-foundation/runs/phase4/staging/espn-results-001/20240519.json,9338f6280b7426addf5ba35af2fa25a651b1908db09e3b5471b51a3b807a69f5,"[0, 0]"
2024,709,LS002,Iga Swiatek,Coco Gauff,326408,328560,SF,6-4 6-3,completed,absent,2024-05-07,2024-05-19,2024-05-16T14:01:08.013+00:00,False,2024-05-16T16:03:47.413+00:00,False,data/raw/wta/stats/_httpcache/2024/798d9cad4927c02506e5eb48c1f0525c863cc74a40e04060fef3642115497546.json,55c4d88d35a1280679fb2a529e208286333082feca4b0608d7abd7edba09d460,1,,,,,False,False,corroborated,414-2024,145227,STATUS_FINAL,6-4 6-3,2024-05-16T14:20Z,SF,/Users/varma/Projects/DEUCE/.research/2026-09-06-model-foundation/runs/phase4/staging/espn-results-001/20240519.json,9338f6280b7426addf5ba35af2fa25a651b1908db09e3b5471b51a3b807a69f5,"[0, 0]"
2024,709,LS003,Aryna Sabalenka,Danielle Collins,320760,316925,SF,7-5 6-2,completed,absent,2024-05-07,2024-05-19,2024-05-16T19:54:30.82+00:00,False,2024-05-16T21:34:33.623+00:00,False,data/raw/wta/stats/_httpcache/2024/798d9cad4927c02506e5eb48c1f0525c863cc74a40e04060fef3642115497546.json,55c4d88d35a1280679fb2a529e208286333082feca4b0608d7abd7edba09d460,1,,,,,False,False,corroborated,414-2024,145226,STATUS_FINAL,7-5 6-2,2024-05-16T20:10Z,SF,/Users/varma/Projects/DEUCE/.research/2026-09-06-model-foundation/runs/phase4/staging/espn-results-001/20240519.json,9338f6280b7426addf5ba35af2fa25a651b1908db09e3b5471b51a3b807a69f5,"[0, 0]"
2024,709,LS004,Iga Swiatek,Madison Keys,326408,316959,QF,6-1 6-3,completed,absent,2024-05-07,2024-05-19,2024-05-14T12:00:26.82+00:00,False,2024-05-14T13:33:49.12+00:00,False,data/raw/wta/stats/_httpcache/2024/798d9cad4927c02506e5eb48c1f0525c863cc74a40e04060fef3642115497546.json,55c4d88d35a1280679fb2a529e208286333082feca4b0608d7abd7edba09d460,1,,,,,False,False,corroborated,414-2024,145224,STATUS_FINAL,6-1 6-3,2024-05-14T12:15Z,QF,/Users/varma/Projects/DEUCE/.research/2026-09-06-model-foundation/runs/phase4/staging/espn-results-001/20240519.json,9338f6280b7426addf5ba35af2fa25a651b1908db09e3b5471b51a3b807a69f5,"[0, 0]"
2024,709,LS005,Coco Gauff,Qinwen Zheng,328560,328120,QF,7-6(4) 6-1,completed,absent,2024-05-07,2024-05-19,2024-05-14T18:18:32.58+00:00,False,2024-05-14T20:26:36.167+00:00,False,data/raw/wta/stats/_httpcache/2024/798d9cad4927c02506e5eb48c1f0525c863cc74a40e04060fef3642115497546.json,55c4d88d35a1280679fb2a529e208286333082feca4b0608d7abd7edba09d460,1,,,,,False,False,corroborated,414-2024,145225,STATUS_FINAL,7-6 6-1,2024-05-14T18:40Z,QF,/Users/varma/Projects/DEUCE/.research/2026-09-06-model-foundation/runs/phase4/staging/espn-results-001/20240519.json,9338f6280b7426addf5ba35af2fa25a651b1908db09e3b5471b51a3b807a69f5,"[0, 0]"
2024,709,LS006,Danielle Collins,Victoria Azarenka,316925,312001,QF,6-4 6-3,completed,absent,2024-05-07,2024-05-19,2024-05-15T16:43:24.61+00:00,False,2024-05-15T18:51:59.057+00:00,False,data/raw/wta/stats/_httpcache/2024/798d9cad4927c02506e5eb48c1f0525c863cc74a40e04060fef3642115497546.json,55c4d88d35a1280679fb2a529e208286333082feca4b0608d7abd7edba09d460,1,,,,,False,False,corroborated,414-2024,145223,STATUS_FINAL,6-4 6-3,2024-05-15T17:05Z,QF,/Users/varma/Projects/DEUCE/.research/2026-09-06-model-foundation/runs/phase4/staging/espn-results-001/20240519.json,9338f6280b7426addf5ba35af2fa25a651b1908db09e3b5471b51a3b807a69f5,"[0, 0]"
2024,709,LS007,Aryna Sabalenka,Jelena Ostapenko,320760,319939,QF,6-2 6-4,completed,absent,2024-05-07,2024-05-19,2024-05-15T10:46:16.55+00:00,False,2024-05-15T12:19:59.33+00:00,False,data/raw/wta/stats/_httpcache/2024/798d9cad4927c02506e5eb48c1f0525c863cc74a40e04060fef3642115497546.json,55c4d88d35a1280679fb2a529e208286333082feca4b0608d7abd7edba09d460,1,,,,,False,False,corroborated,414-2024,145222,STATUS_FINAL,6-2 6-4,2024-05-15T11:00Z,QF,/Users/varma/Projects/DEUCE/.research/2026-09-06-model-foundation/runs/phase4/staging/espn-results-001/20240519.json,9338f6280b7426addf5ba35af2fa25a651b1908db09e3b5471b51a3b807a69f5,"[0, 0]"
2024,709,LS008,Iga Swiatek,Angelique Kerber,326408,311470,R16,7-5 6-3,completed,absent,2024-05-07,2024-05-19,2024-05-13T12:41:35.797+00:00,False,2024-05-13T14:46:34.08+00:00,False,data/raw/wta/stats/_httpcache/2024/798d9cad4927c02506e5eb48c1f0525c863cc74a40e04060fef3642115497546.json,55c4d88d35a1280679fb2a529e208286333082feca4b0608d7abd7edba09d460,1,,,,,False,False,corroborated,414-2024,145214,STATUS_FINAL,7-5 6-3,2024-05-13T13:05Z,R16,/Users/varma/Projects/DEUCE/.research/2026-09-06-model-foundation/runs/phase4/staging/espn-results-001/20240519.json,9338f6280b7426addf5ba35af2fa25a651b1908db09e3b5471b51a3b807a69f5,"[0, 0]"
2024,709,LS009,Madison Keys,Sorana Cirstea,316959,312469,R16,6-2 6-1,completed,absent,2024-05-07,2024-05-19,2024-05-13T08:47:05.057+00:00,False,2024-05-13T10:57:45.88+00:00,False,data/raw/wta/stats/_httpcache/2024/798d9cad4927c02506e5eb48c1f0525c863cc74a40e04060fef3642115497546.json,55c4d88d35a1280679fb2a529e208286333082feca4b0608d7abd7edba09d460,1,,,,,False,False,corroborated,414-2024,145216,STATUS_FINAL,6-2 6-1,2024-05-13T09:00Z,R16,/Users/varma/Projects/DEUCE/.research/2026-09-06-model-foundation/runs/phase4/staging/espn-results-001/20240519.json,9338f6280b7426addf5ba35af2fa25a651b1908db09e3b5471b51a3b807a69f5,"[0, 0]"
2024,709,LS010,Coco Gauff,Paula Badosa,328560,320124,R16,5-7 6-4 6-1,completed,absent,2024-05-07,2024-05-19,2024-05-13T12:15:45.393+00:00,False,2024-05-13T14:58:51.053+00:00,False,data/raw/wta/stats/_httpcache/2024/798d9cad4927c02506e5eb48c1f0525c863cc74a40e04060fef3642115497546.json,55c4d88d35a1280679fb2a529e208286333082feca4b0608d7abd7edba09d460,1,,,,,False,False,corroborated,414-2024,145215,STATUS_FINAL,5-7 6-4 6-1,2024-05-13T12:30Z,R16,/Users/varma/Projects/DEUCE/.research/2026-09-06-model-foundation/runs/phase4/staging/espn-results-001/20240519.json,9338f6280b7426addf5ba35af2fa25a651b1908db09e3b5471b51a3b807a69f5,"[0, 0]"
2024,709,LS011,Qinwen Zheng,Naomi Osaka,328120,319998,R16,6-2 6-4,completed,absent,2024-05-07,2024-05-19,2024-05-13T08:47:30.417+00:00,False,2024-05-13T10:32:23.663+00:00,False,data/raw/wta/stats/_httpcache/2024/798d9cad4927c02506e5eb48c1f0525c863cc74a40e04060fef3642115497546.json,55c4d88d35a1280679fb2a529e208286333082feca4b0608d7abd7edba09d460,1,,,,,False,False,corroborated,414-2024,145218,STATUS_FINAL,6-2 6-4,2024-05-13T09:10Z,R16,/Users/varma/Projects/DEUCE/.research/2026-09-06-model-foundation/runs/phase4/staging/espn-results-001/20240519.json,9338f6280b7426addf5ba35af2fa25a651b1908db09e3b5471b51a3b807a69f5,"[0, 0]"
2024,709,LS012,Victoria Azarenka,Maria Sakkari,312001,318312,R16,6-4 6-1,completed,absent,2024-05-07,2024-05-19,2024-05-13T19:52:28.243+00:00,False,2024-05-13T21:27:43.787+00:00,False,data/raw/wta/stats/_httpcache/2024/798d9cad4927c02506e5eb48c1f0525c863cc74a40e04060fef3642115497546.json,55c4d88d35a1280679fb2a529e208286333082feca4b0608d7abd7edba09d460,1,,,,,False,False,corroborated,414-2024,145217,STATUS_FINAL,6-4 6-1,2024-05-13T20:10Z,R16,/Users/varma/Projects/DEUCE/.research/2026-09-06-model-foundation/runs/phase4/staging/espn-results-001/20240519.json,9338f6280b7426addf5ba35af2fa25a651b1908db09e3b5471b51a3b807a69f5,"[0, 0]"
2024,709,LS013,Danielle Collins,Irina-Camelia Begu,316925,313169,R16,6-0 6-3,completed,absent,2024-05-07,2024-05-19,2024-05-13T18:38:21.877+00:00,False,2024-05-13T20:05:10.25+00:00,False,data/raw/wta/stats/_httpcache/2024/798d9cad4927c02506e5eb48c1f0525c863cc74a40e04060fef3642115497546.json,55c4d88d35a1280679fb2a529e208286333082feca4b0608d7abd7edba09d460,1,,,,,False,False,corroborated,414-2024,145220,STATUS_FINAL,6-0 6-3,2024-05-13T19:00Z,R16,/Users/varma/Projects/DEUCE/.research/2026-09-06-model-foundation/runs/phase4/staging/espn-results-001/20240519.json,9338f6280b7426addf5ba35af2fa25a651b1908db09e3b5471b51a3b807a69f5,"[0, 0]"
2024,709,LS014,Jelena Ostapenko,Rebecca Sramkova,319939,320228,R16,4-6 6-4 7-6(3),completed,absent,2024-05-07,2024-05-19,2024-05-13T13:11:08.523+00:00,False,2024-05-13T16:11:57.06+00:00,False,data/raw/wta/stats/_httpcache/2024/798d9cad4927c02506e5eb48c1f0525c863cc74a40e04060fef3642115497546.json,55c4d88d35a1280679fb2a529e208286333082feca4b0608d7abd7edba09d460,1,,,,,False,False,corroborated,414-2024,145219,STATUS_FINAL,4-6 6-4 7-6,2024-05-13T13:25Z,R16,/Users/varma/Projects/DEUCE/.research/2026-09-06-model-foundation/runs/phase4/staging/espn-results-001/20240519.json,9338f6280b7426addf5ba35af2fa25a651b1908db09e3b5471b51a3b807a69f5,"[0, 0]"
2024,709,LS015,Aryna Sabalenka,Elina Svitolina,320760,316738,R16,4-6 6-1 7-6(7),completed,absent,2024-05-07,2024-05-19,2024-05-13T20:03:46.13+00:00,False,2024-05-13T22:45:26.157+00:00,False,data/raw/wta/stats/_httpcache/2024/798d9cad4927c02506e5eb48c1f0525c863cc74a40e04060fef3642115497546.json,55c4d88d35a1280679fb2a529e208286333082feca4b0608d7abd7edba09d460,1,,,,,False,False,corroborated,414-2024,145221,STATUS_FINAL,4-6 6-1 7-6,2024-05-13T20:20Z,R16,/Users/varma/Projects/DEUCE/.research/2026-09-06-model-foundation/runs/phase4/staging/espn-results-001/20240519.json,9338f6280b7426addf5ba35af2fa25a651b1908db09e3b5471b51a3b807a69f5,"[0, 0]"
2024,709,LS016,Iga Swiatek,Yulia Putintseva,326408,317683,R32,6-3 6-4,completed,absent,2024-05-07,2024-05-19,2024-05-11T08:41:54.863+00:00,False,2024-05-11T10:55:17.7+00:00,False,data/raw/wta/stats/_httpcache/2024/798d9cad4927c02506e5eb48c1f0525c863cc74a40e04060fef3642115497546.json,55c4d88d35a1280679fb2a529e208286333082feca4b0608d7abd7edba09d460,1,,,,,False,False,corroborated,414-2024,145201,STATUS_FINAL,6-3 6-4,2024-05-11T09:05Z,R32,/Users/varma/Projects/DEUCE/.research/2026-09-06-model-foundation/runs/phase4/staging/espn-results-001/20240519.json,9338f6280b7426addf5ba35af2fa25a651b1908db09e3b5471b51a3b807a69f5,"[0, 0]"
2024,709,LS017,Angelique Kerber,Aliaksandra Sasnovich,311470,317790,R32,6-3 7-6(4),completed,absent,2024-05-07,2024-05-19,2024-05-11T11:01:09.23+00:00,False,2024-05-11T12:41:50.49+00:00,False,data/raw/wta/stats/_httpcache/2024/798d9cad4927c02506e5eb48c1f0525c863cc74a40e04060fef3642115497546.json,55c4d88d35a1280679fb2a529e208286333082feca4b0608d7abd7edba09d460,1,,,,,False,False,corroborated,414-2024,145203,STATUS_FINAL,6-3 7-6,2024-05-11T11:15Z,R32,/Users/varma/Projects/DEUCE/.research/2026-09-06-model-foundation/runs/phase4/staging/espn-results-001/20240519.json,9338f6280b7426addf5ba35af2fa25a651b1908db09e3b5471b51a3b807a69f5,"[0, 0]"
2024,709,LS018,Madison Keys,Beatriz Haddad Maia,316959,318176,R32,6-4 4-6 6-3,completed,absent,2024-05-07,2024-05-19,2024-05-11T14:28:55.07+00:00,False,2024-05-11T17:13:25.92+00:00,False,data/raw/wta/stats/_httpcache/2024/798d9cad4927c02506e5eb48c1f0525c863cc74a40e04060fef3642115497546.json,55c4d88d35a1280679fb2a529e208286333082feca4b0608d7abd7edba09d460,1,,,,,False,False,corroborated,414-2024,145202,STATUS_FINAL,6-4 4-6 6-3,2024-05-11T14:40Z,R32,/Users/varma/Projects/DEUCE/.research/2026-09-06-model-foundation/runs/phase4/staging/espn-results-001/20240519.json,9338f6280b7426addf5ba35af2fa25a651b1908db09e3b5471b51a3b807a69f5,"[0, 0]"
2024,709,LS019,Sorana Cirstea,Marketa Vondrousova,312469,323027,R32,7-6(1) 6-3,completed,absent,2024-05-07,2024-05-19,2024-05-11T15:07:41.153+00:00,False,2024-05-11T17:03:05.82+00:00,False,data/raw/wta/stats/_httpcache/2024/798d9cad4927c02506e5eb48c1f0525c863cc74a40e04060fef3642115497546.json,55c4d88d35a1280679fb2a529e208286333082feca4b0608d7abd7edba09d460,1,,,,,False,False,corroborated,414-2024,145205,STATUS_FINAL,7-6 6-3,2024-05-11T15:20Z,R32,/Users/varma/Projects/DEUCE/.research/2026-09-06-model-foundation/runs/phase4/staging/espn-results-001/20240519.json,9338f6280b7426addf5ba35af2fa25a651b1908db09e3b5471b51a3b807a69f5,"[0, 0]"
2024,709,LS020,Coco Gauff,Jaqueline Cristian,328560,320319,R32,6-1 0-6 6-3,completed,absent,2024-05-07,2024-05-19,2024-05-11T16:49:23.34+00:00,False,2024-05-11T19:12:26.457+00:00,False,data/raw/wta/stats/_httpcache/2024/798d9cad4927c02506e5eb48c1f0525c863cc74a40e04060fef3642115497546.json,55c4d88d35a1280679fb2a529e208286333082feca4b0608d7abd7edba09d460,1,,,,,False,False,corroborated,414-2024,145204,STATUS_FINAL,6-1 0-6 6-3,2024-05-11T17:05Z,R32,/Users/varma/Projects/DEUCE/.research/2026-09-06-model-foundation/runs/phase4/staging/espn-results-001/20240519.json,9338f6280b7426addf5ba35af2fa25a651b1908db09e3b5471b51a3b807a69f5,"[0, 0]"
2024,709,LS021,Paula Badosa,Diana Shnaider,320124,330482,R32,5-7 6-4 6-4,completed,absent,2024-05-07,2024-05-19,2024-05-11T08:43:22.867+00:00,False,2024-05-11T11:43:39.347+00:00,False,data/raw/wta/stats/_httpcache/2024/798d9cad4927c02506e5eb48c1f0525c863cc74a40e04060fef3642115497546.json,55c4d88d35a1280679fb2a529e208286333082feca4b0608d7abd7edba09d460,1,,,,,False,False,corroborated,414-2024,145200,STATUS_FINAL,5-7 6-4 6-4,2024-05-11T09:05Z,R32,/Users/varma/Projects/DEUCE/.research/2026-09-06-model-foundation/runs/phase4/staging/espn-results-001/20240519.json,9338f6280b7426addf5ba35af2fa25a651b1908db09e3b5471b51a3b807a69f5,"[0, 0]"
2024,709,LS022,Naomi Osaka,Daria Kasatkina,319998,322082,R32,6-3 6-3,completed,absent,2024-05-07,2024-05-19,2024-05-11T11:29:55.907+00:00,False,2024-05-11T12:58:15.257+00:00,False,data/raw/wta/stats/_httpcache/2024/798d9cad4927c02506e5eb48c1f0525c863cc74a40e04060fef3642115497546.json,55c4d88d35a1280679fb2a529e208286333082feca4b0608d7abd7edba09d460,1,,,,,False,False,corroborated,414-2024,145199,STATUS_FINAL,6-3 6-3,2024-05-11T11:35Z,R32,/Users/varma/Projects/DEUCE/.research/2026-09-06-model-foundation/runs/phase4/staging/espn-results-001/20240519.json,9338f6280b7426addf5ba35af2fa25a651b1908db09e3b5471b51a3b807a69f5,"[0, 0]"
2024,709,LS023,Qinwen Zheng,Linda Noskova,328120,329668,R32,3-6 6-1 6-2,completed,absent,2024-05-07,2024-05-19,2024-05-11T13:00:30.64+00:00,False,2024-05-11T15:06:25.35+00:00,False,data/raw/wta/stats/_httpcache/2024/798d9cad4927c02506e5eb48c1f0525c863cc74a40e04060fef3642115497546.json,55c4d88d35a1280679fb2a529e208286333082feca4b0608d7abd7edba09d460,1,,,,,False,False,corroborated,414-2024,145198,STATUS_FINAL,3-6 6-1 6-2,2024-05-11T13:15Z,R32,/Users/varma/Projects/DEUCE/.research/2026-09-06-model-foundation/runs/phase4/staging/espn-results-001/20240519.json,9338f6280b7426addf5ba35af2fa25a651b1908db09e3b5471b51a3b807a69f5,"[0, 0]"
2024,709,LS024,Maria Sakkari,Anhelina Kalinina,318312,320567,R32,7-6(4) 6-0,completed,absent,2024-05-07,2024-05-19,2024-05-12T08:54:36.813+00:00,False,2024-05-12T10:57:30.75+00:00,False,data/raw/wta/stats/_httpcache/2024/798d9cad4927c02506e5eb48c1f0525c863cc74a40e04060fef3642115497546.json,55c4d88d35a1280679fb2a529e208286333082feca4b0608d7abd7edba09d460,1,,,,,False,False,corroborated,414-2024,145207,STATUS_FINAL,7-6 6-0,2024-05-12T09:05Z,R32,/Users/varma/Projects/DEUCE/.research/2026-09-06-model-foundation/runs/phase4/staging/espn-results-001/20240519.json,9338f6280b7426addf5ba35af2fa25a651b1908db09e3b5471b51a3b807a69f5,"[0, 0]"
2024,709,LS025,Victoria Azarenka,Mayar Sherif,312001,318711,R32,6-2 6-7(6) 6-3,completed,absent,2024-05-07,2024-05-19,2024-05-12T15:17:42.893+00:00,False,2024-05-12T18:27:59.37+00:00,False,data/raw/wta/stats/_httpcache/2024/798d9cad4927c02506e5eb48c1f0525c863cc74a40e04060fef3642115497546.json,55c4d88d35a1280679fb2a529e208286333082feca4b0608d7abd7edba09d460,1,,,,,False,False,corroborated,414-2024,145206,STATUS_FINAL,6-2 6-7 6-3,2024-05-12T15:30Z,R32,/Users/varma/Projects/DEUCE/.research/2026-09-06-model-foundation/runs/phase4/staging/espn-results-001/20240519.json,9338f6280b7426addf5ba35af2fa25a651b1908db09e3b5471b51a3b807a69f5,"[0, 0]"
2024,709,LS026,Danielle Collins,Caroline Garcia,316925,315391,R32,6-3 6-3,completed,absent,2024-05-07,2024-05-19,2024-05-12T17:21:48.367+00:00,False,2024-05-12T18:59:11.033+00:00,False,data/raw/wta/stats/_httpcache/2024/798d9cad4927c02506e5eb48c1f0525c863cc74a40e04060fef3642115497546.json,55c4d88d35a1280679fb2a529e208286333082feca4b0608d7abd7edba09d460,1,,,,,False,False,corroborated,414-2024,145209,STATUS_FINAL,6-3 6-3,2024-05-12T17:45Z,R32,/Users/varma/Projects/DEUCE/.research/2026-09-06-model-foundation/runs/phase4/staging/espn-results-001/20240519.json,9338f6280b7426addf5ba35af2fa25a651b1908db09e3b5471b51a3b807a69f5,"[0, 0]"
2024,709,LS027,Irina-Camelia Begu,Elise Mertens,313169,317964,R32,6-2 6-0,completed,absent,2024-05-07,2024-05-19,2024-05-12T08:55:34.11+00:00,False,2024-05-12T10:25:33.613+00:00,False,data/raw/wta/stats/_httpcache/2024/798d9cad4927c02506e5eb48c1f0525c863cc74a40e04060fef3642115497546.json,55c4d88d35a1280679fb2a529e208286333082feca4b0608d7abd7edba09d460,1,,,,,False,False,corroborated,414-2024,145208,STATUS_FINAL,6-2 6-0,2024-05-12T09:05Z,R32,/Users/varma/Projects/DEUCE/.research/2026-09-06-model-foundation/runs/phase4/staging/espn-results-001/20240519.json,9338f6280b7426addf5ba35af2fa25a651b1908db09e3b5471b51a3b807a69f5,"[0, 0]"
2024,709,LS028,Rebecca Sramkova,Sofia Kenin,320228,320942,R32,6-4 4-6 6-4,completed,absent,2024-05-07,2024-05-19,2024-05-12T10:29:02.733+00:00,False,2024-05-12T13:02:54.183+00:00,False,data/raw/wta/stats/_httpcache/2024/798d9cad4927c02506e5eb48c1f0525c863cc74a40e04060fef3642115497546.json,55c4d88d35a1280679fb2a529e208286333082feca4b0608d7abd7edba09d460,1,,,,,False,False,corroborated,414-2024,145211,STATUS_FINAL,6-4 4-6 6-4,2024-05-12T10:40Z,R32,/Users/varma/Projects/DEUCE/.research/2026-09-06-model-foundation/runs/phase4/staging/espn-results-001/20240519.json,9338f6280b7426addf5ba35af2fa25a651b1908db09e3b5471b51a3b807a69f5,"[0, 0]"
2024,709,LS029,Jelena Ostapenko,Sara Sorribes Tormo,319939,318872,R32,6-4 5-7 6-1,completed,absent,2024-05-07,2024-05-19,2024-05-12T14:31:21.31+00:00,False,2024-05-12T17:20:15.943+00:00,False,data/raw/wta/stats/_httpcache/2024/798d9cad4927c02506e5eb48c1f0525c863cc74a40e04060fef3642115497546.json,55c4d88d35a1280679fb2a529e208286333082feca4b0608d7abd7edba09d460,1,,,,,False,False,corroborated,414-2024,145210,STATUS_FINAL,6-4 5-7 6-1,2024-05-12T14:45Z,R32,/Users/varma/Projects/DEUCE/.research/2026-09-06-model-foundation/runs/phase4/staging/espn-results-001/20240519.json,9338f6280b7426addf5ba35af2fa25a651b1908db09e3b5471b51a3b807a69f5,"[0, 0]"
2024,709,LS030,Elina Svitolina,Anna Kalinskaya,316738,323942,R32,6-3 6-3,completed,absent,2024-05-07,2024-05-19,2024-05-12T16:46:22.093+00:00,False,2024-05-12T18:21:40.183+00:00,False,data/raw/wta/stats/_httpcache/2024/798d9cad4927c02506e5eb48c1f0525c863cc74a40e04060fef3642115497546.json,55c4d88d35a1280679fb2a529e208286333082feca4b0608d7abd7edba09d460,1,,,,,False,False,corroborated,414-2024,145213,STATUS_FINAL,6-3 6-3,2024-05-12T17:00Z,R32,/Users/varma/Projects/DEUCE/.research/2026-09-06-model-foundation/runs/phase4/staging/espn-results-001/20240519.json,9338f6280b7426addf5ba35af2fa25a651b1908db09e3b5471b51a3b807a69f5,"[0, 0]"
2024,709,LS031,Aryna Sabalenka,Dayana Yastremska,320760,324261,R32,6-4 6-2,completed,absent,2024-05-07,2024-05-19,2024-05-12T10:59:21.46+00:00,False,2024-05-12T12:43:49.07+00:00,False,data/raw/wta/stats/_httpcache/2024/798d9cad4927c02506e5eb48c1f0525c863cc74a40e04060fef3642115497546.json,55c4d88d35a1280679fb2a529e208286333082feca4b0608d7abd7edba09d460,1,,,,,False,False,corroborated,414-2024,145212,STATUS_FINAL,6-4 6-2,2024-05-12T11:15Z,R32,/Users/varma/Projects/DEUCE/.research/2026-09-06-model-foundation/runs/phase4/staging/espn-results-001/20240519.json,9338f6280b7426addf5ba35af2fa25a651b1908db09e3b5471b51a3b807a69f5,"[0, 0]"
2024,709,LS032,Iga Swiatek,Bernarda Pera,326408,317708,R64,6-0 6-2,completed,absent,2024-05-07,2024-05-19,2024-05-09T18:38:27.847+00:00,False,2024-05-09T20:23:42.97+00:00,False,data/raw/wta/stats/_httpcache/2024/798d9cad4927c02506e5eb48c1f0525c863cc74a40e04060fef3642115497546.json,55c4d88d35a1280679fb2a529e208286333082feca4b0608d7abd7edba09d460,1,,,,,False,False,corroborated,414-2024,145166,STATUS_FINAL,6-0 6-2,2024-05-09T19:00Z,R64,/Users/varma/Projects/DEUCE/.research/2026-09-06-model-foundation/runs/phase4/staging/espn-results-001/20240519.json,9338f6280b7426addf5ba35af2fa25a651b1908db09e3b5471b51a3b807a69f5,"[0, 0]"
2024,709,LS033,Yulia Putintseva,Sloane Stephens,317683,315683,R64,6-3 6-2,completed,absent,2024-05-07,2024-05-19,2024-05-09T18:17:27.687+00:00,False,2024-05-09T19:47:12.837+00:00,False,data/raw/wta/stats/_httpcache/2024/798d9cad4927c02506e5eb48c1f0525c863cc74a40e04060fef3642115497546.json,55c4d88d35a1280679fb2a529e208286333082feca4b0608d7abd7edba09d460,1,,,,,False,False,corroborated,414-2024,145168,STATUS_FINAL,6-3 6-2,2024-05-09T18:30Z,R64,/Users/varma/Projects/DEUCE/.research/2026-09-06-model-foundation/runs/phase4/staging/espn-results-001/20240519.json,9338f6280b7426addf5ba35af2fa25a651b1908db09e3b5471b51a3b807a69f5,"[0, 0]"
2024,709,LS034,Angelique Kerber,Veronika Kudermetova,311470,319526,R64,6-3 6-0,completed,absent,2024-05-07,2024-05-19,2024-05-09T08:44:44.917+00:00,False,2024-05-09T10:17:09.313+00:00,False,data/raw/wta/stats/_httpcache/2024/798d9cad4927c02506e5eb48c1f0525c863cc74a40e04060fef3642115497546.json,55c4d88d35a1280679fb2a529e208286333082feca4b0608d7abd7edba09d460,1,,,,,False,False,corroborated,414-2024,145167,STATUS_FINAL,6-3 6-0,2024-05-09T09:05Z,R64,/Users/varma/Projects/DEUCE/.research/2026-09-06-model-foundation/runs/phase4/staging/espn-results-001/20240519.json,9338f6280b7426addf5ba35af2fa25a651b1908db09e3b5471b51a3b807a69f5,"[0, 0]"
2024,709,LS035,Aliaksandra Sasnovich,Ekaterina Alexandrova,317790,319007,R64,6-0 6-1,completed,absent,2024-05-07,2024-05-19,2024-05-09T11:52:28.043+00:00,False,2024-05-09T13:07:47.713+00:00,False,data/raw/wta/stats/_httpcache/2024/798d9cad4927c02506e5eb48c1f0525c863cc74a40e04060fef3642115497546.json,55c4d88d35a1280679fb2a529e208286333082feca4b0608d7abd7edba09d460,1,,,,,False,False,corroborated,414-2024,145170,STATUS_FINAL,6-0 6-1,2024-05-09T12:05Z,R64,/Users/varma/Projects/DEUCE/.research/2026-09-06-model-foundation/runs/phase4/staging/espn-results-001/20240519.json,9338f6280b7426addf5ba35af2fa25a651b1908db09e3b5471b51a3b807a69f5,"[0, 0]"
2024,709,LS036,Beatriz Haddad Maia,Xinyu Wang,318176,326376,R64,4-6 6-3 6-4,completed,present,2024-05-07,2024-05-19,2024-05-09T14:19:37.117+00:00,False,2024-05-09T18:14:15.057+00:00,False,data/raw/wta/stats/_httpcache/2024/798d9cad4927c02506e5eb48c1f0525c863cc74a40e04060fef3642115497546.json,55c4d88d35a1280679fb2a529e208286333082feca4b0608d7abd7edba09d460,1,133928.0,True,2024-05-09,stats,False,False,corroborated,414-2024,145169,STATUS_FINAL,4-6 6-3 6-4,2024-05-09T16:00Z,R64,/Users/varma/Projects/DEUCE/.research/2026-09-06-model-foundation/runs/phase4/staging/espn-results-001/20240519.json,9338f6280b7426addf5ba35af2fa25a651b1908db09e3b5471b51a3b807a69f5,"[0, 0]"
2024,709,LS037,Madison Keys,Camila Osorio,316959,325898,R64,6-0 4-6 6-3,completed,absent,2024-05-07,2024-05-19,2024-05-09T13:53:06.253+00:00,False,2024-05-09T17:25:48.523+00:00,False,data/raw/wta/stats/_httpcache/2024/798d9cad4927c02506e5eb48c1f0525c863cc74a40e04060fef3642115497546.json,55c4d88d35a1280679fb2a529e208286333082feca4b0608d7abd7edba09d460,1,,,,,False,False,corroborated,414-2024,145172,STATUS_FINAL,6-0 4-6 6-3,2024-05-09T14:05Z,R64,/Users/varma/Projects/DEUCE/.research/2026-09-06-model-foundation/runs/phase4/staging/espn-results-001/20240519.json,9338f6280b7426addf5ba35af2fa25a651b1908db09e3b5471b51a3b807a69f5,"[0, 0]"
2024,709,LS038,Sorana Cirstea,Brenda Fruhvirtova,312469,331545,R64,7-5 6-0,completed,absent,2024-05-07,2024-05-19,2024-05-09T17:04:28.9+00:00,False,2024-05-09T18:45:33.553+00:00,False,data/raw/wta/stats/_httpcache/2024/798d9cad4927c02506e5eb48c1f0525c863cc74a40e04060fef3642115497546.json,55c4d88d35a1280679fb2a529e208286333082feca4b0608d7abd7edba09d460,1,,,,,False,False,corroborated,414-2024,145171,STATUS_FINAL,7-5 6-0,2024-05-09T17:15Z,R64,/Users/varma/Projects/DEUCE/.research/2026-09-06-model-foundation/runs/phase4/staging/espn-results-001/20240519.json,9338f6280b7426addf5ba35af2fa25a651b1908db09e3b5471b51a3b807a69f5,"[0, 0]"
2024,709,LS039,Marketa Vondrousova,Ana Bogdan,323027,315427,R64,6-2 3-6 6-4,completed,absent,2024-05-07,2024-05-19,2024-05-09T18:09:51.127+00:00,False,2024-05-09T20:49:15.663+00:00,False,data/raw/wta/stats/_httpcache/2024/798d9cad4927c02506e5eb48c1f0525c863cc74a40e04060fef3642115497546.json,55c4d88d35a1280679fb2a529e208286333082feca4b0608d7abd7edba09d460,1,,,,,False,False,corroborated,414-2024,145176,STATUS_FINAL,6-2 3-6 6-4,2024-05-09T18:20Z,R64,/Users/varma/Projects/DEUCE/.research/2026-09-06-model-foundation/runs/phase4/staging/espn-results-001/20240519.json,9338f6280b7426addf5ba35af2fa25a651b1908db09e3b5471b51a3b807a69f5,"[0, 0]"
2024,709,LS040,Coco Gauff,Magdalena Frech,328560,320277,R64,6-3 6-3,completed,absent,2024-05-07,2024-05-19,2024-05-09T16:18:43.767+00:00,False,2024-05-09T18:03:42.6+00:00,False,data/raw/wta/stats/_httpcache/2024/798d9cad4927c02506e5eb48c1f0525c863cc74a40e04060fef3642115497546.json,55c4d88d35a1280679fb2a529e208286333082feca4b0608d7abd7edba09d460,1,,,,,False,False,corroborated,414-2024,145180,STATUS_FINAL,6-3 6-3,2024-05-09T16:30Z,R64,/Users/varma/Projects/DEUCE/.research/2026-09-06-model-foundation/runs/phase4/staging/espn-results-001/20240519.json,9338f6280b7426addf5ba35af2fa25a651b1908db09e3b5471b51a3b807a69f5,"[0, 0]"
2024,709,LS041,Jaqueline Cristian,Elina Avanesyan,320319,327620,R64,5-7 6-2 6-2,completed,absent,2024-05-07,2024-05-19,2024-05-09T13:33:56.607+00:00,False,2024-05-09T18:21:48.797+00:00,False,data/raw/wta/stats/_httpcache/2024/798d9cad4927c02506e5eb48c1f0525c863cc74a40e04060fef3642115497546.json,55c4d88d35a1280679fb2a529e208286333082feca4b0608d7abd7edba09d460,1,,,,,False,False,corroborated,414-2024,145182,STATUS_FINAL,5-7 6-2 6-2,2024-05-09T13:45Z,R64,/Users/varma/Projects/DEUCE/.research/2026-09-06-model-foundation/runs/phase4/staging/espn-results-001/20240519.json,9338f6280b7426addf5ba35af2fa25a651b1908db09e3b5471b51a3b807a69f5,"[0, 0]"
2024,709,LS042,Paula Badosa,Emma Navarro,320124,325410,R64,1-6 6-4 6-2,completed,absent,2024-05-07,2024-05-19,2024-05-09T19:11:11.817+00:00,False,2024-05-09T21:17:55.003+00:00,False,data/raw/wta/stats/_httpcache/2024/798d9cad4927c02506e5eb48c1f0525c863cc74a40e04060fef3642115497546.json,55c4d88d35a1280679fb2a529e208286333082feca4b0608d7abd7edba09d460,1,,,,,False,False,corroborated,414-2024,145181,STATUS_FINAL,1-6 6-4 6-2,2024-05-09T19:20Z,R64,/Users/varma/Projects/DEUCE/.research/2026-09-06-model-foundation/runs/phase4/staging/espn-results-001/20240519.json,9338f6280b7426addf5ba35af2fa25a651b1908db09e3b5471b51a3b807a69f5,"[0, 0]"
2024,709,LS043,Diana Shnaider,Liudmila Samsonova,330482,322222,R64,6-1 6-3,completed,absent,2024-05-07,2024-05-19,2024-05-09T08:48:01.947+00:00,False,2024-05-09T10:36:25.917+00:00,False,data/raw/wta/stats/_httpcache/2024/798d9cad4927c02506e5eb48c1f0525c863cc74a40e04060fef3642115497546.json,55c4d88d35a1280679fb2a529e208286333082feca4b0608d7abd7edba09d460,1,,,,,False,False,corroborated,414-2024,145184,STATUS_FINAL,6-1 6-3,2024-05-09T09:05Z,R64,/Users/varma/Projects/DEUCE/.research/2026-09-06-model-foundation/runs/phase4/staging/espn-results-001/20240519.json,9338f6280b7426addf5ba35af2fa25a651b1908db09e3b5471b51a3b807a69f5,"[0, 0]"
2024,709,LS044,Daria Kasatkina,Tatjana Maria,322082,310440,R64,7-5 6-1,completed,absent,2024-05-07,2024-05-19,2024-05-09T08:43:46.01+00:00,False,2024-05-09T10:44:23.48+00:00,False,data/raw/wta/stats/_httpcache/2024/798d9cad4927c02506e5eb48c1f0525c863cc74a40e04060fef3642115497546.json,55c4d88d35a1280679fb2a529e208286333082feca4b0608d7abd7edba09d460,1,,,,,False,False,corroborated,414-2024,145183,STATUS_FINAL,7-5 6-1,2024-05-09T09:05Z,R64,/Users/varma/Projects/DEUCE/.research/2026-09-06-model-foundation/runs/phase4/staging/espn-results-001/20240519.json,9338f6280b7426addf5ba35af2fa25a651b1908db09e3b5471b51a3b807a69f5,"[0, 0]"
2024,709,LS045,Naomi Osaka,Marta Kostyuk,319998,326482,R64,6-3 6-2,completed,absent,2024-05-07,2024-05-19,2024-05-09T13:12:02.83+00:00,False,2024-05-09T16:16:43.473+00:00,False,data/raw/wta/stats/_httpcache/2024/798d9cad4927c02506e5eb48c1f0525c863cc74a40e04060fef3642115497546.json,55c4d88d35a1280679fb2a529e208286333082feca4b0608d7abd7edba09d460,1,,,,,False,False,corroborated,414-2024,145186,STATUS_FINAL,6-3 6-2,2024-05-09T13:25Z,R64,/Users/varma/Projects/DEUCE/.research/2026-09-06-model-foundation/runs/phase4/staging/espn-results-001/20240519.json,9338f6280b7426addf5ba35af2fa25a651b1908db09e3b5471b51a3b807a69f5,"[0, 0]"
2024,709,LS046,Linda Noskova,Lucrezia Stefanini,329668,323149,R64,6-3 7-6(1),completed,absent,2024-05-07,2024-05-19,2024-05-09T08:50:56.573+00:00,False,2024-05-09T11:03:23.69+00:00,False,data/raw/wta/stats/_httpcache/2024/798d9cad4927c02506e5eb48c1f0525c863cc74a40e04060fef3642115497546.json,55c4d88d35a1280679fb2a529e208286333082feca4b0608d7abd7edba09d460,1,,,,,False,False,corroborated,414-2024,145185,STATUS_FINAL,6-3 7-6,2024-05-09T09:05Z,R64,/Users/varma/Projects/DEUCE/.research/2026-09-06-model-foundation/runs/phase4/staging/espn-results-001/20240519.json,9338f6280b7426addf5ba35af2fa25a651b1908db09e3b5471b51a3b807a69f5,"[0, 0]"
2024,709,LS047,Qinwen Zheng,Shelby Rogers,328120,317421,R64,6-2 6-0,completed,absent,2024-05-07,2024-05-19,2024-05-09T10:19:52.353+00:00,False,2024-05-09T11:49:19.713+00:00,False,data/raw/wta/stats/_httpcache/2024/798d9cad4927c02506e5eb48c1f0525c863cc74a40e04060fef3642115497546.json,55c4d88d35a1280679fb2a529e208286333082feca4b0608d7abd7edba09d460,1,,,,,False,False,corroborated,414-2024,145178,STATUS_FINAL,6-2 6-0,2024-05-09T10:30Z,R64,/Users/varma/Projects/DEUCE/.research/2026-09-06-model-foundation/runs/phase4/staging/espn-results-001/20240519.json,9338f6280b7426addf5ba35af2fa25a651b1908db09e3b5471b51a3b807a69f5,"[0, 0]"
2024,709,LS048,Maria Sakkari,Varvara Gracheva,318312,325836,R64,6-2 6-2,completed,absent,2024-05-07,2024-05-19,2024-05-10T08:52:33.51+00:00,False,2024-05-10T10:31:44.057+00:00,False,data/raw/wta/stats/_httpcache/2024/798d9cad4927c02506e5eb48c1f0525c863cc74a40e04060fef3642115497546.json,55c4d88d35a1280679fb2a529e208286333082feca4b0608d7abd7edba09d460,1,,,,,False,False,corroborated,414-2024,145177,STATUS_FINAL,6-2 6-2,2024-05-10T09:10Z,R64,/Users/varma/Projects/DEUCE/.research/2026-09-06-model-foundation/runs/phase4/staging/espn-results-001/20240519.json,9338f6280b7426addf5ba35af2fa25a651b1908db09e3b5471b51a3b807a69f5,"[0, 0]"
2024,709,LS050,Victoria Azarenka,Magda Linette,312001,315130,R64,6-7(5) 6-4 6-3,completed,absent,2024-05-07,2024-05-19,2024-05-10T12:32:21.923+00:00,False,2024-05-10T15:39:52.56+00:00,False,data/raw/wta/stats/_httpcache/2024/798d9cad4927c02506e5eb48c1f0525c863cc74a40e04060fef3642115497546.json,55c4d88d35a1280679fb2a529e208286333082feca4b0608d7abd7edba09d460,1,,,,,False,False,corroborated,414-2024,145191,STATUS_FINAL,6-7 6-4 6-3,2024-05-10T12:45Z,R64,/Users/varma/Projects/DEUCE/.research/2026-09-06-model-foundation/runs/phase4/staging/espn-results-001/20240519.json,9338f6280b7426addf5ba35af2fa25a651b1908db09e3b5471b51a3b807a69f5,"[0, 0]"
2024,709,LS051,Mayar Sherif,Jasmine Paolini,318711,319280,R64,7-6(4) 2-6 6-4,completed,absent,2024-05-07,2024-05-19,2024-05-10T18:39:38.227+00:00,False,2024-05-10T21:38:06.117+00:00,False,data/raw/wta/stats/_httpcache/2024/798d9cad4927c02506e5eb48c1f0525c863cc74a40e04060fef3642115497546.json,55c4d88d35a1280679fb2a529e208286333082feca4b0608d7abd7edba09d460,1,,,,,False,False,corroborated,414-2024,145190,STATUS_FINAL,7-6 2-6 6-4,2024-05-10T18:55Z,R64,/Users/varma/Projects/DEUCE/.research/2026-09-06-model-foundation/runs/phase4/staging/espn-results-001/20240519.json,9338f6280b7426addf5ba35af2fa25a651b1908db09e3b5471b51a3b807a69f5,"[0, 0]"
2024,709,LS053,Caroline Garcia,Elisabetta Cocciaretto,315391,327909,R64,6-2 7-6(5),completed,absent,2024-05-07,2024-05-19,2024-05-10T13:26:26.673+00:00,False,2024-05-10T15:20:17.313+00:00,False,data/raw/wta/stats/_httpcache/2024/798d9cad4927c02506e5eb48c1f0525c863cc74a40e04060fef3642115497546.json,55c4d88d35a1280679fb2a529e208286333082feca4b0608d7abd7edba09d460,1,,,,,False,False,corroborated,414-2024,145192,STATUS_FINAL,6-2 7-6,2024-05-10T13:40Z,R64,/Users/varma/Projects/DEUCE/.research/2026-09-06-model-foundation/runs/phase4/staging/espn-results-001/20240519.json,9338f6280b7426addf5ba35af2fa25a651b1908db09e3b5471b51a3b807a69f5,"[0, 0]"
2024,709,LS054,Elise Mertens,Katerina Siniakova,317964,320301,R64,6-1 6-4,completed,absent,2024-05-07,2024-05-19,2024-05-10T08:46:58.437+00:00,False,2024-05-10T10:45:39.603+00:00,False,data/raw/wta/stats/_httpcache/2024/798d9cad4927c02506e5eb48c1f0525c863cc74a40e04060fef3642115497546.json,55c4d88d35a1280679fb2a529e208286333082feca4b0608d7abd7edba09d460,1,,,,,False,False,corroborated,414-2024,145195,STATUS_FINAL,6-1 6-4,2024-05-10T09:05Z,R64,/Users/varma/Projects/DEUCE/.research/2026-09-06-model-foundation/runs/phase4/staging/espn-results-001/20240519.json,9338f6280b7426addf5ba35af2fa25a651b1908db09e3b5471b51a3b807a69f5,"[0, 0]"
2024,709,LS056,Sofia Kenin,Ons Jabeur,320942,316847,R64,7-5 2-6 6-4,completed,absent,2024-05-07,2024-05-19,2024-05-10T10:50:14.283+00:00,False,2024-05-10T13:24:52.4+00:00,False,data/raw/wta/stats/_httpcache/2024/798d9cad4927c02506e5eb48c1f0525c863cc74a40e04060fef3642115497546.json,55c4d88d35a1280679fb2a529e208286333082feca4b0608d7abd7edba09d460,1,,,,,False,False,corroborated,414-2024,145197,STATUS_FINAL,7-5 2-6 6-4,2024-05-10T11:05Z,R64,/Users/varma/Projects/DEUCE/.research/2026-09-06-model-foundation/runs/phase4/staging/espn-results-001/20240519.json,9338f6280b7426addf5ba35af2fa25a651b1908db09e3b5471b51a3b807a69f5,"[0, 0]"
2024,709,LS057,Rebecca Sramkova,Katie Boulter,320228,319125,R64,6-4 7-6(8),completed,absent,2024-05-07,2024-05-19,2024-05-10T18:23:59.357+00:00,False,2024-05-10T20:42:27.997+00:00,False,data/raw/wta/stats/_httpcache/2024/798d9cad4927c02506e5eb48c1f0525c863cc74a40e04060fef3642115497546.json,55c4d88d35a1280679fb2a529e208286333082feca4b0608d7abd7edba09d460,1,,,,,False,False,corroborated,414-2024,145196,STATUS_FINAL,6-4 7-6,2024-05-10T18:30Z,R64,/Users/varma/Projects/DEUCE/.research/2026-09-06-model-foundation/runs/phase4/staging/espn-results-001/20240519.json,9338f6280b7426addf5ba35af2fa25a651b1908db09e3b5471b51a3b807a69f5,"[0, 0]"
2024,709,LS058,Sara Sorribes Tormo,Anastasia Pavlyuchenkova,318872,313796,R64,6-3 1-6 7-5,completed,absent,2024-05-07,2024-05-19,2024-05-10T08:47:59.783+00:00,False,2024-05-10T11:30:26.057+00:00,False,data/raw/wta/stats/_httpcache/2024/798d9cad4927c02506e5eb48c1f0525c863cc74a40e04060fef3642115497546.json,55c4d88d35a1280679fb2a529e208286333082feca4b0608d7abd7edba09d460,1,,,,,False,False,corroborated,414-2024,145189,STATUS_FINAL,6-3 1-6 7-5,2024-05-10T09:05Z,R64,/Users/varma/Projects/DEUCE/.research/2026-09-06-model-foundation/runs/phase4/staging/espn-results-001/20240519.json,9338f6280b7426addf5ba35af2fa25a651b1908db09e3b5471b51a3b807a69f5,"[0, 0]"
2024,709,LS059,Jelena Ostapenko,Anastasia Potapova,319939,325601,R64,6-4 6-2,completed,absent,2024-05-07,2024-05-19,2024-05-10T10:49:03.787+00:00,False,2024-05-10T12:46:34.423+00:00,False,data/raw/wta/stats/_httpcache/2024/798d9cad4927c02506e5eb48c1f0525c863cc74a40e04060fef3642115497546.json,55c4d88d35a1280679fb2a529e208286333082feca4b0608d7abd7edba09d460,1,,,,,False,False,corroborated,414-2024,145188,STATUS_FINAL,6-4 6-2,2024-05-10T11:05Z,R64,/Users/varma/Projects/DEUCE/.research/2026-09-06-model-foundation/runs/phase4/staging/espn-results-001/20240519.json,9338f6280b7426addf5ba35af2fa25a651b1908db09e3b5471b51a3b807a69f5,"[0, 0]"
2024,709,LS060,Elina Svitolina,Sara Errani,316738,310761,R64,6-0 6-2,completed,absent,2024-05-07,2024-05-19,2024-05-10T14:30:22.84+00:00,False,2024-05-10T16:03:07.12+00:00,False,data/raw/wta/stats/_httpcache/2024/798d9cad4927c02506e5eb48c1f0525c863cc74a40e04060fef3642115497546.json,55c4d88d35a1280679fb2a529e208286333082feca4b0608d7abd7edba09d460,1,,,,,False,False,corroborated,414-2024,145187,STATUS_FINAL,6-0 6-2,2024-05-10T14:45Z,R64,/Users/varma/Projects/DEUCE/.research/2026-09-06-model-foundation/runs/phase4/staging/espn-results-001/20240519.json,9338f6280b7426addf5ba35af2fa25a651b1908db09e3b5471b51a3b807a69f5,"[0, 0]"
2024,709,LS061,Anna Kalinskaya,Clara Tauson,323942,327793,R64,6-1 6-2,completed,absent,2024-05-07,2024-05-19,2024-05-10T11:33:10.78+00:00,False,2024-05-10T13:13:22.557+00:00,False,data/raw/wta/stats/_httpcache/2024/798d9cad4927c02506e5eb48c1f0525c863cc74a40e04060fef3642115497546.json,55c4d88d35a1280679fb2a529e208286333082feca4b0608d7abd7edba09d460,1,,,,,False,False,corroborated,414-2024,145174,STATUS_FINAL,6-1 6-2,2024-05-10T11:45Z,R64,/Users/varma/Projects/DEUCE/.research/2026-09-06-model-foundation/runs/phase4/staging/espn-results-001/20240519.json,9338f6280b7426addf5ba35af2fa25a651b1908db09e3b5471b51a3b807a69f5,"[0, 0]"
2024,709,LS062,Dayana Yastremska,Laura Siegemund,324261,310926,R64,4-6 7-5 6-2,completed,absent,2024-05-07,2024-05-19,2024-05-10T12:20:52.83+00:00,False,2024-05-10T15:31:19.25+00:00,False,data/raw/wta/stats/_httpcache/2024/798d9cad4927c02506e5eb48c1f0525c863cc74a40e04060fef3642115497546.json,55c4d88d35a1280679fb2a529e208286333082feca4b0608d7abd7edba09d460,1,,,,,False,False,corroborated,414-2024,145173,STATUS_FINAL,4-6 7-5 6-2,2024-05-10T12:30Z,R64,/Users/varma/Projects/DEUCE/.research/2026-09-06-model-foundation/runs/phase4/staging/espn-results-001/20240519.json,9338f6280b7426addf5ba35af2fa25a651b1908db09e3b5471b51a3b807a69f5,"[0, 0]"
2024,709,LS063,Aryna Sabalenka,Katie Volynets,320760,327391,R64,4-6 6-3 6-2,completed,absent,2024-05-07,2024-05-19,2024-05-10T17:17:40.217+00:00,False,2024-05-10T19:47:09.963+00:00,False,data/raw/wta/stats/_httpcache/2024/798d9cad4927c02506e5eb48c1f0525c863cc74a40e04060fef3642115497546.json,55c4d88d35a1280679fb2a529e208286333082feca4b0608d7abd7edba09d460,1,,,,,False,False,corroborated,414-2024,145175,STATUS_FINAL,4-6 6-3 6-2,2024-05-10T17:30Z,R64,/Users/varma/Projects/DEUCE/.research/2026-09-06-model-foundation/runs/phase4/staging/espn-results-001/20240519.json,9338f6280b7426addf5ba35af2fa25a651b1908db09e3b5471b51a3b807a69f5,"[0, 0]"
2024,709,LS065,Bernarda Pera,Caroline Dolehide,317708,322052,R128,7-6(6) 6-3,completed,absent,2024-05-07,2024-05-19,2024-05-08T11:42:34.187+00:00,False,2024-05-08T13:38:13.863+00:00,False,data/raw/wta/stats/_httpcache/2024/798d9cad4927c02506e5eb48c1f0525c863cc74a40e04060fef3642115497546.json,55c4d88d35a1280679fb2a529e208286333082feca4b0608d7abd7edba09d460,1,,,,,False,False,corroborated,414-2024,145144,STATUS_FINAL,7-6 6-3,2024-05-08T11:55Z,R128,/Users/varma/Projects/DEUCE/.research/2026-09-06-model-foundation/runs/phase4/staging/espn-results-001/20240519.json,9338f6280b7426addf5ba35af2fa25a651b1908db09e3b5471b51a3b807a69f5,"[0, 0]"
2024,709,LS066,Yulia Putintseva,Martina Trevisan,317683,316266,R128,6-3 6-4,completed,absent,2024-05-07,2024-05-19,2024-05-07T12:56:56.84+00:00,False,2024-05-07T14:53:36.24+00:00,False,data/raw/wta/stats/_httpcache/2024/798d9cad4927c02506e5eb48c1f0525c863cc74a40e04060fef3642115497546.json,55c4d88d35a1280679fb2a529e208286333082feca4b0608d7abd7edba09d460,1,,,,,False,False,corroborated,414-2024,145134,STATUS_FINAL,6-3 6-4,2024-05-07T13:10Z,R128,/Users/varma/Projects/DEUCE/.research/2026-09-06-model-foundation/runs/phase4/staging/espn-results-001/20240519.json,9338f6280b7426addf5ba35af2fa25a651b1908db09e3b5471b51a3b807a69f5,"[0, 0]"
2024,709,LS069,Angelique Kerber,Lauren Davis,311470,317414,R128,6-1 6-0,completed,absent,2024-05-07,2024-05-19,2024-05-07T16:39:15.083+00:00,False,2024-05-07T17:55:59.627+00:00,False,data/raw/wta/stats/_httpcache/2024/798d9cad4927c02506e5eb48c1f0525c863cc74a40e04060fef3642115497546.json,55c4d88d35a1280679fb2a529e208286333082feca4b0608d7abd7edba09d460,1,,,,,False,False,corroborated,414-2024,145158,STATUS_FINAL,6-1 6-0,2024-05-07T16:50Z,R128,/Users/varma/Projects/DEUCE/.research/2026-09-06-model-foundation/runs/phase4/staging/espn-results-001/20240519.json,9338f6280b7426addf5ba35af2fa25a651b1908db09e3b5471b51a3b807a69f5,"[0, 0]"
2024,709,LS070,Aliaksandra Sasnovich,Anna Karolina Schmiedlova,317790,318203,R128,6-2 7-6(6),completed,absent,2024-05-07,2024-05-19,2024-05-08T11:33:52.07+00:00,False,2024-05-08T13:43:11.747+00:00,False,data/raw/wta/stats/_httpcache/2024/798d9cad4927c02506e5eb48c1f0525c863cc74a40e04060fef3642115497546.json,55c4d88d35a1280679fb2a529e208286333082feca4b0608d7abd7edba09d460,1,,,,,False,False,corroborated,414-2024,145117,STATUS_FINAL,6-2 7-6,2024-05-08T11:40Z,R128,/Users/varma/Projects/DEUCE/.research/2026-09-06-model-foundation/runs/phase4/staging/espn-results-001/20240519.json,9338f6280b7426addf5ba35af2fa25a651b1908db09e3b5471b51a3b807a69f5,"[0, 0]"
2024,709,LS073,Xinyu Wang,Yue Yuan,326376,324325,R128,4-6 6-1 6-2,completed,present,2024-05-07,2024-05-19,2024-05-07T14:47:59.793+00:00,False,2024-05-07T17:24:34.583+00:00,False,data/raw/wta/stats/_httpcache/2024/798d9cad4927c02506e5eb48c1f0525c863cc74a40e04060fef3642115497546.json,55c4d88d35a1280679fb2a529e208286333082feca4b0608d7abd7edba09d460,1,133926.0,True,2024-05-07,stats,False,False,unmatched,,,,,,,,,
2024,709,LS074,Camila Osorio,Arantxa Rus,325898,313349,R128,4-6 6-3 6-4,completed,absent,2024-05-07,2024-05-19,2024-05-07T14:09:18.167+00:00,False,2024-05-07T16:53:42.223+00:00,False,data/raw/wta/stats/_httpcache/2024/798d9cad4927c02506e5eb48c1f0525c863cc74a40e04060fef3642115497546.json,55c4d88d35a1280679fb2a529e208286333082feca4b0608d7abd7edba09d460,1,,,,,False,False,corroborated,414-2024,145163,STATUS_FINAL,4-6 6-3 6-4,2024-05-07T14:15Z,R128,/Users/varma/Projects/DEUCE/.research/2026-09-06-model-foundation/runs/phase4/staging/espn-results-001/20240519.json,9338f6280b7426addf5ba35af2fa25a651b1908db09e3b5471b51a3b807a69f5,"[0, 0]"
2024,709,LS077,Brenda Fruhvirtova,Taylor Townsend,331545,318609,R128,3-6 6-2 6-0,completed,absent,2024-05-07,2024-05-19,2024-05-08T11:39:56.91+00:00,False,2024-05-08T13:54:19.967+00:00,False,data/raw/wta/stats/_httpcache/2024/798d9cad4927c02506e5eb48c1f0525c863cc74a40e04060fef3642115497546.json,55c4d88d35a1280679fb2a529e208286333082feca4b0608d7abd7edba09d460,1,,,,,False,False,corroborated,414-2024,145149,STATUS_FINAL,3-6 6-2 6-0,2024-05-08T11:50Z,R128,/Users/varma/Projects/DEUCE/.research/2026-09-06-model-foundation/runs/phase4/staging/espn-results-001/20240519.json,9338f6280b7426addf5ba35af2fa25a651b1908db09e3b5471b51a3b807a69f5,"[0, 0]"
2024,709,LS078,Ana Bogdan,Leylah Fernandez,315427,326735,R128,6-4 6-1,completed,absent,2024-05-07,2024-05-19,2024-05-07T14:56:47.367+00:00,False,2024-05-07T16:53:36.57+00:00,False,data/raw/wta/stats/_httpcache/2024/798d9cad4927c02506e5eb48c1f0525c863cc74a40e04060fef3642115497546.json,55c4d88d35a1280679fb2a529e208286333082feca4b0608d7abd7edba09d460,1,,,,,False,False,corroborated,414-2024,145155,STATUS_FINAL,6-4 6-1,2024-05-07T15:05Z,R128,/Users/varma/Projects/DEUCE/.research/2026-09-06-model-foundation/runs/phase4/staging/espn-results-001/20240519.json,9338f6280b7426addf5ba35af2fa25a651b1908db09e3b5471b51a3b807a69f5,"[0, 0]"
2024,709,LS081,Magdalena Frech,Ashlyn Krueger,320277,329409,R128,7-6(2) 6-3,completed,absent,2024-05-07,2024-05-19,2024-05-07T16:44:19.957+00:00,False,2024-05-07T19:13:09.507+00:00,False,data/raw/wta/stats/_httpcache/2024/798d9cad4927c02506e5eb48c1f0525c863cc74a40e04060fef3642115497546.json,55c4d88d35a1280679fb2a529e208286333082feca4b0608d7abd7edba09d460,1,,,,,False,False,corroborated,414-2024,145111,STATUS_FINAL,7-6 6-3,2024-05-07T17:00Z,R128,/Users/varma/Projects/DEUCE/.research/2026-09-06-model-foundation/runs/phase4/staging/espn-results-001/20240519.json,9338f6280b7426addf5ba35af2fa25a651b1908db09e3b5471b51a3b807a69f5,"[0, 0]"
2024,709,LS082,Elina Avanesyan,Cristina Bucsa,327620,321158,R128,6-7(3) 6-0 7-5,completed,absent,2024-05-07,2024-05-19,2024-05-08T08:54:09.663+00:00,False,2024-05-08T11:39:44.773+00:00,False,data/raw/wta/stats/_httpcache/2024/798d9cad4927c02506e5eb48c1f0525c863cc74a40e04060fef3642115497546.json,55c4d88d35a1280679fb2a529e208286333082feca4b0608d7abd7edba09d460,1,,,,,False,False,corroborated,414-2024,145116,STATUS_FINAL,6-7 6-0 7-5,2024-05-08T09:00Z,R128,/Users/varma/Projects/DEUCE/.research/2026-09-06-model-foundation/runs/phase4/staging/espn-results-001/20240519.json,9338f6280b7426addf5ba35af2fa25a651b1908db09e3b5471b51a3b807a69f5,"[0, 0]"
2024,709,LS085,Paula Badosa,Mirra Andreeva,320124,331809,R128,6-2 6-3,completed,absent,2024-05-07,2024-05-19,2024-05-07T10:13:52.78+00:00,False,2024-05-07T12:53:31.297+00:00,False,data/raw/wta/stats/_httpcache/2024/798d9cad4927c02506e5eb48c1f0525c863cc74a40e04060fef3642115497546.json,55c4d88d35a1280679fb2a529e208286333082feca4b0608d7abd7edba09d460,1,,,,,False,False,corroborated,414-2024,145118,STATUS_FINAL,6-2 6-3,2024-05-07T10:30Z,R128,/Users/varma/Projects/DEUCE/.research/2026-09-06-model-foundation/runs/phase4/staging/espn-results-001/20240519.json,9338f6280b7426addf5ba35af2fa25a651b1908db09e3b5471b51a3b807a69f5,"[0, 0]"
2024,709,LS086,Diana Shnaider,Greet Minnen,330482,321454,R128,6-2 6-3,completed,score-conflict,2024-05-07,2024-05-19,2024-05-07T17:26:26.607+00:00,False,2024-05-07T19:02:21.393+00:00,False,data/raw/wta/stats/_httpcache/2024/798d9cad4927c02506e5eb48c1f0525c863cc74a40e04060fef3642115497546.json,55c4d88d35a1280679fb2a529e208286333082feca4b0608d7abd7edba09d460,1,133956.0,True,2024-05-14,lower,False,False,ambiguous,,,,,,,,,
2024,709,LS089,Tatjana Maria,Linda Fruhvirtova,310440,329627,R128,7-6(5) 3-6 6-2,completed,absent,2024-05-07,2024-05-19,2024-05-08T08:45:17.097+00:00,False,2024-05-08T11:36:55.503+00:00,False,data/raw/wta/stats/_httpcache/2024/798d9cad4927c02506e5eb48c1f0525c863cc74a40e04060fef3642115497546.json,55c4d88d35a1280679fb2a529e208286333082feca4b0608d7abd7edba09d460,1,,,,,False,False,corroborated,414-2024,145109,STATUS_FINAL,7-6 3-6 6-2,2024-05-08T09:05Z,R128,/Users/varma/Projects/DEUCE/.research/2026-09-06-model-foundation/runs/phase4/staging/espn-results-001/20240519.json,9338f6280b7426addf5ba35af2fa25a651b1908db09e3b5471b51a3b807a69f5,"[0, 0]"
2024,709,LS090,Naomi Osaka,Clara Burel,319998,325320,R128,7-6(2) 6-1,completed,absent,2024-05-07,2024-05-19,2024-05-08T12:27:33.84+00:00,False,2024-05-08T14:09:47.857+00:00,False,data/raw/wta/stats/_httpcache/2024/798d9cad4927c02506e5eb48c1f0525c863cc74a40e04060fef3642115497546.json,55c4d88d35a1280679fb2a529e208286333082feca4b0608d7abd7edba09d460,1,,,,,False,False,corroborated,414-2024,145108,STATUS_FINAL,7-6 6-1,2024-05-08T12:40Z,R128,/Users/varma/Projects/DEUCE/.research/2026-09-06-model-foundation/runs/phase4/staging/espn-results-001/20240519.json,9338f6280b7426addf5ba35af2fa25a651b1908db09e3b5471b51a3b807a69f5,"[0, 0]"
2024,709,LS093,Lucrezia Stefanini,Vittoria Paganetti,323149,332494,R128,7-5 6-3,completed,absent,2024-05-07,2024-05-19,2024-05-07T15:17:26.613+00:00,False,2024-05-07T17:21:19.773+00:00,False,data/raw/wta/stats/_httpcache/2024/798d9cad4927c02506e5eb48c1f0525c863cc74a40e04060fef3642115497546.json,55c4d88d35a1280679fb2a529e208286333082feca4b0608d7abd7edba09d460,1,,,,,False,False,corroborated,414-2024,145129,STATUS_FINAL,7-5 6-3,2024-05-07T15:25Z,R128,/Users/varma/Projects/DEUCE/.research/2026-09-06-model-foundation/runs/phase4/staging/espn-results-001/20240519.json,9338f6280b7426addf5ba35af2fa25a651b1908db09e3b5471b51a3b807a69f5,"[0, 0]"
2024,709,LS094,Shelby Rogers,Lisa Pigato,317421,328193,R128,6-1 6-0,completed,absent,2024-05-07,2024-05-19,2024-05-07T08:43:09.137+00:00,False,2024-05-07T10:10:51.79+00:00,False,data/raw/wta/stats/_httpcache/2024/798d9cad4927c02506e5eb48c1f0525c863cc74a40e04060fef3642115497546.json,55c4d88d35a1280679fb2a529e208286333082feca4b0608d7abd7edba09d460,1,,,,,False,False,corroborated,414-2024,145128,STATUS_FINAL,6-1 6-0,2024-05-07T09:10Z,R128,/Users/varma/Projects/DEUCE/.research/2026-09-06-model-foundation/runs/phase4/staging/espn-results-001/20240519.json,9338f6280b7426addf5ba35af2fa25a651b1908db09e3b5471b51a3b807a69f5,"[0, 0]"
2024,709,LS097,Varvara Gracheva,Federica Di Sarra,325836,312582,R128,6-1 6-3,completed,absent,2024-05-07,2024-05-19,2024-05-09T09:51:26.88+00:00,False,2024-05-09T11:17:28.777+00:00,False,data/raw/wta/stats/_httpcache/2024/798d9cad4927c02506e5eb48c1f0525c863cc74a40e04060fef3642115497546.json,55c4d88d35a1280679fb2a529e208286333082feca4b0608d7abd7edba09d460,1,,,,,False,False,corroborated,414-2024,145120,STATUS_FINAL,6-1 6-3,2024-05-09T10:05Z,R128,/Users/varma/Projects/DEUCE/.research/2026-09-06-model-foundation/runs/phase4/staging/espn-results-001/20240519.json,9338f6280b7426addf5ba35af2fa25a651b1908db09e3b5471b51a3b807a69f5,"[0, 0]"
2024,709,LS098,Lesia Tsurenko,Donna Vekic,315295,318516,R128,6-2 3-6 7-6(5),completed,absent,2024-05-07,2024-05-19,2024-05-08T08:48:33.6+00:00,False,2024-05-08T11:48:51.58+00:00,False,data/raw/wta/stats/_httpcache/2024/798d9cad4927c02506e5eb48c1f0525c863cc74a40e04060fef3642115497546.json,55c4d88d35a1280679fb2a529e208286333082feca4b0608d7abd7edba09d460,1,,,,,False,False,corroborated,414-2024,145123,STATUS_FINAL,6-2 3-6 7-6,2024-05-08T09:05Z,R128,/Users/varma/Projects/DEUCE/.research/2026-09-06-model-foundation/runs/phase4/staging/espn-results-001/20240519.json,9338f6280b7426addf5ba35af2fa25a651b1908db09e3b5471b51a3b807a69f5,"[0, 0]"
2024,709,LS101,Magda Linette,Lin Zhu,315130,317306,R128,6-3 6-2,completed,absent,2024-05-07,2024-05-19,2024-05-08T12:34:06.437+00:00,False,2024-05-08T14:06:52.837+00:00,False,data/raw/wta/stats/_httpcache/2024/798d9cad4927c02506e5eb48c1f0525c863cc74a40e04060fef3642115497546.json,55c4d88d35a1280679fb2a529e208286333082feca4b0608d7abd7edba09d460,1,,,,,False,False,unmatched,,,,,,,,,
2024,709,LS102,Mayar Sherif,Petra Martic,318711,313711,R128,6-2 6-2,completed,absent,2024-05-07,2024-05-19,2024-05-08T13:45:24.05+00:00,False,2024-05-08T16:59:10.597+00:00,False,data/raw/wta/stats/_httpcache/2024/798d9cad4927c02506e5eb48c1f0525c863cc74a40e04060fef3642115497546.json,55c4d88d35a1280679fb2a529e208286333082feca4b0608d7abd7edba09d460,1,,,,,False,False,corroborated,414-2024,145141,STATUS_FINAL,6-2 6-2,2024-05-08T13:55Z,R128,/Users/varma/Projects/DEUCE/.research/2026-09-06-model-foundation/runs/phase4/staging/espn-results-001/20240519.json,9338f6280b7426addf5ba35af2fa25a651b1908db09e3b5471b51a3b807a69f5,"[0, 0]"
2024,709,LS105,Anna Blinkova,Diane Parry,324267,327077,R128,6-2 6-3,completed,absent,2024-05-07,2024-05-19,2024-05-08T10:40:00.917+00:00,False,2024-05-08T12:11:31.94+00:00,False,data/raw/wta/stats/_httpcache/2024/798d9cad4927c02506e5eb48c1f0525c863cc74a40e04060fef3642115497546.json,55c4d88d35a1280679fb2a529e208286333082feca4b0608d7abd7edba09d460,1,,,,,False,False,corroborated,414-2024,145142,STATUS_FINAL,6-2 6-3,2024-05-08T10:55Z,R128,/Users/varma/Projects/DEUCE/.research/2026-09-06-model-foundation/runs/phase4/staging/espn-results-001/20240519.json,9338f6280b7426addf5ba35af2fa25a651b1908db09e3b5471b51a3b807a69f5,"[0, 0]"
2024,709,LS106,Elisabetta Cocciaretto,Renata Zarazua,327909,320716,R128,4-6 7-5 6-3,completed,absent,2024-05-07,2024-05-19,2024-05-08T17:12:17.44+00:00,False,2024-05-09T13:08:55.563+00:00,False,data/raw/wta/stats/_httpcache/2024/798d9cad4927c02506e5eb48c1f0525c863cc74a40e04060fef3642115497546.json,55c4d88d35a1280679fb2a529e208286333082feca4b0608d7abd7edba09d460,1,,,,,False,False,corroborated,414-2024,145131,STATUS_FINAL,4-6 7-5 6-3,2024-05-09T10:50Z,R128,/Users/varma/Projects/DEUCE/.research/2026-09-06-model-foundation/runs/phase4/staging/espn-results-001/20240519.json,9338f6280b7426addf5ba35af2fa25a651b1908db09e3b5471b51a3b807a69f5,"[0, 0]"
2024,709,LS109,Katerina Siniakova,Nuria Brancaccio,320301,325433,R128,6-4 6-2,completed,absent,2024-05-07,2024-05-19,2024-05-08T13:28:23.37+00:00,False,2024-05-08T17:09:12.097+00:00,False,data/raw/wta/stats/_httpcache/2024/798d9cad4927c02506e5eb48c1f0525c863cc74a40e04060fef3642115497546.json,55c4d88d35a1280679fb2a529e208286333082feca4b0608d7abd7edba09d460,1,,,,,False,False,corroborated,414-2024,145136,STATUS_FINAL,6-4 6-2,2024-05-08T13:40Z,R128,/Users/varma/Projects/DEUCE/.research/2026-09-06-model-foundation/runs/phase4/staging/espn-results-001/20240519.json,9338f6280b7426addf5ba35af2fa25a651b1908db09e3b5471b51a3b807a69f5,"[0, 0]"
2024,709,LS110,Irina-Camelia Begu,Rebeka Masarova,313169,322087,R128,5-7 6-3 6-4,completed,absent,2024-05-07,2024-05-19,2024-05-08T13:58:21.76+00:00,False,2024-05-09T11:49:40.557+00:00,False,data/raw/wta/stats/_httpcache/2024/798d9cad4927c02506e5eb48c1f0525c863cc74a40e04060fef3642115497546.json,55c4d88d35a1280679fb2a529e208286333082feca4b0608d7abd7edba09d460,1,,,,,False,False,corroborated,414-2024,145135,STATUS_FINAL,5-7 6-3 6-4,2024-05-09T10:50Z,R128,/Users/varma/Projects/DEUCE/.research/2026-09-06-model-foundation/runs/phase4/staging/espn-results-001/20240519.json,9338f6280b7426addf5ba35af2fa25a651b1908db09e3b5471b51a3b807a69f5,"[0, 0]"
2024,709,LS113,Sofia Kenin,Lucia Bronzetti,320942,322280,R128,6-3 6-2,completed,absent,2024-05-07,2024-05-19,2024-05-08T14:12:03.617+00:00,False,2024-05-08T17:53:22.153+00:00,False,data/raw/wta/stats/_httpcache/2024/798d9cad4927c02506e5eb48c1f0525c863cc74a40e04060fef3642115497546.json,55c4d88d35a1280679fb2a529e208286333082feca4b0608d7abd7edba09d460,1,,,,,False,False,corroborated,414-2024,145159,STATUS_FINAL,6-3 6-2,2024-05-08T14:25Z,R128,/Users/varma/Projects/DEUCE/.research/2026-09-06-model-foundation/runs/phase4/staging/espn-results-001/20240519.json,9338f6280b7426addf5ba35af2fa25a651b1908db09e3b5471b51a3b807a69f5,"[0, 0]"
2024,709,LS114,Rebecca Sramkova,Giorgia Pedone,320228,330372,R128,6-4 6-1,completed,present,2024-05-07,2024-05-19,2024-05-09T10:47:55.89+00:00,False,2024-05-09T12:24:12.05+00:00,False,data/raw/wta/stats/_httpcache/2024/798d9cad4927c02506e5eb48c1f0525c863cc74a40e04060fef3642115497546.json,55c4d88d35a1280679fb2a529e208286333082feca4b0608d7abd7edba09d460,1,133927.0,True,2024-05-09,stats,False,False,corroborated,414-2024,145157,STATUS_FINAL,6-4 6-1,2024-05-09T11:00Z,R128,/Users/varma/Projects/DEUCE/.research/2026-09-06-model-foundation/runs/phase4/staging/espn-results-001/20240519.json,9338f6280b7426addf5ba35af2fa25a651b1908db09e3b5471b51a3b807a69f5,"[0, 0]"
2024,709,LS117,Sara Sorribes Tormo,Nadia Podoroska,318872,319112,R128,6-4 6-3,completed,absent,2024-05-07,2024-05-19,2024-05-08T17:03:21.69+00:00,False,2024-05-09T12:06:16.363+00:00,False,data/raw/wta/stats/_httpcache/2024/798d9cad4927c02506e5eb48c1f0525c863cc74a40e04060fef3642115497546.json,55c4d88d35a1280679fb2a529e208286333082feca4b0608d7abd7edba09d460,1,,,,,False,False,corroborated,414-2024,145145,STATUS_FINAL,6-4 6-3,2024-05-09T10:40Z,R128,/Users/varma/Projects/DEUCE/.research/2026-09-06-model-foundation/runs/phase4/staging/espn-results-001/20240519.json,9338f6280b7426addf5ba35af2fa25a651b1908db09e3b5471b51a3b807a69f5,"[0, 0]"
2024,709,LS118,Anastasia Potapova,Xiyu Wang,325601,326160,R128,6-1 7-5,completed,absent,2024-05-07,2024-05-19,2024-05-09T11:20:00.393+00:00,False,2024-05-09T13:08:08.603+00:00,False,data/raw/wta/stats/_httpcache/2024/798d9cad4927c02506e5eb48c1f0525c863cc74a40e04060fef3642115497546.json,55c4d88d35a1280679fb2a529e208286333082feca4b0608d7abd7edba09d460,1,,,,,False,False,corroborated,414-2024,145148,STATUS_FINAL,6-1 7-5,2024-05-09T11:35Z,R128,/Users/varma/Projects/DEUCE/.research/2026-09-06-model-foundation/runs/phase4/staging/espn-results-001/20240519.json,9338f6280b7426addf5ba35af2fa25a651b1908db09e3b5471b51a3b807a69f5,"[0, 0]"
2024,709,LS121,Sara Errani,Amanda Anisimova,310761,326384,R128,4-6 6-2 6-1,completed,absent,2024-05-07,2024-05-19,2024-05-09T12:09:27.027+00:00,False,2024-05-09T14:15:59.78+00:00,False,data/raw/wta/stats/_httpcache/2024/798d9cad4927c02506e5eb48c1f0525c863cc74a40e04060fef3642115497546.json,55c4d88d35a1280679fb2a529e208286333082feca4b0608d7abd7edba09d460,1,,,,,False,False,corroborated,414-2024,145150,STATUS_FINAL,4-6 6-2 6-1,2024-05-09T12:20Z,R128,/Users/varma/Projects/DEUCE/.research/2026-09-06-model-foundation/runs/phase4/staging/espn-results-001/20240519.json,9338f6280b7426addf5ba35af2fa25a651b1908db09e3b5471b51a3b807a69f5,"[0, 0]"
2024,709,LS122,Clara Tauson,Daria Saville,327793,315997,R128,6-2 6-3,completed,absent,2024-05-07,2024-05-19,2024-05-08T17:40:03.1+00:00,False,2024-05-09T13:32:17.447+00:00,False,data/raw/wta/stats/_httpcache/2024/798d9cad4927c02506e5eb48c1f0525c863cc74a40e04060fef3642115497546.json,55c4d88d35a1280679fb2a529e208286333082feca4b0608d7abd7edba09d460,1,,,,,False,False,corroborated,414-2024,145156,STATUS_FINAL,6-2 6-3,2024-05-09T12:10Z,R128,/Users/varma/Projects/DEUCE/.research/2026-09-06-model-foundation/runs/phase4/staging/espn-results-001/20240519.json,9338f6280b7426addf5ba35af2fa25a651b1908db09e3b5471b51a3b807a69f5,"[0, 0]"
2024,709,LS125,Laura Siegemund,Maria Lourdes Carle,310926,322638,R128,2-6 6-4 6-4,completed,absent,2024-05-07,2024-05-19,2024-05-08T13:40:18.743+00:00,False,2024-05-09T11:54:36.877+00:00,False,data/raw/wta/stats/_httpcache/2024/798d9cad4927c02506e5eb48c1f0525c863cc74a40e04060fef3642115497546.json,55c4d88d35a1280679fb2a529e208286333082feca4b0608d7abd7edba09d460,1,,,,,False,False,corroborated,414-2024,145112,STATUS_FINAL,2-6 6-4 6-4,2024-05-09T11:25Z,R128,/Users/varma/Projects/DEUCE/.research/2026-09-06-model-foundation/runs/phase4/staging/espn-results-001/20240519.json,9338f6280b7426addf5ba35af2fa25a651b1908db09e3b5471b51a3b807a69f5,"[0, 0]"
2024,709,LS126,Katie Volynets,Yafan Wang,327391,317510,R128,7-6(6) 6-1,completed,absent,2024-05-07,2024-05-19,2024-05-09T13:10:46.947+00:00,False,2024-05-09T16:56:11.033+00:00,False,data/raw/wta/stats/_httpcache/2024/798d9cad4927c02506e5eb48c1f0525c863cc74a40e04060fef3642115497546.json,55c4d88d35a1280679fb2a529e208286333082feca4b0608d7abd7edba09d460,1,,,,,False,False,unmatched,,,,,,,,,
2024,902,LS001,Danielle Collins,Elena Rybakina,316925,324166,F,7-5 6-3,completed,absent,2024-03-19,2024-03-31,2024-03-30T18:50:14.493+00:00,False,2024-03-30T21:10:14.89+00:00,False,data/raw/wta/stats/_httpcache/2024/b185b2f4c601dac815da5f2eb738ad2ff3bb1597afb5b5e49f19077588ec480f.json,1b8f8098b57a94bdc65280d859b166225f057675a7e7ba56b947d53cc3337227,1,,,,,False,False,corroborated,713-2024,143103,STATUS_FINAL,7-5 6-3,2024-03-30T19:10Z,F,/Users/varma/Projects/DEUCE/.research/2026-09-06-model-foundation/runs/phase4/staging/espn-results-001/20240331.json,572d5bf527d537926ca800a25f86c5dffd37b84bad116ac7bd2f98762bca0a78,"[0, 0]"
2024,902,LS002,Danielle Collins,Ekaterina Alexandrova,316925,319007,SF,6-3 6-2,completed,absent,2024-03-19,2024-03-31,2024-03-29T00:49:30.797+00:00,False,2024-03-29T02:19:23.14+00:00,False,data/raw/wta/stats/_httpcache/2024/b185b2f4c601dac815da5f2eb738ad2ff3bb1597afb5b5e49f19077588ec480f.json,1b8f8098b57a94bdc65280d859b166225f057675a7e7ba56b947d53cc3337227,1,,,,,False,False,corroborated,713-2024,143093,STATUS_FINAL,6-3 6-2,2024-03-29T01:05Z,SF,/Users/varma/Projects/DEUCE/.research/2026-09-06-model-foundation/runs/phase4/staging/espn-results-001/20240331.json,572d5bf527d537926ca800a25f86c5dffd37b84bad116ac7bd2f98762bca0a78,"[0, 0]"
2024,902,LS003,Elena Rybakina,Victoria Azarenka,324166,312001,SF,6-4 0-6 7-6(2),completed,absent,2024-03-19,2024-03-31,2024-03-28T18:56:11.353+00:00,False,2024-03-28T21:44:53.927+00:00,False,data/raw/wta/stats/_httpcache/2024/b185b2f4c601dac815da5f2eb738ad2ff3bb1597afb5b5e49f19077588ec480f.json,1b8f8098b57a94bdc65280d859b166225f057675a7e7ba56b947d53cc3337227,1,,,,,False,False,corroborated,713-2024,143092,STATUS_FINAL,6-4 0-6 7-6,2024-03-28T19:10Z,SF,/Users/varma/Projects/DEUCE/.research/2026-09-06-model-foundation/runs/phase4/staging/espn-results-001/20240331.json,572d5bf527d537926ca800a25f86c5dffd37b84bad116ac7bd2f98762bca0a78,"[0, 0]"
2024,902,LS004,Ekaterina Alexandrova,Jessica Pegula,319007,316956,QF,3-6 6-4 6-4,completed,absent,2024-03-19,2024-03-31,2024-03-27T22:51:50.22+00:00,False,2024-03-28T01:06:27.533+00:00,False,data/raw/wta/stats/_httpcache/2024/b185b2f4c601dac815da5f2eb738ad2ff3bb1597afb5b5e49f19077588ec480f.json,1b8f8098b57a94bdc65280d859b166225f057675a7e7ba56b947d53cc3337227,1,,,,,False,False,corroborated,713-2024,143097,STATUS_FINAL,3-6 6-4 6-4,2024-03-27T23:00Z,QF,/Users/varma/Projects/DEUCE/.research/2026-09-06-model-foundation/runs/phase4/staging/espn-results-001/20240331.json,572d5bf527d537926ca800a25f86c5dffd37b84bad116ac7bd2f98762bca0a78,"[0, 0]"
2024,902,LS005,Danielle Collins,Caroline Garcia,316925,315391,QF,6-3 6-2,completed,absent,2024-03-19,2024-03-31,2024-03-27T16:47:59.16+00:00,False,2024-03-27T18:29:12.963+00:00,False,data/raw/wta/stats/_httpcache/2024/b185b2f4c601dac815da5f2eb738ad2ff3bb1597afb5b5e49f19077588ec480f.json,1b8f8098b57a94bdc65280d859b166225f057675a7e7ba56b947d53cc3337227,1,,,,,False,False,corroborated,713-2024,143096,STATUS_FINAL,6-3 6-2,2024-03-27T17:05Z,QF,/Users/varma/Projects/DEUCE/.research/2026-09-06-model-foundation/runs/phase4/staging/espn-results-001/20240331.json,572d5bf527d537926ca800a25f86c5dffd37b84bad116ac7bd2f98762bca0a78,"[0, 0]"
2024,902,LS006,Elena Rybakina,Maria Sakkari,324166,318312,QF,7-5 6-7(4) 6-4,completed,absent,2024-03-19,2024-03-31,2024-03-26T23:52:43.913+00:00,False,2024-03-27T02:56:37.41+00:00,False,data/raw/wta/stats/_httpcache/2024/b185b2f4c601dac815da5f2eb738ad2ff3bb1597afb5b5e49f19077588ec480f.json,1b8f8098b57a94bdc65280d859b166225f057675a7e7ba56b947d53cc3337227,1,,,,,False,False,corroborated,713-2024,143095,STATUS_FINAL,7-5 6-7 6-4,2024-03-27T00:05Z,QF,/Users/varma/Projects/DEUCE/.research/2026-09-06-model-foundation/runs/phase4/staging/espn-results-001/20240331.json,572d5bf527d537926ca800a25f86c5dffd37b84bad116ac7bd2f98762bca0a78,"[0, 0]"
2024,902,LS007,Victoria Azarenka,Yulia Putintseva,312001,317683,QF,7-6(4) 1-6 6-3,completed,absent,2024-03-19,2024-03-31,2024-03-26T17:56:45.703+00:00,False,2024-03-26T21:55:36.84+00:00,False,data/raw/wta/stats/_httpcache/2024/b185b2f4c601dac815da5f2eb738ad2ff3bb1597afb5b5e49f19077588ec480f.json,1b8f8098b57a94bdc65280d859b166225f057675a7e7ba56b947d53cc3337227,1,,,,,False,False,corroborated,713-2024,143094,STATUS_FINAL,7-6 1-6 6-3,2024-03-26T18:10Z,QF,/Users/varma/Projects/DEUCE/.research/2026-09-06-model-foundation/runs/phase4/staging/espn-results-001/20240331.json,572d5bf527d537926ca800a25f86c5dffd37b84bad116ac7bd2f98762bca0a78,"[0, 0]"
2024,902,LS008,Ekaterina Alexandrova,Iga Swiatek,319007,326408,R16,6-4 6-2,completed,absent,2024-03-19,2024-03-31,2024-03-26T00:26:10.973+00:00,False,2024-03-26T02:09:40.14+00:00,False,data/raw/wta/stats/_httpcache/2024/b185b2f4c601dac815da5f2eb738ad2ff3bb1597afb5b5e49f19077588ec480f.json,1b8f8098b57a94bdc65280d859b166225f057675a7e7ba56b947d53cc3337227,1,,,,,False,False,corroborated,713-2024,143091,STATUS_FINAL,6-4 6-2,2024-03-26T00:40Z,R16,/Users/varma/Projects/DEUCE/.research/2026-09-06-model-foundation/runs/phase4/staging/espn-results-001/20240331.json,572d5bf527d537926ca800a25f86c5dffd37b84bad116ac7bd2f98762bca0a78,"[0, 0]"
2024,902,LS009,Jessica Pegula,Emma Navarro,316956,325410,R16,7-6(1) 6-3,completed,absent,2024-03-19,2024-03-31,2024-03-26T00:00:25.81+00:00,False,2024-03-26T01:40:28.333+00:00,False,data/raw/wta/stats/_httpcache/2024/b185b2f4c601dac815da5f2eb738ad2ff3bb1597afb5b5e49f19077588ec480f.json,1b8f8098b57a94bdc65280d859b166225f057675a7e7ba56b947d53cc3337227,1,,,,,False,False,corroborated,713-2024,143090,STATUS_FINAL,7-6 6-3,2024-03-26T00:05Z,R16,/Users/varma/Projects/DEUCE/.research/2026-09-06-model-foundation/runs/phase4/staging/espn-results-001/20240331.json,572d5bf527d537926ca800a25f86c5dffd37b84bad116ac7bd2f98762bca0a78,"[0, 0]"
2024,902,LS010,Caroline Garcia,Coco Gauff,315391,328560,R16,6-3 1-6 6-2,completed,absent,2024-03-19,2024-03-31,2024-03-25T19:40:12.057+00:00,False,2024-03-25T21:40:36.393+00:00,False,data/raw/wta/stats/_httpcache/2024/b185b2f4c601dac815da5f2eb738ad2ff3bb1597afb5b5e49f19077588ec480f.json,1b8f8098b57a94bdc65280d859b166225f057675a7e7ba56b947d53cc3337227,1,,,,,False,False,corroborated,713-2024,143089,STATUS_FINAL,6-3 1-6 6-2,2024-03-25T19:55Z,R16,/Users/varma/Projects/DEUCE/.research/2026-09-06-model-foundation/runs/phase4/staging/espn-results-001/20240331.json,572d5bf527d537926ca800a25f86c5dffd37b84bad116ac7bd2f98762bca0a78,"[0, 0]"
2024,902,LS011,Danielle Collins,Sorana Cirstea,316925,312469,R16,6-3 6-2,completed,absent,2024-03-19,2024-03-31,2024-03-25T21:24:55.883+00:00,False,2024-03-25T23:06:29.757+00:00,False,data/raw/wta/stats/_httpcache/2024/b185b2f4c601dac815da5f2eb738ad2ff3bb1597afb5b5e49f19077588ec480f.json,1b8f8098b57a94bdc65280d859b166225f057675a7e7ba56b947d53cc3337227,1,,,,,False,False,corroborated,713-2024,143102,STATUS_FINAL,6-3 6-2,2024-03-25T21:35Z,R16,/Users/varma/Projects/DEUCE/.research/2026-09-06-model-foundation/runs/phase4/staging/espn-results-001/20240331.json,572d5bf527d537926ca800a25f86c5dffd37b84bad116ac7bd2f98762bca0a78,"[0, 0]"
2024,902,LS013,Elena Rybakina,Madison Keys,324166,316959,R16,6-3 7-5,completed,absent,2024-03-19,2024-03-31,2024-03-25T18:00:24.24+00:00,False,2024-03-25T19:36:59.437+00:00,False,data/raw/wta/stats/_httpcache/2024/b185b2f4c601dac815da5f2eb738ad2ff3bb1597afb5b5e49f19077588ec480f.json,1b8f8098b57a94bdc65280d859b166225f057675a7e7ba56b947d53cc3337227,1,,,,,False,False,corroborated,713-2024,143100,STATUS_FINAL,6-3 7-5,2024-03-25T18:10Z,R16,/Users/varma/Projects/DEUCE/.research/2026-09-06-model-foundation/runs/phase4/staging/espn-results-001/20240331.json,572d5bf527d537926ca800a25f86c5dffd37b84bad116ac7bd2f98762bca0a78,"[0, 0]"
2024,902,LS014,Victoria Azarenka,Katie Boulter,312001,319125,R16,7-5 6-1,completed,absent,2024-03-19,2024-03-31,2024-03-25T19:12:42.043+00:00,False,2024-03-25T21:21:31.23+00:00,False,data/raw/wta/stats/_httpcache/2024/b185b2f4c601dac815da5f2eb738ad2ff3bb1597afb5b5e49f19077588ec480f.json,1b8f8098b57a94bdc65280d859b166225f057675a7e7ba56b947d53cc3337227,1,,,,,False,False,corroborated,713-2024,143099,STATUS_FINAL,7-5 6-1,2024-03-25T19:30Z,R16,/Users/varma/Projects/DEUCE/.research/2026-09-06-model-foundation/runs/phase4/staging/espn-results-001/20240331.json,572d5bf527d537926ca800a25f86c5dffd37b84bad116ac7bd2f98762bca0a78,"[0, 0]"
2024,902,LS015,Yulia Putintseva,Anhelina Kalinina,317683,320567,R16,6-4 7-6(5),completed,absent,2024-03-19,2024-03-31,2024-03-25T16:28:07.7+00:00,False,2024-03-25T19:10:05.487+00:00,False,data/raw/wta/stats/_httpcache/2024/b185b2f4c601dac815da5f2eb738ad2ff3bb1597afb5b5e49f19077588ec480f.json,1b8f8098b57a94bdc65280d859b166225f057675a7e7ba56b947d53cc3337227,1,,,,,False,False,corroborated,713-2024,143098,STATUS_FINAL,6-4 7-6,2024-03-25T16:40Z,R16,/Users/varma/Projects/DEUCE/.research/2026-09-06-model-foundation/runs/phase4/staging/espn-results-001/20240331.json,572d5bf527d537926ca800a25f86c5dffd37b84bad116ac7bd2f98762bca0a78,"[0, 0]"
2024,902,LS016,Iga Swiatek,Linda Noskova,326408,329668,R32,6-7(7) 6-4 6-4,completed,absent,2024-03-19,2024-03-31,2024-03-24T22:49:30.167+00:00,False,2024-03-25T01:54:49.653+00:00,False,data/raw/wta/stats/_httpcache/2024/b185b2f4c601dac815da5f2eb738ad2ff3bb1597afb5b5e49f19077588ec480f.json,1b8f8098b57a94bdc65280d859b166225f057675a7e7ba56b947d53cc3337227,1,,,,,False,False,corroborated,713-2024,143079,STATUS_FINAL,6-7 6-4 6-4,2024-03-24T23:10Z,R32,/Users/varma/Projects/DEUCE/.research/2026-09-06-model-foundation/runs/phase4/staging/espn-results-001/20240331.json,572d5bf527d537926ca800a25f86c5dffd37b84bad116ac7bd2f98762bca0a78,"[0, 0]"
2024,902,LS017,Ekaterina Alexandrova,Anastasia Pavlyuchenkova,319007,313796,R32,6-4 3-6 6-3,completed,absent,2024-03-19,2024-03-31,2024-03-24T16:40:05.707+00:00,False,2024-03-24T19:01:11.29+00:00,False,data/raw/wta/stats/_httpcache/2024/b185b2f4c601dac815da5f2eb738ad2ff3bb1597afb5b5e49f19077588ec480f.json,1b8f8098b57a94bdc65280d859b166225f057675a7e7ba56b947d53cc3337227,1,,,,,False,False,corroborated,713-2024,143078,STATUS_FINAL,6-4 3-6 6-3,2024-03-24T16:55Z,R32,/Users/varma/Projects/DEUCE/.research/2026-09-06-model-foundation/runs/phase4/staging/espn-results-001/20240331.json,572d5bf527d537926ca800a25f86c5dffd37b84bad116ac7bd2f98762bca0a78,"[0, 0]"
2024,902,LS018,Emma Navarro,Jasmine Paolini,325410,319280,R32,6-2 3-6 6-0,completed,absent,2024-03-19,2024-03-31,2024-03-24T14:52:58.73+00:00,False,2024-03-24T17:06:00.423+00:00,False,data/raw/wta/stats/_httpcache/2024/b185b2f4c601dac815da5f2eb738ad2ff3bb1597afb5b5e49f19077588ec480f.json,1b8f8098b57a94bdc65280d859b166225f057675a7e7ba56b947d53cc3337227,1,,,,,False,False,corroborated,713-2024,143077,STATUS_FINAL,6-2 3-6 6-0,2024-03-24T15:15Z,R32,/Users/varma/Projects/DEUCE/.research/2026-09-06-model-foundation/runs/phase4/staging/espn-results-001/20240331.json,572d5bf527d537926ca800a25f86c5dffd37b84bad116ac7bd2f98762bca0a78,"[0, 0]"
2024,902,LS019,Jessica Pegula,Leylah Fernandez,316956,326735,R32,7-5 6-4,completed,absent,2024-03-19,2024-03-31,2024-03-24T17:20:50.293+00:00,False,2024-03-24T19:22:23.31+00:00,False,data/raw/wta/stats/_httpcache/2024/b185b2f4c601dac815da5f2eb738ad2ff3bb1597afb5b5e49f19077588ec480f.json,1b8f8098b57a94bdc65280d859b166225f057675a7e7ba56b947d53cc3337227,1,,,,,False,False,corroborated,713-2024,143076,STATUS_FINAL,7-5 6-4,2024-03-24T17:40Z,R32,/Users/varma/Projects/DEUCE/.research/2026-09-06-model-foundation/runs/phase4/staging/espn-results-001/20240331.json,572d5bf527d537926ca800a25f86c5dffd37b84bad116ac7bd2f98762bca0a78,"[0, 0]"
2024,902,LS020,Coco Gauff,Oceane Dodin,328560,319436,R32,6-4 6-0,completed,absent,2024-03-19,2024-03-31,2024-03-24T15:52:27.783+00:00,False,2024-03-24T17:12:36.587+00:00,False,data/raw/wta/stats/_httpcache/2024/b185b2f4c601dac815da5f2eb738ad2ff3bb1597afb5b5e49f19077588ec480f.json,1b8f8098b57a94bdc65280d859b166225f057675a7e7ba56b947d53cc3337227,1,,,,,False,False,corroborated,713-2024,143075,STATUS_FINAL,6-4 6-0,2024-03-24T16:10Z,R32,/Users/varma/Projects/DEUCE/.research/2026-09-06-model-foundation/runs/phase4/staging/espn-results-001/20240331.json,572d5bf527d537926ca800a25f86c5dffd37b84bad116ac7bd2f98762bca0a78,"[0, 0]"
2024,902,LS021,Caroline Garcia,Naomi Osaka,315391,319998,R32,7-6(4) 7-5,completed,absent,2024-03-19,2024-03-31,2024-03-24T19:26:58.367+00:00,False,2024-03-24T21:56:50.967+00:00,False,data/raw/wta/stats/_httpcache/2024/b185b2f4c601dac815da5f2eb738ad2ff3bb1597afb5b5e49f19077588ec480f.json,1b8f8098b57a94bdc65280d859b166225f057675a7e7ba56b947d53cc3337227,1,,,,,False,False,corroborated,713-2024,143080,STATUS_FINAL,7-6 7-5,2024-03-24T19:45Z,R32,/Users/varma/Projects/DEUCE/.research/2026-09-06-model-foundation/runs/phase4/staging/espn-results-001/20240331.json,572d5bf527d537926ca800a25f86c5dffd37b84bad116ac7bd2f98762bca0a78,"[0, 0]"
2024,902,LS022,Sorana Cirstea,Daria Kasatkina,312469,322082,R32,7-5 6-2,completed,absent,2024-03-19,2024-03-31,2024-03-24T14:45:37.323+00:00,False,2024-03-24T16:37:07.9+00:00,False,data/raw/wta/stats/_httpcache/2024/b185b2f4c601dac815da5f2eb738ad2ff3bb1597afb5b5e49f19077588ec480f.json,1b8f8098b57a94bdc65280d859b166225f057675a7e7ba56b947d53cc3337227,1,,,,,False,False,corroborated,713-2024,143074,STATUS_FINAL,7-5 6-2,2024-03-24T15:10Z,R32,/Users/varma/Projects/DEUCE/.research/2026-09-06-model-foundation/runs/phase4/staging/espn-results-001/20240331.json,572d5bf527d537926ca800a25f86c5dffd37b84bad116ac7bd2f98762bca0a78,"[0, 0]"
2024,902,LS023,Danielle Collins,Elina Avanesyan,316925,327620,R32,6-1 6-2,completed,absent,2024-03-19,2024-03-31,2024-03-24T21:58:22.403+00:00,False,2024-03-24T23:29:25.68+00:00,False,data/raw/wta/stats/_httpcache/2024/b185b2f4c601dac815da5f2eb738ad2ff3bb1597afb5b5e49f19077588ec480f.json,1b8f8098b57a94bdc65280d859b166225f057675a7e7ba56b947d53cc3337227,1,,,,,False,False,corroborated,713-2024,143073,STATUS_FINAL,6-1 6-2,2024-03-24T22:20Z,R32,/Users/varma/Projects/DEUCE/.research/2026-09-06-model-foundation/runs/phase4/staging/espn-results-001/20240331.json,572d5bf527d537926ca800a25f86c5dffd37b84bad116ac7bd2f98762bca0a78,"[0, 0]"
2024,902,LS024,Maria Sakkari,Dayana Yastremska,318312,324261,R32,7-5 6-4,completed,absent,2024-03-19,2024-03-31,2024-03-23T23:15:37.167+00:00,False,2024-03-24T01:40:58.373+00:00,False,data/raw/wta/stats/_httpcache/2024/b185b2f4c601dac815da5f2eb738ad2ff3bb1597afb5b5e49f19077588ec480f.json,1b8f8098b57a94bdc65280d859b166225f057675a7e7ba56b947d53cc3337227,1,,,,,False,False,corroborated,713-2024,143088,STATUS_FINAL,7-5 6-4,2024-03-23T23:35Z,R32,/Users/varma/Projects/DEUCE/.research/2026-09-06-model-foundation/runs/phase4/staging/espn-results-001/20240331.json,572d5bf527d537926ca800a25f86c5dffd37b84bad116ac7bd2f98762bca0a78,"[0, 0]"
2024,902,LS025,Anna Kalinskaya,Jelena Ostapenko,323942,319939,R32,6-3 6-1,completed,absent,2024-03-19,2024-03-31,2024-03-24T01:44:20.923+00:00,False,2024-03-24T03:06:09.643+00:00,False,data/raw/wta/stats/_httpcache/2024/b185b2f4c601dac815da5f2eb738ad2ff3bb1597afb5b5e49f19077588ec480f.json,1b8f8098b57a94bdc65280d859b166225f057675a7e7ba56b947d53cc3337227,1,,,,,False,False,corroborated,713-2024,143087,STATUS_FINAL,6-3 6-1,2024-03-24T01:50Z,R32,/Users/varma/Projects/DEUCE/.research/2026-09-06-model-foundation/runs/phase4/staging/espn-results-001/20240331.json,572d5bf527d537926ca800a25f86c5dffd37b84bad116ac7bd2f98762bca0a78,"[0, 0]"
2024,902,LS026,Madison Keys,Xinyu Wang,316959,326376,R32,6-4 7-6(5),completed,present,2024-03-19,2024-03-31,2024-03-23T23:33:24.863+00:00,False,2024-03-24T01:27:38.46+00:00,False,data/raw/wta/stats/_httpcache/2024/b185b2f4c601dac815da5f2eb738ad2ff3bb1597afb5b5e49f19077588ec480f.json,1b8f8098b57a94bdc65280d859b166225f057675a7e7ba56b947d53cc3337227,1,133217.0,True,2024-03-23,stats,False,False,corroborated,713-2024,143086,STATUS_FINAL,6-4 7-6,2024-03-23T23:40Z,R32,/Users/varma/Projects/DEUCE/.research/2026-09-06-model-foundation/runs/phase4/staging/espn-results-001/20240331.json,572d5bf527d537926ca800a25f86c5dffd37b84bad116ac7bd2f98762bca0a78,"[0, 0]"
2024,902,LS027,Elena Rybakina,Taylor Townsend,324166,318609,R32,6-3 6-7(3) 6-4,completed,absent,2024-03-19,2024-03-31,2024-03-24T00:48:56.58+00:00,False,2024-03-24T03:18:41.183+00:00,False,data/raw/wta/stats/_httpcache/2024/b185b2f4c601dac815da5f2eb738ad2ff3bb1597afb5b5e49f19077588ec480f.json,1b8f8098b57a94bdc65280d859b166225f057675a7e7ba56b947d53cc3337227,1,,,,,False,False,corroborated,713-2024,143085,STATUS_FINAL,6-3 6-7 6-4,2024-03-24T00:55Z,R32,/Users/varma/Projects/DEUCE/.research/2026-09-06-model-foundation/runs/phase4/staging/espn-results-001/20240331.json,572d5bf527d537926ca800a25f86c5dffd37b84bad116ac7bd2f98762bca0a78,"[0, 0]"
2024,902,LS028,Victoria Azarenka,Qinwen Zheng,312001,328120,R32,6-4 7-5,completed,absent,2024-03-19,2024-03-31,2024-03-23T20:51:21.63+00:00,False,2024-03-23T23:27:56.553+00:00,False,data/raw/wta/stats/_httpcache/2024/b185b2f4c601dac815da5f2eb738ad2ff3bb1597afb5b5e49f19077588ec480f.json,1b8f8098b57a94bdc65280d859b166225f057675a7e7ba56b947d53cc3337227,1,,,,,False,False,corroborated,713-2024,143084,STATUS_FINAL,6-4 7-5,2024-03-23T21:30Z,R32,/Users/varma/Projects/DEUCE/.research/2026-09-06-model-foundation/runs/phase4/staging/espn-results-001/20240331.json,572d5bf527d537926ca800a25f86c5dffd37b84bad116ac7bd2f98762bca0a78,"[0, 0]"
2024,902,LS029,Katie Boulter,Beatriz Haddad Maia,319125,318176,R32,6-2 6-3,completed,absent,2024-03-19,2024-03-31,2024-03-24T01:41:52.767+00:00,False,2024-03-24T03:26:30.553+00:00,False,data/raw/wta/stats/_httpcache/2024/b185b2f4c601dac815da5f2eb738ad2ff3bb1597afb5b5e49f19077588ec480f.json,1b8f8098b57a94bdc65280d859b166225f057675a7e7ba56b947d53cc3337227,1,,,,,False,False,corroborated,713-2024,143083,STATUS_FINAL,6-2 6-3,2024-03-24T01:50Z,R32,/Users/varma/Projects/DEUCE/.research/2026-09-06-model-foundation/runs/phase4/staging/espn-results-001/20240331.json,572d5bf527d537926ca800a25f86c5dffd37b84bad116ac7bd2f98762bca0a78,"[0, 0]"
2024,902,LS030,Yulia Putintseva,Greet Minnen,317683,321454,R32,6-2 2-6 6-4,completed,absent,2024-03-19,2024-03-31,2024-03-24T01:35:01.8+00:00,False,2024-03-24T03:28:10.693+00:00,False,data/raw/wta/stats/_httpcache/2024/b185b2f4c601dac815da5f2eb738ad2ff3bb1597afb5b5e49f19077588ec480f.json,1b8f8098b57a94bdc65280d859b166225f057675a7e7ba56b947d53cc3337227,1,,,,,False,False,corroborated,713-2024,143082,STATUS_FINAL,6-2 2-6 6-4,2024-03-24T01:35Z,R32,/Users/varma/Projects/DEUCE/.research/2026-09-06-model-foundation/runs/phase4/staging/espn-results-001/20240331.json,572d5bf527d537926ca800a25f86c5dffd37b84bad116ac7bd2f98762bca0a78,"[0, 0]"
2024,902,LS031,Anhelina Kalinina,Aryna Sabalenka,320567,320760,R32,6-4 1-6 6-1,completed,absent,2024-03-19,2024-03-31,2024-03-24T01:19:58.23+00:00,False,2024-03-24T03:42:05.813+00:00,False,data/raw/wta/stats/_httpcache/2024/b185b2f4c601dac815da5f2eb738ad2ff3bb1597afb5b5e49f19077588ec480f.json,1b8f8098b57a94bdc65280d859b166225f057675a7e7ba56b947d53cc3337227,1,,,,,False,False,corroborated,713-2024,143081,STATUS_FINAL,6-4 1-6 6-1,2024-03-24T01:35Z,R32,/Users/varma/Projects/DEUCE/.research/2026-09-06-model-foundation/runs/phase4/staging/espn-results-001/20240331.json,572d5bf527d537926ca800a25f86c5dffd37b84bad116ac7bd2f98762bca0a78,"[0, 0]"
2024,902,LS032,Iga Swiatek,Camila Giorgi,326408,314610,R64,6-1 6-1,completed,absent,2024-03-19,2024-03-31,2024-03-23T21:51:52.497+00:00,False,2024-03-23T23:13:39.527+00:00,False,data/raw/wta/stats/_httpcache/2024/b185b2f4c601dac815da5f2eb738ad2ff3bb1597afb5b5e49f19077588ec480f.json,1b8f8098b57a94bdc65280d859b166225f057675a7e7ba56b947d53cc3337227,1,,,,,False,False,corroborated,713-2024,143047,STATUS_FINAL,6-1 6-1,2024-03-23T22:10Z,R64,/Users/varma/Projects/DEUCE/.research/2026-09-06-model-foundation/runs/phase4/staging/espn-results-001/20240331.json,572d5bf527d537926ca800a25f86c5dffd37b84bad116ac7bd2f98762bca0a78,"[0, 0]"
2024,902,LS033,Linda Noskova,Maria Timofeeva,329668,328896,R64,6-4 6-4,completed,absent,2024-03-19,2024-03-31,2024-03-23T20:14:45.993+00:00,False,2024-03-23T21:55:16.3+00:00,False,data/raw/wta/stats/_httpcache/2024/b185b2f4c601dac815da5f2eb738ad2ff3bb1597afb5b5e49f19077588ec480f.json,1b8f8098b57a94bdc65280d859b166225f057675a7e7ba56b947d53cc3337227,1,,,,,False,False,corroborated,713-2024,143046,STATUS_FINAL,6-4 6-4,2024-03-23T20:30Z,R64,/Users/varma/Projects/DEUCE/.research/2026-09-06-model-foundation/runs/phase4/staging/espn-results-001/20240331.json,572d5bf527d537926ca800a25f86c5dffd37b84bad116ac7bd2f98762bca0a78,"[0, 0]"
2024,902,LS034,Anastasia Pavlyuchenkova,Shelby Rogers,313796,317421,R64,6-2 6-1,completed,absent,2024-03-19,2024-03-31,2024-03-22T21:05:59.12+00:00,False,2024-03-22T22:53:35.75+00:00,False,data/raw/wta/stats/_httpcache/2024/b185b2f4c601dac815da5f2eb738ad2ff3bb1597afb5b5e49f19077588ec480f.json,1b8f8098b57a94bdc65280d859b166225f057675a7e7ba56b947d53cc3337227,1,,,,,False,False,corroborated,713-2024,143045,STATUS_FINAL,6-2 6-1,2024-03-22T21:35Z,R64,/Users/varma/Projects/DEUCE/.research/2026-09-06-model-foundation/runs/phase4/staging/espn-results-001/20240331.json,572d5bf527d537926ca800a25f86c5dffd37b84bad116ac7bd2f98762bca0a78,"[0, 0]"
2024,902,LS035,Ekaterina Alexandrova,Donna Vekic,319007,318516,R64,6-3 6-4,completed,absent,2024-03-19,2024-03-31,2024-03-22T20:58:01.057+00:00,False,2024-03-22T22:52:29.53+00:00,False,data/raw/wta/stats/_httpcache/2024/b185b2f4c601dac815da5f2eb738ad2ff3bb1597afb5b5e49f19077588ec480f.json,1b8f8098b57a94bdc65280d859b166225f057675a7e7ba56b947d53cc3337227,1,,,,,False,False,corroborated,713-2024,143044,STATUS_FINAL,6-3 6-4,2024-03-22T21:25Z,R64,/Users/varma/Projects/DEUCE/.research/2026-09-06-model-foundation/runs/phase4/staging/espn-results-001/20240331.json,572d5bf527d537926ca800a25f86c5dffd37b84bad116ac7bd2f98762bca0a78,"[0, 0]"
2024,902,LS036,Jasmine Paolini,Katie Volynets,319280,327391,R64,7-6(8) 7-5,completed,absent,2024-03-19,2024-03-31,2024-03-22T21:19:58.343+00:00,False,2024-03-23T18:44:37.893+00:00,False,data/raw/wta/stats/_httpcache/2024/b185b2f4c601dac815da5f2eb738ad2ff3bb1597afb5b5e49f19077588ec480f.json,1b8f8098b57a94bdc65280d859b166225f057675a7e7ba56b947d53cc3337227,1,,,,,False,False,corroborated,713-2024,143051,STATUS_FINAL,7-6 7-5,2024-03-23T18:25Z,R64,/Users/varma/Projects/DEUCE/.research/2026-09-06-model-foundation/runs/phase4/staging/espn-results-001/20240331.json,572d5bf527d537926ca800a25f86c5dffd37b84bad116ac7bd2f98762bca0a78,"[0, 0]"
2024,902,LS037,Emma Navarro,Storm Hunter,325410,317810,R64,6-4 6-3,completed,absent,2024-03-19,2024-03-31,2024-03-22T20:57:29.433+00:00,False,2024-03-22T22:42:00.963+00:00,False,data/raw/wta/stats/_httpcache/2024/b185b2f4c601dac815da5f2eb738ad2ff3bb1597afb5b5e49f19077588ec480f.json,1b8f8098b57a94bdc65280d859b166225f057675a7e7ba56b947d53cc3337227,1,,,,,False,False,corroborated,713-2024,143050,STATUS_FINAL,6-4 6-3,2024-03-22T21:10Z,R64,/Users/varma/Projects/DEUCE/.research/2026-09-06-model-foundation/runs/phase4/staging/espn-results-001/20240331.json,572d5bf527d537926ca800a25f86c5dffd37b84bad116ac7bd2f98762bca0a78,"[0, 0]"
2024,902,LS038,Leylah Fernandez,Emiliana Arango,326735,324789,R64,6-4 6-2,completed,absent,2024-03-19,2024-03-31,2024-03-23T18:00:44.117+00:00,False,2024-03-23T19:44:19.727+00:00,False,data/raw/wta/stats/_httpcache/2024/b185b2f4c601dac815da5f2eb738ad2ff3bb1597afb5b5e49f19077588ec480f.json,1b8f8098b57a94bdc65280d859b166225f057675a7e7ba56b947d53cc3337227,1,,,,,False,False,corroborated,713-2024,143049,STATUS_FINAL,6-4 6-2,2024-03-23T18:15Z,R64,/Users/varma/Projects/DEUCE/.research/2026-09-06-model-foundation/runs/phase4/staging/espn-results-001/20240331.json,572d5bf527d537926ca800a25f86c5dffd37b84bad116ac7bd2f98762bca0a78,"[0, 0]"
2024,902,LS040,Coco Gauff,Nadia Podoroska,328560,319112,R64,6-1 6-2,completed,absent,2024-03-19,2024-03-31,2024-03-22T20:59:38.56+00:00,False,2024-03-22T22:31:29.337+00:00,False,data/raw/wta/stats/_httpcache/2024/b185b2f4c601dac815da5f2eb738ad2ff3bb1597afb5b5e49f19077588ec480f.json,1b8f8098b57a94bdc65280d859b166225f057675a7e7ba56b947d53cc3337227,1,,,,,False,False,corroborated,713-2024,143058,STATUS_FINAL,6-1 6-2,2024-03-22T21:10Z,R64,/Users/varma/Projects/DEUCE/.research/2026-09-06-model-foundation/runs/phase4/staging/espn-results-001/20240331.json,572d5bf527d537926ca800a25f86c5dffd37b84bad116ac7bd2f98762bca0a78,"[0, 0]"
2024,902,LS041,Oceane Dodin,Arantxa Rus,319436,313349,R64,6-4 3-6 6-3,completed,absent,2024-03-19,2024-03-31,2024-03-22T21:08:55.703+00:00,False,2024-03-22T23:16:03.37+00:00,False,data/raw/wta/stats/_httpcache/2024/b185b2f4c601dac815da5f2eb738ad2ff3bb1597afb5b5e49f19077588ec480f.json,1b8f8098b57a94bdc65280d859b166225f057675a7e7ba56b947d53cc3337227,1,,,,,False,False,corroborated,713-2024,143057,STATUS_FINAL,6-4 3-6 6-3,2024-03-22T21:25Z,R64,/Users/varma/Projects/DEUCE/.research/2026-09-06-model-foundation/runs/phase4/staging/espn-results-001/20240331.json,572d5bf527d537926ca800a25f86c5dffd37b84bad116ac7bd2f98762bca0a78,"[0, 0]"
2024,902,LS043,Naomi Osaka,Elina Svitolina,319998,316738,R64,6-2 7-6(5),completed,absent,2024-03-19,2024-03-31,2024-03-23T21:48:45.72+00:00,False,2024-03-23T23:28:55.92+00:00,False,data/raw/wta/stats/_httpcache/2024/b185b2f4c601dac815da5f2eb738ad2ff3bb1597afb5b5e49f19077588ec480f.json,1b8f8098b57a94bdc65280d859b166225f057675a7e7ba56b947d53cc3337227,1,,,,,False,False,corroborated,713-2024,143055,STATUS_FINAL,6-2 7-6,2024-03-23T21:55Z,R64,/Users/varma/Projects/DEUCE/.research/2026-09-06-model-foundation/runs/phase4/staging/espn-results-001/20240331.json,572d5bf527d537926ca800a25f86c5dffd37b84bad116ac7bd2f98762bca0a78,"[0, 0]"
2024,902,LS045,Sorana Cirstea,Sloane Stephens,312469,315683,R64,6-2 6-1,completed,absent,2024-03-19,2024-03-31,2024-03-22T22:51:10.287+00:00,False,2024-03-23T21:09:30.34+00:00,False,data/raw/wta/stats/_httpcache/2024/b185b2f4c601dac815da5f2eb738ad2ff3bb1597afb5b5e49f19077588ec480f.json,1b8f8098b57a94bdc65280d859b166225f057675a7e7ba56b947d53cc3337227,1,,,,,False,False,corroborated,713-2024,143053,STATUS_FINAL,6-2 6-1,2024-03-23T20:40Z,R64,/Users/varma/Projects/DEUCE/.research/2026-09-06-model-foundation/runs/phase4/staging/espn-results-001/20240331.json,572d5bf527d537926ca800a25f86c5dffd37b84bad116ac7bd2f98762bca0a78,"[0, 0]"
2024,902,LS046,Danielle Collins,Anastasia Potapova,316925,325601,R64,6-2 6-2,completed,absent,2024-03-19,2024-03-31,2024-03-23T18:47:58.873+00:00,False,2024-03-23T20:12:19.55+00:00,False,data/raw/wta/stats/_httpcache/2024/b185b2f4c601dac815da5f2eb738ad2ff3bb1597afb5b5e49f19077588ec480f.json,1b8f8098b57a94bdc65280d859b166225f057675a7e7ba56b947d53cc3337227,1,,,,,False,False,corroborated,713-2024,143052,STATUS_FINAL,6-2 6-2,2024-03-23T19:10Z,R64,/Users/varma/Projects/DEUCE/.research/2026-09-06-model-foundation/runs/phase4/staging/espn-results-001/20240331.json,572d5bf527d537926ca800a25f86c5dffd37b84bad116ac7bd2f98762bca0a78,"[0, 0]"
2024,902,LS047,Elina Avanesyan,Ons Jabeur,327620,316847,R64,6-1 4-6 6-3,completed,absent,2024-03-19,2024-03-31,2024-03-23T23:32:41.367+00:00,False,2024-03-24T01:38:56.363+00:00,False,data/raw/wta/stats/_httpcache/2024/b185b2f4c601dac815da5f2eb738ad2ff3bb1597afb5b5e49f19077588ec480f.json,1b8f8098b57a94bdc65280d859b166225f057675a7e7ba56b947d53cc3337227,1,,,,,False,False,corroborated,713-2024,143061,STATUS_FINAL,6-1 4-6 6-3,2024-03-23T23:40Z,R64,/Users/varma/Projects/DEUCE/.research/2026-09-06-model-foundation/runs/phase4/staging/espn-results-001/20240331.json,572d5bf527d537926ca800a25f86c5dffd37b84bad116ac7bd2f98762bca0a78,"[0, 0]"
2024,902,LS048,Maria Sakkari,Yue Yuan,318312,324325,R64,6-2 6-2,completed,absent,2024-03-19,2024-03-31,2024-03-21T18:38:49.987+00:00,False,2024-03-21T20:10:58.723+00:00,False,data/raw/wta/stats/_httpcache/2024/b185b2f4c601dac815da5f2eb738ad2ff3bb1597afb5b5e49f19077588ec480f.json,1b8f8098b57a94bdc65280d859b166225f057675a7e7ba56b947d53cc3337227,1,,,,,False,False,unmatched,,,,,,,,,
2024,902,LS049,Dayana Yastremska,Daria Saville,324261,315997,R64,7-5 7-5,completed,absent,2024-03-19,2024-03-31,2024-03-21T20:19:12.61+00:00,False,2024-03-21T22:32:41.23+00:00,False,data/raw/wta/stats/_httpcache/2024/b185b2f4c601dac815da5f2eb738ad2ff3bb1597afb5b5e49f19077588ec480f.json,1b8f8098b57a94bdc65280d859b166225f057675a7e7ba56b947d53cc3337227,1,,,,,False,False,corroborated,713-2024,143059,STATUS_FINAL,7-5 7-5,2024-03-21T20:25Z,R64,/Users/varma/Projects/DEUCE/.research/2026-09-06-model-foundation/runs/phase4/staging/espn-results-001/20240331.json,572d5bf527d537926ca800a25f86c5dffd37b84bad116ac7bd2f98762bca0a78,"[0, 0]"
2024,902,LS050,Anna Kalinskaya,Xiyu Wang,323942,326160,R64,6-2 6-2,completed,absent,2024-03-19,2024-03-31,2024-03-21T16:39:08.647+00:00,False,2024-03-21T18:41:21.64+00:00,False,data/raw/wta/stats/_httpcache/2024/b185b2f4c601dac815da5f2eb738ad2ff3bb1597afb5b5e49f19077588ec480f.json,1b8f8098b57a94bdc65280d859b166225f057675a7e7ba56b947d53cc3337227,1,,,,,False,False,corroborated,713-2024,143070,STATUS_FINAL,6-2 6-2,2024-03-21T17:15Z,R64,/Users/varma/Projects/DEUCE/.research/2026-09-06-model-foundation/runs/phase4/staging/espn-results-001/20240331.json,572d5bf527d537926ca800a25f86c5dffd37b84bad116ac7bd2f98762bca0a78,"[0, 0]"
2024,902,LS051,Jelena Ostapenko,Laura Siegemund,319939,310926,R64,7-6(3) 6-4,completed,absent,2024-03-19,2024-03-31,2024-03-21T20:30:54.323+00:00,False,2024-03-21T22:47:09.543+00:00,False,data/raw/wta/stats/_httpcache/2024/b185b2f4c601dac815da5f2eb738ad2ff3bb1597afb5b5e49f19077588ec480f.json,1b8f8098b57a94bdc65280d859b166225f057675a7e7ba56b947d53cc3337227,1,,,,,False,False,corroborated,713-2024,143069,STATUS_FINAL,7-6 6-4,2024-03-21T20:40Z,R64,/Users/varma/Projects/DEUCE/.research/2026-09-06-model-foundation/runs/phase4/staging/espn-results-001/20240331.json,572d5bf527d537926ca800a25f86c5dffd37b84bad116ac7bd2f98762bca0a78,"[0, 0]"
2024,902,LS052,Xinyu Wang,Veronika Kudermetova,326376,319526,R64,6-3 6-2,completed,present,2024-03-19,2024-03-31,2024-03-22T00:55:06.93+00:00,False,2024-03-22T02:55:41.537+00:00,False,data/raw/wta/stats/_httpcache/2024/b185b2f4c601dac815da5f2eb738ad2ff3bb1597afb5b5e49f19077588ec480f.json,1b8f8098b57a94bdc65280d859b166225f057675a7e7ba56b947d53cc3337227,1,133216.0,True,2024-03-22,stats,False,False,corroborated,713-2024,143068,STATUS_FINAL,6-3 6-2,2024-03-22T01:25Z,R64,/Users/varma/Projects/DEUCE/.research/2026-09-06-model-foundation/runs/phase4/staging/espn-results-001/20240331.json,572d5bf527d537926ca800a25f86c5dffd37b84bad116ac7bd2f98762bca0a78,"[0, 0]"
2024,902,LS053,Madison Keys,Diana Shnaider,316959,330482,R64,6-2 6-4,completed,absent,2024-03-19,2024-03-31,2024-03-21T20:14:21.73+00:00,False,2024-03-21T21:46:06.027+00:00,False,data/raw/wta/stats/_httpcache/2024/b185b2f4c601dac815da5f2eb738ad2ff3bb1597afb5b5e49f19077588ec480f.json,1b8f8098b57a94bdc65280d859b166225f057675a7e7ba56b947d53cc3337227,1,,,,,False,False,corroborated,713-2024,143067,STATUS_FINAL,6-2 6-4,2024-03-21T20:20Z,R64,/Users/varma/Projects/DEUCE/.research/2026-09-06-model-foundation/runs/phase4/staging/espn-results-001/20240331.json,572d5bf527d537926ca800a25f86c5dffd37b84bad116ac7bd2f98762bca0a78,"[0, 0]"
2024,902,LS054,Taylor Townsend,Elise Mertens,318609,317964,R64,6-2 6-2,completed,absent,2024-03-19,2024-03-31,2024-03-21T14:46:57.023+00:00,False,2024-03-21T16:40:19.063+00:00,False,data/raw/wta/stats/_httpcache/2024/b185b2f4c601dac815da5f2eb738ad2ff3bb1597afb5b5e49f19077588ec480f.json,1b8f8098b57a94bdc65280d859b166225f057675a7e7ba56b947d53cc3337227,1,,,,,False,False,corroborated,713-2024,143066,STATUS_FINAL,6-2 6-2,2024-03-21T15:10Z,R64,/Users/varma/Projects/DEUCE/.research/2026-09-06-model-foundation/runs/phase4/staging/espn-results-001/20240331.json,572d5bf527d537926ca800a25f86c5dffd37b84bad116ac7bd2f98762bca0a78,"[0, 0]"
2024,902,LS055,Elena Rybakina,Clara Tauson,324166,327793,R64,3-6 7-5 6-4,completed,absent,2024-03-19,2024-03-31,2024-03-22T00:49:36.55+00:00,False,2024-03-22T03:30:52.227+00:00,False,data/raw/wta/stats/_httpcache/2024/b185b2f4c601dac815da5f2eb738ad2ff3bb1597afb5b5e49f19077588ec480f.json,1b8f8098b57a94bdc65280d859b166225f057675a7e7ba56b947d53cc3337227,1,,,,,False,False,corroborated,713-2024,143065,STATUS_FINAL,3-6 7-5 6-4,2024-03-22T01:00Z,R64,/Users/varma/Projects/DEUCE/.research/2026-09-06-model-foundation/runs/phase4/staging/espn-results-001/20240331.json,572d5bf527d537926ca800a25f86c5dffd37b84bad116ac7bd2f98762bca0a78,"[0, 0]"
2024,902,LS057,Victoria Azarenka,Peyton Stearns,312001,327573,R64,7-5 3-6 6-4,completed,absent,2024-03-19,2024-03-31,2024-03-22T00:32:24.093+00:00,False,2024-03-22T03:40:42.1+00:00,False,data/raw/wta/stats/_httpcache/2024/b185b2f4c601dac815da5f2eb738ad2ff3bb1597afb5b5e49f19077588ec480f.json,1b8f8098b57a94bdc65280d859b166225f057675a7e7ba56b947d53cc3337227,1,,,,,False,False,corroborated,713-2024,143063,STATUS_FINAL,7-5 3-6 6-4,2024-03-22T00:50Z,R64,/Users/varma/Projects/DEUCE/.research/2026-09-06-model-foundation/runs/phase4/staging/espn-results-001/20240331.json,572d5bf527d537926ca800a25f86c5dffd37b84bad116ac7bd2f98762bca0a78,"[0, 0]"
2024,902,LS059,Beatriz Haddad Maia,Diane Parry,318176,327077,R64,3-6 6-1 6-4,completed,absent,2024-03-19,2024-03-31,2024-03-21T14:50:25.883+00:00,False,2024-03-21T17:51:33.103+00:00,False,data/raw/wta/stats/_httpcache/2024/b185b2f4c601dac815da5f2eb738ad2ff3bb1597afb5b5e49f19077588ec480f.json,1b8f8098b57a94bdc65280d859b166225f057675a7e7ba56b947d53cc3337227,1,,,,,False,False,corroborated,713-2024,143071,STATUS_FINAL,3-6 6-1 6-4,2024-03-21T15:10Z,R64,/Users/varma/Projects/DEUCE/.research/2026-09-06-model-foundation/runs/phase4/staging/espn-results-001/20240331.json,572d5bf527d537926ca800a25f86c5dffd37b84bad116ac7bd2f98762bca0a78,"[0, 0]"
2024,902,LS060,Yulia Putintseva,Liudmila Samsonova,317683,322222,R64,6-1 4-6 6-3,completed,absent,2024-03-19,2024-03-31,2024-03-21T18:43:32.21+00:00,False,2024-03-21T21:26:07.263+00:00,False,data/raw/wta/stats/_httpcache/2024/b185b2f4c601dac815da5f2eb738ad2ff3bb1597afb5b5e49f19077588ec480f.json,1b8f8098b57a94bdc65280d859b166225f057675a7e7ba56b947d53cc3337227,1,,,,,False,False,corroborated,713-2024,143062,STATUS_FINAL,6-1 4-6 6-3,2024-03-21T19:05Z,R64,/Users/varma/Projects/DEUCE/.research/2026-09-06-model-foundation/runs/phase4/staging/espn-results-001/20240331.json,572d5bf527d537926ca800a25f86c5dffd37b84bad116ac7bd2f98762bca0a78,"[0, 0]"
2024,902,LS061,Greet Minnen,Lesia Tsurenko,321454,315295,R64,7-5 6-1,completed,absent,2024-03-19,2024-03-31,2024-03-21T16:14:24.893+00:00,False,2024-03-21T18:15:55.923+00:00,False,data/raw/wta/stats/_httpcache/2024/b185b2f4c601dac815da5f2eb738ad2ff3bb1597afb5b5e49f19077588ec480f.json,1b8f8098b57a94bdc65280d859b166225f057675a7e7ba56b947d53cc3337227,1,,,,,False,False,corroborated,713-2024,143043,STATUS_FINAL,7-5 6-1,2024-03-21T16:45Z,R64,/Users/varma/Projects/DEUCE/.research/2026-09-06-model-foundation/runs/phase4/staging/espn-results-001/20240331.json,572d5bf527d537926ca800a25f86c5dffd37b84bad116ac7bd2f98762bca0a78,"[0, 0]"
2024,902,LS062,Anhelina Kalinina,Caroline Wozniacki,320567,313402,R64,5-7 7-5 6-4,completed,absent,2024-03-19,2024-03-31,2024-03-21T16:44:14.13+00:00,False,2024-03-21T20:14:59.193+00:00,False,data/raw/wta/stats/_httpcache/2024/b185b2f4c601dac815da5f2eb738ad2ff3bb1597afb5b5e49f19077588ec480f.json,1b8f8098b57a94bdc65280d859b166225f057675a7e7ba56b947d53cc3337227,1,,,,,False,False,corroborated,713-2024,143042,STATUS_FINAL,5-7 7-5 6-4,2024-03-21T16:55Z,R64,/Users/varma/Projects/DEUCE/.research/2026-09-06-model-foundation/runs/phase4/staging/espn-results-001/20240331.json,572d5bf527d537926ca800a25f86c5dffd37b84bad116ac7bd2f98762bca0a78,"[0, 0]"
2024,902,LS063,Aryna Sabalenka,Paula Badosa,320760,320124,R64,6-4 6-3,completed,absent,2024-03-19,2024-03-31,2024-03-22T20:51:28.023+00:00,False,2024-03-22T22:36:53.3+00:00,False,data/raw/wta/stats/_httpcache/2024/b185b2f4c601dac815da5f2eb738ad2ff3bb1597afb5b5e49f19077588ec480f.json,1b8f8098b57a94bdc65280d859b166225f057675a7e7ba56b947d53cc3337227,1,,,,,False,False,corroborated,713-2024,143041,STATUS_FINAL,6-4 6-3,2024-03-22T21:10Z,R64,/Users/varma/Projects/DEUCE/.research/2026-09-06-model-foundation/runs/phase4/staging/espn-results-001/20240331.json,572d5bf527d537926ca800a25f86c5dffd37b84bad116ac7bd2f98762bca0a78,"[0, 0]"
2024,902,LS065,Camila Giorgi,Magdalena Frech,314610,320277,R128,6-4 6-2,completed,absent,2024-03-19,2024-03-31,2024-03-20T14:44:54.597+00:00,False,2024-03-20T16:46:27.587+00:00,False,data/raw/wta/stats/_httpcache/2024/b185b2f4c601dac815da5f2eb738ad2ff3bb1597afb5b5e49f19077588ec480f.json,1b8f8098b57a94bdc65280d859b166225f057675a7e7ba56b947d53cc3337227,1,,,,,False,False,corroborated,713-2024,143015,STATUS_FINAL,6-4 6-2,2024-03-20T15:10Z,R128,/Users/varma/Projects/DEUCE/.research/2026-09-06-model-foundation/runs/phase4/staging/espn-results-001/20240331.json,572d5bf527d537926ca800a25f86c5dffd37b84bad116ac7bd2f98762bca0a78,"[0, 0]"
2024,902,LS066,Maria Timofeeva,Varvara Gracheva,328896,325836,R128,6-3 6-3,completed,absent,2024-03-19,2024-03-31,2024-03-20T14:48:26.453+00:00,False,2024-03-20T16:28:56.193+00:00,False,data/raw/wta/stats/_httpcache/2024/b185b2f4c601dac815da5f2eb738ad2ff3bb1597afb5b5e49f19077588ec480f.json,1b8f8098b57a94bdc65280d859b166225f057675a7e7ba56b947d53cc3337227,1,,,,,False,False,corroborated,713-2024,143014,STATUS_FINAL,6-3 6-3,2024-03-20T15:10Z,R128,/Users/varma/Projects/DEUCE/.research/2026-09-06-model-foundation/runs/phase4/staging/espn-results-001/20240331.json,572d5bf527d537926ca800a25f86c5dffd37b84bad116ac7bd2f98762bca0a78,"[0, 0]"
2024,902,LS069,Shelby Rogers,Linda Fruhvirtova,317421,329627,R128,4-6 6-4 6-2,completed,absent,2024-03-19,2024-03-31,2024-03-20T17:42:22.783+00:00,False,2024-03-20T20:13:21.88+00:00,False,data/raw/wta/stats/_httpcache/2024/b185b2f4c601dac815da5f2eb738ad2ff3bb1597afb5b5e49f19077588ec480f.json,1b8f8098b57a94bdc65280d859b166225f057675a7e7ba56b947d53cc3337227,1,,,,,False,False,corroborated,713-2024,143034,STATUS_FINAL,4-6 6-4 6-2,2024-03-20T18:00Z,R128,/Users/varma/Projects/DEUCE/.research/2026-09-06-model-foundation/runs/phase4/staging/espn-results-001/20240331.json,572d5bf527d537926ca800a25f86c5dffd37b84bad116ac7bd2f98762bca0a78,"[0, 0]"
2024,902,LS070,Donna Vekic,Karolina Pliskova,318516,313974,R128,6-4 2-6 6-2,completed,absent,2024-03-19,2024-03-31,2024-03-20T20:22:39.713+00:00,False,2024-03-20T22:33:50.177+00:00,False,data/raw/wta/stats/_httpcache/2024/b185b2f4c601dac815da5f2eb738ad2ff3bb1597afb5b5e49f19077588ec480f.json,1b8f8098b57a94bdc65280d859b166225f057675a7e7ba56b947d53cc3337227,1,,,,,False,False,corroborated,713-2024,143033,STATUS_FINAL,6-4 2-6 6-2,2024-03-20T20:35Z,R128,/Users/varma/Projects/DEUCE/.research/2026-09-06-model-foundation/runs/phase4/staging/espn-results-001/20240331.json,572d5bf527d537926ca800a25f86c5dffd37b84bad116ac7bd2f98762bca0a78,"[0, 0]"
2024,902,LS073,Katie Volynets,Sofia Kenin,327391,320942,R128,6-2 4-6 6-3,completed,absent,2024-03-19,2024-03-31,2024-03-20T22:36:52.03+00:00,False,2024-03-21T00:54:03.757+00:00,False,data/raw/wta/stats/_httpcache/2024/b185b2f4c601dac815da5f2eb738ad2ff3bb1597afb5b5e49f19077588ec480f.json,1b8f8098b57a94bdc65280d859b166225f057675a7e7ba56b947d53cc3337227,1,,,,,False,False,corroborated,713-2024,143030,STATUS_FINAL,6-2 4-6 6-3,2024-03-20T22:50Z,R128,/Users/varma/Projects/DEUCE/.research/2026-09-06-model-foundation/runs/phase4/staging/espn-results-001/20240331.json,572d5bf527d537926ca800a25f86c5dffd37b84bad116ac7bd2f98762bca0a78,"[0, 0]"
2024,902,LS077,Emiliana Arango,Tatjana Maria,324789,310440,R128,6-2 6-3,completed,absent,2024-03-19,2024-03-31,2024-03-20T16:35:08.237+00:00,False,2024-03-20T18:12:31.637+00:00,False,data/raw/wta/stats/_httpcache/2024/b185b2f4c601dac815da5f2eb738ad2ff3bb1597afb5b5e49f19077588ec480f.json,1b8f8098b57a94bdc65280d859b166225f057675a7e7ba56b947d53cc3337227,1,,,,,False,False,corroborated,713-2024,143023,STATUS_FINAL,6-2 6-3,2024-03-20T16:45Z,R128,/Users/varma/Projects/DEUCE/.research/2026-09-06-model-foundation/runs/phase4/staging/espn-results-001/20240331.json,572d5bf527d537926ca800a25f86c5dffd37b84bad116ac7bd2f98762bca0a78,"[0, 0]"
2024,902,LS078,Lin Zhu,Marie Bouzkova,317306,320983,R128,6-2 6-4,completed,absent,2024-03-19,2024-03-31,2024-03-20T14:45:07.033+00:00,False,2024-03-20T16:33:01.357+00:00,False,data/raw/wta/stats/_httpcache/2024/b185b2f4c601dac815da5f2eb738ad2ff3bb1597afb5b5e49f19077588ec480f.json,1b8f8098b57a94bdc65280d859b166225f057675a7e7ba56b947d53cc3337227,1,,,,,False,False,unmatched,,,,,,,,,
2024,902,LS081,Nadia Podoroska,Ashlyn Krueger,319112,329409,R128,6-4 6-2,completed,absent,2024-03-19,2024-03-31,2024-03-20T18:52:07.517+00:00,False,2024-03-20T20:28:33.633+00:00,False,data/raw/wta/stats/_httpcache/2024/b185b2f4c601dac815da5f2eb738ad2ff3bb1597afb5b5e49f19077588ec480f.json,1b8f8098b57a94bdc65280d859b166225f057675a7e7ba56b947d53cc3337227,1,,,,,False,False,corroborated,713-2024,142992,STATUS_FINAL,6-4 6-2,2024-03-20T19:10Z,R128,/Users/varma/Projects/DEUCE/.research/2026-09-06-model-foundation/runs/phase4/staging/espn-results-001/20240331.json,572d5bf527d537926ca800a25f86c5dffd37b84bad116ac7bd2f98762bca0a78,"[0, 0]"
2024,902,LS082,Arantxa Rus,Sara Sorribes Tormo,313349,318872,R128,6-0 6-3,completed,absent,2024-03-19,2024-03-31,2024-03-20T18:08:00.683+00:00,False,2024-03-20T20:05:15.873+00:00,False,data/raw/wta/stats/_httpcache/2024/b185b2f4c601dac815da5f2eb738ad2ff3bb1597afb5b5e49f19077588ec480f.json,1b8f8098b57a94bdc65280d859b166225f057675a7e7ba56b947d53cc3337227,1,,,,,False,False,corroborated,713-2024,142991,STATUS_FINAL,6-0 6-3,2024-03-20T18:20Z,R128,/Users/varma/Projects/DEUCE/.research/2026-09-06-model-foundation/runs/phase4/staging/espn-results-001/20240331.json,572d5bf527d537926ca800a25f86c5dffd37b84bad116ac7bd2f98762bca0a78,"[0, 0]"
2024,902,LS085,Viktoriya Tomova,Tamara Korpatsch,317584,319571,R128,6-2 6-4,completed,absent,2024-03-19,2024-03-31,2024-03-20T18:16:05.7+00:00,False,2024-03-20T20:08:28.763+00:00,False,data/raw/wta/stats/_httpcache/2024/b185b2f4c601dac815da5f2eb738ad2ff3bb1597afb5b5e49f19077588ec480f.json,1b8f8098b57a94bdc65280d859b166225f057675a7e7ba56b947d53cc3337227,1,,,,,False,False,corroborated,713-2024,142985,STATUS_FINAL,6-2 6-4,2024-03-20T18:30Z,R128,/Users/varma/Projects/DEUCE/.research/2026-09-06-model-foundation/runs/phase4/staging/espn-results-001/20240331.json,572d5bf527d537926ca800a25f86c5dffd37b84bad116ac7bd2f98762bca0a78,"[0, 0]"
2024,902,LS086,Naomi Osaka,Elisabetta Cocciaretto,319998,327909,R128,6-3 6-4,completed,absent,2024-03-19,2024-03-31,2024-03-20T22:54:28.807+00:00,False,2024-03-21T00:27:25.563+00:00,False,data/raw/wta/stats/_httpcache/2024/b185b2f4c601dac815da5f2eb738ad2ff3bb1597afb5b5e49f19077588ec480f.json,1b8f8098b57a94bdc65280d859b166225f057675a7e7ba56b947d53cc3337227,1,,,,,False,False,corroborated,713-2024,142982,STATUS_FINAL,6-3 6-4,2024-03-20T23:10Z,R128,/Users/varma/Projects/DEUCE/.research/2026-09-06-model-foundation/runs/phase4/staging/espn-results-001/20240331.json,572d5bf527d537926ca800a25f86c5dffd37b84bad116ac7bd2f98762bca0a78,"[0, 0]"
2024,902,LS089,Claire Liu,Petra Martic,323966,313711,R128,6-4 6-1,completed,absent,2024-03-19,2024-03-31,2024-03-20T16:31:06.427+00:00,False,2024-03-20T18:05:07.463+00:00,False,data/raw/wta/stats/_httpcache/2024/b185b2f4c601dac815da5f2eb738ad2ff3bb1597afb5b5e49f19077588ec480f.json,1b8f8098b57a94bdc65280d859b166225f057675a7e7ba56b947d53cc3337227,1,,,,,False,False,corroborated,713-2024,142979,STATUS_FINAL,6-4 6-1,2024-03-20T16:45Z,R128,/Users/varma/Projects/DEUCE/.research/2026-09-06-model-foundation/runs/phase4/staging/espn-results-001/20240331.json,572d5bf527d537926ca800a25f86c5dffd37b84bad116ac7bd2f98762bca0a78,"[0, 0]"
2024,902,LS090,Sloane Stephens,Angelique Kerber,315683,311470,R128,6-2 6-3,completed,absent,2024-03-19,2024-03-31,2024-03-20T15:48:58.53+00:00,False,2024-03-20T17:18:46.583+00:00,False,data/raw/wta/stats/_httpcache/2024/b185b2f4c601dac815da5f2eb738ad2ff3bb1597afb5b5e49f19077588ec480f.json,1b8f8098b57a94bdc65280d859b166225f057675a7e7ba56b947d53cc3337227,1,,,,,False,False,corroborated,713-2024,142978,STATUS_FINAL,6-2 6-3,2024-03-20T16:10Z,R128,/Users/varma/Projects/DEUCE/.research/2026-09-06-model-foundation/runs/phase4/staging/espn-results-001/20240331.json,572d5bf527d537926ca800a25f86c5dffd37b84bad116ac7bd2f98762bca0a78,"[0, 0]"
2024,902,LS093,Danielle Collins,Bernarda Pera,316925,317708,R128,3-6 6-1 6-1,completed,absent,2024-03-19,2024-03-31,2024-03-20T16:49:24.467+00:00,False,2024-03-20T18:48:53.35+00:00,False,data/raw/wta/stats/_httpcache/2024/b185b2f4c601dac815da5f2eb738ad2ff3bb1597afb5b5e49f19077588ec480f.json,1b8f8098b57a94bdc65280d859b166225f057675a7e7ba56b947d53cc3337227,1,,,,,False,False,corroborated,713-2024,143008,STATUS_FINAL,3-6 6-1 6-1,2024-03-20T17:00Z,R128,/Users/varma/Projects/DEUCE/.research/2026-09-06-model-foundation/runs/phase4/staging/espn-results-001/20240331.json,572d5bf527d537926ca800a25f86c5dffd37b84bad116ac7bd2f98762bca0a78,"[0, 0]"
2024,902,LS094,Elina Avanesyan,Erika Andreeva,327620,330151,R128,6-0 3-6 6-1,completed,absent,2024-03-19,2024-03-31,2024-03-20T14:49:47.317+00:00,False,2024-03-20T16:45:07.203+00:00,False,data/raw/wta/stats/_httpcache/2024/b185b2f4c601dac815da5f2eb738ad2ff3bb1597afb5b5e49f19077588ec480f.json,1b8f8098b57a94bdc65280d859b166225f057675a7e7ba56b947d53cc3337227,1,,,,,False,False,corroborated,713-2024,143006,STATUS_FINAL,6-0 3-6 6-1,2024-03-20T15:10Z,R128,/Users/varma/Projects/DEUCE/.research/2026-09-06-model-foundation/runs/phase4/staging/espn-results-001/20240331.json,572d5bf527d537926ca800a25f86c5dffd37b84bad116ac7bd2f98762bca0a78,"[0, 0]"
2024,902,LS097,Yue Yuan,Anna Blinkova,324325,324267,R128,6-4 6-2,completed,absent,2024-03-19,2024-03-31,2024-03-19T14:47:33.77+00:00,False,2024-03-19T16:48:34.573+00:00,False,data/raw/wta/stats/_httpcache/2024/b185b2f4c601dac815da5f2eb738ad2ff3bb1597afb5b5e49f19077588ec480f.json,1b8f8098b57a94bdc65280d859b166225f057675a7e7ba56b947d53cc3337227,1,,,,,False,False,unmatched,,,,,,,,,
2024,902,LS098,Daria Saville,Shuai Zhang,315997,311779,R128,6-4 2-6 6-4,completed,absent,2024-03-19,2024-03-31,2024-03-19T14:44:17.833+00:00,False,2024-03-19T17:40:33.143+00:00,False,data/raw/wta/stats/_httpcache/2024/b185b2f4c601dac815da5f2eb738ad2ff3bb1597afb5b5e49f19077588ec480f.json,1b8f8098b57a94bdc65280d859b166225f057675a7e7ba56b947d53cc3337227,1,,,,,False,False,corroborated,713-2024,143002,STATUS_FINAL,6-4 2-6 6-4,2024-03-19T15:00Z,R128,/Users/varma/Projects/DEUCE/.research/2026-09-06-model-foundation/runs/phase4/staging/espn-results-001/20240331.json,572d5bf527d537926ca800a25f86c5dffd37b84bad116ac7bd2f98762bca0a78,"[0, 0]"
2024,902,LS101,Xiyu Wang,Anna Karolina Schmiedlova,326160,318203,R128,6-1 6-3,completed,absent,2024-03-19,2024-03-31,2024-03-19T19:49:36.337+00:00,False,2024-03-19T21:35:03.493+00:00,False,data/raw/wta/stats/_httpcache/2024/b185b2f4c601dac815da5f2eb738ad2ff3bb1597afb5b5e49f19077588ec480f.json,1b8f8098b57a94bdc65280d859b166225f057675a7e7ba56b947d53cc3337227,1,,,,,False,False,corroborated,713-2024,142999,STATUS_FINAL,6-1 6-3,2024-03-19T20:00Z,R128,/Users/varma/Projects/DEUCE/.research/2026-09-06-model-foundation/runs/phase4/staging/espn-results-001/20240331.json,572d5bf527d537926ca800a25f86c5dffd37b84bad116ac7bd2f98762bca0a78,"[0, 0]"
2024,902,LS102,Laura Siegemund,Aleksandra Krunic,310926,316344,R128,4-6 6-2 6-2,completed,absent,2024-03-19,2024-03-31,2024-03-19T16:53:31.103+00:00,False,2024-03-19T19:46:45.923+00:00,False,data/raw/wta/stats/_httpcache/2024/b185b2f4c601dac815da5f2eb738ad2ff3bb1597afb5b5e49f19077588ec480f.json,1b8f8098b57a94bdc65280d859b166225f057675a7e7ba56b947d53cc3337227,1,,,,,False,False,corroborated,713-2024,143020,STATUS_FINAL,4-6 6-2 6-2,2024-03-19T16:55Z,R128,/Users/varma/Projects/DEUCE/.research/2026-09-06-model-foundation/runs/phase4/staging/espn-results-001/20240331.json,572d5bf527d537926ca800a25f86c5dffd37b84bad116ac7bd2f98762bca0a78,"[0, 0]"
2024,902,LS105,Xinyu Wang,Hailey Baptiste,326376,327101,R128,7-6(1) 6-3,completed,present,2024-03-19,2024-03-31,2024-03-19T14:44:50.457+00:00,False,2024-03-19T16:32:02.83+00:00,False,data/raw/wta/stats/_httpcache/2024/b185b2f4c601dac815da5f2eb738ad2ff3bb1597afb5b5e49f19077588ec480f.json,1b8f8098b57a94bdc65280d859b166225f057675a7e7ba56b947d53cc3337227,1,133215.0,True,2024-03-19,stats,False,False,corroborated,713-2024,143017,STATUS_FINAL,7-6 6-3,2024-03-19T15:00Z,R128,/Users/varma/Projects/DEUCE/.research/2026-09-06-model-foundation/runs/phase4/staging/espn-results-001/20240331.json,572d5bf527d537926ca800a25f86c5dffd37b84bad116ac7bd2f98762bca0a78,"[0, 0]"
2024,902,LS106,Diana Shnaider,Venus Williams,330482,230220,R128,6-3 6-3,completed,absent,2024-03-19,2024-03-31,2024-03-19T16:41:22.55+00:00,False,2024-03-19T18:20:44.94+00:00,False,data/raw/wta/stats/_httpcache/2024/b185b2f4c601dac815da5f2eb738ad2ff3bb1597afb5b5e49f19077588ec480f.json,1b8f8098b57a94bdc65280d859b166225f057675a7e7ba56b947d53cc3337227,1,,,,,False,False,corroborated,713-2024,143031,STATUS_FINAL,6-3 6-3,2024-03-19T16:50Z,R128,/Users/varma/Projects/DEUCE/.research/2026-09-06-model-foundation/runs/phase4/staging/espn-results-001/20240331.json,572d5bf527d537926ca800a25f86c5dffd37b84bad116ac7bd2f98762bca0a78,"[0, 0]"
2024,902,LS109,Taylor Townsend,Lucia Bronzetti,318609,322280,R128,3-6 6-3 6-4,completed,absent,2024-03-19,2024-03-31,2024-03-19T18:53:47.06+00:00,False,2024-03-19T21:14:40.813+00:00,False,data/raw/wta/stats/_httpcache/2024/b185b2f4c601dac815da5f2eb738ad2ff3bb1597afb5b5e49f19077588ec480f.json,1b8f8098b57a94bdc65280d859b166225f057675a7e7ba56b947d53cc3337227,1,,,,,False,False,corroborated,713-2024,143025,STATUS_FINAL,3-6 6-3 6-4,2024-03-19T19:00Z,R128,/Users/varma/Projects/DEUCE/.research/2026-09-06-model-foundation/runs/phase4/staging/espn-results-001/20240331.json,572d5bf527d537926ca800a25f86c5dffd37b84bad116ac7bd2f98762bca0a78,"[0, 0]"
2024,902,LS110,Clara Tauson,Caroline Dolehide,327793,322052,R128,6-3 3-6 6-2,completed,absent,2024-03-19,2024-03-31,2024-03-19T16:37:55.877+00:00,False,2024-03-19T18:50:20.797+00:00,False,data/raw/wta/stats/_httpcache/2024/b185b2f4c601dac815da5f2eb738ad2ff3bb1597afb5b5e49f19077588ec480f.json,1b8f8098b57a94bdc65280d859b166225f057675a7e7ba56b947d53cc3337227,1,,,,,False,False,corroborated,713-2024,143040,STATUS_FINAL,6-3 3-6 6-2,2024-03-19T16:45Z,R128,/Users/varma/Projects/DEUCE/.research/2026-09-06-model-foundation/runs/phase4/staging/espn-results-001/20240331.json,572d5bf527d537926ca800a25f86c5dffd37b84bad116ac7bd2f98762bca0a78,"[0, 0]"
2024,902,LS113,Katerina Siniakova,Ana Bogdan,320301,315427,R128,6-2 6-4,completed,absent,2024-03-19,2024-03-31,2024-03-19T17:45:06.747+00:00,False,2024-03-19T19:24:36.44+00:00,False,data/raw/wta/stats/_httpcache/2024/b185b2f4c601dac815da5f2eb738ad2ff3bb1597afb5b5e49f19077588ec480f.json,1b8f8098b57a94bdc65280d859b166225f057675a7e7ba56b947d53cc3337227,1,,,,,False,False,corroborated,713-2024,143037,STATUS_FINAL,6-2 6-4,2024-03-19T17:50Z,R128,/Users/varma/Projects/DEUCE/.research/2026-09-06-model-foundation/runs/phase4/staging/espn-results-001/20240331.json,572d5bf527d537926ca800a25f86c5dffd37b84bad116ac7bd2f98762bca0a78,"[0, 0]"
2024,902,LS114,Peyton Stearns,Yafan Wang,327573,317510,R128,6-2 6-3,completed,absent,2024-03-19,2024-03-31,2024-03-19T14:48:59.647+00:00,False,2024-03-19T16:36:50.39+00:00,False,data/raw/wta/stats/_httpcache/2024/b185b2f4c601dac815da5f2eb738ad2ff3bb1597afb5b5e49f19077588ec480f.json,1b8f8098b57a94bdc65280d859b166225f057675a7e7ba56b947d53cc3337227,1,,,,,False,False,unmatched,,,,,,,,,
2024,902,LS117,Brenda Fruhvirtova,Maria Lourdes Carle,331545,322638,R128,6-3 6-3,completed,absent,2024-03-19,2024-03-31,2024-03-19T19:28:51.043+00:00,False,2024-03-19T21:14:07.397+00:00,False,data/raw/wta/stats/_httpcache/2024/b185b2f4c601dac815da5f2eb738ad2ff3bb1597afb5b5e49f19077588ec480f.json,1b8f8098b57a94bdc65280d859b166225f057675a7e7ba56b947d53cc3337227,1,,,,,False,False,corroborated,713-2024,142988,STATUS_FINAL,6-3 6-3,2024-03-19T19:40Z,R128,/Users/varma/Projects/DEUCE/.research/2026-09-06-model-foundation/runs/phase4/staging/espn-results-001/20240331.json,572d5bf527d537926ca800a25f86c5dffd37b84bad116ac7bd2f98762bca0a78,"[0, 0]"
2024,902,LS118,Diane Parry,Jaqueline Cristian,327077,320319,R128,7-6(2) 6-2,completed,absent,2024-03-19,2024-03-31,2024-03-19T21:38:02.993+00:00,False,2024-03-19T23:38:45.74+00:00,False,data/raw/wta/stats/_httpcache/2024/b185b2f4c601dac815da5f2eb738ad2ff3bb1597afb5b5e49f19077588ec480f.json,1b8f8098b57a94bdc65280d859b166225f057675a7e7ba56b947d53cc3337227,1,,,,,False,False,corroborated,713-2024,142986,STATUS_FINAL,7-6 6-2,2024-03-19T21:50Z,R128,/Users/varma/Projects/DEUCE/.research/2026-09-06-model-foundation/runs/phase4/staging/espn-results-001/20240331.json,572d5bf527d537926ca800a25f86c5dffd37b84bad116ac7bd2f98762bca0a78,"[0, 0]"
2024,902,LS121,Yulia Putintseva,Cristina Bucsa,317683,321158,R128,6-2 3-6 6-4,completed,absent,2024-03-19,2024-03-31,2024-03-19T21:19:26.417+00:00,False,2024-03-19T23:45:28.173+00:00,False,data/raw/wta/stats/_httpcache/2024/b185b2f4c601dac815da5f2eb738ad2ff3bb1597afb5b5e49f19077588ec480f.json,1b8f8098b57a94bdc65280d859b166225f057675a7e7ba56b947d53cc3337227,1,,,,,False,False,corroborated,713-2024,142998,STATUS_FINAL,6-2 3-6 6-4,2024-03-19T21:25Z,R128,/Users/varma/Projects/DEUCE/.research/2026-09-06-model-foundation/runs/phase4/staging/espn-results-001/20240331.json,572d5bf527d537926ca800a25f86c5dffd37b84bad116ac7bd2f98762bca0a78,"[0, 0]"
2024,902,LS122,Lesia Tsurenko,Magda Linette,315295,315130,R128,2-6 6-1 6-4,completed,absent,2024-03-19,2024-03-31,2024-03-19T21:17:21.58+00:00,False,2024-03-19T23:53:45.007+00:00,False,data/raw/wta/stats/_httpcache/2024/b185b2f4c601dac815da5f2eb738ad2ff3bb1597afb5b5e49f19077588ec480f.json,1b8f8098b57a94bdc65280d859b166225f057675a7e7ba56b947d53cc3337227,1,,,,,False,False,corroborated,713-2024,142997,STATUS_FINAL,2-6 6-1 6-4,2024-03-19T21:20Z,R128,/Users/varma/Projects/DEUCE/.research/2026-09-06-model-foundation/runs/phase4/staging/espn-results-001/20240331.json,572d5bf527d537926ca800a25f86c5dffd37b84bad116ac7bd2f98762bca0a78,"[0, 0]"
2024,902,LS125,Caroline Wozniacki,Clara Burel,313402,325320,R128,6-1 6-4,completed,absent,2024-03-19,2024-03-31,2024-03-19T18:22:13.7+00:00,False,2024-03-19T20:00:24.19+00:00,False,data/raw/wta/stats/_httpcache/2024/b185b2f4c601dac815da5f2eb738ad2ff3bb1597afb5b5e49f19077588ec480f.json,1b8f8098b57a94bdc65280d859b166225f057675a7e7ba56b947d53cc3337227,1,,,,,False,False,corroborated,713-2024,142994,STATUS_FINAL,6-1 6-4,2024-03-19T18:30Z,R128,/Users/varma/Projects/DEUCE/.research/2026-09-06-model-foundation/runs/phase4/staging/espn-results-001/20240331.json,572d5bf527d537926ca800a25f86c5dffd37b84bad116ac7bd2f98762bca0a78,"[0, 0]"
2024,902,LS126,Paula Badosa,Simona Halep,320124,314320,R128,1-6 6-4 6-3,completed,absent,2024-03-19,2024-03-31,2024-03-19T20:07:42.523+00:00,False,2024-03-19T22:17:37.033+00:00,False,data/raw/wta/stats/_httpcache/2024/b185b2f4c601dac815da5f2eb738ad2ff3bb1597afb5b5e49f19077588ec480f.json,1b8f8098b57a94bdc65280d859b166225f057675a7e7ba56b947d53cc3337227,1,,,,,False,False,corroborated,713-2024,143009,STATUS_FINAL,1-6 6-4 6-3,2024-03-19T20:15Z,R128,/Users/varma/Projects/DEUCE/.research/2026-09-06-model-foundation/runs/phase4/staging/espn-results-001/20240331.json,572d5bf527d537926ca800a25f86c5dffd37b84bad116ac7bd2f98762bca0a78,"[0, 0]"
2024,903,LS50200677,Marie Bouzkova,Jana Fett,320983,320945,R64,6-2 6-2,completed,absent,2024-05-26,2024-06-09,2024-05-29T09:05:00+00:00,True,,False,data/raw/wta/stats/_httpcache/2024/405fe4f0eda0b2058055c032317f16c017a47500d8984cb7f72d1c8030b8fa3a.json,75ad649988335125a73e00397e3e914ae596ffd85d345e2ca9ae4ecc4f2dc7b7,1,,,,,False,False,corroborated,172-2024,145494,STATUS_FINAL,6-2 6-2,2024-05-30T16:00Z,R64,/Users/varma/Projects/DEUCE/.research/2026-09-06-model-foundation/runs/phase4/staging/espn-results-001/20240608.json,a601b347582f876b3def4e70cdfa5c6f64e449a904b57129ec9de2ff09934d78,"[0, 0]"
2024,903,LS50200679,Anastasia Potapova,Viktorija Golubic,325601,316296,R64,6-2 6-2,completed,absent,2024-05-26,2024-06-09,2024-05-30T09:00:00+00:00,True,,False,data/raw/wta/stats/_httpcache/2024/405fe4f0eda0b2058055c032317f16c017a47500d8984cb7f72d1c8030b8fa3a.json,75ad649988335125a73e00397e3e914ae596ffd85d345e2ca9ae4ecc4f2dc7b7,1,,,,,False,False,corroborated,172-2024,145493,STATUS_FINAL,6-2 6-2,2024-05-30T09:10Z,R64,/Users/varma/Projects/DEUCE/.research/2026-09-06-model-foundation/runs/phase4/staging/espn-results-001/20240608.json,a601b347582f876b3def4e70cdfa5c6f64e449a904b57129ec9de2ff09934d78,"[0, 0]"
2024,903,LS50200681,Xinyu Wang,Viktoriya Tomova,326376,317584,R64,7-5 5-7 6-1,completed,absent,2024-05-26,2024-06-09,2024-05-30T09:10:00+00:00,True,,False,data/raw/wta/stats/_httpcache/2024/405fe4f0eda0b2058055c032317f16c017a47500d8984cb7f72d1c8030b8fa3a.json,75ad649988335125a73e00397e3e914ae596ffd85d345e2ca9ae4ecc4f2dc7b7,1,,,,,False,False,corroborated,172-2024,145495,STATUS_FINAL,7-5 5-7 6-1,2024-05-30T09:10Z,R64,/Users/varma/Projects/DEUCE/.research/2026-09-06-model-foundation/runs/phase4/staging/espn-results-001/20240608.json,a601b347582f876b3def4e70cdfa5c6f64e449a904b57129ec9de2ff09934d78,"[0, 0]"
2024,903,LS50200683,Olga Danilovic,Danielle Collins,324934,316925,R64,6-7(3) 7-5 6-4,completed,absent,2024-05-26,2024-06-09,2024-05-30T10:55:00+00:00,True,,False,data/raw/wta/stats/_httpcache/2024/405fe4f0eda0b2058055c032317f16c017a47500d8984cb7f72d1c8030b8fa3a.json,75ad649988335125a73e00397e3e914ae596ffd85d345e2ca9ae4ecc4f2dc7b7,1,,,,,False,False,corroborated,172-2024,145501,STATUS_FINAL,6-7 7-5 6-4,2024-05-30T11:00Z,R64,/Users/varma/Projects/DEUCE/.research/2026-09-06-model-foundation/runs/phase4/staging/espn-results-001/20240608.json,a601b347582f876b3def4e70cdfa5c6f64e449a904b57129ec9de2ff09934d78,"[0, 0]"
2024,903,LS50200685,Donna Vekic,Marta Kostyuk,318516,326482,R64,7-5 6-4,completed,absent,2024-05-26,2024-06-09,2024-05-30T09:00:00+00:00,True,,False,data/raw/wta/stats/_httpcache/2024/405fe4f0eda0b2058055c032317f16c017a47500d8984cb7f72d1c8030b8fa3a.json,75ad649988335125a73e00397e3e914ae596ffd85d345e2ca9ae4ecc4f2dc7b7,1,,,,,False,False,corroborated,172-2024,145500,STATUS_FINAL,7-5 6-4,2024-05-30T09:10Z,R64,/Users/varma/Projects/DEUCE/.research/2026-09-06-model-foundation/runs/phase4/staging/espn-results-001/20240608.json,a601b347582f876b3def4e70cdfa5c6f64e449a904b57129ec9de2ff09934d78,"[0, 0]"
2024,903,LS50200687,Chloe Paquet,Katerina Siniakova,318839,320301,R64,3-6 7-6(2) 7-6(6),completed,absent,2024-05-26,2024-06-09,2024-05-30T09:00:00+00:00,True,,False,data/raw/wta/stats/_httpcache/2024/405fe4f0eda0b2058055c032317f16c017a47500d8984cb7f72d1c8030b8fa3a.json,75ad649988335125a73e00397e3e914ae596ffd85d345e2ca9ae4ecc4f2dc7b7,1,,,,,False,False,corroborated,172-2024,145503,STATUS_FINAL,3-6 7-6 7-6,2024-05-30T09:10Z,R64,/Users/varma/Projects/DEUCE/.research/2026-09-06-model-foundation/runs/phase4/staging/espn-results-001/20240608.json,a601b347582f876b3def4e70cdfa5c6f64e449a904b57129ec9de2ff09934d78,"[0, 0]"
2024,903,LS50200689,Marketa Vondrousova,Katie Volynets,323027,327391,R64,0-6 6-1 6-4,completed,absent,2024-05-26,2024-06-09,2024-05-29T09:00:00+00:00,True,,False,data/raw/wta/stats/_httpcache/2024/405fe4f0eda0b2058055c032317f16c017a47500d8984cb7f72d1c8030b8fa3a.json,75ad649988335125a73e00397e3e914ae596ffd85d345e2ca9ae4ecc4f2dc7b7,1,,,,,False,False,corroborated,172-2024,145502,STATUS_FINAL,0-6 6-1 6-4,2024-05-30T12:05Z,R64,/Users/varma/Projects/DEUCE/.research/2026-09-06-model-foundation/runs/phase4/staging/espn-results-001/20240608.json,a601b347582f876b3def4e70cdfa5c6f64e449a904b57129ec9de2ff09934d78,"[0, 0]"
2024,903,LS50200691,Coco Gauff,Tamara Zidansek,328560,323079,R64,6-3 6-4,completed,absent,2024-05-26,2024-06-09,2024-05-29T16:45:00+00:00,True,,False,data/raw/wta/stats/_httpcache/2024/405fe4f0eda0b2058055c032317f16c017a47500d8984cb7f72d1c8030b8fa3a.json,75ad649988335125a73e00397e3e914ae596ffd85d345e2ca9ae4ecc4f2dc7b7,1,,,,,False,False,corroborated,172-2024,145505,STATUS_FINAL,6-3 6-4,2024-05-29T16:55Z,R64,/Users/varma/Projects/DEUCE/.research/2026-09-06-model-foundation/runs/phase4/staging/espn-results-001/20240608.json,a601b347582f876b3def4e70cdfa5c6f64e449a904b57129ec9de2ff09934d78,"[0, 0]"
2024,903,LS50200693,Dayana Yastremska,Yafan Wang,324261,317510,R64,6-2 6-0,completed,absent,2024-05-26,2024-06-09,2024-05-30T09:00:00+00:00,True,,False,data/raw/wta/stats/_httpcache/2024/405fe4f0eda0b2058055c032317f16c017a47500d8984cb7f72d1c8030b8fa3a.json,75ad649988335125a73e00397e3e914ae596ffd85d345e2ca9ae4ecc4f2dc7b7,1,,,,,False,False,unmatched,,,,,,,,,
2024,903,LS50200695,Liudmila Samsonova,Amanda Anisimova,322222,326384,R64,6-2 6-1,completed,absent,2024-05-26,2024-06-09,2024-05-30T11:50:00+00:00,True,,False,data/raw/wta/stats/_httpcache/2024/405fe4f0eda0b2058055c032317f16c017a47500d8984cb7f72d1c8030b8fa3a.json,75ad649988335125a73e00397e3e914ae596ffd85d345e2ca9ae4ecc4f2dc7b7,1,,,,,False,False,corroborated,172-2024,145497,STATUS_FINAL,6-2 6-1,2024-05-30T12:05Z,R64,/Users/varma/Projects/DEUCE/.research/2026-09-06-model-foundation/runs/phase4/staging/espn-results-001/20240608.json,a601b347582f876b3def4e70cdfa5c6f64e449a904b57129ec9de2ff09934d78,"[0, 0]"
2024,903,LS50200697,Elisabetta Cocciaretto,Cristina Bucsa,327909,321158,R64,6-1 6-4,completed,absent,2024-05-26,2024-06-09,2024-05-30T15:20:00+00:00,True,,False,data/raw/wta/stats/_httpcache/2024/405fe4f0eda0b2058055c032317f16c017a47500d8984cb7f72d1c8030b8fa3a.json,75ad649988335125a73e00397e3e914ae596ffd85d345e2ca9ae4ecc4f2dc7b7,1,,,,,False,False,corroborated,172-2024,145496,STATUS_FINAL,6-1 6-4,2024-05-30T15:30Z,R64,/Users/varma/Projects/DEUCE/.research/2026-09-06-model-foundation/runs/phase4/staging/espn-results-001/20240608.json,a601b347582f876b3def4e70cdfa5c6f64e449a904b57129ec9de2ff09934d78,"[0, 0]"
2024,903,LS50200699,Clara Tauson,Jelena Ostapenko,327793,319939,R64,7-6(4) 4-6 6-3,completed,absent,2024-05-26,2024-06-09,2024-05-30T11:50:00+00:00,True,,False,data/raw/wta/stats/_httpcache/2024/405fe4f0eda0b2058055c032317f16c017a47500d8984cb7f72d1c8030b8fa3a.json,75ad649988335125a73e00397e3e914ae596ffd85d345e2ca9ae4ecc4f2dc7b7,1,,,,,False,False,corroborated,172-2024,145499,STATUS_FINAL,7-6 4-6 6-3,2024-05-30T12:05Z,R64,/Users/varma/Projects/DEUCE/.research/2026-09-06-model-foundation/runs/phase4/staging/espn-results-001/20240608.json,a601b347582f876b3def4e70cdfa5c6f64e449a904b57129ec9de2ff09934d78,"[0, 0]"
2024,903,LS50200701,Sofia Kenin,Caroline Garcia,320942,315391,R64,6-3 6-3,completed,absent,2024-05-26,2024-06-09,2024-05-29T10:00:00+00:00,True,,False,data/raw/wta/stats/_httpcache/2024/405fe4f0eda0b2058055c032317f16c017a47500d8984cb7f72d1c8030b8fa3a.json,75ad649988335125a73e00397e3e914ae596ffd85d345e2ca9ae4ecc4f2dc7b7,1,,,,,False,False,corroborated,172-2024,145498,STATUS_FINAL,6-3 6-3,2024-05-29T10:10Z,R64,/Users/varma/Projects/DEUCE/.research/2026-09-06-model-foundation/runs/phase4/staging/espn-results-001/20240608.json,a601b347582f876b3def4e70cdfa5c6f64e449a904b57129ec9de2ff09934d78,"[0, 0]"
2024,903,LS50200703,Leylah Fernandez,Xiyu Wang,326735,326160,R64,6-3 6-4,completed,absent,2024-05-26,2024-06-09,2024-05-29T09:15:00+00:00,True,,False,data/raw/wta/stats/_httpcache/2024/405fe4f0eda0b2058055c032317f16c017a47500d8984cb7f72d1c8030b8fa3a.json,75ad649988335125a73e00397e3e914ae596ffd85d345e2ca9ae4ecc4f2dc7b7,1,,,,,False,False,corroborated,172-2024,145509,STATUS_FINAL,6-3 6-4,2024-05-30T15:10Z,R64,/Users/varma/Projects/DEUCE/.research/2026-09-06-model-foundation/runs/phase4/staging/espn-results-001/20240608.json,a601b347582f876b3def4e70cdfa5c6f64e449a904b57129ec9de2ff09934d78,"[0, 0]"
2024,903,LS50200705,Ons Jabeur,Camila Osorio,316847,325898,R64,6-3 1-6 6-3,completed,absent,2024-05-26,2024-06-09,2024-05-29T12:15:00+00:00,True,,False,data/raw/wta/stats/_httpcache/2024/405fe4f0eda0b2058055c032317f16c017a47500d8984cb7f72d1c8030b8fa3a.json,75ad649988335125a73e00397e3e914ae596ffd85d345e2ca9ae4ecc4f2dc7b7,1,,,,,False,False,corroborated,172-2024,145511,STATUS_FINAL,6-3 1-6 6-3,2024-05-29T12:20Z,R64,/Users/varma/Projects/DEUCE/.research/2026-09-06-model-foundation/runs/phase4/staging/espn-results-001/20240608.json,a601b347582f876b3def4e70cdfa5c6f64e449a904b57129ec9de2ff09934d78,"[0, 0]"
2024,903,LS50200707,Qinwen Zheng,Tamara Korpatsch,328120,319571,R64,6-2 6-2,completed,absent,2024-05-26,2024-06-09,2024-05-30T19:00:00+00:00,True,,False,data/raw/wta/stats/_httpcache/2024/405fe4f0eda0b2058055c032317f16c017a47500d8984cb7f72d1c8030b8fa3a.json,75ad649988335125a73e00397e3e914ae596ffd85d345e2ca9ae4ecc4f2dc7b7,1,,,,,False,False,corroborated,172-2024,145510,STATUS_FINAL,6-2 6-2,2024-05-30T19:10Z,R64,/Users/varma/Projects/DEUCE/.research/2026-09-06-model-foundation/runs/phase4/staging/espn-results-001/20240608.json,a601b347582f876b3def4e70cdfa5c6f64e449a904b57129ec9de2ff09934d78,"[0, 0]"
2024,903,LS50200709,Marketa Vondrousova,Olga Danilovic,323027,324934,R16,6-4 6-2,completed,absent,2024-05-26,2024-06-09,2024-06-02T09:00:00+00:00,True,,False,data/raw/wta/stats/_httpcache/2024/405fe4f0eda0b2058055c032317f16c017a47500d8984cb7f72d1c8030b8fa3a.json,75ad649988335125a73e00397e3e914ae596ffd85d345e2ca9ae4ecc4f2dc7b7,1,,,,,False,False,corroborated,172-2024,145529,STATUS_FINAL,6-4 6-2,2024-06-02T09:10Z,R16,/Users/varma/Projects/DEUCE/.research/2026-09-06-model-foundation/runs/phase4/staging/espn-results-001/20240608.json,a601b347582f876b3def4e70cdfa5c6f64e449a904b57129ec9de2ff09934d78,"[0, 0]"
2024,903,LS50200711,Coco Gauff,Elisabetta Cocciaretto,328560,327909,R16,6-1 6-2,completed,absent,2024-05-26,2024-06-09,2024-06-02T10:10:00+00:00,True,,False,data/raw/wta/stats/_httpcache/2024/405fe4f0eda0b2058055c032317f16c017a47500d8984cb7f72d1c8030b8fa3a.json,75ad649988335125a73e00397e3e914ae596ffd85d345e2ca9ae4ecc4f2dc7b7,1,,,,,False,False,corroborated,172-2024,145532,STATUS_FINAL,6-1 6-2,2024-06-02T10:15Z,R16,/Users/varma/Projects/DEUCE/.research/2026-09-06-model-foundation/runs/phase4/staging/espn-results-001/20240608.json,a601b347582f876b3def4e70cdfa5c6f64e449a904b57129ec9de2ff09934d78,"[0, 0]"
2024,903,LS50200713,Ons Jabeur,Clara Tauson,316847,327793,R16,6-4 6-4,completed,absent,2024-05-26,2024-06-09,2024-06-02T14:30:00+00:00,True,,False,data/raw/wta/stats/_httpcache/2024/405fe4f0eda0b2058055c032317f16c017a47500d8984cb7f72d1c8030b8fa3a.json,75ad649988335125a73e00397e3e914ae596ffd85d345e2ca9ae4ecc4f2dc7b7,1,,,,,False,False,corroborated,172-2024,145531,STATUS_FINAL,6-4 6-4,2024-06-02T14:35Z,R16,/Users/varma/Projects/DEUCE/.research/2026-09-06-model-foundation/runs/phase4/staging/espn-results-001/20240608.json,a601b347582f876b3def4e70cdfa5c6f64e449a904b57129ec9de2ff09934d78,"[0, 0]"
2024,903,LS50200715,Jasmine Paolini,Elina Avanesyan,319280,327620,R16,4-6 6-0 6-1,completed,absent,2024-05-26,2024-06-09,2024-06-03T09:00:00+00:00,True,,False,data/raw/wta/stats/_httpcache/2024/405fe4f0eda0b2058055c032317f16c017a47500d8984cb7f72d1c8030b8fa3a.json,75ad649988335125a73e00397e3e914ae596ffd85d345e2ca9ae4ecc4f2dc7b7,1,,,,,False,False,corroborated,172-2024,145534,STATUS_FINAL,4-6 6-0 6-1,2024-06-03T09:10Z,R16,/Users/varma/Projects/DEUCE/.research/2026-09-06-model-foundation/runs/phase4/staging/espn-results-001/20240608.json,a601b347582f876b3def4e70cdfa5c6f64e449a904b57129ec9de2ff09934d78,"[0, 0]"
2024,903,LS50200717,Elena Rybakina,Elina Svitolina,324166,316738,R16,6-4 6-3,completed,absent,2024-05-26,2024-06-09,2024-06-03T09:00:00+00:00,True,,False,data/raw/wta/stats/_httpcache/2024/405fe4f0eda0b2058055c032317f16c017a47500d8984cb7f72d1c8030b8fa3a.json,75ad649988335125a73e00397e3e914ae596ffd85d345e2ca9ae4ecc4f2dc7b7,1,,,,,False,False,corroborated,172-2024,145533,STATUS_FINAL,6-4 6-3,2024-06-03T09:10Z,R16,/Users/varma/Projects/DEUCE/.research/2026-09-06-model-foundation/runs/phase4/staging/espn-results-001/20240608.json,a601b347582f876b3def4e70cdfa5c6f64e449a904b57129ec9de2ff09934d78,"[0, 0]"
2024,903,LS50200719,Mirra Andreeva,Varvara Gracheva,331809,325836,R16,7-5 6-2,completed,absent,2024-05-26,2024-06-09,2024-06-03T14:45:00+00:00,True,,False,data/raw/wta/stats/_httpcache/2024/405fe4f0eda0b2058055c032317f16c017a47500d8984cb7f72d1c8030b8fa3a.json,75ad649988335125a73e00397e3e914ae596ffd85d345e2ca9ae4ecc4f2dc7b7,1,,,,,False,False,corroborated,172-2024,145527,STATUS_FINAL,7-5 6-2,2024-06-03T14:45Z,R16,/Users/varma/Projects/DEUCE/.research/2026-09-06-model-foundation/runs/phase4/staging/espn-results-001/20240608.json,a601b347582f876b3def4e70cdfa5c6f64e449a904b57129ec9de2ff09934d78,"[0, 0]"
2024,903,LS50200721,Aryna Sabalenka,Emma Navarro,320760,325410,R16,6-2 6-3,completed,absent,2024-05-26,2024-06-09,2024-06-03T10:40:00+00:00,True,,False,data/raw/wta/stats/_httpcache/2024/405fe4f0eda0b2058055c032317f16c017a47500d8984cb7f72d1c8030b8fa3a.json,75ad649988335125a73e00397e3e914ae596ffd85d345e2ca9ae4ecc4f2dc7b7,1,,,,,False,False,corroborated,172-2024,145528,STATUS_FINAL,6-2 6-3,2024-06-03T10:40Z,R16,/Users/varma/Projects/DEUCE/.research/2026-09-06-model-foundation/runs/phase4/staging/espn-results-001/20240608.json,a601b347582f876b3def4e70cdfa5c6f64e449a904b57129ec9de2ff09934d78,"[0, 0]"
2024,903,LS50200723,Iga Swiatek,Marketa Vondrousova,326408,323027,QF,6-0 6-2,completed,absent,2024-05-26,2024-06-09,2024-06-04T11:25:00+00:00,False,,False,data/raw/wta/stats/_httpcache/2024/405fe4f0eda0b2058055c032317f16c017a47500d8984cb7f72d1c8030b8fa3a.json,75ad649988335125a73e00397e3e914ae596ffd85d345e2ca9ae4ecc4f2dc7b7,1,,,,,False,False,corroborated,172-2024,145535,STATUS_FINAL,6-0 6-2,2024-06-04T11:30Z,QF,/Users/varma/Projects/DEUCE/.research/2026-09-06-model-foundation/runs/phase4/staging/espn-results-001/20240608.json,a601b347582f876b3def4e70cdfa5c6f64e449a904b57129ec9de2ff09934d78,"[0, 0]"
2024,903,LS50200725,Coco Gauff,Ons Jabeur,328560,316847,QF,4-6 6-2 6-3,completed,absent,2024-05-26,2024-06-09,2024-06-04T09:00:00+00:00,False,,False,data/raw/wta/stats/_httpcache/2024/405fe4f0eda0b2058055c032317f16c017a47500d8984cb7f72d1c8030b8fa3a.json,75ad649988335125a73e00397e3e914ae596ffd85d345e2ca9ae4ecc4f2dc7b7,1,,,,,False,False,corroborated,172-2024,145537,STATUS_FINAL,4-6 6-2 6-3,2024-06-04T09:10Z,QF,/Users/varma/Projects/DEUCE/.research/2026-09-06-model-foundation/runs/phase4/staging/espn-results-001/20240608.json,a601b347582f876b3def4e70cdfa5c6f64e449a904b57129ec9de2ff09934d78,"[0, 0]"
2024,903,LS50200727,Jasmine Paolini,Elena Rybakina,319280,324166,QF,6-2 4-6 6-4,completed,absent,2024-05-26,2024-06-09,2024-06-05T12:20:00+00:00,False,,False,data/raw/wta/stats/_httpcache/2024/405fe4f0eda0b2058055c032317f16c017a47500d8984cb7f72d1c8030b8fa3a.json,75ad649988335125a73e00397e3e914ae596ffd85d345e2ca9ae4ecc4f2dc7b7,1,,,,,False,False,corroborated,172-2024,145536,STATUS_FINAL,6-2 4-6 6-4,2024-06-05T12:25Z,QF,/Users/varma/Projects/DEUCE/.research/2026-09-06-model-foundation/runs/phase4/staging/espn-results-001/20240608.json,a601b347582f876b3def4e70cdfa5c6f64e449a904b57129ec9de2ff09934d78,"[0, 0]"
2024,903,LS50200729,Mirra Andreeva,Aryna Sabalenka,331809,320760,QF,6-7(5) 6-4 6-4,completed,absent,2024-05-26,2024-06-09,2024-06-05T14:45:00+00:00,False,,False,data/raw/wta/stats/_httpcache/2024/405fe4f0eda0b2058055c032317f16c017a47500d8984cb7f72d1c8030b8fa3a.json,75ad649988335125a73e00397e3e914ae596ffd85d345e2ca9ae4ecc4f2dc7b7,1,,,,,False,False,corroborated,172-2024,145539,STATUS_FINAL,6-7 6-4 6-4,2024-06-05T14:50Z,QF,/Users/varma/Projects/DEUCE/.research/2026-09-06-model-foundation/runs/phase4/staging/espn-results-001/20240608.json,a601b347582f876b3def4e70cdfa5c6f64e449a904b57129ec9de2ff09934d78,"[0, 0]"
2024,903,LS50200731,Iga Swiatek,Coco Gauff,326408,328560,SF,6-2 6-4,completed,absent,2024-05-26,2024-06-09,2024-06-06T13:05:00+00:00,False,,False,data/raw/wta/stats/_httpcache/2024/405fe4f0eda0b2058055c032317f16c017a47500d8984cb7f72d1c8030b8fa3a.json,75ad649988335125a73e00397e3e914ae596ffd85d345e2ca9ae4ecc4f2dc7b7,1,,,,,False,False,corroborated,172-2024,145538,STATUS_FINAL,6-2 6-4,2024-06-06T13:10Z,SF,/Users/varma/Projects/DEUCE/.research/2026-09-06-model-foundation/runs/phase4/staging/espn-results-001/20240608.json,a601b347582f876b3def4e70cdfa5c6f64e449a904b57129ec9de2ff09934d78,"[0, 0]"
2024,903,LS50200733,Jasmine Paolini,Mirra Andreeva,319280,331809,SF,6-3 6-1,completed,absent,2024-05-26,2024-06-09,2024-06-06T15:10:00+00:00,False,,False,data/raw/wta/stats/_httpcache/2024/405fe4f0eda0b2058055c032317f16c017a47500d8984cb7f72d1c8030b8fa3a.json,75ad649988335125a73e00397e3e914ae596ffd85d345e2ca9ae4ecc4f2dc7b7,1,,,,,False,False,corroborated,172-2024,145541,STATUS_FINAL,6-3 6-1,2024-06-06T15:10Z,SF,/Users/varma/Projects/DEUCE/.research/2026-09-06-model-foundation/runs/phase4/staging/espn-results-001/20240608.json,a601b347582f876b3def4e70cdfa5c6f64e449a904b57129ec9de2ff09934d78,"[0, 0]"
2024,903,LS50200735,Iga Swiatek,Jasmine Paolini,326408,319280,F,6-2 6-1,completed,absent,2024-05-26,2024-06-09,2024-06-08T13:00:00+00:00,False,,False,data/raw/wta/stats/_httpcache/2024/405fe4f0eda0b2058055c032317f16c017a47500d8984cb7f72d1c8030b8fa3a.json,75ad649988335125a73e00397e3e914ae596ffd85d345e2ca9ae4ecc4f2dc7b7,1,,,,,False,False,corroborated,172-2024,145540,STATUS_FINAL,6-2 6-1,2024-06-08T13:10Z,F,/Users/varma/Projects/DEUCE/.research/2026-09-06-model-foundation/runs/phase4/staging/espn-results-001/20240608.json,a601b347582f876b3def4e70cdfa5c6f64e449a904b57129ec9de2ff09934d78,"[0, 0]"
2024,903,LS50200739,Iga Swiatek,Naomi Osaka,326408,319998,R64,7-6(1) 1-6 7-5,completed,absent,2024-05-26,2024-06-09,2024-05-29T15:30:00+00:00,True,,False,data/raw/wta/stats/_httpcache/2024/405fe4f0eda0b2058055c032317f16c017a47500d8984cb7f72d1c8030b8fa3a.json,75ad649988335125a73e00397e3e914ae596ffd85d345e2ca9ae4ecc4f2dc7b7,1,,,,,False,False,corroborated,172-2024,145492,STATUS_FINAL,7-6 1-6 7-5,2024-05-29T15:35Z,R64,/Users/varma/Projects/DEUCE/.research/2026-09-06-model-foundation/runs/phase4/staging/espn-results-001/20240608.json,a601b347582f876b3def4e70cdfa5c6f64e449a904b57129ec9de2ff09934d78,"[0, 0]"
2024,903,LS50200741,Anastasia Potapova,Xinyu Wang,325601,326376,R32,7-5 6-7(6) 6-4,completed,absent,2024-05-26,2024-06-09,2024-05-31T12:10:00+00:00,True,,False,data/raw/wta/stats/_httpcache/2024/405fe4f0eda0b2058055c032317f16c017a47500d8984cb7f72d1c8030b8fa3a.json,75ad649988335125a73e00397e3e914ae596ffd85d345e2ca9ae4ecc4f2dc7b7,1,,,,,False,False,corroborated,172-2024,145517,STATUS_FINAL,7-5 6-7 6-4,2024-05-31T12:10Z,R32,/Users/varma/Projects/DEUCE/.research/2026-09-06-model-foundation/runs/phase4/staging/espn-results-001/20240608.json,a601b347582f876b3def4e70cdfa5c6f64e449a904b57129ec9de2ff09934d78,"[0, 0]"
2024,903,LS50200743,Olga Danilovic,Donna Vekic,324934,318516,R32,0-6 7-5 7-6(8),completed,absent,2024-05-26,2024-06-09,2024-05-31T09:00:00+00:00,True,,False,data/raw/wta/stats/_httpcache/2024/405fe4f0eda0b2058055c032317f16c017a47500d8984cb7f72d1c8030b8fa3a.json,75ad649988335125a73e00397e3e914ae596ffd85d345e2ca9ae4ecc4f2dc7b7,1,,,,,False,False,corroborated,172-2024,145516,STATUS_FINAL,0-6 7-5 7-6,2024-05-31T09:10Z,R32,/Users/varma/Projects/DEUCE/.research/2026-09-06-model-foundation/runs/phase4/staging/espn-results-001/20240608.json,a601b347582f876b3def4e70cdfa5c6f64e449a904b57129ec9de2ff09934d78,"[0, 0]"
2024,903,LS50200745,Marketa Vondrousova,Chloe Paquet,323027,318839,R32,6-1 6-3,completed,absent,2024-05-26,2024-06-09,2024-05-31T14:00:00+00:00,True,,False,data/raw/wta/stats/_httpcache/2024/405fe4f0eda0b2058055c032317f16c017a47500d8984cb7f72d1c8030b8fa3a.json,75ad649988335125a73e00397e3e914ae596ffd85d345e2ca9ae4ecc4f2dc7b7,1,,,,,False,False,corroborated,172-2024,145483,STATUS_FINAL,6-1 6-3,2024-05-31T14:05Z,R32,/Users/varma/Projects/DEUCE/.research/2026-09-06-model-foundation/runs/phase4/staging/espn-results-001/20240608.json,a601b347582f876b3def4e70cdfa5c6f64e449a904b57129ec9de2ff09934d78,"[0, 0]"
2024,903,LS50200747,Coco Gauff,Dayana Yastremska,328560,324261,R32,6-2 6-4,completed,absent,2024-05-26,2024-06-09,2024-05-31T10:05:00+00:00,True,,False,data/raw/wta/stats/_httpcache/2024/405fe4f0eda0b2058055c032317f16c017a47500d8984cb7f72d1c8030b8fa3a.json,75ad649988335125a73e00397e3e914ae596ffd85d345e2ca9ae4ecc4f2dc7b7,1,,,,,False,False,corroborated,172-2024,145482,STATUS_FINAL,6-2 6-4,2024-05-31T10:10Z,R32,/Users/varma/Projects/DEUCE/.research/2026-09-06-model-foundation/runs/phase4/staging/espn-results-001/20240608.json,a601b347582f876b3def4e70cdfa5c6f64e449a904b57129ec9de2ff09934d78,"[0, 0]"
2024,903,LS50200749,Elisabetta Cocciaretto,Liudmila Samsonova,327909,322222,R32,7-6(4) 6-2,completed,absent,2024-05-26,2024-06-09,2024-05-31T09:00:00+00:00,True,,False,data/raw/wta/stats/_httpcache/2024/405fe4f0eda0b2058055c032317f16c017a47500d8984cb7f72d1c8030b8fa3a.json,75ad649988335125a73e00397e3e914ae596ffd85d345e2ca9ae4ecc4f2dc7b7,1,,,,,False,False,corroborated,172-2024,145485,STATUS_FINAL,7-6 6-2,2024-05-31T09:10Z,R32,/Users/varma/Projects/DEUCE/.research/2026-09-06-model-foundation/runs/phase4/staging/espn-results-001/20240608.json,a601b347582f876b3def4e70cdfa5c6f64e449a904b57129ec9de2ff09934d78,"[0, 0]"
2024,903,LS50200751,Clara Tauson,Sofia Kenin,327793,320942,R32,6-2 7-5,completed,absent,2024-05-26,2024-06-09,2024-05-31T14:00:00+00:00,True,,False,data/raw/wta/stats/_httpcache/2024/405fe4f0eda0b2058055c032317f16c017a47500d8984cb7f72d1c8030b8fa3a.json,75ad649988335125a73e00397e3e914ae596ffd85d345e2ca9ae4ecc4f2dc7b7,1,,,,,False,False,corroborated,172-2024,145484,STATUS_FINAL,6-2 7-5,2024-05-31T14:05Z,R32,/Users/varma/Projects/DEUCE/.research/2026-09-06-model-foundation/runs/phase4/staging/espn-results-001/20240608.json,a601b347582f876b3def4e70cdfa5c6f64e449a904b57129ec9de2ff09934d78,"[0, 0]"
2024,903,LS50200753,Ons Jabeur,Leylah Fernandez,316847,326735,R32,6-4 7-6(5),completed,absent,2024-05-26,2024-06-09,2024-05-31T14:05:00+00:00,True,,False,data/raw/wta/stats/_httpcache/2024/405fe4f0eda0b2058055c032317f16c017a47500d8984cb7f72d1c8030b8fa3a.json,75ad649988335125a73e00397e3e914ae596ffd85d345e2ca9ae4ecc4f2dc7b7,1,,,,,False,False,corroborated,172-2024,145487,STATUS_FINAL,6-4 7-6,2024-05-31T14:10Z,R32,/Users/varma/Projects/DEUCE/.research/2026-09-06-model-foundation/runs/phase4/staging/espn-results-001/20240608.json,a601b347582f876b3def4e70cdfa5c6f64e449a904b57129ec9de2ff09934d78,"[0, 0]"
2024,903,LS50200755,Elina Avanesyan,Qinwen Zheng,327620,328120,R32,3-6 6-3 7-6(6),completed,absent,2024-05-26,2024-06-09,2024-06-01T09:00:00+00:00,True,,False,data/raw/wta/stats/_httpcache/2024/405fe4f0eda0b2058055c032317f16c017a47500d8984cb7f72d1c8030b8fa3a.json,75ad649988335125a73e00397e3e914ae596ffd85d345e2ca9ae4ecc4f2dc7b7,1,,,,,False,False,corroborated,172-2024,145486,STATUS_FINAL,3-6 6-3 7-6,2024-06-01T09:10Z,R32,/Users/varma/Projects/DEUCE/.research/2026-09-06-model-foundation/runs/phase4/staging/espn-results-001/20240608.json,a601b347582f876b3def4e70cdfa5c6f64e449a904b57129ec9de2ff09934d78,"[0, 0]"
2024,903,LS50200757,Jasmine Paolini,Bianca Andreescu,319280,325088,R32,6-1 3-6 6-0,completed,absent,2024-05-26,2024-06-09,2024-06-01T16:00:00+00:00,True,,False,data/raw/wta/stats/_httpcache/2024/405fe4f0eda0b2058055c032317f16c017a47500d8984cb7f72d1c8030b8fa3a.json,75ad649988335125a73e00397e3e914ae596ffd85d345e2ca9ae4ecc4f2dc7b7,1,,,,,False,False,corroborated,172-2024,145489,STATUS_FINAL,6-1 3-6 6-0,2024-06-01T16:15Z,R32,/Users/varma/Projects/DEUCE/.research/2026-09-06-model-foundation/runs/phase4/staging/espn-results-001/20240608.json,a601b347582f876b3def4e70cdfa5c6f64e449a904b57129ec9de2ff09934d78,"[0, 0]"
2024,903,LS50200759,Elina Svitolina,Ana Bogdan,316738,315427,R32,7-5 6-2,completed,absent,2024-05-26,2024-06-09,2024-06-01T16:15:00+00:00,True,,False,data/raw/wta/stats/_httpcache/2024/405fe4f0eda0b2058055c032317f16c017a47500d8984cb7f72d1c8030b8fa3a.json,75ad649988335125a73e00397e3e914ae596ffd85d345e2ca9ae4ecc4f2dc7b7,1,,,,,False,False,corroborated,172-2024,145488,STATUS_FINAL,7-5 6-2,2024-06-01T16:20Z,R32,/Users/varma/Projects/DEUCE/.research/2026-09-06-model-foundation/runs/phase4/staging/espn-results-001/20240608.json,a601b347582f876b3def4e70cdfa5c6f64e449a904b57129ec9de2ff09934d78,"[0, 0]"
2024,903,LS50200761,Elena Rybakina,Elise Mertens,324166,317964,R32,6-4 6-2,completed,absent,2024-05-26,2024-06-09,2024-06-01T10:00:00+00:00,True,,False,data/raw/wta/stats/_httpcache/2024/405fe4f0eda0b2058055c032317f16c017a47500d8984cb7f72d1c8030b8fa3a.json,75ad649988335125a73e00397e3e914ae596ffd85d345e2ca9ae4ecc4f2dc7b7,1,,,,,False,False,corroborated,172-2024,145481,STATUS_FINAL,6-4 6-2,2024-06-01T10:10Z,R32,/Users/varma/Projects/DEUCE/.research/2026-09-06-model-foundation/runs/phase4/staging/espn-results-001/20240608.json,a601b347582f876b3def4e70cdfa5c6f64e449a904b57129ec9de2ff09934d78,"[0, 0]"
2024,903,LS50200763,Varvara Gracheva,Irina-Camelia Begu,325836,313169,R32,7-5 6-3,completed,absent,2024-05-26,2024-06-09,2024-06-01T09:00:00+00:00,True,,False,data/raw/wta/stats/_httpcache/2024/405fe4f0eda0b2058055c032317f16c017a47500d8984cb7f72d1c8030b8fa3a.json,75ad649988335125a73e00397e3e914ae596ffd85d345e2ca9ae4ecc4f2dc7b7,1,,,,,False,False,corroborated,172-2024,145480,STATUS_FINAL,7-5 6-3,2024-06-01T09:10Z,R32,/Users/varma/Projects/DEUCE/.research/2026-09-06-model-foundation/runs/phase4/staging/espn-results-001/20240608.json,a601b347582f876b3def4e70cdfa5c6f64e449a904b57129ec9de2ff09934d78,"[0, 0]"
2024,903,LS50200765,Mirra Andreeva,Peyton Stearns,331809,327573,R32,6-2 6-1,completed,absent,2024-05-26,2024-06-09,2024-06-01T16:00:00+00:00,True,,False,data/raw/wta/stats/_httpcache/2024/405fe4f0eda0b2058055c032317f16c017a47500d8984cb7f72d1c8030b8fa3a.json,75ad649988335125a73e00397e3e914ae596ffd85d345e2ca9ae4ecc4f2dc7b7,1,,,,,False,False,corroborated,172-2024,145479,STATUS_FINAL,6-2 6-1,2024-06-01T16:10Z,R32,/Users/varma/Projects/DEUCE/.research/2026-09-06-model-foundation/runs/phase4/staging/espn-results-001/20240608.json,a601b347582f876b3def4e70cdfa5c6f64e449a904b57129ec9de2ff09934d78,"[0, 0]"
2024,903,LS50200767,Emma Navarro,Madison Keys,325410,316959,R32,7-6(5) 7-6(3),completed,absent,2024-05-26,2024-06-09,2024-06-01T17:45:00+00:00,True,,False,data/raw/wta/stats/_httpcache/2024/405fe4f0eda0b2058055c032317f16c017a47500d8984cb7f72d1c8030b8fa3a.json,75ad649988335125a73e00397e3e914ae596ffd85d345e2ca9ae4ecc4f2dc7b7,1,,,,,False,False,corroborated,172-2024,145491,STATUS_FINAL,7-6 7-6,2024-06-01T17:50Z,R32,/Users/varma/Projects/DEUCE/.research/2026-09-06-model-foundation/runs/phase4/staging/espn-results-001/20240608.json,a601b347582f876b3def4e70cdfa5c6f64e449a904b57129ec9de2ff09934d78,"[0, 0]"
2024,903,LS50200769,Aryna Sabalenka,Paula Badosa,320760,320124,R32,7-5 6-1,completed,absent,2024-05-26,2024-06-09,2024-06-01T11:35:00+00:00,True,,False,data/raw/wta/stats/_httpcache/2024/405fe4f0eda0b2058055c032317f16c017a47500d8984cb7f72d1c8030b8fa3a.json,75ad649988335125a73e00397e3e914ae596ffd85d345e2ca9ae4ecc4f2dc7b7,1,,,,,False,False,corroborated,172-2024,145490,STATUS_FINAL,7-5 6-1,2024-06-01T11:40Z,R32,/Users/varma/Projects/DEUCE/.research/2026-09-06-model-foundation/runs/phase4/staging/espn-results-001/20240608.json,a601b347582f876b3def4e70cdfa5c6f64e449a904b57129ec9de2ff09934d78,"[0, 0]"
2024,903,LS50200771,Iga Swiatek,Anastasia Potapova,326408,325601,R16,6-0 6-0,completed,absent,2024-05-26,2024-06-09,2024-06-02T09:00:00+00:00,True,,False,data/raw/wta/stats/_httpcache/2024/405fe4f0eda0b2058055c032317f16c017a47500d8984cb7f72d1c8030b8fa3a.json,75ad649988335125a73e00397e3e914ae596ffd85d345e2ca9ae4ecc4f2dc7b7,1,,,,,False,False,corroborated,172-2024,145530,STATUS_FINAL,6-0 6-0,2024-06-02T09:10Z,R16,/Users/varma/Projects/DEUCE/.research/2026-09-06-model-foundation/runs/phase4/staging/espn-results-001/20240608.json,a601b347582f876b3def4e70cdfa5c6f64e449a904b57129ec9de2ff09934d78,"[0, 0]"
2024,903,LS50200773,Elina Avanesyan,Anna Blinkova,327620,324267,R64,6-3 6-0,completed,absent,2024-05-26,2024-06-09,2024-05-30T16:35:00+00:00,True,,False,data/raw/wta/stats/_httpcache/2024/405fe4f0eda0b2058055c032317f16c017a47500d8984cb7f72d1c8030b8fa3a.json,75ad649988335125a73e00397e3e914ae596ffd85d345e2ca9ae4ecc4f2dc7b7,1,,,,,False,False,corroborated,172-2024,145513,STATUS_FINAL,6-3 6-0,2024-05-30T16:40Z,R64,/Users/varma/Projects/DEUCE/.research/2026-09-06-model-foundation/runs/phase4/staging/espn-results-001/20240608.json,a601b347582f876b3def4e70cdfa5c6f64e449a904b57129ec9de2ff09934d78,"[0, 0]"
2024,903,LS50200777,Bianca Andreescu,Anna Kalinskaya,325088,323942,R64,1-6 7-5 6-3,completed,absent,2024-05-26,2024-06-09,2024-05-30T19:40:00+00:00,True,,False,data/raw/wta/stats/_httpcache/2024/405fe4f0eda0b2058055c032317f16c017a47500d8984cb7f72d1c8030b8fa3a.json,75ad649988335125a73e00397e3e914ae596ffd85d345e2ca9ae4ecc4f2dc7b7,1,,,,,False,False,corroborated,172-2024,145512,STATUS_FINAL,1-6 7-5 6-3,2024-05-30T19:45Z,R64,/Users/varma/Projects/DEUCE/.research/2026-09-06-model-foundation/runs/phase4/staging/espn-results-001/20240608.json,a601b347582f876b3def4e70cdfa5c6f64e449a904b57129ec9de2ff09934d78,"[0, 0]"
2024,903,LS50200779,Jasmine Paolini,Hailey Baptiste,319280,327101,R64,6-4 7-6(6),completed,absent,2024-05-26,2024-06-09,2024-05-30T19:30:00+00:00,True,,False,data/raw/wta/stats/_httpcache/2024/405fe4f0eda0b2058055c032317f16c017a47500d8984cb7f72d1c8030b8fa3a.json,75ad649988335125a73e00397e3e914ae596ffd85d345e2ca9ae4ecc4f2dc7b7,1,,,,,False,False,corroborated,172-2024,145515,STATUS_FINAL,6-4 7-6,2024-05-30T19:40Z,R64,/Users/varma/Projects/DEUCE/.research/2026-09-06-model-foundation/runs/phase4/staging/espn-results-001/20240608.json,a601b347582f876b3def4e70cdfa5c6f64e449a904b57129ec9de2ff09934d78,"[0, 0]"
2024,903,LS50200783,Elina Svitolina,Diane Parry,316738,327077,R64,6-4 7-6(3),completed,absent,2024-05-26,2024-06-09,2024-05-30T11:30:00+00:00,True,,False,data/raw/wta/stats/_httpcache/2024/405fe4f0eda0b2058055c032317f16c017a47500d8984cb7f72d1c8030b8fa3a.json,75ad649988335125a73e00397e3e914ae596ffd85d345e2ca9ae4ecc4f2dc7b7,1,,,,,False,False,corroborated,172-2024,145514,STATUS_FINAL,6-4 7-6,2024-05-30T11:35Z,R64,/Users/varma/Projects/DEUCE/.research/2026-09-06-model-foundation/runs/phase4/staging/espn-results-001/20240608.json,a601b347582f876b3def4e70cdfa5c6f64e449a904b57129ec9de2ff09934d78,"[0, 0]"
2024,903,LS50200785,Ana Bogdan,Anastasia Pavlyuchenkova,315427,313796,R64,6-4 6-4,completed,absent,2024-05-26,2024-06-09,2024-05-30T20:05:00+00:00,True,,False,data/raw/wta/stats/_httpcache/2024/405fe4f0eda0b2058055c032317f16c017a47500d8984cb7f72d1c8030b8fa3a.json,75ad649988335125a73e00397e3e914ae596ffd85d345e2ca9ae4ecc4f2dc7b7,1,,,,,False,False,corroborated,172-2024,145507,STATUS_FINAL,6-4 6-4,2024-05-30T20:00Z,R64,/Users/varma/Projects/DEUCE/.research/2026-09-06-model-foundation/runs/phase4/staging/espn-results-001/20240608.json,a601b347582f876b3def4e70cdfa5c6f64e449a904b57129ec9de2ff09934d78,"[0, 0]"
2024,903,LS50200787,Elise Mertens,Petra Martic,317964,313711,R64,6-4 6-3,completed,absent,2024-05-26,2024-06-09,2024-05-30T15:15:00+00:00,True,,False,data/raw/wta/stats/_httpcache/2024/405fe4f0eda0b2058055c032317f16c017a47500d8984cb7f72d1c8030b8fa3a.json,75ad649988335125a73e00397e3e914ae596ffd85d345e2ca9ae4ecc4f2dc7b7,1,,,,,False,False,corroborated,172-2024,145506,STATUS_FINAL,6-4 6-3,2024-05-30T15:20Z,R64,/Users/varma/Projects/DEUCE/.research/2026-09-06-model-foundation/runs/phase4/staging/espn-results-001/20240608.json,a601b347582f876b3def4e70cdfa5c6f64e449a904b57129ec9de2ff09934d78,"[0, 0]"
2024,903,LS50200789,Elena Rybakina,Arantxa Rus,324166,313349,R64,6-3 6-4,completed,absent,2024-05-26,2024-06-09,2024-05-30T10:40:00+00:00,True,,False,data/raw/wta/stats/_httpcache/2024/405fe4f0eda0b2058055c032317f16c017a47500d8984cb7f72d1c8030b8fa3a.json,75ad649988335125a73e00397e3e914ae596ffd85d345e2ca9ae4ecc4f2dc7b7,1,,,,,False,False,corroborated,172-2024,145508,STATUS_FINAL,6-3 6-4,2024-05-30T10:40Z,R64,/Users/varma/Projects/DEUCE/.research/2026-09-06-model-foundation/runs/phase4/staging/espn-results-001/20240608.json,a601b347582f876b3def4e70cdfa5c6f64e449a904b57129ec9de2ff09934d78,"[0, 0]"
2024,903,LS50200793,Varvara Gracheva,Bernarda Pera,325836,317708,R64,6-1 6-3,completed,absent,2024-05-26,2024-06-09,2024-05-30T19:50:00+00:00,True,,False,data/raw/wta/stats/_httpcache/2024/405fe4f0eda0b2058055c032317f16c017a47500d8984cb7f72d1c8030b8fa3a.json,75ad649988335125a73e00397e3e914ae596ffd85d345e2ca9ae4ecc4f2dc7b7,1,,,,,False,False,corroborated,172-2024,145520,STATUS_FINAL,6-1 6-3,2024-05-30T19:50Z,R64,/Users/varma/Projects/DEUCE/.research/2026-09-06-model-foundation/runs/phase4/staging/espn-results-001/20240608.json,a601b347582f876b3def4e70cdfa5c6f64e449a904b57129ec9de2ff09934d78,"[0, 0]"
2024,903,LS50200795,Irina-Camelia Begu,Linda Noskova,313169,329668,R64,6-4 6-2,completed,absent,2024-05-26,2024-06-09,2024-05-30T18:40:00+00:00,True,,False,data/raw/wta/stats/_httpcache/2024/405fe4f0eda0b2058055c032317f16c017a47500d8984cb7f72d1c8030b8fa3a.json,75ad649988335125a73e00397e3e914ae596ffd85d345e2ca9ae4ecc4f2dc7b7,1,,,,,False,False,corroborated,172-2024,145519,STATUS_FINAL,6-4 6-2,2024-05-30T18:45Z,R64,/Users/varma/Projects/DEUCE/.research/2026-09-06-model-foundation/runs/phase4/staging/espn-results-001/20240608.json,a601b347582f876b3def4e70cdfa5c6f64e449a904b57129ec9de2ff09934d78,"[0, 0]"
2024,903,LS50200797,Mirra Andreeva,Victoria Azarenka,331809,312001,R64,6-3 3-6 7-5,completed,absent,2024-05-26,2024-06-09,2024-05-30T20:20:00+00:00,True,,False,data/raw/wta/stats/_httpcache/2024/405fe4f0eda0b2058055c032317f16c017a47500d8984cb7f72d1c8030b8fa3a.json,75ad649988335125a73e00397e3e914ae596ffd85d345e2ca9ae4ecc4f2dc7b7,1,,,,,False,False,corroborated,172-2024,145522,STATUS_FINAL,6-3 3-6 7-5,2024-05-30T20:25Z,R64,/Users/varma/Projects/DEUCE/.research/2026-09-06-model-foundation/runs/phase4/staging/espn-results-001/20240608.json,a601b347582f876b3def4e70cdfa5c6f64e449a904b57129ec9de2ff09934d78,"[0, 0]"
2024,903,LS50200799,Peyton Stearns,Daria Kasatkina,327573,322082,R64,7-5 6-2,completed,absent,2024-05-26,2024-06-09,2024-05-30T19:05:00+00:00,True,,False,data/raw/wta/stats/_httpcache/2024/405fe4f0eda0b2058055c032317f16c017a47500d8984cb7f72d1c8030b8fa3a.json,75ad649988335125a73e00397e3e914ae596ffd85d345e2ca9ae4ecc4f2dc7b7,1,,,,,False,False,corroborated,172-2024,145521,STATUS_FINAL,7-5 6-2,2024-05-30T19:15Z,R64,/Users/varma/Projects/DEUCE/.research/2026-09-06-model-foundation/runs/phase4/staging/espn-results-001/20240608.json,a601b347582f876b3def4e70cdfa5c6f64e449a904b57129ec9de2ff09934d78,"[0, 0]"
2024,903,LS50200801,Madison Keys,Mayar Sherif Ahmed Abdelaziz,316959,318711,R64,6-0 7-6(7),completed,absent,2024-05-26,2024-06-09,2024-05-30T14:55:00+00:00,True,,False,data/raw/wta/stats/_httpcache/2024/405fe4f0eda0b2058055c032317f16c017a47500d8984cb7f72d1c8030b8fa3a.json,75ad649988335125a73e00397e3e914ae596ffd85d345e2ca9ae4ecc4f2dc7b7,1,,,,,False,False,corroborated,172-2024,145524,STATUS_FINAL,6-0 7-6,2024-05-30T15:00Z,R64,/Users/varma/Projects/DEUCE/.research/2026-09-06-model-foundation/runs/phase4/staging/espn-results-001/20240608.json,a601b347582f876b3def4e70cdfa5c6f64e449a904b57129ec9de2ff09934d78,"[0, 0]"
2024,903,LS50200803,Emma Navarro,Sara Errani,325410,310761,R64,6-2 7-5,completed,absent,2024-05-26,2024-06-09,2024-05-30T18:25:00+00:00,True,,False,data/raw/wta/stats/_httpcache/2024/405fe4f0eda0b2058055c032317f16c017a47500d8984cb7f72d1c8030b8fa3a.json,75ad649988335125a73e00397e3e914ae596ffd85d345e2ca9ae4ecc4f2dc7b7,1,,,,,False,False,corroborated,172-2024,145523,STATUS_FINAL,6-2 7-5,2024-05-30T18:30Z,R64,/Users/varma/Projects/DEUCE/.research/2026-09-06-model-foundation/runs/phase4/staging/espn-results-001/20240608.json,a601b347582f876b3def4e70cdfa5c6f64e449a904b57129ec9de2ff09934d78,"[0, 0]"
2024,903,LS50200805,Paula Badosa,Yulia Putintseva,320124,317683,R64,4-6 6-1 7-5,completed,absent,2024-05-26,2024-06-09,2024-05-30T09:00:00+00:00,True,,False,data/raw/wta/stats/_httpcache/2024/405fe4f0eda0b2058055c032317f16c017a47500d8984cb7f72d1c8030b8fa3a.json,75ad649988335125a73e00397e3e914ae596ffd85d345e2ca9ae4ecc4f2dc7b7,1,,,,,False,False,corroborated,172-2024,145526,STATUS_FINAL,4-6 6-1 7-5,2024-05-30T09:10Z,R64,/Users/varma/Projects/DEUCE/.research/2026-09-06-model-foundation/runs/phase4/staging/espn-results-001/20240608.json,a601b347582f876b3def4e70cdfa5c6f64e449a904b57129ec9de2ff09934d78,"[0, 0]"
2024,903,LS50200807,Aryna Sabalenka,Moyuka Uchijima,320760,327241,R64,6-2 6-2,completed,absent,2024-05-26,2024-06-09,2024-05-30T10:00:00+00:00,True,,False,data/raw/wta/stats/_httpcache/2024/405fe4f0eda0b2058055c032317f16c017a47500d8984cb7f72d1c8030b8fa3a.json,75ad649988335125a73e00397e3e914ae596ffd85d345e2ca9ae4ecc4f2dc7b7,1,,,,,False,False,corroborated,172-2024,145525,STATUS_FINAL,6-2 6-2,2024-05-30T10:10Z,R64,/Users/varma/Projects/DEUCE/.research/2026-09-06-model-foundation/runs/phase4/staging/espn-results-001/20240608.json,a601b347582f876b3def4e70cdfa5c6f64e449a904b57129ec9de2ff09934d78,"[0, 0]"
2024,903,LS50200809,Iga Swiatek,Marie Bouzkova,326408,320983,R32,6-4 6-2,completed,absent,2024-05-26,2024-06-09,2024-05-31T14:55:00+00:00,True,,False,data/raw/wta/stats/_httpcache/2024/405fe4f0eda0b2058055c032317f16c017a47500d8984cb7f72d1c8030b8fa3a.json,75ad649988335125a73e00397e3e914ae596ffd85d345e2ca9ae4ecc4f2dc7b7,1,,,,,False,False,corroborated,172-2024,145518,STATUS_FINAL,6-4 6-2,2024-05-31T15:00Z,R32,/Users/varma/Projects/DEUCE/.research/2026-09-06-model-foundation/runs/phase4/staging/espn-results-001/20240608.json,a601b347582f876b3def4e70cdfa5c6f64e449a904b57129ec9de2ff09934d78,"[0, 0]"
2024,903,LS50302555,Aryna Sabalenka,Erika Andreeva,320760,330151,R128,6-1 6-2,completed,absent,2024-05-26,2024-06-09,2024-05-28T14:25:00+00:00,True,,False,data/raw/wta/stats/_httpcache/2024/405fe4f0eda0b2058055c032317f16c017a47500d8984cb7f72d1c8030b8fa3a.json,75ad649988335125a73e00397e3e914ae596ffd85d345e2ca9ae4ecc4f2dc7b7,1,,,,,False,False,corroborated,172-2024,145420,STATUS_FINAL,6-1 6-2,2024-05-28T14:30Z,R128,/Users/varma/Projects/DEUCE/.research/2026-09-06-model-foundation/runs/phase4/staging/espn-results-001/20240608.json,a601b347582f876b3def4e70cdfa5c6f64e449a904b57129ec9de2ff09934d78,"[0, 0]"
2024,903,LS50302557,Yulia Putintseva,Sloane Stephens,317683,315683,R128,6-1 6-2,completed,absent,2024-05-26,2024-06-09,2024-05-28T18:15:00+00:00,True,,False,data/raw/wta/stats/_httpcache/2024/405fe4f0eda0b2058055c032317f16c017a47500d8984cb7f72d1c8030b8fa3a.json,75ad649988335125a73e00397e3e914ae596ffd85d345e2ca9ae4ecc4f2dc7b7,1,,,,,False,False,corroborated,172-2024,145431,STATUS_FINAL,6-1 6-2,2024-05-28T18:30Z,R128,/Users/varma/Projects/DEUCE/.research/2026-09-06-model-foundation/runs/phase4/staging/espn-results-001/20240608.json,a601b347582f876b3def4e70cdfa5c6f64e449a904b57129ec9de2ff09934d78,"[0, 0]"
2024,903,LS50302559,Paula Badosa,Katie Boulter,320124,319125,R128,4-6 7-5 6-4,completed,absent,2024-05-26,2024-06-09,2024-05-28T19:10:00+00:00,True,,False,data/raw/wta/stats/_httpcache/2024/405fe4f0eda0b2058055c032317f16c017a47500d8984cb7f72d1c8030b8fa3a.json,75ad649988335125a73e00397e3e914ae596ffd85d345e2ca9ae4ecc4f2dc7b7,1,,,,,False,False,corroborated,172-2024,145427,STATUS_FINAL,4-6 7-5 6-4,2024-05-28T17:45Z,R128,/Users/varma/Projects/DEUCE/.research/2026-09-06-model-foundation/runs/phase4/staging/espn-results-001/20240608.json,a601b347582f876b3def4e70cdfa5c6f64e449a904b57129ec9de2ff09934d78,"[0, 0]"
2024,903,LS50302561,Mayar Sherif Ahmed Abdelaziz,Yue Yuan,318711,324325,R128,6-1 6-3,completed,absent,2024-05-26,2024-06-09,2024-05-28T17:25:00+00:00,True,,False,data/raw/wta/stats/_httpcache/2024/405fe4f0eda0b2058055c032317f16c017a47500d8984cb7f72d1c8030b8fa3a.json,75ad649988335125a73e00397e3e914ae596ffd85d345e2ca9ae4ecc4f2dc7b7,1,,,,,False,False,unmatched,,,,,,,,,
2024,903,LS50302563,Madison Keys,Renata Zarazua,316959,320716,R128,6-3 6-2,completed,absent,2024-05-26,2024-06-09,2024-05-28T16:35:00+00:00,True,,False,data/raw/wta/stats/_httpcache/2024/405fe4f0eda0b2058055c032317f16c017a47500d8984cb7f72d1c8030b8fa3a.json,75ad649988335125a73e00397e3e914ae596ffd85d345e2ca9ae4ecc4f2dc7b7,1,,,,,False,False,corroborated,172-2024,145467,STATUS_FINAL,6-3 6-2,2024-05-28T16:40Z,R128,/Users/varma/Projects/DEUCE/.research/2026-09-06-model-foundation/runs/phase4/staging/espn-results-001/20240608.json,a601b347582f876b3def4e70cdfa5c6f64e449a904b57129ec9de2ff09934d78,"[0, 0]"
2024,903,LS50302565,Daria Kasatkina,Magdalena Frech,322082,320277,R128,7-5 6-1,completed,absent,2024-05-26,2024-06-09,2024-05-28T14:30:00+00:00,True,,False,data/raw/wta/stats/_httpcache/2024/405fe4f0eda0b2058055c032317f16c017a47500d8984cb7f72d1c8030b8fa3a.json,75ad649988335125a73e00397e3e914ae596ffd85d345e2ca9ae4ecc4f2dc7b7,1,,,,,False,False,corroborated,172-2024,145464,STATUS_FINAL,7-5 6-1,2024-05-28T14:35Z,R128,/Users/varma/Projects/DEUCE/.research/2026-09-06-model-foundation/runs/phase4/staging/espn-results-001/20240608.json,a601b347582f876b3def4e70cdfa5c6f64e449a904b57129ec9de2ff09934d78,"[0, 0]"
2024,903,LS50302567,Mirra Andreeva,Emina Bektas,331809,316464,R128,6-2 6-3,completed,absent,2024-05-26,2024-06-09,2024-05-28T17:10:00+00:00,True,,False,data/raw/wta/stats/_httpcache/2024/405fe4f0eda0b2058055c032317f16c017a47500d8984cb7f72d1c8030b8fa3a.json,75ad649988335125a73e00397e3e914ae596ffd85d345e2ca9ae4ecc4f2dc7b7,1,,,,,False,False,corroborated,172-2024,145462,STATUS_FINAL,6-2 6-3,2024-05-28T17:15Z,R128,/Users/varma/Projects/DEUCE/.research/2026-09-06-model-foundation/runs/phase4/staging/espn-results-001/20240608.json,a601b347582f876b3def4e70cdfa5c6f64e449a904b57129ec9de2ff09934d78,"[0, 0]"
2024,903,LS50302569,Victoria Azarenka,Nadia Podoroska,312001,319112,R128,6-1 6-0,completed,absent,2024-05-26,2024-06-09,2024-05-28T18:10:00+00:00,True,,False,data/raw/wta/stats/_httpcache/2024/405fe4f0eda0b2058055c032317f16c017a47500d8984cb7f72d1c8030b8fa3a.json,75ad649988335125a73e00397e3e914ae596ffd85d345e2ca9ae4ecc4f2dc7b7,1,,,,,False,False,corroborated,172-2024,145463,STATUS_FINAL,6-1 6-0,2024-05-28T18:15Z,R128,/Users/varma/Projects/DEUCE/.research/2026-09-06-model-foundation/runs/phase4/staging/espn-results-001/20240608.json,a601b347582f876b3def4e70cdfa5c6f64e449a904b57129ec9de2ff09934d78,"[0, 0]"
2024,903,LS50302571,Linda Noskova,Harriet Dart,329668,319489,R128,7-6(3) 6-4,completed,absent,2024-05-26,2024-06-09,2024-05-27T17:00:00+00:00,True,,False,data/raw/wta/stats/_httpcache/2024/405fe4f0eda0b2058055c032317f16c017a47500d8984cb7f72d1c8030b8fa3a.json,75ad649988335125a73e00397e3e914ae596ffd85d345e2ca9ae4ecc4f2dc7b7,1,,,,,False,False,corroborated,172-2024,145476,STATUS_FINAL,7-6 6-4,2024-05-27T17:15Z,R128,/Users/varma/Projects/DEUCE/.research/2026-09-06-model-foundation/runs/phase4/staging/espn-results-001/20240608.json,a601b347582f876b3def4e70cdfa5c6f64e449a904b57129ec9de2ff09934d78,"[0, 0]"
2024,903,LS50302573,Bernarda Pera,Nao Hibino,317708,320238,R128,6-2 6-0,completed,absent,2024-05-26,2024-06-09,2024-05-27T19:10:00+00:00,True,,False,data/raw/wta/stats/_httpcache/2024/405fe4f0eda0b2058055c032317f16c017a47500d8984cb7f72d1c8030b8fa3a.json,75ad649988335125a73e00397e3e914ae596ffd85d345e2ca9ae4ecc4f2dc7b7,1,,,,,False,False,corroborated,172-2024,145473,STATUS_FINAL,6-2 6-0,2024-05-27T19:20Z,R128,/Users/varma/Projects/DEUCE/.research/2026-09-06-model-foundation/runs/phase4/staging/espn-results-001/20240608.json,a601b347582f876b3def4e70cdfa5c6f64e449a904b57129ec9de2ff09934d78,"[0, 0]"
2024,903,LS50302575,Varvara Gracheva,Maria Sakkari,325836,318312,R128,3-6 6-4 6-3,completed,absent,2024-05-26,2024-06-09,2024-05-27T16:40:00+00:00,True,,False,data/raw/wta/stats/_httpcache/2024/405fe4f0eda0b2058055c032317f16c017a47500d8984cb7f72d1c8030b8fa3a.json,75ad649988335125a73e00397e3e914ae596ffd85d345e2ca9ae4ecc4f2dc7b7,1,,,,,False,False,corroborated,172-2024,145475,STATUS_FINAL,3-6 6-4 6-3,2024-05-27T16:45Z,R128,/Users/varma/Projects/DEUCE/.research/2026-09-06-model-foundation/runs/phase4/staging/espn-results-001/20240608.json,a601b347582f876b3def4e70cdfa5c6f64e449a904b57129ec9de2ff09934d78,"[0, 0]"
2024,903,LS50302577,Elena Rybakina,Greet Minnen,324166,321454,R128,6-2 6-3,completed,absent,2024-05-26,2024-06-09,2024-05-28T09:00:00+00:00,True,,False,data/raw/wta/stats/_httpcache/2024/405fe4f0eda0b2058055c032317f16c017a47500d8984cb7f72d1c8030b8fa3a.json,75ad649988335125a73e00397e3e914ae596ffd85d345e2ca9ae4ecc4f2dc7b7,1,,,,,False,False,corroborated,172-2024,145446,STATUS_FINAL,6-2 6-3,2024-05-28T09:10Z,R128,/Users/varma/Projects/DEUCE/.research/2026-09-06-model-foundation/runs/phase4/staging/espn-results-001/20240608.json,a601b347582f876b3def4e70cdfa5c6f64e449a904b57129ec9de2ff09934d78,"[0, 0]"
2024,903,LS50302579,Arantxa Rus,Angelique Kerber,313349,311470,R128,6-4 6-3,completed,absent,2024-05-26,2024-06-09,2024-05-28T14:20:00+00:00,True,,False,data/raw/wta/stats/_httpcache/2024/405fe4f0eda0b2058055c032317f16c017a47500d8984cb7f72d1c8030b8fa3a.json,75ad649988335125a73e00397e3e914ae596ffd85d345e2ca9ae4ecc4f2dc7b7,1,,,,,False,False,corroborated,172-2024,145444,STATUS_FINAL,6-4 6-3,2024-05-28T14:30Z,R128,/Users/varma/Projects/DEUCE/.research/2026-09-06-model-foundation/runs/phase4/staging/espn-results-001/20240608.json,a601b347582f876b3def4e70cdfa5c6f64e449a904b57129ec9de2ff09934d78,"[0, 0]"
2024,903,LS50302581,Petra Martic,Kristina Mladenovic,313711,315616,R128,6-4 6-4,completed,absent,2024-05-26,2024-06-09,2024-05-28T14:00:00+00:00,True,,False,data/raw/wta/stats/_httpcache/2024/405fe4f0eda0b2058055c032317f16c017a47500d8984cb7f72d1c8030b8fa3a.json,75ad649988335125a73e00397e3e914ae596ffd85d345e2ca9ae4ecc4f2dc7b7,1,,,,,False,False,corroborated,172-2024,145445,STATUS_FINAL,6-4 6-4,2024-05-28T14:10Z,R128,/Users/varma/Projects/DEUCE/.research/2026-09-06-model-foundation/runs/phase4/staging/espn-results-001/20240608.json,a601b347582f876b3def4e70cdfa5c6f64e449a904b57129ec9de2ff09934d78,"[0, 0]"
2024,903,LS50302583,Elise Mertens,Maria Carle,317964,322638,R128,6-3 7-6(8),completed,absent,2024-05-26,2024-06-09,2024-05-28T14:00:00+00:00,True,,False,data/raw/wta/stats/_httpcache/2024/405fe4f0eda0b2058055c032317f16c017a47500d8984cb7f72d1c8030b8fa3a.json,75ad649988335125a73e00397e3e914ae596ffd85d345e2ca9ae4ecc4f2dc7b7,1,,,,,False,False,unmatched,,,,,,,,,
2024,903,LS50302585,Ana Bogdan,Elsa Jacquemot,315427,328142,R128,6-1 6-3,completed,absent,2024-05-26,2024-06-09,2024-05-27T19:00:00+00:00,True,,False,data/raw/wta/stats/_httpcache/2024/405fe4f0eda0b2058055c032317f16c017a47500d8984cb7f72d1c8030b8fa3a.json,75ad649988335125a73e00397e3e914ae596ffd85d345e2ca9ae4ecc4f2dc7b7,1,,,,,False,False,corroborated,172-2024,145440,STATUS_FINAL,6-1 6-3,2024-05-27T19:20Z,R128,/Users/varma/Projects/DEUCE/.research/2026-09-06-model-foundation/runs/phase4/staging/espn-results-001/20240608.json,a601b347582f876b3def4e70cdfa5c6f64e449a904b57129ec9de2ff09934d78,"[0, 0]"
2024,903,LS50302587,Diane Parry,Fiona Ferro,327077,319969,R128,3-6 6-3 6-3,completed,absent,2024-05-26,2024-06-09,2024-05-27T18:00:00+00:00,True,,False,data/raw/wta/stats/_httpcache/2024/405fe4f0eda0b2058055c032317f16c017a47500d8984cb7f72d1c8030b8fa3a.json,75ad649988335125a73e00397e3e914ae596ffd85d345e2ca9ae4ecc4f2dc7b7,1,,,,,False,False,corroborated,172-2024,145441,STATUS_FINAL,3-6 6-3 6-3,2024-05-27T17:45Z,R128,/Users/varma/Projects/DEUCE/.research/2026-09-06-model-foundation/runs/phase4/staging/espn-results-001/20240608.json,a601b347582f876b3def4e70cdfa5c6f64e449a904b57129ec9de2ff09934d78,"[0, 0]"
2024,903,LS50302589,Elina Svitolina,Karolina Pliskova,316738,313974,R128,3-6 6-4 6-2,completed,absent,2024-05-26,2024-06-09,2024-05-27T15:40:00+00:00,True,,False,data/raw/wta/stats/_httpcache/2024/405fe4f0eda0b2058055c032317f16c017a47500d8984cb7f72d1c8030b8fa3a.json,75ad649988335125a73e00397e3e914ae596ffd85d345e2ca9ae4ecc4f2dc7b7,1,,,,,False,False,corroborated,172-2024,145455,STATUS_FINAL,3-6 6-4 6-2,2024-05-27T15:40Z,R128,/Users/varma/Projects/DEUCE/.research/2026-09-06-model-foundation/runs/phase4/staging/espn-results-001/20240608.json,a601b347582f876b3def4e70cdfa5c6f64e449a904b57129ec9de2ff09934d78,"[0, 0]"
2024,903,LS50302591,Jasmine Paolini,Daria Saville,319280,315997,R128,6-3 6-4,completed,absent,2024-05-26,2024-06-09,2024-05-27T09:00:00+00:00,True,,False,data/raw/wta/stats/_httpcache/2024/405fe4f0eda0b2058055c032317f16c017a47500d8984cb7f72d1c8030b8fa3a.json,75ad649988335125a73e00397e3e914ae596ffd85d345e2ca9ae4ecc4f2dc7b7,1,,,,,False,False,corroborated,172-2024,145457,STATUS_FINAL,6-3 6-4,2024-05-27T09:10Z,R128,/Users/varma/Projects/DEUCE/.research/2026-09-06-model-foundation/runs/phase4/staging/espn-results-001/20240608.json,a601b347582f876b3def4e70cdfa5c6f64e449a904b57129ec9de2ff09934d78,"[0, 0]"
2024,903,LS50302595,Bianca Andreescu,Sara Sorribes Tormo,325088,318872,R128,7-5 6-1,completed,absent,2024-05-26,2024-06-09,2024-05-27T16:00:00+00:00,True,,False,data/raw/wta/stats/_httpcache/2024/405fe4f0eda0b2058055c032317f16c017a47500d8984cb7f72d1c8030b8fa3a.json,75ad649988335125a73e00397e3e914ae596ffd85d345e2ca9ae4ecc4f2dc7b7,1,,,,,False,False,corroborated,172-2024,145436,STATUS_FINAL,7-5 6-1,2024-05-27T16:13Z,R128,/Users/varma/Projects/DEUCE/.research/2026-09-06-model-foundation/runs/phase4/staging/espn-results-001/20240608.json,a601b347582f876b3def4e70cdfa5c6f64e449a904b57129ec9de2ff09934d78,"[0, 0]"
2024,903,LS50302597,Anna Kalinskaya,Clara Burel,323942,325320,R128,7-6(3) 7-5,completed,absent,2024-05-26,2024-06-09,2024-05-27T14:45:00+00:00,True,,False,data/raw/wta/stats/_httpcache/2024/405fe4f0eda0b2058055c032317f16c017a47500d8984cb7f72d1c8030b8fa3a.json,75ad649988335125a73e00397e3e914ae596ffd85d345e2ca9ae4ecc4f2dc7b7,1,,,,,False,False,corroborated,172-2024,145434,STATUS_FINAL,7-6 7-5,2024-05-27T14:45Z,R128,/Users/varma/Projects/DEUCE/.research/2026-09-06-model-foundation/runs/phase4/staging/espn-results-001/20240608.json,a601b347582f876b3def4e70cdfa5c6f64e449a904b57129ec9de2ff09934d78,"[0, 0]"
2024,903,LS50302599,Anna Blinkova,Sorana Cirstea,324267,312469,R128,6-3 3-6 7-6(5),completed,absent,2024-05-26,2024-06-09,2024-05-28T14:10:00+00:00,True,,False,data/raw/wta/stats/_httpcache/2024/405fe4f0eda0b2058055c032317f16c017a47500d8984cb7f72d1c8030b8fa3a.json,75ad649988335125a73e00397e3e914ae596ffd85d345e2ca9ae4ecc4f2dc7b7,1,,,,,False,False,corroborated,172-2024,145435,STATUS_FINAL,6-3 3-6 7-6,2024-05-28T14:10Z,R128,/Users/varma/Projects/DEUCE/.research/2026-09-06-model-foundation/runs/phase4/staging/espn-results-001/20240608.json,a601b347582f876b3def4e70cdfa5c6f64e449a904b57129ec9de2ff09934d78,"[0, 0]"
2024,903,LS50302601,Elina Avanesyan,Lin Zhu,327620,317306,R128,6-2 6-4,completed,absent,2024-05-26,2024-06-09,2024-05-28T14:10:00+00:00,True,,False,data/raw/wta/stats/_httpcache/2024/405fe4f0eda0b2058055c032317f16c017a47500d8984cb7f72d1c8030b8fa3a.json,75ad649988335125a73e00397e3e914ae596ffd85d345e2ca9ae4ecc4f2dc7b7,1,,,,,False,False,unmatched,,,,,,,,,
2024,903,LS50302603,Tamara Korpatsch,Ashlyn Krueger,319571,329409,R128,4-6 6-4 7-6(9),completed,absent,2024-05-26,2024-06-09,2024-05-28T14:10:00+00:00,True,,False,data/raw/wta/stats/_httpcache/2024/405fe4f0eda0b2058055c032317f16c017a47500d8984cb7f72d1c8030b8fa3a.json,75ad649988335125a73e00397e3e914ae596ffd85d345e2ca9ae4ecc4f2dc7b7,1,,,,,False,False,corroborated,172-2024,145433,STATUS_FINAL,4-6 6-4 7-6,2024-05-28T14:10Z,R128,/Users/varma/Projects/DEUCE/.research/2026-09-06-model-foundation/runs/phase4/staging/espn-results-001/20240608.json,a601b347582f876b3def4e70cdfa5c6f64e449a904b57129ec9de2ff09934d78,"[0, 0]"
2024,903,LS50302605,Qinwen Zheng,Alize Cornet,328120,312121,R128,6-2 6-1,completed,absent,2024-05-26,2024-06-09,2024-05-28T10:00:00+00:00,True,,False,data/raw/wta/stats/_httpcache/2024/405fe4f0eda0b2058055c032317f16c017a47500d8984cb7f72d1c8030b8fa3a.json,75ad649988335125a73e00397e3e914ae596ffd85d345e2ca9ae4ecc4f2dc7b7,1,,,,,False,False,corroborated,172-2024,145418,STATUS_FINAL,6-2 6-1,2024-05-28T10:10Z,R128,/Users/varma/Projects/DEUCE/.research/2026-09-06-model-foundation/runs/phase4/staging/espn-results-001/20240608.json,a601b347582f876b3def4e70cdfa5c6f64e449a904b57129ec9de2ff09934d78,"[0, 0]"
2024,903,LS50302607,Ons Jabeur,Sachia Vickery,316847,317443,R128,6-3 6-2,completed,absent,2024-05-26,2024-06-09,2024-05-27T10:00:00+00:00,True,,False,data/raw/wta/stats/_httpcache/2024/405fe4f0eda0b2058055c032317f16c017a47500d8984cb7f72d1c8030b8fa3a.json,75ad649988335125a73e00397e3e914ae596ffd85d345e2ca9ae4ecc4f2dc7b7,1,,,,,False,False,corroborated,172-2024,145419,STATUS_FINAL,6-3 6-2,2024-05-27T10:10Z,R128,/Users/varma/Projects/DEUCE/.research/2026-09-06-model-foundation/runs/phase4/staging/espn-results-001/20240608.json,a601b347582f876b3def4e70cdfa5c6f64e449a904b57129ec9de2ff09934d78,"[0, 0]"
2024,903,LS50302609,Camila Osorio,Anhelina Kalinina,325898,320567,R128,,incomplete-or-invalid-score,absent,2024-05-26,2024-06-09,2024-05-27T15:20:00+00:00,True,,False,data/raw/wta/stats/_httpcache/2024/405fe4f0eda0b2058055c032317f16c017a47500d8984cb7f72d1c8030b8fa3a.json,75ad649988335125a73e00397e3e914ae596ffd85d345e2ca9ae4ecc4f2dc7b7,1,,,,,False,False,score-conflict,172-2024,145416,STATUS_RETIRED,3-6 7-6 4-1,2024-05-27T15:25Z,R128,/Users/varma/Projects/DEUCE/.research/2026-09-06-model-foundation/runs/phase4/staging/espn-results-001/20240608.json,a601b347582f876b3def4e70cdfa5c6f64e449a904b57129ec9de2ff09934d78,"[0, 0]"
2024,903,LS50302611,Xiyu Wang,Zhuoxuan Bai,326160,327196,R128,7-5 6-7(4) 6-3,completed,absent,2024-05-26,2024-06-09,2024-05-26T16:00:00+00:00,True,,False,data/raw/wta/stats/_httpcache/2024/405fe4f0eda0b2058055c032317f16c017a47500d8984cb7f72d1c8030b8fa3a.json,75ad649988335125a73e00397e3e914ae596ffd85d345e2ca9ae4ecc4f2dc7b7,1,,,,,False,False,unmatched,,,,,,,,,
2024,903,LS50302613,Leylah Fernandez,Jessika Ponchet,326735,319421,R128,6-2 6-0,completed,absent,2024-05-26,2024-06-09,2024-05-27T14:25:00+00:00,True,,False,data/raw/wta/stats/_httpcache/2024/405fe4f0eda0b2058055c032317f16c017a47500d8984cb7f72d1c8030b8fa3a.json,75ad649988335125a73e00397e3e914ae596ffd85d345e2ca9ae4ecc4f2dc7b7,1,,,,,False,False,corroborated,172-2024,145415,STATUS_FINAL,6-2 6-0,2024-05-27T14:30Z,R128,/Users/varma/Projects/DEUCE/.research/2026-09-06-model-foundation/runs/phase4/staging/espn-results-001/20240608.json,a601b347582f876b3def4e70cdfa5c6f64e449a904b57129ec9de2ff09934d78,"[0, 0]"
2024,903,LS50302615,Sofia Kenin,Laura Siegemund,320942,310926,R128,4-6 6-2 6-2,completed,absent,2024-05-26,2024-06-09,2024-05-26T12:40:00+00:00,True,,False,data/raw/wta/stats/_httpcache/2024/405fe4f0eda0b2058055c032317f16c017a47500d8984cb7f72d1c8030b8fa3a.json,75ad649988335125a73e00397e3e914ae596ffd85d345e2ca9ae4ecc4f2dc7b7,1,,,,,False,False,corroborated,172-2024,145428,STATUS_FINAL,4-6 6-2 6-2,2024-05-26T12:45Z,R128,/Users/varma/Projects/DEUCE/.research/2026-09-06-model-foundation/runs/phase4/staging/espn-results-001/20240608.json,a601b347582f876b3def4e70cdfa5c6f64e449a904b57129ec9de2ff09934d78,"[0, 0]"
2024,903,LS50302617,Clara Tauson,Tatjana Maria,327793,310440,R128,6-2 6-3,completed,absent,2024-05-26,2024-06-09,2024-05-26T16:35:00+00:00,True,,False,data/raw/wta/stats/_httpcache/2024/405fe4f0eda0b2058055c032317f16c017a47500d8984cb7f72d1c8030b8fa3a.json,75ad649988335125a73e00397e3e914ae596ffd85d345e2ca9ae4ecc4f2dc7b7,1,,,,,False,False,corroborated,172-2024,145423,STATUS_FINAL,6-2 6-3,2024-05-26T16:50Z,R128,/Users/varma/Projects/DEUCE/.research/2026-09-06-model-foundation/runs/phase4/staging/espn-results-001/20240608.json,a601b347582f876b3def4e70cdfa5c6f64e449a904b57129ec9de2ff09934d78,"[0, 0]"
2024,903,LS50302619,Jelena Ostapenko,Jaqueline Cristian,319939,320319,R128,6-4 7-5,completed,absent,2024-05-26,2024-06-09,2024-05-26T12:20:00+00:00,True,,False,data/raw/wta/stats/_httpcache/2024/405fe4f0eda0b2058055c032317f16c017a47500d8984cb7f72d1c8030b8fa3a.json,75ad649988335125a73e00397e3e914ae596ffd85d345e2ca9ae4ecc4f2dc7b7,1,,,,,False,False,corroborated,172-2024,145425,STATUS_FINAL,6-4 7-5,2024-05-26T12:20Z,R128,/Users/varma/Projects/DEUCE/.research/2026-09-06-model-foundation/runs/phase4/staging/espn-results-001/20240608.json,a601b347582f876b3def4e70cdfa5c6f64e449a904b57129ec9de2ff09934d78,"[0, 0]"
2024,903,LS50302621,Elisabetta Cocciaretto,Beatriz Haddad Maia,327909,318176,R128,3-6 6-4 6-1,completed,absent,2024-05-26,2024-06-09,2024-05-27T19:30:00+00:00,True,,False,data/raw/wta/stats/_httpcache/2024/405fe4f0eda0b2058055c032317f16c017a47500d8984cb7f72d1c8030b8fa3a.json,75ad649988335125a73e00397e3e914ae596ffd85d345e2ca9ae4ecc4f2dc7b7,1,,,,,False,False,corroborated,172-2024,145421,STATUS_FINAL,3-6 6-4 6-1,2024-05-27T19:35Z,R128,/Users/varma/Projects/DEUCE/.research/2026-09-06-model-foundation/runs/phase4/staging/espn-results-001/20240608.json,a601b347582f876b3def4e70cdfa5c6f64e449a904b57129ec9de2ff09934d78,"[0, 0]"
2024,903,LS50302623,Liudmila Samsonova,Magda Linette,322222,315130,R128,6-1 6-1,completed,absent,2024-05-26,2024-06-09,2024-05-27T09:00:00+00:00,True,,False,data/raw/wta/stats/_httpcache/2024/405fe4f0eda0b2058055c032317f16c017a47500d8984cb7f72d1c8030b8fa3a.json,75ad649988335125a73e00397e3e914ae596ffd85d345e2ca9ae4ecc4f2dc7b7,1,,,,,False,False,corroborated,172-2024,145461,STATUS_FINAL,6-1 6-1,2024-05-27T09:10Z,R128,/Users/varma/Projects/DEUCE/.research/2026-09-06-model-foundation/runs/phase4/staging/espn-results-001/20240608.json,a601b347582f876b3def4e70cdfa5c6f64e449a904b57129ec9de2ff09934d78,"[0, 0]"
2024,903,LS50302625,Dayana Yastremska,Ajla Tomljanovic,324261,315232,R128,3-6 6-3 6-3,completed,absent,2024-05-26,2024-06-09,2024-05-26T09:00:00+00:00,True,,False,data/raw/wta/stats/_httpcache/2024/405fe4f0eda0b2058055c032317f16c017a47500d8984cb7f72d1c8030b8fa3a.json,75ad649988335125a73e00397e3e914ae596ffd85d345e2ca9ae4ecc4f2dc7b7,1,,,,,False,False,corroborated,172-2024,145458,STATUS_FINAL,3-6 6-3 6-3,2024-05-26T09:10Z,R128,/Users/varma/Projects/DEUCE/.research/2026-09-06-model-foundation/runs/phase4/staging/espn-results-001/20240608.json,a601b347582f876b3def4e70cdfa5c6f64e449a904b57129ec9de2ff09934d78,"[0, 0]"
2024,903,LS50302627,Yafan Wang,Maria Timofeeva,317510,328896,R128,6-3 6-3,completed,absent,2024-05-26,2024-06-09,2024-05-26T09:00:00+00:00,True,,False,data/raw/wta/stats/_httpcache/2024/405fe4f0eda0b2058055c032317f16c017a47500d8984cb7f72d1c8030b8fa3a.json,75ad649988335125a73e00397e3e914ae596ffd85d345e2ca9ae4ecc4f2dc7b7,1,,,,,False,False,unmatched,,,,,,,,,
2024,903,LS50302629,Marketa Vondrousova,Rebeka Masarova,323027,322087,R128,6-1 6-3,completed,absent,2024-05-26,2024-06-09,2024-05-27T09:00:00+00:00,True,,False,data/raw/wta/stats/_httpcache/2024/405fe4f0eda0b2058055c032317f16c017a47500d8984cb7f72d1c8030b8fa3a.json,75ad649988335125a73e00397e3e914ae596ffd85d345e2ca9ae4ecc4f2dc7b7,1,,,,,False,False,corroborated,172-2024,145474,STATUS_FINAL,6-1 6-3,2024-05-27T09:10Z,R128,/Users/varma/Projects/DEUCE/.research/2026-09-06-model-foundation/runs/phase4/staging/espn-results-001/20240608.json,a601b347582f876b3def4e70cdfa5c6f64e449a904b57129ec9de2ff09934d78,"[0, 0]"
2024,903,LS50302631,Chloe Paquet,Diana Shnaider,318839,330482,R128,6-3 6-1,completed,absent,2024-05-26,2024-06-09,2024-05-26T16:30:00+00:00,True,,False,data/raw/wta/stats/_httpcache/2024/405fe4f0eda0b2058055c032317f16c017a47500d8984cb7f72d1c8030b8fa3a.json,75ad649988335125a73e00397e3e914ae596ffd85d345e2ca9ae4ecc4f2dc7b7,1,,,,,False,False,corroborated,172-2024,145471,STATUS_FINAL,6-3 6-1,2024-05-26T16:30Z,R128,/Users/varma/Projects/DEUCE/.research/2026-09-06-model-foundation/runs/phase4/staging/espn-results-001/20240608.json,a601b347582f876b3def4e70cdfa5c6f64e449a904b57129ec9de2ff09934d78,"[0, 0]"
2024,903,LS50302633,Donna Vekic,Lesia Tsurenko,318516,315295,R128,,incomplete-or-invalid-score,absent,2024-05-26,2024-06-09,2024-05-26T09:00:00+00:00,True,,False,data/raw/wta/stats/_httpcache/2024/405fe4f0eda0b2058055c032317f16c017a47500d8984cb7f72d1c8030b8fa3a.json,75ad649988335125a73e00397e3e914ae596ffd85d345e2ca9ae4ecc4f2dc7b7,1,,,,,False,False,score-conflict,172-2024,145438,STATUS_RETIRED,6-5,2024-05-26T09:00Z,R128,/Users/varma/Projects/DEUCE/.research/2026-09-06-model-foundation/runs/phase4/staging/espn-results-001/20240608.json,a601b347582f876b3def4e70cdfa5c6f64e449a904b57129ec9de2ff09934d78,"[0, 0]"
2024,903,LS50302635,Danielle Collins,Caroline Dolehide,316925,322052,R128,6-3 6-4,completed,absent,2024-05-26,2024-06-09,2024-05-27T14:35:00+00:00,True,,False,data/raw/wta/stats/_httpcache/2024/405fe4f0eda0b2058055c032317f16c017a47500d8984cb7f72d1c8030b8fa3a.json,75ad649988335125a73e00397e3e914ae596ffd85d345e2ca9ae4ecc4f2dc7b7,1,,,,,False,False,corroborated,172-2024,145437,STATUS_FINAL,6-3 6-4,2024-05-27T14:40Z,R128,/Users/varma/Projects/DEUCE/.research/2026-09-06-model-foundation/runs/phase4/staging/espn-results-001/20240608.json,a601b347582f876b3def4e70cdfa5c6f64e449a904b57129ec9de2ff09934d78,"[0, 0]"
2024,903,LS50302637,Viktoriya Tomova,Ekaterina Alexandrova,317584,319007,R128,6-3 7-6(5),completed,absent,2024-05-26,2024-06-09,2024-05-27T14:10:00+00:00,True,,False,data/raw/wta/stats/_httpcache/2024/405fe4f0eda0b2058055c032317f16c017a47500d8984cb7f72d1c8030b8fa3a.json,75ad649988335125a73e00397e3e914ae596ffd85d345e2ca9ae4ecc4f2dc7b7,1,,,,,False,False,corroborated,172-2024,145454,STATUS_FINAL,6-3 7-6,2024-05-27T14:15Z,R128,/Users/varma/Projects/DEUCE/.research/2026-09-06-model-foundation/runs/phase4/staging/espn-results-001/20240608.json,a601b347582f876b3def4e70cdfa5c6f64e449a904b57129ec9de2ff09934d78,"[0, 0]"
2024,903,LS50302641,Anastasia Potapova,Kamilla Rakhimova,325601,325936,R128,6-2 6-3,completed,absent,2024-05-26,2024-06-09,2024-05-27T09:00:00+00:00,True,,False,data/raw/wta/stats/_httpcache/2024/405fe4f0eda0b2058055c032317f16c017a47500d8984cb7f72d1c8030b8fa3a.json,75ad649988335125a73e00397e3e914ae596ffd85d345e2ca9ae4ecc4f2dc7b7,1,,,,,False,False,corroborated,172-2024,145451,STATUS_FINAL,6-2 6-3,2024-05-27T09:10Z,R128,/Users/varma/Projects/DEUCE/.research/2026-09-06-model-foundation/runs/phase4/staging/espn-results-001/20240608.json,a601b347582f876b3def4e70cdfa5c6f64e449a904b57129ec9de2ff09934d78,"[0, 0]"
2024,903,LS50302643,Viktorija Golubic,Barbora Krejcikova,316296,318314,R128,7-6(3) 6-4,completed,absent,2024-05-26,2024-06-09,2024-05-26T18:00:00+00:00,True,,False,data/raw/wta/stats/_httpcache/2024/405fe4f0eda0b2058055c032317f16c017a47500d8984cb7f72d1c8030b8fa3a.json,75ad649988335125a73e00397e3e914ae596ffd85d345e2ca9ae4ecc4f2dc7b7,1,,,,,False,False,corroborated,172-2024,145453,STATUS_FINAL,7-6 6-4,2024-05-26T18:15Z,R128,/Users/varma/Projects/DEUCE/.research/2026-09-06-model-foundation/runs/phase4/staging/espn-results-001/20240608.json,a601b347582f876b3def4e70cdfa5c6f64e449a904b57129ec9de2ff09934d78,"[0, 0]"
2024,903,LS50302645,Marie Bouzkova,Veronika Kudermetova,320983,319526,R128,6-2 6-4,completed,absent,2024-05-26,2024-06-09,2024-05-26T09:00:00+00:00,True,,False,data/raw/wta/stats/_httpcache/2024/405fe4f0eda0b2058055c032317f16c017a47500d8984cb7f72d1c8030b8fa3a.json,75ad649988335125a73e00397e3e914ae596ffd85d345e2ca9ae4ecc4f2dc7b7,1,,,,,False,False,corroborated,172-2024,145449,STATUS_FINAL,6-2 6-4,2024-05-26T09:10Z,R128,/Users/varma/Projects/DEUCE/.research/2026-09-06-model-foundation/runs/phase4/staging/espn-results-001/20240608.json,a601b347582f876b3def4e70cdfa5c6f64e449a904b57129ec9de2ff09934d78,"[0, 0]"
2024,903,LS50302647,Naomi Osaka,Lucia Bronzetti,319998,322280,R128,6-1 4-6 7-5,completed,absent,2024-05-26,2024-06-09,2024-05-26T10:00:00+00:00,True,,False,data/raw/wta/stats/_httpcache/2024/405fe4f0eda0b2058055c032317f16c017a47500d8984cb7f72d1c8030b8fa3a.json,75ad649988335125a73e00397e3e914ae596ffd85d345e2ca9ae4ecc4f2dc7b7,1,,,,,False,False,corroborated,172-2024,145447,STATUS_FINAL,6-1 4-6 7-5,2024-05-26T10:10Z,R128,/Users/varma/Projects/DEUCE/.research/2026-09-06-model-foundation/runs/phase4/staging/espn-results-001/20240608.json,a601b347582f876b3def4e70cdfa5c6f64e449a904b57129ec9de2ff09934d78,"[0, 0]"
2024,903,LS50322317,Moyuka Uchijima,Irene Burillo Escorihuela,327241,321157,R128,6-1 6-1,completed,absent,2024-05-26,2024-06-09,2024-05-28T17:10:00+00:00,True,,False,data/raw/wta/stats/_httpcache/2024/405fe4f0eda0b2058055c032317f16c017a47500d8984cb7f72d1c8030b8fa3a.json,75ad649988335125a73e00397e3e914ae596ffd85d345e2ca9ae4ecc4f2dc7b7,1,,,,,False,False,corroborated,172-2024,145430,STATUS_FINAL,6-1 6-1,2024-05-28T17:00Z,R128,/Users/varma/Projects/DEUCE/.research/2026-09-06-model-foundation/runs/phase4/staging/espn-results-001/20240608.json,a601b347582f876b3def4e70cdfa5c6f64e449a904b57129ec9de2ff09934d78,"[0, 0]"
2024,903,LS50322319,Emma Navarro,Zeynep Sonmez,325410,326907,R128,6-2 6-0,completed,absent,2024-05-26,2024-06-09,2024-05-28T17:00:00+00:00,True,,False,data/raw/wta/stats/_httpcache/2024/405fe4f0eda0b2058055c032317f16c017a47500d8984cb7f72d1c8030b8fa3a.json,75ad649988335125a73e00397e3e914ae596ffd85d345e2ca9ae4ecc4f2dc7b7,1,,,,,False,False,corroborated,172-2024,145429,STATUS_FINAL,6-2 6-0,2024-05-28T17:10Z,R128,/Users/varma/Projects/DEUCE/.research/2026-09-06-model-foundation/runs/phase4/staging/espn-results-001/20240608.json,a601b347582f876b3def4e70cdfa5c6f64e449a904b57129ec9de2ff09934d78,"[0, 0]"
2024,903,LS50322321,Sara Errani,Anna-Karolina Schmiedlova,310761,318203,R128,6-3 6-2,completed,absent,2024-05-26,2024-06-09,2024-05-28T17:40:00+00:00,True,,False,data/raw/wta/stats/_httpcache/2024/405fe4f0eda0b2058055c032317f16c017a47500d8984cb7f72d1c8030b8fa3a.json,75ad649988335125a73e00397e3e914ae596ffd85d345e2ca9ae4ecc4f2dc7b7,1,,,,,False,False,corroborated,172-2024,145424,STATUS_FINAL,6-3 6-2,2024-05-28T17:40Z,R128,/Users/varma/Projects/DEUCE/.research/2026-09-06-model-foundation/runs/phase4/staging/espn-results-001/20240608.json,a601b347582f876b3def4e70cdfa5c6f64e449a904b57129ec9de2ff09934d78,"[0, 0]"
2024,903,LS50322323,Peyton Stearns,Lucija Ciric-Bagaric,327573,330894,R128,6-3 6-7(8) 7-6(6),completed,absent,2024-05-26,2024-06-09,2024-05-28T14:15:00+00:00,True,,False,data/raw/wta/stats/_httpcache/2024/405fe4f0eda0b2058055c032317f16c017a47500d8984cb7f72d1c8030b8fa3a.json,75ad649988335125a73e00397e3e914ae596ffd85d345e2ca9ae4ecc4f2dc7b7,1,,,,,False,False,corroborated,172-2024,145465,STATUS_FINAL,6-3 6-7 7-6,2024-05-28T14:30Z,R128,/Users/varma/Projects/DEUCE/.research/2026-09-06-model-foundation/runs/phase4/staging/espn-results-001/20240608.json,a601b347582f876b3def4e70cdfa5c6f64e449a904b57129ec9de2ff09934d78,"[0, 0]"
2024,903,LS50322325,Irina-Camelia Begu,Julia Riera,313169,327287,R128,6-2 6-2,completed,absent,2024-05-26,2024-06-09,2024-05-27T18:05:00+00:00,True,,False,data/raw/wta/stats/_httpcache/2024/405fe4f0eda0b2058055c032317f16c017a47500d8984cb7f72d1c8030b8fa3a.json,75ad649988335125a73e00397e3e914ae596ffd85d345e2ca9ae4ecc4f2dc7b7,1,,,,,False,False,corroborated,172-2024,145478,STATUS_FINAL,6-2 6-2,2024-05-27T18:28Z,R128,/Users/varma/Projects/DEUCE/.research/2026-09-06-model-foundation/runs/phase4/staging/espn-results-001/20240608.json,a601b347582f876b3def4e70cdfa5c6f64e449a904b57129ec9de2ff09934d78,"[0, 0]"
2024,903,LS50322327,Anastasia Pavlyuchenkova,Panna Udvardy,313796,325956,R128,6-3 6-4,completed,absent,2024-05-26,2024-06-09,2024-05-27T14:30:00+00:00,True,,False,data/raw/wta/stats/_httpcache/2024/405fe4f0eda0b2058055c032317f16c017a47500d8984cb7f72d1c8030b8fa3a.json,75ad649988335125a73e00397e3e914ae596ffd85d345e2ca9ae4ecc4f2dc7b7,1,,,,,False,False,corroborated,172-2024,145443,STATUS_FINAL,6-3 6-4,2024-05-27T14:40Z,R128,/Users/varma/Projects/DEUCE/.research/2026-09-06-model-foundation/runs/phase4/staging/espn-results-001/20240608.json,a601b347582f876b3def4e70cdfa5c6f64e449a904b57129ec9de2ff09934d78,"[0, 0]"
2024,903,LS50322329,Caroline Garcia,Eva Lys,315391,325826,R128,4-6 7-5 6-2,completed,absent,2024-05-26,2024-06-09,2024-05-26T14:45:00+00:00,True,,False,data/raw/wta/stats/_httpcache/2024/405fe4f0eda0b2058055c032317f16c017a47500d8984cb7f72d1c8030b8fa3a.json,75ad649988335125a73e00397e3e914ae596ffd85d345e2ca9ae4ecc4f2dc7b7,1,,,,,False,False,corroborated,172-2024,145426,STATUS_FINAL,4-6 7-5 6-2,2024-05-26T14:50Z,R128,/Users/varma/Projects/DEUCE/.research/2026-09-06-model-foundation/runs/phase4/staging/espn-results-001/20240608.json,a601b347582f876b3def4e70cdfa5c6f64e449a904b57129ec9de2ff09934d78,"[0, 0]"
2024,903,LS50322331,Cristina Bucsa,Yuliia Starodubtseva,321158,325338,R128,6-4 6-1,completed,absent,2024-05-26,2024-06-09,2024-05-27T18:05:00+00:00,True,,False,data/raw/wta/stats/_httpcache/2024/405fe4f0eda0b2058055c032317f16c017a47500d8984cb7f72d1c8030b8fa3a.json,75ad649988335125a73e00397e3e914ae596ffd85d345e2ca9ae4ecc4f2dc7b7,1,,,,,False,False,corroborated,172-2024,145422,STATUS_FINAL,6-4 6-1,2024-05-27T18:20Z,R128,/Users/varma/Projects/DEUCE/.research/2026-09-06-model-foundation/runs/phase4/staging/espn-results-001/20240608.json,a601b347582f876b3def4e70cdfa5c6f64e449a904b57129ec9de2ff09934d78,"[0, 0]"
2024,903,LS50322333,Amanda Anisimova,Rebecca Sramkova,326384,320228,R128,7-6(6) 6-4,completed,absent,2024-05-26,2024-06-09,2024-05-26T15:35:00+00:00,True,,False,data/raw/wta/stats/_httpcache/2024/405fe4f0eda0b2058055c032317f16c017a47500d8984cb7f72d1c8030b8fa3a.json,75ad649988335125a73e00397e3e914ae596ffd85d345e2ca9ae4ecc4f2dc7b7,1,,,,,False,False,corroborated,172-2024,145460,STATUS_FINAL,7-6 6-4,2024-05-26T15:30Z,R128,/Users/varma/Projects/DEUCE/.research/2026-09-06-model-foundation/runs/phase4/staging/espn-results-001/20240608.json,a601b347582f876b3def4e70cdfa5c6f64e449a904b57129ec9de2ff09934d78,"[0, 0]"
2024,903,LS50322335,Tamara Zidansek,Alison Van Uytvanck,323079,317819,R128,6-2 2-6 6-1,completed,absent,2024-05-26,2024-06-09,2024-05-26T17:45:00+00:00,True,,False,data/raw/wta/stats/_httpcache/2024/405fe4f0eda0b2058055c032317f16c017a47500d8984cb7f72d1c8030b8fa3a.json,75ad649988335125a73e00397e3e914ae596ffd85d345e2ca9ae4ecc4f2dc7b7,1,,,,,False,False,corroborated,172-2024,145477,STATUS_FINAL,6-2 2-6 6-1,2024-05-26T17:50Z,R128,/Users/varma/Projects/DEUCE/.research/2026-09-06-model-foundation/runs/phase4/staging/espn-results-001/20240608.json,a601b347582f876b3def4e70cdfa5c6f64e449a904b57129ec9de2ff09934d78,"[0, 0]"
2024,903,LS50322337,Coco Gauff,Julia Avdeeva,328560,330102,R128,6-1 6-1,completed,absent,2024-05-26,2024-06-09,2024-05-27T14:25:00+00:00,True,,False,data/raw/wta/stats/_httpcache/2024/405fe4f0eda0b2058055c032317f16c017a47500d8984cb7f72d1c8030b8fa3a.json,75ad649988335125a73e00397e3e914ae596ffd85d345e2ca9ae4ecc4f2dc7b7,1,,,,,False,False,corroborated,172-2024,145472,STATUS_FINAL,6-1 6-1,2024-05-27T14:30Z,R128,/Users/varma/Projects/DEUCE/.research/2026-09-06-model-foundation/runs/phase4/staging/espn-results-001/20240608.json,a601b347582f876b3def4e70cdfa5c6f64e449a904b57129ec9de2ff09934d78,"[0, 0]"
2024,903,LS50322339,Katie Volynets,Aleksandra Krunic,327391,316344,R128,7-6(4) 6-2,completed,absent,2024-05-26,2024-06-09,2024-05-26T19:25:00+00:00,True,,False,data/raw/wta/stats/_httpcache/2024/405fe4f0eda0b2058055c032317f16c017a47500d8984cb7f72d1c8030b8fa3a.json,75ad649988335125a73e00397e3e914ae596ffd85d345e2ca9ae4ecc4f2dc7b7,1,,,,,False,False,corroborated,172-2024,145470,STATUS_FINAL,7-6 6-2,2024-05-26T19:30Z,R128,/Users/varma/Projects/DEUCE/.research/2026-09-06-model-foundation/runs/phase4/staging/espn-results-001/20240608.json,a601b347582f876b3def4e70cdfa5c6f64e449a904b57129ec9de2ff09934d78,"[0, 0]"
2024,903,LS50322341,Katerina Siniakova,Dalma Galfi,320301,321106,R128,7-5 7-6(3),completed,absent,2024-05-26,2024-06-09,2024-05-26T13:25:00+00:00,True,,False,data/raw/wta/stats/_httpcache/2024/405fe4f0eda0b2058055c032317f16c017a47500d8984cb7f72d1c8030b8fa3a.json,75ad649988335125a73e00397e3e914ae596ffd85d345e2ca9ae4ecc4f2dc7b7,1,,,,,False,False,corroborated,172-2024,145468,STATUS_FINAL,7-5 7-6,2024-05-26T13:30Z,R128,/Users/varma/Projects/DEUCE/.research/2026-09-06-model-foundation/runs/phase4/staging/espn-results-001/20240608.json,a601b347582f876b3def4e70cdfa5c6f64e449a904b57129ec9de2ff09934d78,"[0, 0]"
2024,903,LS50322343,Marta Kostyuk,Laura Pigossi,326482,317155,R128,7-5 6-7(4) 6-4,completed,absent,2024-05-26,2024-06-09,2024-05-26T11:05:00+00:00,True,,False,data/raw/wta/stats/_httpcache/2024/405fe4f0eda0b2058055c032317f16c017a47500d8984cb7f72d1c8030b8fa3a.json,75ad649988335125a73e00397e3e914ae596ffd85d345e2ca9ae4ecc4f2dc7b7,1,,,,,False,False,corroborated,172-2024,145469,STATUS_FINAL,7-5 6-7 6-4,2024-05-26T11:10Z,R128,/Users/varma/Projects/DEUCE/.research/2026-09-06-model-foundation/runs/phase4/staging/espn-results-001/20240608.json,a601b347582f876b3def4e70cdfa5c6f64e449a904b57129ec9de2ff09934d78,"[0, 0]"
2024,903,LS50322345,Olga Danilovic,Martina Trevisan,324934,316266,R128,6-1 6-2,completed,absent,2024-05-26,2024-06-09,2024-05-26T18:45:00+00:00,True,,False,data/raw/wta/stats/_httpcache/2024/405fe4f0eda0b2058055c032317f16c017a47500d8984cb7f72d1c8030b8fa3a.json,75ad649988335125a73e00397e3e914ae596ffd85d345e2ca9ae4ecc4f2dc7b7,1,,,,,False,False,corroborated,172-2024,145439,STATUS_FINAL,6-1 6-2,2024-05-26T19:00Z,R128,/Users/varma/Projects/DEUCE/.research/2026-09-06-model-foundation/runs/phase4/staging/espn-results-001/20240608.json,a601b347582f876b3def4e70cdfa5c6f64e449a904b57129ec9de2ff09934d78,"[0, 0]"
2024,903,LS50322347,Xinyu Wang,Jule Niemeier,326376,325940,R128,0-6 6-2 6-4,completed,absent,2024-05-26,2024-06-09,2024-05-26T19:10:00+00:00,True,,False,data/raw/wta/stats/_httpcache/2024/405fe4f0eda0b2058055c032317f16c017a47500d8984cb7f72d1c8030b8fa3a.json,75ad649988335125a73e00397e3e914ae596ffd85d345e2ca9ae4ecc4f2dc7b7,1,,,,,False,False,corroborated,172-2024,145456,STATUS_FINAL,0-6 6-2 6-4,2024-05-26T19:00Z,R128,/Users/varma/Projects/DEUCE/.research/2026-09-06-model-foundation/runs/phase4/staging/espn-results-001/20240608.json,a601b347582f876b3def4e70cdfa5c6f64e449a904b57129ec9de2ff09934d78,"[0, 0]"
2024,903,LS50322349,Jana Fett,Jessica Bouzas Maneiro,320945,328139,R128,6-2 3-6 7-5,completed,absent,2024-05-26,2024-06-09,2024-05-26T12:10:00+00:00,True,,False,data/raw/wta/stats/_httpcache/2024/405fe4f0eda0b2058055c032317f16c017a47500d8984cb7f72d1c8030b8fa3a.json,75ad649988335125a73e00397e3e914ae596ffd85d345e2ca9ae4ecc4f2dc7b7,1,,,,,False,False,corroborated,172-2024,145450,STATUS_FINAL,6-2 3-6 7-5,2024-05-26T12:10Z,R128,/Users/varma/Projects/DEUCE/.research/2026-09-06-model-foundation/runs/phase4/staging/espn-results-001/20240608.json,a601b347582f876b3def4e70cdfa5c6f64e449a904b57129ec9de2ff09934d78,"[0, 0]"
2024,903,LS50322351,Iga Swiatek,Leolia Jeanjean,326408,320313,R128,6-1 6-2,completed,absent,2024-05-26,2024-06-09,2024-05-27T11:55:00+00:00,True,,False,data/raw/wta/stats/_httpcache/2024/405fe4f0eda0b2058055c032317f16c017a47500d8984cb7f72d1c8030b8fa3a.json,75ad649988335125a73e00397e3e914ae596ffd85d345e2ca9ae4ecc4f2dc7b7,1,,,,,False,False,corroborated,172-2024,145448,STATUS_FINAL,6-1 6-2,2024-05-27T11:55Z,R128,/Users/varma/Projects/DEUCE/.research/2026-09-06-model-foundation/runs/phase4/staging/espn-results-001/20240608.json,a601b347582f876b3def4e70cdfa5c6f64e449a904b57129ec9de2ff09934d78,"[0, 0]"
2024,903,LS50354259,Hailey Baptiste,Kayla Day,327101,322534,R128,4-6 6-2 6-2,completed,absent,2024-05-26,2024-06-09,2024-05-27T09:00:00+00:00,True,,False,data/raw/wta/stats/_httpcache/2024/405fe4f0eda0b2058055c032317f16c017a47500d8984cb7f72d1c8030b8fa3a.json,75ad649988335125a73e00397e3e914ae596ffd85d345e2ca9ae4ecc4f2dc7b7,1,,,,,False,False,corroborated,172-2024,145452,STATUS_FINAL,4-6 6-2 6-2,2024-05-27T09:10Z,R128,/Users/varma/Projects/DEUCE/.research/2026-09-06-model-foundation/runs/phase4/staging/espn-results-001/20240608.json,a601b347582f876b3def4e70cdfa5c6f64e449a904b57129ec9de2ff09934d78,"[0, 0]"
2024,905,LS52766945,Beatriz Haddad Maia,Caroline Wozniacki,318176,313402,R16,6-2 3-6 6-3,completed,absent,2024-08-26,2024-09-08,2024-09-02T18:40:00+00:00,True,,False,data/raw/wta/stats/_httpcache/2024/032f1242b5f6ba4de2c4558e3999ad79867223d931c37f807d7f1fdc0e1741df.json,6d90f511a70ac62da4e7508911a4f2bdf432e72461470dec351f6170252340e5,1,,,,,False,False,corroborated,189-2024,149066,STATUS_FINAL,6-2 3-6 6-3,2024-09-02T18:45Z,R16,/Users/varma/Projects/DEUCE/.research/2026-09-06-model-foundation/runs/phase4/staging/espn-results-001/20240907.json,3e855d28dcf1eee2570433cbf426adaabad71f431b7674df19a2f0fdc7dc416c,"[0, 0]"
2024,905,LS52766947,Karolina Muchova,Jasmine Paolini,322191,319280,R16,6-3 6-3,completed,absent,2024-08-26,2024-09-08,2024-09-02T15:00:00+00:00,True,,False,data/raw/wta/stats/_httpcache/2024/032f1242b5f6ba4de2c4558e3999ad79867223d931c37f807d7f1fdc0e1741df.json,6d90f511a70ac62da4e7508911a4f2bdf432e72461470dec351f6170252340e5,1,,,,,False,False,corroborated,189-2024,149065,STATUS_FINAL,6-3 6-3,2024-09-02T15:10Z,R16,/Users/varma/Projects/DEUCE/.research/2026-09-06-model-foundation/runs/phase4/staging/espn-results-001/20240907.json,3e855d28dcf1eee2570433cbf426adaabad71f431b7674df19a2f0fdc7dc416c,"[0, 0]"
2024,905,LS52766949,Paula Badosa,Yafan Wang,320124,317510,R16,6-1 6-2,completed,absent,2024-08-26,2024-09-08,2024-09-01T15:00:00+00:00,True,,False,data/raw/wta/stats/_httpcache/2024/032f1242b5f6ba4de2c4558e3999ad79867223d931c37f807d7f1fdc0e1741df.json,6d90f511a70ac62da4e7508911a4f2bdf432e72461470dec351f6170252340e5,1,,,,,False,False,unmatched,,,,,,,,,
2024,905,LS52766951,Emma Navarro,Coco Gauff,325410,328560,R16,6-3 4-6 6-3,completed,absent,2024-08-26,2024-09-08,2024-09-01T20:10:00+00:00,True,,False,data/raw/wta/stats/_httpcache/2024/032f1242b5f6ba4de2c4558e3999ad79867223d931c37f807d7f1fdc0e1741df.json,6d90f511a70ac62da4e7508911a4f2bdf432e72461470dec351f6170252340e5,1,,,,,False,False,corroborated,189-2024,149071,STATUS_FINAL,6-3 4-6 6-3,2024-09-01T20:20Z,R16,/Users/varma/Projects/DEUCE/.research/2026-09-06-model-foundation/runs/phase4/staging/espn-results-001/20240907.json,3e855d28dcf1eee2570433cbf426adaabad71f431b7674df19a2f0fdc7dc416c,"[0, 0]"
2024,905,LS52766953,Qinwen Zheng,Donna Vekic,328120,318516,R16,7-6(2) 4-6 6-2,completed,absent,2024-08-26,2024-09-08,2024-09-02T03:20:00+00:00,True,,False,data/raw/wta/stats/_httpcache/2024/032f1242b5f6ba4de2c4558e3999ad79867223d931c37f807d7f1fdc0e1741df.json,6d90f511a70ac62da4e7508911a4f2bdf432e72461470dec351f6170252340e5,1,,,,,False,False,corroborated,189-2024,149070,STATUS_FINAL,7-6 4-6 6-2,2024-09-02T03:25Z,R16,/Users/varma/Projects/DEUCE/.research/2026-09-06-model-foundation/runs/phase4/staging/espn-results-001/20240907.json,3e855d28dcf1eee2570433cbf426adaabad71f431b7674df19a2f0fdc7dc416c,"[0, 0]"
2024,905,LS52766955,Aryna Sabalenka,Elise Mertens,320760,317964,R16,6-2 6-4,completed,absent,2024-08-26,2024-09-08,2024-09-01T23:35:00+00:00,True,,False,data/raw/wta/stats/_httpcache/2024/032f1242b5f6ba4de2c4558e3999ad79867223d931c37f807d7f1fdc0e1741df.json,6d90f511a70ac62da4e7508911a4f2bdf432e72461470dec351f6170252340e5,1,,,,,False,False,corroborated,189-2024,149069,STATUS_FINAL,6-2 6-4,2024-09-01T23:40Z,R16,/Users/varma/Projects/DEUCE/.research/2026-09-06-model-foundation/runs/phase4/staging/espn-results-001/20240907.json,3e855d28dcf1eee2570433cbf426adaabad71f431b7674df19a2f0fdc7dc416c,"[0, 0]"
2024,905,LS52766957,Jessica Pegula,Iga Swiatek,316956,326408,QF,6-2 6-4,completed,absent,2024-08-26,2024-09-08,2024-09-04T23:15:00+00:00,False,,False,data/raw/wta/stats/_httpcache/2024/032f1242b5f6ba4de2c4558e3999ad79867223d931c37f807d7f1fdc0e1741df.json,6d90f511a70ac62da4e7508911a4f2bdf432e72461470dec351f6170252340e5,1,,,,,False,False,corroborated,189-2024,149204,STATUS_FINAL,6-2 6-4,2024-09-04T23:15Z,QF,/Users/varma/Projects/DEUCE/.research/2026-09-06-model-foundation/runs/phase4/staging/espn-results-001/20240907.json,3e855d28dcf1eee2570433cbf426adaabad71f431b7674df19a2f0fdc7dc416c,"[0, 0]"
2024,905,LS52766959,Karolina Muchova,Beatriz Haddad Maia,322191,318176,QF,6-1 6-4,completed,absent,2024-08-26,2024-09-08,2024-09-04T16:00:00+00:00,False,,False,data/raw/wta/stats/_httpcache/2024/032f1242b5f6ba4de2c4558e3999ad79867223d931c37f807d7f1fdc0e1741df.json,6d90f511a70ac62da4e7508911a4f2bdf432e72461470dec351f6170252340e5,1,,,,,False,False,corroborated,189-2024,149203,STATUS_FINAL,6-1 6-4,2024-09-04T16:15Z,QF,/Users/varma/Projects/DEUCE/.research/2026-09-06-model-foundation/runs/phase4/staging/espn-results-001/20240907.json,3e855d28dcf1eee2570433cbf426adaabad71f431b7674df19a2f0fdc7dc416c,"[0, 0]"
2024,905,LS52766961,Emma Navarro,Paula Badosa,325410,320124,QF,6-2 7-5,completed,absent,2024-08-26,2024-09-08,2024-09-03T16:00:00+00:00,False,,False,data/raw/wta/stats/_httpcache/2024/032f1242b5f6ba4de2c4558e3999ad79867223d931c37f807d7f1fdc0e1741df.json,6d90f511a70ac62da4e7508911a4f2bdf432e72461470dec351f6170252340e5,1,,,,,False,False,corroborated,189-2024,149202,STATUS_FINAL,6-2 7-5,2024-09-03T16:15Z,QF,/Users/varma/Projects/DEUCE/.research/2026-09-06-model-foundation/runs/phase4/staging/espn-results-001/20240907.json,3e855d28dcf1eee2570433cbf426adaabad71f431b7674df19a2f0fdc7dc416c,"[0, 0]"
2024,905,LS52766963,Aryna Sabalenka,Qinwen Zheng,320760,328120,QF,6-1 6-2,completed,absent,2024-08-26,2024-09-08,2024-09-03T23:10:00+00:00,False,,False,data/raw/wta/stats/_httpcache/2024/032f1242b5f6ba4de2c4558e3999ad79867223d931c37f807d7f1fdc0e1741df.json,6d90f511a70ac62da4e7508911a4f2bdf432e72461470dec351f6170252340e5,1,,,,,False,False,corroborated,189-2024,149201,STATUS_FINAL,6-1 6-2,2024-09-03T23:15Z,QF,/Users/varma/Projects/DEUCE/.research/2026-09-06-model-foundation/runs/phase4/staging/espn-results-001/20240907.json,3e855d28dcf1eee2570433cbf426adaabad71f431b7674df19a2f0fdc7dc416c,"[0, 0]"
2024,905,LS52766965,Jessica Pegula,Karolina Muchova,316956,322191,SF,1-6 6-4 6-2,completed,absent,2024-08-26,2024-09-08,2024-09-06T01:10:00+00:00,False,,False,data/raw/wta/stats/_httpcache/2024/032f1242b5f6ba4de2c4558e3999ad79867223d931c37f807d7f1fdc0e1741df.json,6d90f511a70ac62da4e7508911a4f2bdf432e72461470dec351f6170252340e5,1,,,,,False,False,corroborated,189-2024,149200,STATUS_FINAL,1-6 6-4 6-2,2024-09-06T01:10Z,SF,/Users/varma/Projects/DEUCE/.research/2026-09-06-model-foundation/runs/phase4/staging/espn-results-001/20240907.json,3e855d28dcf1eee2570433cbf426adaabad71f431b7674df19a2f0fdc7dc416c,"[0, 0]"
2024,905,LS52766967,Aryna Sabalenka,Emma Navarro,320760,325410,SF,6-3 7-6(2),completed,absent,2024-08-26,2024-09-08,2024-09-05T23:10:00+00:00,False,,False,data/raw/wta/stats/_httpcache/2024/032f1242b5f6ba4de2c4558e3999ad79867223d931c37f807d7f1fdc0e1741df.json,6d90f511a70ac62da4e7508911a4f2bdf432e72461470dec351f6170252340e5,1,,,,,False,False,corroborated,189-2024,149199,STATUS_FINAL,6-3 7-6,2024-09-05T23:15Z,SF,/Users/varma/Projects/DEUCE/.research/2026-09-06-model-foundation/runs/phase4/staging/espn-results-001/20240907.json,3e855d28dcf1eee2570433cbf426adaabad71f431b7674df19a2f0fdc7dc416c,"[0, 0]"
2024,905,LS52766969,Aryna Sabalenka,Jessica Pegula,320760,316956,F,7-5 7-5,completed,absent,2024-08-26,2024-09-08,2024-09-07T20:10:00+00:00,False,,False,data/raw/wta/stats/_httpcache/2024/032f1242b5f6ba4de2c4558e3999ad79867223d931c37f807d7f1fdc0e1741df.json,6d90f511a70ac62da4e7508911a4f2bdf432e72461470dec351f6170252340e5,1,,,,,False,False,corroborated,189-2024,149198,STATUS_FINAL,7-5 7-5,2024-09-07T20:15Z,F,/Users/varma/Projects/DEUCE/.research/2026-09-06-model-foundation/runs/phase4/staging/espn-results-001/20240907.json,3e855d28dcf1eee2570433cbf426adaabad71f431b7674df19a2f0fdc7dc416c,"[0, 0]"
2024,905,LS52766971,Iga Swiatek,Ena Shibahara,326408,322527,R64,6-0 6-1,completed,absent,2024-08-26,2024-09-08,2024-08-29T18:15:00+00:00,True,,False,data/raw/wta/stats/_httpcache/2024/032f1242b5f6ba4de2c4558e3999ad79867223d931c37f807d7f1fdc0e1741df.json,6d90f511a70ac62da4e7508911a4f2bdf432e72461470dec351f6170252340e5,1,,,,,False,False,corroborated,189-2024,149025,STATUS_FINAL,6-0 6-1,2024-08-29T18:20Z,R64,/Users/varma/Projects/DEUCE/.research/2026-09-06-model-foundation/runs/phase4/staging/espn-results-001/20240907.json,3e855d28dcf1eee2570433cbf426adaabad71f431b7674df19a2f0fdc7dc416c,"[0, 0]"
2024,905,LS52766973,Anastasia Pavlyuchenkova,Elisabetta Cocciaretto,313796,327909,R64,5-7 6-1 6-2,completed,absent,2024-08-26,2024-09-08,2024-08-29T20:30:00+00:00,True,,False,data/raw/wta/stats/_httpcache/2024/032f1242b5f6ba4de2c4558e3999ad79867223d931c37f807d7f1fdc0e1741df.json,6d90f511a70ac62da4e7508911a4f2bdf432e72461470dec351f6170252340e5,1,,,,,False,False,corroborated,189-2024,149038,STATUS_FINAL,5-7 6-1 6-2,2024-08-29T20:40Z,R64,/Users/varma/Projects/DEUCE/.research/2026-09-06-model-foundation/runs/phase4/staging/espn-results-001/20240907.json,3e855d28dcf1eee2570433cbf426adaabad71f431b7674df19a2f0fdc7dc416c,"[0, 0]"
2024,905,LS52766975,Diana Shnaider,Sara Errani,330482,310761,R32,6-2 6-2,completed,absent,2024-08-26,2024-09-08,2024-08-31T17:15:00+00:00,True,,False,data/raw/wta/stats/_httpcache/2024/032f1242b5f6ba4de2c4558e3999ad79867223d931c37f807d7f1fdc0e1741df.json,6d90f511a70ac62da4e7508911a4f2bdf432e72461470dec351f6170252340e5,1,,,,,False,False,corroborated,189-2024,149060,STATUS_FINAL,6-2 6-2,2024-08-31T17:15Z,R32,/Users/varma/Projects/DEUCE/.research/2026-09-06-model-foundation/runs/phase4/staging/espn-results-001/20240907.json,3e855d28dcf1eee2570433cbf426adaabad71f431b7674df19a2f0fdc7dc416c,"[0, 0]"
2024,905,LS52766977,Jessica Pegula,Jessica Bouzas Maneiro,316956,328139,R32,6-3 6-3,completed,absent,2024-08-26,2024-09-08,2024-08-31T16:00:00+00:00,True,,False,data/raw/wta/stats/_httpcache/2024/032f1242b5f6ba4de2c4558e3999ad79867223d931c37f807d7f1fdc0e1741df.json,6d90f511a70ac62da4e7508911a4f2bdf432e72461470dec351f6170252340e5,1,,,,,False,False,corroborated,189-2024,149059,STATUS_FINAL,6-3 6-3,2024-08-31T16:15Z,R32,/Users/varma/Projects/DEUCE/.research/2026-09-06-model-foundation/runs/phase4/staging/espn-results-001/20240907.json,3e855d28dcf1eee2570433cbf426adaabad71f431b7674df19a2f0fdc7dc416c,"[0, 0]"
2024,905,LS52766979,Caroline Wozniacki,Jessika Ponchet,313402,319421,R32,6-3 6-2,completed,absent,2024-08-26,2024-09-08,2024-08-31T19:20:00+00:00,True,,False,data/raw/wta/stats/_httpcache/2024/032f1242b5f6ba4de2c4558e3999ad79867223d931c37f807d7f1fdc0e1741df.json,6d90f511a70ac62da4e7508911a4f2bdf432e72461470dec351f6170252340e5,1,,,,,False,False,corroborated,189-2024,149058,STATUS_FINAL,6-3 6-2,2024-08-31T19:20Z,R32,/Users/varma/Projects/DEUCE/.research/2026-09-06-model-foundation/runs/phase4/staging/espn-results-001/20240907.json,3e855d28dcf1eee2570433cbf426adaabad71f431b7674df19a2f0fdc7dc416c,"[0, 0]"
2024,905,LS52766981,Beatriz Haddad Maia,Anna Kalinskaya,318176,323942,R32,6-3 6-1,completed,absent,2024-08-26,2024-09-08,2024-09-01T02:20:00+00:00,True,,False,data/raw/wta/stats/_httpcache/2024/032f1242b5f6ba4de2c4558e3999ad79867223d931c37f807d7f1fdc0e1741df.json,6d90f511a70ac62da4e7508911a4f2bdf432e72461470dec351f6170252340e5,1,,,,,False,False,corroborated,189-2024,149057,STATUS_FINAL,6-3 6-1,2024-09-01T02:40Z,R32,/Users/varma/Projects/DEUCE/.research/2026-09-06-model-foundation/runs/phase4/staging/espn-results-001/20240907.json,3e855d28dcf1eee2570433cbf426adaabad71f431b7674df19a2f0fdc7dc416c,"[0, 0]"
2024,905,LS52766983,Karolina Muchova,Anastasia Potapova,322191,325601,R32,6-4 6-2,completed,absent,2024-08-26,2024-09-08,2024-08-31T15:00:00+00:00,True,,False,data/raw/wta/stats/_httpcache/2024/032f1242b5f6ba4de2c4558e3999ad79867223d931c37f807d7f1fdc0e1741df.json,6d90f511a70ac62da4e7508911a4f2bdf432e72461470dec351f6170252340e5,1,,,,,False,False,corroborated,189-2024,149056,STATUS_FINAL,6-4 6-2,2024-08-31T15:10Z,R32,/Users/varma/Projects/DEUCE/.research/2026-09-06-model-foundation/runs/phase4/staging/espn-results-001/20240907.json,3e855d28dcf1eee2570433cbf426adaabad71f431b7674df19a2f0fdc7dc416c,"[0, 0]"
2024,905,LS52766985,Jasmine Paolini,Yulia Putintseva,319280,317683,R32,6-3 6-4,completed,absent,2024-08-26,2024-09-08,2024-08-31T15:00:00+00:00,True,,False,data/raw/wta/stats/_httpcache/2024/032f1242b5f6ba4de2c4558e3999ad79867223d931c37f807d7f1fdc0e1741df.json,6d90f511a70ac62da4e7508911a4f2bdf432e72461470dec351f6170252340e5,1,,,,,False,False,corroborated,189-2024,149055,STATUS_FINAL,6-3 6-4,2024-08-31T15:10Z,R32,/Users/varma/Projects/DEUCE/.research/2026-09-06-model-foundation/runs/phase4/staging/espn-results-001/20240907.json,3e855d28dcf1eee2570433cbf426adaabad71f431b7674df19a2f0fdc7dc416c,"[0, 0]"
2024,905,LS52766987,Paula Badosa,Elena-Gabriela Ruse,320124,320408,R32,4-6 6-1 7-6(8),completed,absent,2024-08-26,2024-09-08,2024-08-30T15:00:00+00:00,True,,False,data/raw/wta/stats/_httpcache/2024/032f1242b5f6ba4de2c4558e3999ad79867223d931c37f807d7f1fdc0e1741df.json,6d90f511a70ac62da4e7508911a4f2bdf432e72461470dec351f6170252340e5,1,,,,,False,False,corroborated,189-2024,149054,STATUS_FINAL,4-6 6-1 7-6,2024-08-30T15:00Z,R32,/Users/varma/Projects/DEUCE/.research/2026-09-06-model-foundation/runs/phase4/staging/espn-results-001/20240907.json,3e855d28dcf1eee2570433cbf426adaabad71f431b7674df19a2f0fdc7dc416c,"[0, 0]"
2024,905,LS52766989,Yafan Wang,Victoria Azarenka,317510,312001,R32,6-4 3-6 6-1,completed,absent,2024-08-26,2024-09-08,2024-08-30T16:50:00+00:00,True,,False,data/raw/wta/stats/_httpcache/2024/032f1242b5f6ba4de2c4558e3999ad79867223d931c37f807d7f1fdc0e1741df.json,6d90f511a70ac62da4e7508911a4f2bdf432e72461470dec351f6170252340e5,1,,,,,False,False,unmatched,,,,,,,,,
2024,905,LS52766991,Emma Navarro,Marta Kostyuk,325410,326482,R32,6-4 4-6 6-3,completed,absent,2024-08-26,2024-09-08,2024-08-30T18:00:00+00:00,True,,False,data/raw/wta/stats/_httpcache/2024/032f1242b5f6ba4de2c4558e3999ad79867223d931c37f807d7f1fdc0e1741df.json,6d90f511a70ac62da4e7508911a4f2bdf432e72461470dec351f6170252340e5,1,,,,,False,False,corroborated,189-2024,149061,STATUS_FINAL,6-4 4-6 6-3,2024-08-30T18:00Z,R32,/Users/varma/Projects/DEUCE/.research/2026-09-06-model-foundation/runs/phase4/staging/espn-results-001/20240907.json,3e855d28dcf1eee2570433cbf426adaabad71f431b7674df19a2f0fdc7dc416c,"[0, 0]"
2024,905,LS52766993,Coco Gauff,Elina Svitolina,328560,316738,R32,3-6 6-3 6-3,completed,absent,2024-08-26,2024-09-08,2024-08-30T16:00:00+00:00,True,,False,data/raw/wta/stats/_httpcache/2024/032f1242b5f6ba4de2c4558e3999ad79867223d931c37f807d7f1fdc0e1741df.json,6d90f511a70ac62da4e7508911a4f2bdf432e72461470dec351f6170252340e5,1,,,,,False,False,corroborated,189-2024,149063,STATUS_FINAL,3-6 6-3 6-3,2024-08-30T16:10Z,R32,/Users/varma/Projects/DEUCE/.research/2026-09-06-model-foundation/runs/phase4/staging/espn-results-001/20240907.json,3e855d28dcf1eee2570433cbf426adaabad71f431b7674df19a2f0fdc7dc416c,"[0, 0]"
2024,905,LS52766995,Qinwen Zheng,Jule Niemeier,328120,325940,R32,6-2 6-1,completed,absent,2024-08-26,2024-09-08,2024-08-30T15:00:00+00:00,True,,False,data/raw/wta/stats/_httpcache/2024/032f1242b5f6ba4de2c4558e3999ad79867223d931c37f807d7f1fdc0e1741df.json,6d90f511a70ac62da4e7508911a4f2bdf432e72461470dec351f6170252340e5,1,,,,,False,False,corroborated,189-2024,149062,STATUS_FINAL,6-2 6-1,2024-08-30T15:00Z,R32,/Users/varma/Projects/DEUCE/.research/2026-09-06-model-foundation/runs/phase4/staging/espn-results-001/20240907.json,3e855d28dcf1eee2570433cbf426adaabad71f431b7674df19a2f0fdc7dc416c,"[0, 0]"
2024,905,LS52766997,Donna Vekic,Peyton Stearns,318516,327573,R32,7-5 6-4,completed,absent,2024-08-26,2024-09-08,2024-08-30T18:15:00+00:00,True,,False,data/raw/wta/stats/_httpcache/2024/032f1242b5f6ba4de2c4558e3999ad79867223d931c37f807d7f1fdc0e1741df.json,6d90f511a70ac62da4e7508911a4f2bdf432e72461470dec351f6170252340e5,1,,,,,False,False,corroborated,189-2024,149052,STATUS_FINAL,7-5 6-4,2024-08-30T18:20Z,R32,/Users/varma/Projects/DEUCE/.research/2026-09-06-model-foundation/runs/phase4/staging/espn-results-001/20240907.json,3e855d28dcf1eee2570433cbf426adaabad71f431b7674df19a2f0fdc7dc416c,"[0, 0]"
2024,905,LS52766999,Elise Mertens,Madison Keys,317964,316959,R32,6-7(5) 7-5 6-4,completed,absent,2024-08-26,2024-09-08,2024-08-30T23:40:00+00:00,True,,False,data/raw/wta/stats/_httpcache/2024/032f1242b5f6ba4de2c4558e3999ad79867223d931c37f807d7f1fdc0e1741df.json,6d90f511a70ac62da4e7508911a4f2bdf432e72461470dec351f6170252340e5,1,,,,,False,False,corroborated,189-2024,149051,STATUS_FINAL,6-7 7-5 6-4,2024-08-30T23:45Z,R32,/Users/varma/Projects/DEUCE/.research/2026-09-06-model-foundation/runs/phase4/staging/espn-results-001/20240907.json,3e855d28dcf1eee2570433cbf426adaabad71f431b7674df19a2f0fdc7dc416c,"[0, 0]"
2024,905,LS52767001,Aryna Sabalenka,Ekaterina Alexandrova,320760,319007,R32,2-6 6-1 6-2,completed,absent,2024-08-26,2024-09-08,2024-08-31T04:05:00+00:00,True,,False,data/raw/wta/stats/_httpcache/2024/032f1242b5f6ba4de2c4558e3999ad79867223d931c37f807d7f1fdc0e1741df.json,6d90f511a70ac62da4e7508911a4f2bdf432e72461470dec351f6170252340e5,1,,,,,False,False,corroborated,189-2024,149050,STATUS_FINAL,2-6 6-1 6-2,2024-08-31T04:10Z,R32,/Users/varma/Projects/DEUCE/.research/2026-09-06-model-foundation/runs/phase4/staging/espn-results-001/20240907.json,3e855d28dcf1eee2570433cbf426adaabad71f431b7674df19a2f0fdc7dc416c,"[0, 0]"
2024,905,LS52767003,Iga Swiatek,Liudmila Samsonova,326408,322222,R16,6-4 6-1,completed,absent,2024-08-26,2024-09-08,2024-09-02T23:10:00+00:00,True,,False,data/raw/wta/stats/_httpcache/2024/032f1242b5f6ba4de2c4558e3999ad79867223d931c37f807d7f1fdc0e1741df.json,6d90f511a70ac62da4e7508911a4f2bdf432e72461470dec351f6170252340e5,1,,,,,False,False,corroborated,189-2024,149068,STATUS_FINAL,6-4 6-1,2024-09-02T23:15Z,R16,/Users/varma/Projects/DEUCE/.research/2026-09-06-model-foundation/runs/phase4/staging/espn-results-001/20240907.json,3e855d28dcf1eee2570433cbf426adaabad71f431b7674df19a2f0fdc7dc416c,"[0, 0]"
2024,905,LS52767005,Jessica Pegula,Diana Shnaider,316956,330482,R16,6-4 6-2,completed,absent,2024-08-26,2024-09-08,2024-09-02T16:00:00+00:00,True,,False,data/raw/wta/stats/_httpcache/2024/032f1242b5f6ba4de2c4558e3999ad79867223d931c37f807d7f1fdc0e1741df.json,6d90f511a70ac62da4e7508911a4f2bdf432e72461470dec351f6170252340e5,1,,,,,False,False,corroborated,189-2024,149067,STATUS_FINAL,6-4 6-2,2024-09-02T16:10Z,R16,/Users/varma/Projects/DEUCE/.research/2026-09-06-model-foundation/runs/phase4/staging/espn-results-001/20240907.json,3e855d28dcf1eee2570433cbf426adaabad71f431b7674df19a2f0fdc7dc416c,"[0, 0]"
2024,905,LS52767007,Victoria Azarenka,Clara Burel,312001,325320,R64,6-1 6-4,completed,absent,2024-08-26,2024-09-08,2024-08-28T23:05:00+00:00,True,,False,data/raw/wta/stats/_httpcache/2024/032f1242b5f6ba4de2c4558e3999ad79867223d931c37f807d7f1fdc0e1741df.json,6d90f511a70ac62da4e7508911a4f2bdf432e72461470dec351f6170252340e5,1,,,,,False,False,corroborated,189-2024,149033,STATUS_FINAL,6-1 6-4,2024-08-28T23:10Z,R64,/Users/varma/Projects/DEUCE/.research/2026-09-06-model-foundation/runs/phase4/staging/espn-results-001/20240907.json,3e855d28dcf1eee2570433cbf426adaabad71f431b7674df19a2f0fdc7dc416c,"[0, 0]"
2024,905,LS52767009,Yafan Wang,Diane Parry,317510,327077,R64,6-0 6-4,completed,absent,2024-08-26,2024-09-08,2024-08-28T18:20:00+00:00,True,,False,data/raw/wta/stats/_httpcache/2024/032f1242b5f6ba4de2c4558e3999ad79867223d931c37f807d7f1fdc0e1741df.json,6d90f511a70ac62da4e7508911a4f2bdf432e72461470dec351f6170252340e5,1,,,,,False,False,unmatched,,,,,,,,,
2024,905,LS52767011,Emma Navarro,Arantxa Rus,325410,313349,R64,6-1 6-1,completed,absent,2024-08-26,2024-09-08,2024-08-28T22:10:00+00:00,True,,False,data/raw/wta/stats/_httpcache/2024/032f1242b5f6ba4de2c4558e3999ad79867223d931c37f807d7f1fdc0e1741df.json,6d90f511a70ac62da4e7508911a4f2bdf432e72461470dec351f6170252340e5,1,,,,,False,False,corroborated,189-2024,149031,STATUS_FINAL,6-1 6-1,2024-08-28T22:15Z,R64,/Users/varma/Projects/DEUCE/.research/2026-09-06-model-foundation/runs/phase4/staging/espn-results-001/20240907.json,3e855d28dcf1eee2570433cbf426adaabad71f431b7674df19a2f0fdc7dc416c,"[0, 0]"
2024,905,LS52767013,Marta Kostyuk,Harriet Dart,326482,319489,R64,7-6(10) 6-1,completed,absent,2024-08-26,2024-09-08,2024-08-28T19:20:00+00:00,True,,False,data/raw/wta/stats/_httpcache/2024/032f1242b5f6ba4de2c4558e3999ad79867223d931c37f807d7f1fdc0e1741df.json,6d90f511a70ac62da4e7508911a4f2bdf432e72461470dec351f6170252340e5,1,,,,,False,False,corroborated,189-2024,149030,STATUS_FINAL,7-6 6-1,2024-08-28T19:25Z,R64,/Users/varma/Projects/DEUCE/.research/2026-09-06-model-foundation/runs/phase4/staging/espn-results-001/20240907.json,3e855d28dcf1eee2570433cbf426adaabad71f431b7674df19a2f0fdc7dc416c,"[0, 0]"
2024,905,LS52767015,Elina Svitolina,Anhelina Kalinina,316738,320567,R64,6-1 6-2,completed,absent,2024-08-26,2024-09-08,2024-08-28T23:30:00+00:00,True,,False,data/raw/wta/stats/_httpcache/2024/032f1242b5f6ba4de2c4558e3999ad79867223d931c37f807d7f1fdc0e1741df.json,6d90f511a70ac62da4e7508911a4f2bdf432e72461470dec351f6170252340e5,1,,,,,False,False,corroborated,189-2024,149029,STATUS_FINAL,6-1 6-2,2024-08-28T23:35Z,R64,/Users/varma/Projects/DEUCE/.research/2026-09-06-model-foundation/runs/phase4/staging/espn-results-001/20240907.json,3e855d28dcf1eee2570433cbf426adaabad71f431b7674df19a2f0fdc7dc416c,"[0, 0]"
2024,905,LS52767017,Coco Gauff,Tatjana Maria,328560,310440,R64,6-4 6-0,completed,absent,2024-08-26,2024-09-08,2024-08-28T23:10:00+00:00,True,,False,data/raw/wta/stats/_httpcache/2024/032f1242b5f6ba4de2c4558e3999ad79867223d931c37f807d7f1fdc0e1741df.json,6d90f511a70ac62da4e7508911a4f2bdf432e72461470dec351f6170252340e5,1,,,,,False,False,corroborated,189-2024,149023,STATUS_FINAL,6-4 6-0,2024-08-28T23:15Z,R64,/Users/varma/Projects/DEUCE/.research/2026-09-06-model-foundation/runs/phase4/staging/espn-results-001/20240907.json,3e855d28dcf1eee2570433cbf426adaabad71f431b7674df19a2f0fdc7dc416c,"[0, 0]"
2024,905,LS52767019,Qinwen Zheng,Erika Andreeva,328120,330151,R64,6-7(3) 6-1 6-2,completed,absent,2024-08-26,2024-09-08,2024-08-28T17:15:00+00:00,True,,False,data/raw/wta/stats/_httpcache/2024/032f1242b5f6ba4de2c4558e3999ad79867223d931c37f807d7f1fdc0e1741df.json,6d90f511a70ac62da4e7508911a4f2bdf432e72461470dec351f6170252340e5,1,,,,,False,False,corroborated,189-2024,149022,STATUS_FINAL,6-7 6-1 6-2,2024-08-28T17:15Z,R64,/Users/varma/Projects/DEUCE/.research/2026-09-06-model-foundation/runs/phase4/staging/espn-results-001/20240907.json,3e855d28dcf1eee2570433cbf426adaabad71f431b7674df19a2f0fdc7dc416c,"[0, 0]"
2024,905,LS52767021,Jule Niemeier,Moyuka Uchijima,325940,327241,R64,6-4 6-0,completed,absent,2024-08-26,2024-09-08,2024-08-28T15:00:00+00:00,True,,False,data/raw/wta/stats/_httpcache/2024/032f1242b5f6ba4de2c4558e3999ad79867223d931c37f807d7f1fdc0e1741df.json,6d90f511a70ac62da4e7508911a4f2bdf432e72461470dec351f6170252340e5,1,,,,,False,False,corroborated,189-2024,149021,STATUS_FINAL,6-4 6-0,2024-08-28T15:10Z,R64,/Users/varma/Projects/DEUCE/.research/2026-09-06-model-foundation/runs/phase4/staging/espn-results-001/20240907.json,3e855d28dcf1eee2570433cbf426adaabad71f431b7674df19a2f0fdc7dc416c,"[0, 0]"
2024,905,LS52767023,Donna Vekic,Greet Minnen,318516,321454,R64,7-5 6-1,completed,absent,2024-08-26,2024-09-08,2024-08-28T22:45:00+00:00,True,,False,data/raw/wta/stats/_httpcache/2024/032f1242b5f6ba4de2c4558e3999ad79867223d931c37f807d7f1fdc0e1741df.json,6d90f511a70ac62da4e7508911a4f2bdf432e72461470dec351f6170252340e5,1,,,,,False,False,corroborated,189-2024,149020,STATUS_FINAL,7-5 6-1,2024-08-28T22:50Z,R64,/Users/varma/Projects/DEUCE/.research/2026-09-06-model-foundation/runs/phase4/staging/espn-results-001/20240907.json,3e855d28dcf1eee2570433cbf426adaabad71f431b7674df19a2f0fdc7dc416c,"[0, 0]"
2024,905,LS52767025,Peyton Stearns,Daria Kasatkina,327573,322082,R64,6-1 7-6(3),completed,absent,2024-08-26,2024-09-08,2024-08-28T23:40:00+00:00,True,,False,data/raw/wta/stats/_httpcache/2024/032f1242b5f6ba4de2c4558e3999ad79867223d931c37f807d7f1fdc0e1741df.json,6d90f511a70ac62da4e7508911a4f2bdf432e72461470dec351f6170252340e5,1,,,,,False,False,corroborated,189-2024,149019,STATUS_FINAL,6-1 7-6,2024-08-28T23:45Z,R64,/Users/varma/Projects/DEUCE/.research/2026-09-06-model-foundation/runs/phase4/staging/espn-results-001/20240907.json,3e855d28dcf1eee2570433cbf426adaabad71f431b7674df19a2f0fdc7dc416c,"[0, 0]"
2024,905,LS52767027,Madison Keys,Maya Joint,316959,330544,R64,6-4 6-0,completed,absent,2024-08-26,2024-09-08,2024-08-28T16:00:00+00:00,True,,False,data/raw/wta/stats/_httpcache/2024/032f1242b5f6ba4de2c4558e3999ad79867223d931c37f807d7f1fdc0e1741df.json,6d90f511a70ac62da4e7508911a4f2bdf432e72461470dec351f6170252340e5,1,,,,,False,False,corroborated,189-2024,149018,STATUS_FINAL,6-4 6-0,2024-08-28T16:15Z,R64,/Users/varma/Projects/DEUCE/.research/2026-09-06-model-foundation/runs/phase4/staging/espn-results-001/20240907.json,3e855d28dcf1eee2570433cbf426adaabad71f431b7674df19a2f0fdc7dc416c,"[0, 0]"
2024,905,LS52767029,Elise Mertens,Ajla Tomljanovic,317964,315232,R64,6-3 6-2,completed,absent,2024-08-26,2024-09-08,2024-08-28T15:00:00+00:00,True,,False,data/raw/wta/stats/_httpcache/2024/032f1242b5f6ba4de2c4558e3999ad79867223d931c37f807d7f1fdc0e1741df.json,6d90f511a70ac62da4e7508911a4f2bdf432e72461470dec351f6170252340e5,1,,,,,False,False,corroborated,189-2024,149017,STATUS_FINAL,6-3 6-2,2024-08-28T15:10Z,R64,/Users/varma/Projects/DEUCE/.research/2026-09-06-model-foundation/runs/phase4/staging/espn-results-001/20240907.json,3e855d28dcf1eee2570433cbf426adaabad71f431b7674df19a2f0fdc7dc416c,"[0, 0]"
2024,905,LS52767031,Ekaterina Alexandrova,Iva Jovic,319007,332285,R64,4-6 6-4 7-5,completed,absent,2024-08-26,2024-09-08,2024-08-28T19:25:00+00:00,True,,False,data/raw/wta/stats/_httpcache/2024/032f1242b5f6ba4de2c4558e3999ad79867223d931c37f807d7f1fdc0e1741df.json,6d90f511a70ac62da4e7508911a4f2bdf432e72461470dec351f6170252340e5,1,,,,,False,False,corroborated,189-2024,149016,STATUS_FINAL,4-6 6-4 7-5,2024-08-28T19:35Z,R64,/Users/varma/Projects/DEUCE/.research/2026-09-06-model-foundation/runs/phase4/staging/espn-results-001/20240907.json,3e855d28dcf1eee2570433cbf426adaabad71f431b7674df19a2f0fdc7dc416c,"[0, 0]"
2024,905,LS52767033,Aryna Sabalenka,Lucia Bronzetti,320760,322280,R64,6-3 6-1,completed,absent,2024-08-26,2024-09-08,2024-08-28T20:00:00+00:00,True,,False,data/raw/wta/stats/_httpcache/2024/032f1242b5f6ba4de2c4558e3999ad79867223d931c37f807d7f1fdc0e1741df.json,6d90f511a70ac62da4e7508911a4f2bdf432e72461470dec351f6170252340e5,1,,,,,False,False,corroborated,189-2024,149024,STATUS_FINAL,6-3 6-1,2024-08-28T20:05Z,R64,/Users/varma/Projects/DEUCE/.research/2026-09-06-model-foundation/runs/phase4/staging/espn-results-001/20240907.json,3e855d28dcf1eee2570433cbf426adaabad71f431b7674df19a2f0fdc7dc416c,"[0, 0]"
2024,905,LS52767035,Iga Swiatek,Anastasia Pavlyuchenkova,326408,313796,R32,6-4 6-2,completed,absent,2024-08-26,2024-09-08,2024-08-31T23:15:00+00:00,True,,False,data/raw/wta/stats/_httpcache/2024/032f1242b5f6ba4de2c4558e3999ad79867223d931c37f807d7f1fdc0e1741df.json,6d90f511a70ac62da4e7508911a4f2bdf432e72461470dec351f6170252340e5,1,,,,,False,False,corroborated,189-2024,149048,STATUS_FINAL,6-4 6-2,2024-08-31T23:15Z,R32,/Users/varma/Projects/DEUCE/.research/2026-09-06-model-foundation/runs/phase4/staging/espn-results-001/20240907.json,3e855d28dcf1eee2570433cbf426adaabad71f431b7674df19a2f0fdc7dc416c,"[0, 0]"
2024,905,LS52767037,Liudmila Samsonova,Ashlyn Krueger,322222,329409,R32,6-1 6-1,completed,absent,2024-08-26,2024-09-08,2024-08-31T19:05:00+00:00,True,,False,data/raw/wta/stats/_httpcache/2024/032f1242b5f6ba4de2c4558e3999ad79867223d931c37f807d7f1fdc0e1741df.json,6d90f511a70ac62da4e7508911a4f2bdf432e72461470dec351f6170252340e5,1,,,,,False,False,corroborated,189-2024,149049,STATUS_FINAL,6-1 6-1,2024-08-31T19:05Z,R32,/Users/varma/Projects/DEUCE/.research/2026-09-06-model-foundation/runs/phase4/staging/espn-results-001/20240907.json,3e855d28dcf1eee2570433cbf426adaabad71f431b7674df19a2f0fdc7dc416c,"[0, 0]"
2024,905,LS52767039,Ashlyn Krueger,Mirra Andreeva,329409,331809,R64,6-1 6-4,completed,absent,2024-08-26,2024-09-08,2024-08-29T17:30:00+00:00,True,,False,data/raw/wta/stats/_httpcache/2024/032f1242b5f6ba4de2c4558e3999ad79867223d931c37f807d7f1fdc0e1741df.json,6d90f511a70ac62da4e7508911a4f2bdf432e72461470dec351f6170252340e5,1,,,,,False,False,corroborated,189-2024,149037,STATUS_FINAL,6-1 6-4,2024-08-29T17:35Z,R64,/Users/varma/Projects/DEUCE/.research/2026-09-06-model-foundation/runs/phase4/staging/espn-results-001/20240907.json,3e855d28dcf1eee2570433cbf426adaabad71f431b7674df19a2f0fdc7dc416c,"[0, 0]"
2024,905,LS52767041,Liudmila Samsonova,Marie Bouzkova,322222,320983,R64,3-6 7-6(1) 6-3,completed,absent,2024-08-26,2024-09-08,2024-08-29T17:15:00+00:00,True,,False,data/raw/wta/stats/_httpcache/2024/032f1242b5f6ba4de2c4558e3999ad79867223d931c37f807d7f1fdc0e1741df.json,6d90f511a70ac62da4e7508911a4f2bdf432e72461470dec351f6170252340e5,1,,,,,False,False,corroborated,189-2024,149039,STATUS_FINAL,3-6 7-6 6-3,2024-08-29T17:30Z,R64,/Users/varma/Projects/DEUCE/.research/2026-09-06-model-foundation/runs/phase4/staging/espn-results-001/20240907.json,3e855d28dcf1eee2570433cbf426adaabad71f431b7674df19a2f0fdc7dc416c,"[0, 0]"
2024,905,LS52767043,Sara Errani,Caroline Dolehide,310761,322052,R64,7-5 7-5,completed,absent,2024-08-26,2024-09-08,2024-08-29T16:45:00+00:00,True,,False,data/raw/wta/stats/_httpcache/2024/032f1242b5f6ba4de2c4558e3999ad79867223d931c37f807d7f1fdc0e1741df.json,6d90f511a70ac62da4e7508911a4f2bdf432e72461470dec351f6170252340e5,1,,,,,False,False,corroborated,189-2024,149047,STATUS_FINAL,7-5 7-5,2024-08-29T16:50Z,R64,/Users/varma/Projects/DEUCE/.research/2026-09-06-model-foundation/runs/phase4/staging/espn-results-001/20240907.json,3e855d28dcf1eee2570433cbf426adaabad71f431b7674df19a2f0fdc7dc416c,"[0, 0]"
2024,905,LS52767045,Diana Shnaider,Clara Tauson,330482,327793,R64,6-4 6-4,completed,absent,2024-08-26,2024-09-08,2024-08-29T15:00:00+00:00,True,,False,data/raw/wta/stats/_httpcache/2024/032f1242b5f6ba4de2c4558e3999ad79867223d931c37f807d7f1fdc0e1741df.json,6d90f511a70ac62da4e7508911a4f2bdf432e72461470dec351f6170252340e5,1,,,,,False,False,corroborated,189-2024,149046,STATUS_FINAL,6-4 6-4,2024-08-29T15:10Z,R64,/Users/varma/Projects/DEUCE/.research/2026-09-06-model-foundation/runs/phase4/staging/espn-results-001/20240907.json,3e855d28dcf1eee2570433cbf426adaabad71f431b7674df19a2f0fdc7dc416c,"[0, 0]"
2024,905,LS52767047,Jessica Bouzas Maneiro,Katie Boulter,328139,319125,R64,7-5 7-5,completed,absent,2024-08-26,2024-09-08,2024-08-29T16:35:00+00:00,True,,False,data/raw/wta/stats/_httpcache/2024/032f1242b5f6ba4de2c4558e3999ad79867223d931c37f807d7f1fdc0e1741df.json,6d90f511a70ac62da4e7508911a4f2bdf432e72461470dec351f6170252340e5,1,,,,,False,False,corroborated,189-2024,149045,STATUS_FINAL,7-5 7-5,2024-08-29T16:40Z,R64,/Users/varma/Projects/DEUCE/.research/2026-09-06-model-foundation/runs/phase4/staging/espn-results-001/20240907.json,3e855d28dcf1eee2570433cbf426adaabad71f431b7674df19a2f0fdc7dc416c,"[0, 0]"
2024,905,LS52767049,Jessica Pegula,Sofia Kenin,316956,320942,R64,7-6(4) 6-3,completed,absent,2024-08-26,2024-09-08,2024-08-29T18:50:00+00:00,True,,False,data/raw/wta/stats/_httpcache/2024/032f1242b5f6ba4de2c4558e3999ad79867223d931c37f807d7f1fdc0e1741df.json,6d90f511a70ac62da4e7508911a4f2bdf432e72461470dec351f6170252340e5,1,,,,,False,False,corroborated,189-2024,149044,STATUS_FINAL,7-6 6-3,2024-08-29T18:55Z,R64,/Users/varma/Projects/DEUCE/.research/2026-09-06-model-foundation/runs/phase4/staging/espn-results-001/20240907.json,3e855d28dcf1eee2570433cbf426adaabad71f431b7674df19a2f0fdc7dc416c,"[0, 0]"
2024,905,LS52767051,Jessika Ponchet,Elena Rybakina,319421,324166,R64,,incomplete-or-invalid-score,absent,2024-08-26,2024-09-08,2024-08-29T21:30:00+00:00,True,,False,data/raw/wta/stats/_httpcache/2024/032f1242b5f6ba4de2c4558e3999ad79867223d931c37f807d7f1fdc0e1741df.json,6d90f511a70ac62da4e7508911a4f2bdf432e72461470dec351f6170252340e5,1,,,,,False,False,corroborated,189-2024,149043,STATUS_WALKOVER,,2024-08-29T20:30Z,R64,/Users/varma/Projects/DEUCE/.research/2026-09-06-model-foundation/runs/phase4/staging/espn-results-001/20240907.json,3e855d28dcf1eee2570433cbf426adaabad71f431b7674df19a2f0fdc7dc416c,"[0, 0]"
2024,905,LS52767053,Caroline Wozniacki,Renata Zarazua,313402,320716,R64,6-3 6-3,completed,absent,2024-08-26,2024-09-08,2024-08-30T01:35:00+00:00,True,,False,data/raw/wta/stats/_httpcache/2024/032f1242b5f6ba4de2c4558e3999ad79867223d931c37f807d7f1fdc0e1741df.json,6d90f511a70ac62da4e7508911a4f2bdf432e72461470dec351f6170252340e5,1,,,,,False,False,corroborated,189-2024,149042,STATUS_FINAL,6-3 6-3,2024-08-30T01:40Z,R64,/Users/varma/Projects/DEUCE/.research/2026-09-06-model-foundation/runs/phase4/staging/espn-results-001/20240907.json,3e855d28dcf1eee2570433cbf426adaabad71f431b7674df19a2f0fdc7dc416c,"[0, 0]"
2024,905,LS52767055,Beatriz Haddad Maia,Sara Sorribes Tormo,318176,318872,R64,6-2 6-1,completed,absent,2024-08-26,2024-09-08,2024-08-29T17:55:00+00:00,True,,False,data/raw/wta/stats/_httpcache/2024/032f1242b5f6ba4de2c4558e3999ad79867223d931c37f807d7f1fdc0e1741df.json,6d90f511a70ac62da4e7508911a4f2bdf432e72461470dec351f6170252340e5,1,,,,,False,False,corroborated,189-2024,149041,STATUS_FINAL,6-2 6-1,2024-08-29T18:05Z,R64,/Users/varma/Projects/DEUCE/.research/2026-09-06-model-foundation/runs/phase4/staging/espn-results-001/20240907.json,3e855d28dcf1eee2570433cbf426adaabad71f431b7674df19a2f0fdc7dc416c,"[0, 0]"
2024,905,LS52767057,Anna Kalinskaya,Anna Bondar,323942,322942,R64,6-2 6-4,completed,absent,2024-08-26,2024-09-08,2024-08-29T15:00:00+00:00,True,,False,data/raw/wta/stats/_httpcache/2024/032f1242b5f6ba4de2c4558e3999ad79867223d931c37f807d7f1fdc0e1741df.json,6d90f511a70ac62da4e7508911a4f2bdf432e72461470dec351f6170252340e5,1,,,,,False,False,corroborated,189-2024,149040,STATUS_FINAL,6-2 6-4,2024-08-29T15:10Z,R64,/Users/varma/Projects/DEUCE/.research/2026-09-06-model-foundation/runs/phase4/staging/espn-results-001/20240907.json,3e855d28dcf1eee2570433cbf426adaabad71f431b7674df19a2f0fdc7dc416c,"[0, 0]"
2024,905,LS52767059,Karolina Muchova,Naomi Osaka,322191,319998,R64,6-3 7-6(5),completed,absent,2024-08-26,2024-09-08,2024-08-29T23:10:00+00:00,True,,False,data/raw/wta/stats/_httpcache/2024/032f1242b5f6ba4de2c4558e3999ad79867223d931c37f807d7f1fdc0e1741df.json,6d90f511a70ac62da4e7508911a4f2bdf432e72461470dec351f6170252340e5,1,,,,,False,False,corroborated,189-2024,149026,STATUS_FINAL,6-3 7-6,2024-08-29T23:15Z,R64,/Users/varma/Projects/DEUCE/.research/2026-09-06-model-foundation/runs/phase4/staging/espn-results-001/20240907.json,3e855d28dcf1eee2570433cbf426adaabad71f431b7674df19a2f0fdc7dc416c,"[0, 0]"
2024,905,LS52767061,Anastasia Potapova,Varvara Lepchenko,325601,120420,R64,6-3 6-4,completed,absent,2024-08-26,2024-09-08,2024-08-29T18:10:00+00:00,True,,False,data/raw/wta/stats/_httpcache/2024/032f1242b5f6ba4de2c4558e3999ad79867223d931c37f807d7f1fdc0e1741df.json,6d90f511a70ac62da4e7508911a4f2bdf432e72461470dec351f6170252340e5,1,,,,,False,False,corroborated,189-2024,149028,STATUS_FINAL,6-3 6-4,2024-08-29T18:15Z,R64,/Users/varma/Projects/DEUCE/.research/2026-09-06-model-foundation/runs/phase4/staging/espn-results-001/20240907.json,3e855d28dcf1eee2570433cbf426adaabad71f431b7674df19a2f0fdc7dc416c,"[0, 0]"
2024,905,LS52767063,Yulia Putintseva,Xinyu Wang,317683,326376,R64,6-1 7-6(4),completed,absent,2024-08-26,2024-09-08,2024-08-29T15:00:00+00:00,True,,False,data/raw/wta/stats/_httpcache/2024/032f1242b5f6ba4de2c4558e3999ad79867223d931c37f807d7f1fdc0e1741df.json,6d90f511a70ac62da4e7508911a4f2bdf432e72461470dec351f6170252340e5,1,,,,,False,False,corroborated,189-2024,149027,STATUS_FINAL,6-1 7-6,2024-08-29T15:10Z,R64,/Users/varma/Projects/DEUCE/.research/2026-09-06-model-foundation/runs/phase4/staging/espn-results-001/20240907.json,3e855d28dcf1eee2570433cbf426adaabad71f431b7674df19a2f0fdc7dc416c,"[0, 0]"
2024,905,LS52767065,Jasmine Paolini,Karolina Pliskova,319280,313974,R64,,incomplete-or-invalid-score,absent,2024-08-26,2024-09-08,2024-08-29T17:25:00+00:00,True,,False,data/raw/wta/stats/_httpcache/2024/032f1242b5f6ba4de2c4558e3999ad79867223d931c37f807d7f1fdc0e1741df.json,6d90f511a70ac62da4e7508911a4f2bdf432e72461470dec351f6170252340e5,1,,,,,False,False,score-conflict,189-2024,149036,STATUS_RETIRED,0-0,2024-08-29T17:30Z,R64,/Users/varma/Projects/DEUCE/.research/2026-09-06-model-foundation/runs/phase4/staging/espn-results-001/20240907.json,3e855d28dcf1eee2570433cbf426adaabad71f431b7674df19a2f0fdc7dc416c,"[0, 0]"
2024,905,LS52767067,Elena-Gabriela Ruse,Barbora Krejcikova,320408,318314,R64,6-4 7-5,completed,absent,2024-08-26,2024-09-08,2024-08-28T15:00:00+00:00,True,,False,data/raw/wta/stats/_httpcache/2024/032f1242b5f6ba4de2c4558e3999ad79867223d931c37f807d7f1fdc0e1741df.json,6d90f511a70ac62da4e7508911a4f2bdf432e72461470dec351f6170252340e5,1,,,,,False,False,corroborated,189-2024,149035,STATUS_FINAL,6-4 7-5,2024-08-28T15:10Z,R64,/Users/varma/Projects/DEUCE/.research/2026-09-06-model-foundation/runs/phase4/staging/espn-results-001/20240907.json,3e855d28dcf1eee2570433cbf426adaabad71f431b7674df19a2f0fdc7dc416c,"[0, 0]"
2024,905,LS52767069,Paula Badosa,Taylor Townsend,320124,318609,R64,6-3 7-5,completed,absent,2024-08-26,2024-09-08,2024-08-28T15:00:00+00:00,True,,False,data/raw/wta/stats/_httpcache/2024/032f1242b5f6ba4de2c4558e3999ad79867223d931c37f807d7f1fdc0e1741df.json,6d90f511a70ac62da4e7508911a4f2bdf432e72461470dec351f6170252340e5,1,,,,,False,False,corroborated,189-2024,149034,STATUS_FINAL,6-3 7-5,2024-08-28T15:10Z,R64,/Users/varma/Projects/DEUCE/.research/2026-09-06-model-foundation/runs/phase4/staging/espn-results-001/20240907.json,3e855d28dcf1eee2570433cbf426adaabad71f431b7674df19a2f0fdc7dc416c,"[0, 0]"
2024,905,LS52865387,Lucia Bronzetti,Lulu Sun,322280,324576,R128,,incomplete-or-invalid-score,absent,2024-08-26,2024-09-08,2024-08-27T00:20:00+00:00,True,,False,data/raw/wta/stats/_httpcache/2024/032f1242b5f6ba4de2c4558e3999ad79867223d931c37f807d7f1fdc0e1741df.json,6d90f511a70ac62da4e7508911a4f2bdf432e72461470dec351f6170252340e5,1,,,,,False,False,score-conflict,189-2024,149007,STATUS_RETIRED,6-3,2024-08-27T00:30Z,R128,/Users/varma/Projects/DEUCE/.research/2026-09-06-model-foundation/runs/phase4/staging/espn-results-001/20240907.json,3e855d28dcf1eee2570433cbf426adaabad71f431b7674df19a2f0fdc7dc416c,"[0, 0]"
2024,905,LS52865389,Iva Jovic,Magda Linette,332285,315130,R128,6-4 6-3,completed,absent,2024-08-26,2024-09-08,2024-08-26T22:10:00+00:00,True,,False,data/raw/wta/stats/_httpcache/2024/032f1242b5f6ba4de2c4558e3999ad79867223d931c37f807d7f1fdc0e1741df.json,6d90f511a70ac62da4e7508911a4f2bdf432e72461470dec351f6170252340e5,1,,,,,False,False,corroborated,189-2024,149008,STATUS_FINAL,6-4 6-3,2024-08-26T22:15Z,R128,/Users/varma/Projects/DEUCE/.research/2026-09-06-model-foundation/runs/phase4/staging/espn-results-001/20240907.json,3e855d28dcf1eee2570433cbf426adaabad71f431b7674df19a2f0fdc7dc416c,"[0, 0]"
2024,905,LS52865391,Ekaterina Alexandrova,Viktoriya Tomova,319007,317584,R128,6-7(4) 6-0 7-5,completed,absent,2024-08-26,2024-09-08,2024-08-27T00:05:00+00:00,True,,False,data/raw/wta/stats/_httpcache/2024/032f1242b5f6ba4de2c4558e3999ad79867223d931c37f807d7f1fdc0e1741df.json,6d90f511a70ac62da4e7508911a4f2bdf432e72461470dec351f6170252340e5,1,,,,,False,False,corroborated,189-2024,149009,STATUS_FINAL,6-7 6-0 7-5,2024-08-27T00:10Z,R128,/Users/varma/Projects/DEUCE/.research/2026-09-06-model-foundation/runs/phase4/staging/espn-results-001/20240907.json,3e855d28dcf1eee2570433cbf426adaabad71f431b7674df19a2f0fdc7dc416c,"[0, 0]"
2024,905,LS52865395,Madison Keys,Katerina Siniakova,316959,320301,R128,6-4 6-1,completed,absent,2024-08-26,2024-09-08,2024-08-26T20:00:00+00:00,True,,False,data/raw/wta/stats/_httpcache/2024/032f1242b5f6ba4de2c4558e3999ad79867223d931c37f807d7f1fdc0e1741df.json,6d90f511a70ac62da4e7508911a4f2bdf432e72461470dec351f6170252340e5,1,,,,,False,False,corroborated,189-2024,149003,STATUS_FINAL,6-4 6-1,2024-08-26T20:05Z,R128,/Users/varma/Projects/DEUCE/.research/2026-09-06-model-foundation/runs/phase4/staging/espn-results-001/20240907.json,3e855d28dcf1eee2570433cbf426adaabad71f431b7674df19a2f0fdc7dc416c,"[0, 0]"
2024,905,LS52865397,Daria Kasatkina,Jaqueline Cristian,322082,320319,R128,6-2 6-4,completed,absent,2024-08-26,2024-09-08,2024-08-26T15:00:00+00:00,True,,False,data/raw/wta/stats/_httpcache/2024/032f1242b5f6ba4de2c4558e3999ad79867223d931c37f807d7f1fdc0e1741df.json,6d90f511a70ac62da4e7508911a4f2bdf432e72461470dec351f6170252340e5,1,,,,,False,False,corroborated,189-2024,148989,STATUS_FINAL,6-2 6-4,2024-08-26T15:05Z,R128,/Users/varma/Projects/DEUCE/.research/2026-09-06-model-foundation/runs/phase4/staging/espn-results-001/20240907.json,3e855d28dcf1eee2570433cbf426adaabad71f431b7674df19a2f0fdc7dc416c,"[0, 0]"
2024,905,LS52865399,Peyton Stearns,Lesia Tsurenko,327573,315295,R128,6-1 7-5,completed,absent,2024-08-26,2024-09-08,2024-08-26T19:00:00+00:00,True,,False,data/raw/wta/stats/_httpcache/2024/032f1242b5f6ba4de2c4558e3999ad79867223d931c37f807d7f1fdc0e1741df.json,6d90f511a70ac62da4e7508911a4f2bdf432e72461470dec351f6170252340e5,1,,,,,False,False,corroborated,189-2024,148983,STATUS_FINAL,6-1 7-5,2024-08-26T19:10Z,R128,/Users/varma/Projects/DEUCE/.research/2026-09-06-model-foundation/runs/phase4/staging/espn-results-001/20240907.json,3e855d28dcf1eee2570433cbf426adaabad71f431b7674df19a2f0fdc7dc416c,"[0, 0]"
2024,905,LS52865401,Greet Minnen,Magdalena Frech,321454,320277,R128,7-5 7-5,completed,absent,2024-08-26,2024-09-08,2024-08-26T17:15:00+00:00,True,,False,data/raw/wta/stats/_httpcache/2024/032f1242b5f6ba4de2c4558e3999ad79867223d931c37f807d7f1fdc0e1741df.json,6d90f511a70ac62da4e7508911a4f2bdf432e72461470dec351f6170252340e5,1,,,,,False,False,corroborated,189-2024,149010,STATUS_FINAL,7-5 7-5,2024-08-26T17:20Z,R128,/Users/varma/Projects/DEUCE/.research/2026-09-06-model-foundation/runs/phase4/staging/espn-results-001/20240907.json,3e855d28dcf1eee2570433cbf426adaabad71f431b7674df19a2f0fdc7dc416c,"[0, 0]"
2024,905,LS52865403,Jule Niemeier,Dayana Yastremska,325940,324261,R128,6-4 6-7(3) 6-4,completed,absent,2024-08-26,2024-09-08,2024-08-26T15:00:00+00:00,True,,False,data/raw/wta/stats/_httpcache/2024/032f1242b5f6ba4de2c4558e3999ad79867223d931c37f807d7f1fdc0e1741df.json,6d90f511a70ac62da4e7508911a4f2bdf432e72461470dec351f6170252340e5,1,,,,,False,False,corroborated,189-2024,149002,STATUS_FINAL,6-4 6-7 6-4,2024-08-26T15:10Z,R128,/Users/varma/Projects/DEUCE/.research/2026-09-06-model-foundation/runs/phase4/staging/espn-results-001/20240907.json,3e855d28dcf1eee2570433cbf426adaabad71f431b7674df19a2f0fdc7dc416c,"[0, 0]"
2024,905,LS52865405,Moyuka Uchijima,Tamara Korpatsch,327241,319571,R128,3-6 6-3 6-4,completed,absent,2024-08-26,2024-09-08,2024-08-26T18:55:00+00:00,True,,False,data/raw/wta/stats/_httpcache/2024/032f1242b5f6ba4de2c4558e3999ad79867223d931c37f807d7f1fdc0e1741df.json,6d90f511a70ac62da4e7508911a4f2bdf432e72461470dec351f6170252340e5,1,,,,,False,False,corroborated,189-2024,148982,STATUS_FINAL,3-6 6-3 6-4,2024-08-26T19:05Z,R128,/Users/varma/Projects/DEUCE/.research/2026-09-06-model-foundation/runs/phase4/staging/espn-results-001/20240907.json,3e855d28dcf1eee2570433cbf426adaabad71f431b7674df19a2f0fdc7dc416c,"[0, 0]"
2024,905,LS52865407,Erika Andreeva,Yue Yuan,330151,324325,R128,6-3 7-6(7),completed,absent,2024-08-26,2024-09-08,2024-08-26T15:00:00+00:00,True,,False,data/raw/wta/stats/_httpcache/2024/032f1242b5f6ba4de2c4558e3999ad79867223d931c37f807d7f1fdc0e1741df.json,6d90f511a70ac62da4e7508911a4f2bdf432e72461470dec351f6170252340e5,1,,,,,False,False,unmatched,,,,,,,,,
2024,905,LS52865409,Qinwen Zheng,Amanda Anisimova,328120,326384,R128,4-6 6-4 6-2,completed,absent,2024-08-26,2024-09-08,2024-08-26T15:00:00+00:00,True,,False,data/raw/wta/stats/_httpcache/2024/032f1242b5f6ba4de2c4558e3999ad79867223d931c37f807d7f1fdc0e1741df.json,6d90f511a70ac62da4e7508911a4f2bdf432e72461470dec351f6170252340e5,1,,,,,False,False,corroborated,189-2024,148985,STATUS_FINAL,4-6 6-4 6-2,2024-08-26T15:10Z,R128,/Users/varma/Projects/DEUCE/.research/2026-09-06-model-foundation/runs/phase4/staging/espn-results-001/20240907.json,3e855d28dcf1eee2570433cbf426adaabad71f431b7674df19a2f0fdc7dc416c,"[0, 0]"
2024,905,LS52865411,Coco Gauff,Varvara Gracheva,328560,325836,R128,6-2 6-0,completed,absent,2024-08-26,2024-09-08,2024-08-26T18:30:00+00:00,True,,False,data/raw/wta/stats/_httpcache/2024/032f1242b5f6ba4de2c4558e3999ad79867223d931c37f807d7f1fdc0e1741df.json,6d90f511a70ac62da4e7508911a4f2bdf432e72461470dec351f6170252340e5,1,,,,,False,False,corroborated,189-2024,149001,STATUS_FINAL,6-2 6-0,2024-08-26T18:35Z,R128,/Users/varma/Projects/DEUCE/.research/2026-09-06-model-foundation/runs/phase4/staging/espn-results-001/20240907.json,3e855d28dcf1eee2570433cbf426adaabad71f431b7674df19a2f0fdc7dc416c,"[0, 0]"
2024,905,LS52865413,Anhelina Kalinina,Oceane Dodin,320567,319436,R128,6-1 3-6 6-1,completed,absent,2024-08-26,2024-09-08,2024-08-26T17:35:00+00:00,True,,False,data/raw/wta/stats/_httpcache/2024/032f1242b5f6ba4de2c4558e3999ad79867223d931c37f807d7f1fdc0e1741df.json,6d90f511a70ac62da4e7508911a4f2bdf432e72461470dec351f6170252340e5,1,,,,,False,False,corroborated,189-2024,149000,STATUS_FINAL,6-1 3-6 6-1,2024-08-26T17:45Z,R128,/Users/varma/Projects/DEUCE/.research/2026-09-06-model-foundation/runs/phase4/staging/espn-results-001/20240907.json,3e855d28dcf1eee2570433cbf426adaabad71f431b7674df19a2f0fdc7dc416c,"[0, 0]"
2024,905,LS52865415,Elina Svitolina,Maria Carle,316738,322638,R128,3-6 6-3 6-4,completed,absent,2024-08-26,2024-09-08,2024-08-26T15:00:00+00:00,True,,False,data/raw/wta/stats/_httpcache/2024/032f1242b5f6ba4de2c4558e3999ad79867223d931c37f807d7f1fdc0e1741df.json,6d90f511a70ac62da4e7508911a4f2bdf432e72461470dec351f6170252340e5,1,,,,,False,False,unmatched,,,,,,,,,
2024,905,LS52865417,Marta Kostyuk,McCartney Kessler,326482,326678,R128,6-2 6-3,completed,absent,2024-08-26,2024-09-08,2024-08-26T22:05:00+00:00,True,,False,data/raw/wta/stats/_httpcache/2024/032f1242b5f6ba4de2c4558e3999ad79867223d931c37f807d7f1fdc0e1741df.json,6d90f511a70ac62da4e7508911a4f2bdf432e72461470dec351f6170252340e5,1,,,,,False,False,corroborated,189-2024,148972,STATUS_FINAL,6-2 6-3,2024-08-26T22:10Z,R128,/Users/varma/Projects/DEUCE/.research/2026-09-06-model-foundation/runs/phase4/staging/espn-results-001/20240907.json,3e855d28dcf1eee2570433cbf426adaabad71f431b7674df19a2f0fdc7dc416c,"[0, 0]"
2024,905,LS52865419,Harriet Dart,Chloe Paquet,319489,318839,R128,6-1 6-2,completed,absent,2024-08-26,2024-09-08,2024-08-26T23:05:00+00:00,True,,False,data/raw/wta/stats/_httpcache/2024/032f1242b5f6ba4de2c4558e3999ad79867223d931c37f807d7f1fdc0e1741df.json,6d90f511a70ac62da4e7508911a4f2bdf432e72461470dec351f6170252340e5,1,,,,,False,False,corroborated,189-2024,148980,STATUS_FINAL,6-1 6-2,2024-08-26T23:15Z,R128,/Users/varma/Projects/DEUCE/.research/2026-09-06-model-foundation/runs/phase4/staging/espn-results-001/20240907.json,3e855d28dcf1eee2570433cbf426adaabad71f431b7674df19a2f0fdc7dc416c,"[0, 0]"
2024,905,LS52865421,Arantxa Rus,Ana Bogdan,313349,315427,R128,6-4 7-6(5),completed,absent,2024-08-26,2024-09-08,2024-08-26T21:55:00+00:00,True,,False,data/raw/wta/stats/_httpcache/2024/032f1242b5f6ba4de2c4558e3999ad79867223d931c37f807d7f1fdc0e1741df.json,6d90f511a70ac62da4e7508911a4f2bdf432e72461470dec351f6170252340e5,1,,,,,False,False,corroborated,189-2024,148977,STATUS_FINAL,6-4 7-6,2024-08-26T22:05Z,R128,/Users/varma/Projects/DEUCE/.research/2026-09-06-model-foundation/runs/phase4/staging/espn-results-001/20240907.json,3e855d28dcf1eee2570433cbf426adaabad71f431b7674df19a2f0fdc7dc416c,"[0, 0]"
2024,905,LS52865423,Emma Navarro,Anna Blinkova,325410,324267,R128,6-1 6-1,completed,absent,2024-08-26,2024-09-08,2024-08-26T22:20:00+00:00,True,,False,data/raw/wta/stats/_httpcache/2024/032f1242b5f6ba4de2c4558e3999ad79867223d931c37f807d7f1fdc0e1741df.json,6d90f511a70ac62da4e7508911a4f2bdf432e72461470dec351f6170252340e5,1,,,,,False,False,corroborated,189-2024,149012,STATUS_FINAL,6-1 6-1,2024-08-26T22:30Z,R128,/Users/varma/Projects/DEUCE/.research/2026-09-06-model-foundation/runs/phase4/staging/espn-results-001/20240907.json,3e855d28dcf1eee2570433cbf426adaabad71f431b7674df19a2f0fdc7dc416c,"[0, 0]"
2024,905,LS52865425,Yafan Wang,Maria Sakkari,317510,318312,R128,,incomplete-or-invalid-score,absent,2024-08-26,2024-09-08,2024-08-26T15:00:00+00:00,True,,False,data/raw/wta/stats/_httpcache/2024/032f1242b5f6ba4de2c4558e3999ad79867223d931c37f807d7f1fdc0e1741df.json,6d90f511a70ac62da4e7508911a4f2bdf432e72461470dec351f6170252340e5,1,,,,,False,False,unmatched,,,,,,,,,
2024,905,LS52865427,Diane Parry,Xiyu Wang,327077,326160,R128,7-6(2) 7-6(5),completed,absent,2024-08-26,2024-09-08,2024-08-26T15:00:00+00:00,True,,False,data/raw/wta/stats/_httpcache/2024/032f1242b5f6ba4de2c4558e3999ad79867223d931c37f807d7f1fdc0e1741df.json,6d90f511a70ac62da4e7508911a4f2bdf432e72461470dec351f6170252340e5,1,,,,,False,False,corroborated,189-2024,149013,STATUS_FINAL,7-6 7-6,2024-08-26T15:10Z,R128,/Users/varma/Projects/DEUCE/.research/2026-09-06-model-foundation/runs/phase4/staging/espn-results-001/20240907.json,3e855d28dcf1eee2570433cbf426adaabad71f431b7674df19a2f0fdc7dc416c,"[0, 0]"
2024,905,LS52865429,Clara Burel,Sloane Stephens,325320,315683,R128,0-6 7-5 7-5,completed,absent,2024-08-26,2024-09-08,2024-08-26T23:15:00+00:00,True,,False,data/raw/wta/stats/_httpcache/2024/032f1242b5f6ba4de2c4558e3999ad79867223d931c37f807d7f1fdc0e1741df.json,6d90f511a70ac62da4e7508911a4f2bdf432e72461470dec351f6170252340e5,1,,,,,False,False,corroborated,189-2024,148974,STATUS_FINAL,0-6 7-5 7-5,2024-08-26T23:15Z,R128,/Users/varma/Projects/DEUCE/.research/2026-09-06-model-foundation/runs/phase4/staging/espn-results-001/20240907.json,3e855d28dcf1eee2570433cbf426adaabad71f431b7674df19a2f0fdc7dc416c,"[0, 0]"
2024,905,LS52865431,Paula Badosa,Viktorija Golubic,320124,316296,R128,6-0 6-3,completed,absent,2024-08-26,2024-09-08,2024-08-26T18:20:00+00:00,True,,False,data/raw/wta/stats/_httpcache/2024/032f1242b5f6ba4de2c4558e3999ad79867223d931c37f807d7f1fdc0e1741df.json,6d90f511a70ac62da4e7508911a4f2bdf432e72461470dec351f6170252340e5,1,,,,,False,False,corroborated,189-2024,148965,STATUS_FINAL,6-0 6-3,2024-08-26T18:30Z,R128,/Users/varma/Projects/DEUCE/.research/2026-09-06-model-foundation/runs/phase4/staging/espn-results-001/20240907.json,3e855d28dcf1eee2570433cbf426adaabad71f431b7674df19a2f0fdc7dc416c,"[0, 0]"
2024,905,LS52865433,Taylor Townsend,Martina Trevisan,318609,316266,R128,6-2 7-5,completed,absent,2024-08-26,2024-09-08,2024-08-26T19:20:00+00:00,True,,False,data/raw/wta/stats/_httpcache/2024/032f1242b5f6ba4de2c4558e3999ad79867223d931c37f807d7f1fdc0e1741df.json,6d90f511a70ac62da4e7508911a4f2bdf432e72461470dec351f6170252340e5,1,,,,,False,False,corroborated,189-2024,148976,STATUS_FINAL,6-2 7-5,2024-08-26T19:20Z,R128,/Users/varma/Projects/DEUCE/.research/2026-09-06-model-foundation/runs/phase4/staging/espn-results-001/20240907.json,3e855d28dcf1eee2570433cbf426adaabad71f431b7674df19a2f0fdc7dc416c,"[0, 0]"
2024,905,LS52865435,Jasmine Paolini,Bianca Andreescu,319280,325088,R128,6-7(5) 6-2 6-4,completed,absent,2024-08-26,2024-09-08,2024-08-27T23:25:00+00:00,True,,False,data/raw/wta/stats/_httpcache/2024/032f1242b5f6ba4de2c4558e3999ad79867223d931c37f807d7f1fdc0e1741df.json,6d90f511a70ac62da4e7508911a4f2bdf432e72461470dec351f6170252340e5,1,,,,,False,False,corroborated,189-2024,148971,STATUS_FINAL,6-7 6-2 6-4,2024-08-27T23:30Z,R128,/Users/varma/Projects/DEUCE/.research/2026-09-06-model-foundation/runs/phase4/staging/espn-results-001/20240907.json,3e855d28dcf1eee2570433cbf426adaabad71f431b7674df19a2f0fdc7dc416c,"[0, 0]"
2024,905,LS52865437,Karolina Pliskova,Mayar Sherif Ahmed Abdelaziz,313974,318711,R128,6-3 0-6 7-5,completed,absent,2024-08-26,2024-09-08,2024-08-27T20:25:00+00:00,True,,False,data/raw/wta/stats/_httpcache/2024/032f1242b5f6ba4de2c4558e3999ad79867223d931c37f807d7f1fdc0e1741df.json,6d90f511a70ac62da4e7508911a4f2bdf432e72461470dec351f6170252340e5,1,,,,,False,False,corroborated,189-2024,148984,STATUS_FINAL,6-3 0-6 7-5,2024-08-27T20:40Z,R128,/Users/varma/Projects/DEUCE/.research/2026-09-06-model-foundation/runs/phase4/staging/espn-results-001/20240907.json,3e855d28dcf1eee2570433cbf426adaabad71f431b7674df19a2f0fdc7dc416c,"[0, 0]"
2024,905,LS52865439,Yulia Putintseva,Linda Noskova,317683,329668,R128,7-6(3) 6-4,completed,absent,2024-08-26,2024-09-08,2024-08-27T22:50:00+00:00,True,,False,data/raw/wta/stats/_httpcache/2024/032f1242b5f6ba4de2c4558e3999ad79867223d931c37f807d7f1fdc0e1741df.json,6d90f511a70ac62da4e7508911a4f2bdf432e72461470dec351f6170252340e5,1,,,,,False,False,corroborated,189-2024,148975,STATUS_FINAL,7-6 6-4,2024-08-27T23:00Z,R128,/Users/varma/Projects/DEUCE/.research/2026-09-06-model-foundation/runs/phase4/staging/espn-results-001/20240907.json,3e855d28dcf1eee2570433cbf426adaabad71f431b7674df19a2f0fdc7dc416c,"[0, 0]"
2024,905,LS52865441,Anastasia Potapova,Leylah Fernandez,325601,326735,R128,2-6 6-4 7-5,completed,absent,2024-08-26,2024-09-08,2024-08-27T20:30:00+00:00,True,,False,data/raw/wta/stats/_httpcache/2024/032f1242b5f6ba4de2c4558e3999ad79867223d931c37f807d7f1fdc0e1741df.json,6d90f511a70ac62da4e7508911a4f2bdf432e72461470dec351f6170252340e5,1,,,,,False,False,corroborated,189-2024,148998,STATUS_FINAL,2-6 6-4 7-5,2024-08-27T20:35Z,R128,/Users/varma/Projects/DEUCE/.research/2026-09-06-model-foundation/runs/phase4/staging/espn-results-001/20240907.json,3e855d28dcf1eee2570433cbf426adaabad71f431b7674df19a2f0fdc7dc416c,"[0, 0]"
2024,905,LS52865443,Karolina Muchova,Katie Volynets,322191,327391,R128,6-3 7-5,completed,absent,2024-08-26,2024-09-08,2024-08-27T15:00:00+00:00,True,,False,data/raw/wta/stats/_httpcache/2024/032f1242b5f6ba4de2c4558e3999ad79867223d931c37f807d7f1fdc0e1741df.json,6d90f511a70ac62da4e7508911a4f2bdf432e72461470dec351f6170252340e5,1,,,,,False,False,corroborated,189-2024,148964,STATUS_FINAL,6-3 7-5,2024-08-27T15:05Z,R128,/Users/varma/Projects/DEUCE/.research/2026-09-06-model-foundation/runs/phase4/staging/espn-results-001/20240907.json,3e855d28dcf1eee2570433cbf426adaabad71f431b7674df19a2f0fdc7dc416c,"[0, 0]"
2024,905,LS52865445,Naomi Osaka,Jelena Ostapenko,319998,319939,R128,6-3 6-2,completed,absent,2024-08-26,2024-09-08,2024-08-27T18:05:00+00:00,True,,False,data/raw/wta/stats/_httpcache/2024/032f1242b5f6ba4de2c4558e3999ad79867223d931c37f807d7f1fdc0e1741df.json,6d90f511a70ac62da4e7508911a4f2bdf432e72461470dec351f6170252340e5,1,,,,,False,False,corroborated,189-2024,148968,STATUS_FINAL,6-3 6-2,2024-08-27T18:15Z,R128,/Users/varma/Projects/DEUCE/.research/2026-09-06-model-foundation/runs/phase4/staging/espn-results-001/20240907.json,3e855d28dcf1eee2570433cbf426adaabad71f431b7674df19a2f0fdc7dc416c,"[0, 0]"
2024,905,LS52865447,Anna Kalinskaya,Lauren Davis,323942,317414,R128,6-2 6-2,completed,absent,2024-08-26,2024-09-08,2024-08-27T19:00:00+00:00,True,,False,data/raw/wta/stats/_httpcache/2024/032f1242b5f6ba4de2c4558e3999ad79867223d931c37f807d7f1fdc0e1741df.json,6d90f511a70ac62da4e7508911a4f2bdf432e72461470dec351f6170252340e5,1,,,,,False,False,corroborated,189-2024,148970,STATUS_FINAL,6-2 6-2,2024-08-27T19:15Z,R128,/Users/varma/Projects/DEUCE/.research/2026-09-06-model-foundation/runs/phase4/staging/espn-results-001/20240907.json,3e855d28dcf1eee2570433cbf426adaabad71f431b7674df19a2f0fdc7dc416c,"[0, 0]"
2024,905,LS52865449,Anna Bondar,Bernarda Pera,322942,317708,R128,6-3 3-6 6-3,completed,absent,2024-08-26,2024-09-08,2024-08-27T19:20:00+00:00,True,,False,data/raw/wta/stats/_httpcache/2024/032f1242b5f6ba4de2c4558e3999ad79867223d931c37f807d7f1fdc0e1741df.json,6d90f511a70ac62da4e7508911a4f2bdf432e72461470dec351f6170252340e5,1,,,,,False,False,corroborated,189-2024,149015,STATUS_FINAL,6-3 3-6 6-3,2024-08-27T19:30Z,R128,/Users/varma/Projects/DEUCE/.research/2026-09-06-model-foundation/runs/phase4/staging/espn-results-001/20240907.json,3e855d28dcf1eee2570433cbf426adaabad71f431b7674df19a2f0fdc7dc416c,"[0, 0]"
2024,905,LS52865451,Sara Sorribes Tormo,Alexa Noel,318872,335203,R128,6-1 6-3,completed,absent,2024-08-26,2024-09-08,2024-08-27T20:40:00+00:00,True,,False,data/raw/wta/stats/_httpcache/2024/032f1242b5f6ba4de2c4558e3999ad79867223d931c37f807d7f1fdc0e1741df.json,6d90f511a70ac62da4e7508911a4f2bdf432e72461470dec351f6170252340e5,1,,,,,False,False,corroborated,189-2024,148963,STATUS_FINAL,6-1 6-3,2024-08-27T20:50Z,R128,/Users/varma/Projects/DEUCE/.research/2026-09-06-model-foundation/runs/phase4/staging/espn-results-001/20240907.json,3e855d28dcf1eee2570433cbf426adaabad71f431b7674df19a2f0fdc7dc416c,"[0, 0]"
2024,905,LS52865453,Beatriz Haddad Maia,Elina Avanesyan,318176,327620,R128,4-6 6-0 6-2,completed,absent,2024-08-26,2024-09-08,2024-08-27T22:25:00+00:00,True,,False,data/raw/wta/stats/_httpcache/2024/032f1242b5f6ba4de2c4558e3999ad79867223d931c37f807d7f1fdc0e1741df.json,6d90f511a70ac62da4e7508911a4f2bdf432e72461470dec351f6170252340e5,1,,,,,False,False,corroborated,189-2024,148973,STATUS_FINAL,4-6 6-0 6-2,2024-08-27T22:35Z,R128,/Users/varma/Projects/DEUCE/.research/2026-09-06-model-foundation/runs/phase4/staging/espn-results-001/20240907.json,3e855d28dcf1eee2570433cbf426adaabad71f431b7674df19a2f0fdc7dc416c,"[0, 0]"
2024,905,LS52865455,Renata Zarazua,Caroline Garcia,320716,315391,R128,6-1 6-4,completed,absent,2024-08-26,2024-09-08,2024-08-27T18:15:00+00:00,True,,False,data/raw/wta/stats/_httpcache/2024/032f1242b5f6ba4de2c4558e3999ad79867223d931c37f807d7f1fdc0e1741df.json,6d90f511a70ac62da4e7508911a4f2bdf432e72461470dec351f6170252340e5,1,,,,,False,False,corroborated,189-2024,148969,STATUS_FINAL,6-1 6-4,2024-08-27T18:20Z,R128,/Users/varma/Projects/DEUCE/.research/2026-09-06-model-foundation/runs/phase4/staging/espn-results-001/20240907.json,3e855d28dcf1eee2570433cbf426adaabad71f431b7674df19a2f0fdc7dc416c,"[0, 0]"
2024,905,LS52865459,Jessica Pegula,Shelby Rogers,316956,42459,R128,6-4 6-3,completed,absent,2024-08-26,2024-09-08,2024-08-28T02:25:00+00:00,True,,False,data/raw/wta/stats/_httpcache/2024/032f1242b5f6ba4de2c4558e3999ad79867223d931c37f807d7f1fdc0e1741df.json,6d90f511a70ac62da4e7508911a4f2bdf432e72461470dec351f6170252340e5,1,,,,,False,False,corroborated,189-2024,148996,STATUS_FINAL,6-4 6-3,2024-08-28T02:30Z,R128,/Users/varma/Projects/DEUCE/.research/2026-09-06-model-foundation/runs/phase4/staging/espn-results-001/20240907.json,3e855d28dcf1eee2570433cbf426adaabad71f431b7674df19a2f0fdc7dc416c,"[0, 0]"
2024,905,LS52865461,Sofia Kenin,Emma Raducanu,320942,328366,R128,6-1 3-6 6-4,completed,absent,2024-08-26,2024-09-08,2024-08-27T23:40:00+00:00,True,,False,data/raw/wta/stats/_httpcache/2024/032f1242b5f6ba4de2c4558e3999ad79867223d931c37f807d7f1fdc0e1741df.json,6d90f511a70ac62da4e7508911a4f2bdf432e72461470dec351f6170252340e5,1,,,,,False,False,corroborated,189-2024,148995,STATUS_FINAL,6-1 3-6 6-4,2024-08-27T23:40Z,R128,/Users/varma/Projects/DEUCE/.research/2026-09-06-model-foundation/runs/phase4/staging/espn-results-001/20240907.json,3e855d28dcf1eee2570433cbf426adaabad71f431b7674df19a2f0fdc7dc416c,"[0, 0]"
2024,905,LS52865463,Jessica Bouzas Maneiro,Petra Martic,328139,313711,R128,6-3 6-0,completed,absent,2024-08-26,2024-09-08,2024-08-27T19:05:00+00:00,True,,False,data/raw/wta/stats/_httpcache/2024/032f1242b5f6ba4de2c4558e3999ad79867223d931c37f807d7f1fdc0e1741df.json,6d90f511a70ac62da4e7508911a4f2bdf432e72461470dec351f6170252340e5,1,,,,,False,False,corroborated,189-2024,149004,STATUS_FINAL,6-3 6-0,2024-08-27T19:00Z,R128,/Users/varma/Projects/DEUCE/.research/2026-09-06-model-foundation/runs/phase4/staging/espn-results-001/20240907.json,3e855d28dcf1eee2570433cbf426adaabad71f431b7674df19a2f0fdc7dc416c,"[0, 0]"
2024,905,LS52865465,Diana Shnaider,Nadia Podoroska,330482,319112,R128,6-0 6-1,completed,absent,2024-08-26,2024-09-08,2024-08-27T20:50:00+00:00,True,,False,data/raw/wta/stats/_httpcache/2024/032f1242b5f6ba4de2c4558e3999ad79867223d931c37f807d7f1fdc0e1741df.json,6d90f511a70ac62da4e7508911a4f2bdf432e72461470dec351f6170252340e5,1,,,,,False,False,corroborated,189-2024,148961,STATUS_FINAL,6-0 6-1,2024-08-27T20:55Z,R128,/Users/varma/Projects/DEUCE/.research/2026-09-06-model-foundation/runs/phase4/staging/espn-results-001/20240907.json,3e855d28dcf1eee2570433cbf426adaabad71f431b7674df19a2f0fdc7dc416c,"[0, 0]"
2024,905,LS52865467,Clara Tauson,Anna-Karolina Schmiedlova,327793,318203,R128,1-6 7-6(5) 6-2,completed,absent,2024-08-26,2024-09-08,2024-08-27T19:55:00+00:00,True,,False,data/raw/wta/stats/_httpcache/2024/032f1242b5f6ba4de2c4558e3999ad79867223d931c37f807d7f1fdc0e1741df.json,6d90f511a70ac62da4e7508911a4f2bdf432e72461470dec351f6170252340e5,1,,,,,False,False,corroborated,189-2024,148962,STATUS_FINAL,1-6 7-6 6-2,2024-08-27T19:55Z,R128,/Users/varma/Projects/DEUCE/.research/2026-09-06-model-foundation/runs/phase4/staging/espn-results-001/20240907.json,3e855d28dcf1eee2570433cbf426adaabad71f431b7674df19a2f0fdc7dc416c,"[0, 0]"
2024,905,LS52865469,Sara Errani,Cristina Bucsa,310761,321158,R128,3-6 6-0 6-4,completed,absent,2024-08-26,2024-09-08,2024-08-27T15:00:00+00:00,True,,False,data/raw/wta/stats/_httpcache/2024/032f1242b5f6ba4de2c4558e3999ad79867223d931c37f807d7f1fdc0e1741df.json,6d90f511a70ac62da4e7508911a4f2bdf432e72461470dec351f6170252340e5,1,,,,,False,False,corroborated,189-2024,148993,STATUS_FINAL,3-6 6-0 6-4,2024-08-27T15:05Z,R128,/Users/varma/Projects/DEUCE/.research/2026-09-06-model-foundation/runs/phase4/staging/espn-results-001/20240907.json,3e855d28dcf1eee2570433cbf426adaabad71f431b7674df19a2f0fdc7dc416c,"[0, 0]"
2024,905,LS52865471,Caroline Dolehide,Danielle Collins,322052,316925,R128,1-6 7-5 6-4,completed,absent,2024-08-26,2024-09-08,2024-08-27T15:00:00+00:00,True,,False,data/raw/wta/stats/_httpcache/2024/032f1242b5f6ba4de2c4558e3999ad79867223d931c37f807d7f1fdc0e1741df.json,6d90f511a70ac62da4e7508911a4f2bdf432e72461470dec351f6170252340e5,1,,,,,False,False,corroborated,189-2024,148952,STATUS_FINAL,1-6 7-5 6-4,2024-08-27T15:05Z,R128,/Users/varma/Projects/DEUCE/.research/2026-09-06-model-foundation/runs/phase4/staging/espn-results-001/20240907.json,3e855d28dcf1eee2570433cbf426adaabad71f431b7674df19a2f0fdc7dc416c,"[0, 0]"
2024,905,LS52865473,Liudmila Samsonova,Qiang Wang,322222,314429,R128,6-2 7-5,completed,absent,2024-08-26,2024-09-08,2024-08-27T22:25:00+00:00,True,,False,data/raw/wta/stats/_httpcache/2024/032f1242b5f6ba4de2c4558e3999ad79867223d931c37f807d7f1fdc0e1741df.json,6d90f511a70ac62da4e7508911a4f2bdf432e72461470dec351f6170252340e5,1,,,,,False,False,unmatched,,,,,,,,,
2024,905,LS52865475,Ashlyn Krueger,Shuai Zhang,329409,311779,R128,0-6 6-1 7-5,completed,absent,2024-08-26,2024-09-08,2024-08-27T15:00:00+00:00,True,,False,data/raw/wta/stats/_httpcache/2024/032f1242b5f6ba4de2c4558e3999ad79867223d931c37f807d7f1fdc0e1741df.json,6d90f511a70ac62da4e7508911a4f2bdf432e72461470dec351f6170252340e5,1,,,,,False,False,corroborated,189-2024,148954,STATUS_FINAL,0-6 6-1 7-5,2024-08-27T15:15Z,R128,/Users/varma/Projects/DEUCE/.research/2026-09-06-model-foundation/runs/phase4/staging/espn-results-001/20240907.json,3e855d28dcf1eee2570433cbf426adaabad71f431b7674df19a2f0fdc7dc416c,"[0, 0]"
2024,905,LS52865477,Mirra Andreeva,Camila Osorio,331809,325898,R128,6-2 7-6(4),completed,absent,2024-08-26,2024-09-08,2024-08-27T17:45:00+00:00,True,,False,data/raw/wta/stats/_httpcache/2024/032f1242b5f6ba4de2c4558e3999ad79867223d931c37f807d7f1fdc0e1741df.json,6d90f511a70ac62da4e7508911a4f2bdf432e72461470dec351f6170252340e5,1,,,,,False,False,corroborated,189-2024,148957,STATUS_FINAL,6-2 7-6,2024-08-27T17:50Z,R128,/Users/varma/Projects/DEUCE/.research/2026-09-06-model-foundation/runs/phase4/staging/espn-results-001/20240907.json,3e855d28dcf1eee2570433cbf426adaabad71f431b7674df19a2f0fdc7dc416c,"[0, 0]"
2024,905,LS52865479,Anastasia Pavlyuchenkova,Taylah Preston,313796,330291,R128,6-2 6-0,completed,absent,2024-08-26,2024-09-08,2024-08-27T15:00:00+00:00,True,,False,data/raw/wta/stats/_httpcache/2024/032f1242b5f6ba4de2c4558e3999ad79867223d931c37f807d7f1fdc0e1741df.json,6d90f511a70ac62da4e7508911a4f2bdf432e72461470dec351f6170252340e5,1,,,,,False,False,corroborated,189-2024,148958,STATUS_FINAL,6-2 6-0,2024-08-27T15:10Z,R128,/Users/varma/Projects/DEUCE/.research/2026-09-06-model-foundation/runs/phase4/staging/espn-results-001/20240907.json,3e855d28dcf1eee2570433cbf426adaabad71f431b7674df19a2f0fdc7dc416c,"[0, 0]"
2024,905,LS52865481,Elisabetta Cocciaretto,Kateryna Baindl,327909,316739,R128,6-3 6-0,completed,absent,2024-08-26,2024-09-08,2024-08-27T17:20:00+00:00,True,,False,data/raw/wta/stats/_httpcache/2024/032f1242b5f6ba4de2c4558e3999ad79867223d931c37f807d7f1fdc0e1741df.json,6d90f511a70ac62da4e7508911a4f2bdf432e72461470dec351f6170252340e5,1,,,,,False,False,corroborated,189-2024,148955,STATUS_FINAL,6-3 6-0,2024-08-27T17:25Z,R128,/Users/varma/Projects/DEUCE/.research/2026-09-06-model-foundation/runs/phase4/staging/espn-results-001/20240907.json,3e855d28dcf1eee2570433cbf426adaabad71f431b7674df19a2f0fdc7dc416c,"[0, 0]"
2024,905,LS52868319,Aryna Sabalenka,Priscilla Hon,320760,320543,R128,6-3 6-3,completed,absent,2024-08-26,2024-09-08,2024-08-27T02:45:00+00:00,True,,False,data/raw/wta/stats/_httpcache/2024/032f1242b5f6ba4de2c4558e3999ad79867223d931c37f807d7f1fdc0e1741df.json,6d90f511a70ac62da4e7508911a4f2bdf432e72461470dec351f6170252340e5,1,,,,,False,False,corroborated,189-2024,149005,STATUS_FINAL,6-3 6-3,2024-08-27T02:55Z,R128,/Users/varma/Projects/DEUCE/.research/2026-09-06-model-foundation/runs/phase4/staging/espn-results-001/20240907.json,3e855d28dcf1eee2570433cbf426adaabad71f431b7674df19a2f0fdc7dc416c,"[0, 0]"
2024,905,LS52868321,Ajla Tomljanovic,Ann Li,315232,326096,R128,6-4 6-4,completed,absent,2024-08-26,2024-09-08,2024-08-26T21:30:00+00:00,True,,False,data/raw/wta/stats/_httpcache/2024/032f1242b5f6ba4de2c4558e3999ad79867223d931c37f807d7f1fdc0e1741df.json,6d90f511a70ac62da4e7508911a4f2bdf432e72461470dec351f6170252340e5,1,,,,,False,False,corroborated,189-2024,148981,STATUS_FINAL,6-4 6-4,2024-08-26T21:35Z,R128,/Users/varma/Projects/DEUCE/.research/2026-09-06-model-foundation/runs/phase4/staging/espn-results-001/20240907.json,3e855d28dcf1eee2570433cbf426adaabad71f431b7674df19a2f0fdc7dc416c,"[0, 0]"
2024,905,LS52868323,Maya Joint,Laura Siegemund,330544,310926,R128,6-4 7-5,completed,absent,2024-08-26,2024-09-08,2024-08-26T18:35:00+00:00,True,,False,data/raw/wta/stats/_httpcache/2024/032f1242b5f6ba4de2c4558e3999ad79867223d931c37f807d7f1fdc0e1741df.json,6d90f511a70ac62da4e7508911a4f2bdf432e72461470dec351f6170252340e5,1,,,,,False,False,corroborated,189-2024,148987,STATUS_FINAL,6-4 7-5,2024-08-26T18:45Z,R128,/Users/varma/Projects/DEUCE/.research/2026-09-06-model-foundation/runs/phase4/staging/espn-results-001/20240907.json,3e855d28dcf1eee2570433cbf426adaabad71f431b7674df19a2f0fdc7dc416c,"[0, 0]"
2024,905,LS52868325,Donna Vekic,Kimberly Birrell,318516,320728,R128,6-4 6-4,completed,absent,2024-08-26,2024-09-08,2024-08-26T15:00:00+00:00,True,,False,data/raw/wta/stats/_httpcache/2024/032f1242b5f6ba4de2c4558e3999ad79867223d931c37f807d7f1fdc0e1741df.json,6d90f511a70ac62da4e7508911a4f2bdf432e72461470dec351f6170252340e5,1,,,,,False,False,corroborated,189-2024,148990,STATUS_FINAL,6-4 6-4,2024-08-26T15:10Z,R128,/Users/varma/Projects/DEUCE/.research/2026-09-06-model-foundation/runs/phase4/staging/espn-results-001/20240907.json,3e855d28dcf1eee2570433cbf426adaabad71f431b7674df19a2f0fdc7dc416c,"[0, 0]"
2024,905,LS52868327,Tatjana Maria,Solana Sierra,310440,329081,R128,6-2 6-3,completed,absent,2024-08-26,2024-09-08,2024-08-26T18:25:00+00:00,True,,False,data/raw/wta/stats/_httpcache/2024/032f1242b5f6ba4de2c4558e3999ad79867223d931c37f807d7f1fdc0e1741df.json,6d90f511a70ac62da4e7508911a4f2bdf432e72461470dec351f6170252340e5,1,,,,,False,False,corroborated,189-2024,148999,STATUS_FINAL,6-2 6-3,2024-08-26T18:30Z,R128,/Users/varma/Projects/DEUCE/.research/2026-09-06-model-foundation/runs/phase4/staging/espn-results-001/20240907.json,3e855d28dcf1eee2570433cbf426adaabad71f431b7674df19a2f0fdc7dc416c,"[0, 0]"
2024,905,LS52868329,Victoria Azarenka,Yuliia Starodubtseva,312001,325338,R128,3-6 6-1 6-1,completed,absent,2024-08-26,2024-09-08,2024-08-26T22:55:00+00:00,True,,False,data/raw/wta/stats/_httpcache/2024/032f1242b5f6ba4de2c4558e3999ad79867223d931c37f807d7f1fdc0e1741df.json,6d90f511a70ac62da4e7508911a4f2bdf432e72461470dec351f6170252340e5,1,,,,,False,False,corroborated,189-2024,148986,STATUS_FINAL,3-6 6-1 6-1,2024-08-26T23:00Z,R128,/Users/varma/Projects/DEUCE/.research/2026-09-06-model-foundation/runs/phase4/staging/espn-results-001/20240907.json,3e855d28dcf1eee2570433cbf426adaabad71f431b7674df19a2f0fdc7dc416c,"[0, 0]"
2024,905,LS52868331,Elena-Gabriela Ruse,Julia Grabher,320408,113079,R128,6-2 6-4,completed,absent,2024-08-26,2024-09-08,2024-08-26T23:45:00+00:00,True,,False,data/raw/wta/stats/_httpcache/2024/032f1242b5f6ba4de2c4558e3999ad79867223d931c37f807d7f1fdc0e1741df.json,6d90f511a70ac62da4e7508911a4f2bdf432e72461470dec351f6170252340e5,1,,,,,False,False,corroborated,189-2024,148966,STATUS_FINAL,6-2 6-4,2024-08-26T23:50Z,R128,/Users/varma/Projects/DEUCE/.research/2026-09-06-model-foundation/runs/phase4/staging/espn-results-001/20240907.json,3e855d28dcf1eee2570433cbf426adaabad71f431b7674df19a2f0fdc7dc416c,"[0, 0]"
2024,905,LS52868333,Barbora Krejcikova,Marina Bassols Ribera,318314,183861,R128,7-6(3) 6-2,completed,absent,2024-08-26,2024-09-08,2024-08-26T22:20:00+00:00,True,,False,data/raw/wta/stats/_httpcache/2024/032f1242b5f6ba4de2c4558e3999ad79867223d931c37f807d7f1fdc0e1741df.json,6d90f511a70ac62da4e7508911a4f2bdf432e72461470dec351f6170252340e5,1,,,,,False,False,corroborated,189-2024,149011,STATUS_FINAL,7-6 6-2,2024-08-26T22:30Z,R128,/Users/varma/Projects/DEUCE/.research/2026-09-06-model-foundation/runs/phase4/staging/espn-results-001/20240907.json,3e855d28dcf1eee2570433cbf426adaabad71f431b7674df19a2f0fdc7dc416c,"[0, 0]"
2024,905,LS52868335,Xinyu Wang,Arina Rodionova,326376,312413,R128,3-6 6-4 6-1,completed,absent,2024-08-26,2024-09-08,2024-08-27T19:25:00+00:00,True,,False,data/raw/wta/stats/_httpcache/2024/032f1242b5f6ba4de2c4558e3999ad79867223d931c37f807d7f1fdc0e1741df.json,6d90f511a70ac62da4e7508911a4f2bdf432e72461470dec351f6170252340e5,1,,,,,False,False,corroborated,189-2024,148967,STATUS_FINAL,3-6 6-4 6-1,2024-08-27T19:35Z,R128,/Users/varma/Projects/DEUCE/.research/2026-09-06-model-foundation/runs/phase4/staging/espn-results-001/20240907.json,3e855d28dcf1eee2570433cbf426adaabad71f431b7674df19a2f0fdc7dc416c,"[0, 0]"
2024,905,LS52868337,Varvara Lepchenko,Brenda Fruhvirtova,120420,331545,R128,,incomplete-or-invalid-score,absent,2024-08-26,2024-09-08,2024-08-27T20:35:00+00:00,True,,False,data/raw/wta/stats/_httpcache/2024/032f1242b5f6ba4de2c4558e3999ad79867223d931c37f807d7f1fdc0e1741df.json,6d90f511a70ac62da4e7508911a4f2bdf432e72461470dec351f6170252340e5,1,,,,,False,False,score-conflict,189-2024,149014,STATUS_RETIRED,2-1,2024-08-27T20:40Z,R128,/Users/varma/Projects/DEUCE/.research/2026-09-06-model-foundation/runs/phase4/staging/espn-results-001/20240907.json,3e855d28dcf1eee2570433cbf426adaabad71f431b7674df19a2f0fdc7dc416c,"[0, 0]"
2024,905,LS52868339,Caroline Wozniacki,Nao Hibino,313402,320238,R128,6-0 6-1,completed,absent,2024-08-26,2024-09-08,2024-08-27T17:50:00+00:00,True,,False,data/raw/wta/stats/_httpcache/2024/032f1242b5f6ba4de2c4558e3999ad79867223d931c37f807d7f1fdc0e1741df.json,6d90f511a70ac62da4e7508911a4f2bdf432e72461470dec351f6170252340e5,1,,,,,False,False,corroborated,189-2024,149006,STATUS_FINAL,6-0 6-1,2024-08-27T18:00Z,R128,/Users/varma/Projects/DEUCE/.research/2026-09-06-model-foundation/runs/phase4/staging/espn-results-001/20240907.json,3e855d28dcf1eee2570433cbf426adaabad71f431b7674df19a2f0fdc7dc416c,"[0, 0]"
2024,905,LS52868341,Jessika Ponchet,Saisai Zheng,319421,316286,R128,6-4 6-1,completed,absent,2024-08-26,2024-09-08,2024-08-27T15:00:00+00:00,True,,False,data/raw/wta/stats/_httpcache/2024/032f1242b5f6ba4de2c4558e3999ad79867223d931c37f807d7f1fdc0e1741df.json,6d90f511a70ac62da4e7508911a4f2bdf432e72461470dec351f6170252340e5,1,,,,,False,False,unmatched,,,,,,,,,
2024,905,LS52868343,Elena Rybakina,Destanee Aiava,324166,324219,R128,6-1 7-6(1),completed,absent,2024-08-26,2024-09-08,2024-08-27T19:25:00+00:00,True,,False,data/raw/wta/stats/_httpcache/2024/032f1242b5f6ba4de2c4558e3999ad79867223d931c37f807d7f1fdc0e1741df.json,6d90f511a70ac62da4e7508911a4f2bdf432e72461470dec351f6170252340e5,1,,,,,False,False,corroborated,189-2024,148994,STATUS_FINAL,6-1 7-6,2024-08-27T19:30Z,R128,/Users/varma/Projects/DEUCE/.research/2026-09-06-model-foundation/runs/phase4/staging/espn-results-001/20240907.json,3e855d28dcf1eee2570433cbf426adaabad71f431b7674df19a2f0fdc7dc416c,"[0, 0]"
2024,905,LS52868345,Katie Boulter,Aliaksandra Sasnovich,319125,317790,R128,5-7 6-2 6-1,completed,absent,2024-08-26,2024-09-08,2024-08-27T15:00:00+00:00,True,,False,data/raw/wta/stats/_httpcache/2024/032f1242b5f6ba4de2c4558e3999ad79867223d931c37f807d7f1fdc0e1741df.json,6d90f511a70ac62da4e7508911a4f2bdf432e72461470dec351f6170252340e5,1,,,,,False,False,corroborated,189-2024,148991,STATUS_FINAL,5-7 6-2 6-1,2024-08-27T15:00Z,R128,/Users/varma/Projects/DEUCE/.research/2026-09-06-model-foundation/runs/phase4/staging/espn-results-001/20240907.json,3e855d28dcf1eee2570433cbf426adaabad71f431b7674df19a2f0fdc7dc416c,"[0, 0]"
2024,905,LS52868347,Marie Bouzkova,Eva Lys,320983,325826,R128,6-2 1-6 7-5,completed,absent,2024-08-26,2024-09-08,2024-08-27T22:30:00+00:00,True,,False,data/raw/wta/stats/_httpcache/2024/032f1242b5f6ba4de2c4558e3999ad79867223d931c37f807d7f1fdc0e1741df.json,6d90f511a70ac62da4e7508911a4f2bdf432e72461470dec351f6170252340e5,1,,,,,False,False,corroborated,189-2024,148959,STATUS_FINAL,6-2 1-6 7-5,2024-08-27T22:35Z,R128,/Users/varma/Projects/DEUCE/.research/2026-09-06-model-foundation/runs/phase4/staging/espn-results-001/20240907.json,3e855d28dcf1eee2570433cbf426adaabad71f431b7674df19a2f0fdc7dc416c,"[0, 0]"
2024,905,LS52868349,Ena Shibahara,Daria Saville,322527,315997,R128,6-3 4-6 7-6(6),completed,absent,2024-08-26,2024-09-08,2024-08-27T15:00:00+00:00,True,,False,data/raw/wta/stats/_httpcache/2024/032f1242b5f6ba4de2c4558e3999ad79867223d931c37f807d7f1fdc0e1741df.json,6d90f511a70ac62da4e7508911a4f2bdf432e72461470dec351f6170252340e5,1,,,,,False,False,corroborated,189-2024,148956,STATUS_FINAL,6-3 4-6 7-6,2024-08-27T15:05Z,R128,/Users/varma/Projects/DEUCE/.research/2026-09-06-model-foundation/runs/phase4/staging/espn-results-001/20240907.json,3e855d28dcf1eee2570433cbf426adaabad71f431b7674df19a2f0fdc7dc416c,"[0, 0]"
2024,905,LS52868351,Iga Swiatek,Kamilla Rakhimova,326408,325936,R128,6-4 7-6(6),completed,absent,2024-08-26,2024-09-08,2024-08-27T16:00:00+00:00,True,,False,data/raw/wta/stats/_httpcache/2024/032f1242b5f6ba4de2c4558e3999ad79867223d931c37f807d7f1fdc0e1741df.json,6d90f511a70ac62da4e7508911a4f2bdf432e72461470dec351f6170252340e5,1,,,,,False,False,corroborated,189-2024,148953,STATUS_FINAL,6-4 7-6,2024-08-27T16:15Z,R128,/Users/varma/Projects/DEUCE/.research/2026-09-06-model-foundation/runs/phase4/staging/espn-results-001/20240907.json,3e855d28dcf1eee2570433cbf426adaabad71f431b7674df19a2f0fdc7dc416c,"[0, 0]"
2024,905,LS52868357,Elise Mertens,Veronika Kudermetova,317964,319526,R128,3-6 6-4 6-3,completed,absent,2024-08-26,2024-09-08,2024-08-26T19:45:00+00:00,True,,False,data/raw/wta/stats/_httpcache/2024/032f1242b5f6ba4de2c4558e3999ad79867223d931c37f807d7f1fdc0e1741df.json,6d90f511a70ac62da4e7508911a4f2bdf432e72461470dec351f6170252340e5,1,,,,,False,False,corroborated,189-2024,148988,STATUS_FINAL,3-6 6-4 6-3,2024-08-26T19:50Z,R128,/Users/varma/Projects/DEUCE/.research/2026-09-06-model-foundation/runs/phase4/staging/espn-results-001/20240907.json,3e855d28dcf1eee2570433cbf426adaabad71f431b7674df19a2f0fdc7dc416c,"[0, 0]"
